example_id,target_label,phase1_label,final_label
NEW_000904e532bca9c32e3dd0de034e08c16dfcbe75bd2a8b429cc1ed767859b755,Depression,Depression,Depression
NEW_000e6dfbf9aa7523d609dcd9314a45d0fbb3c26e2b874c6872d986927178d564,Happy,Happy,Happy
NEW_000e7cb607785a401f130144b02ec4d10db1904af418b85c17882393cde61d67,Happy,Happy,Happy
NEW_0018af7f8dc557c5931fc177affcf94da32c364a4b4dfb9fe81e28a6cb51babe,Neutral,Neutral,Neutral
NEW_00265b34d64c35571ce4ebc091d30881c7cf6e8651f6fe60fd827230cb14b16e,Neutral,Neutral,Neutral
NEW_002800b990a8e9e534c8d4d74254af6c83cc40ae6de23776799d9b4b5af1f338,Depression,Depression,Depression
NEW_0028917604658205cf0b4bbfe983acd123de1e64e47ffdf05f239ccd4c3cd5e1,Happy,Happy,Happy
NEW_00328b319fe555283a9ba203860133bcebfc40761e3a1f6e59603de49fed0b8c,Neutral,Neutral,Neutral
NEW_00333e29b454a12aaed6021874979cf2c225e3d3d255ae1a16a3a9d092eb1dc4,Neutral,Neutral,Neutral
NEW_00354525bebe1e034a4d878398821318b8dbf0c6d004b7152e1fb7f9bb856bd5,Depression,Depression,Depression
NEW_00370a2f41b0e81549926ba9061c3e6a83f9ecde1357ed9b89e50aacc4edc765,Happy,Happy,Happy
NEW_003e4bba5e61320a6ff31482d5d1e8231a6b14f61cc8c93590442a73a4214b9a,Depression,Depression,Depression
NEW_00402d2427579eaeb92578cba1761406a0df5c08d4beb5f9910a1a402edb79e2,Happy,Happy,Happy
NEW_00444c97813ac699fad1275a4d11cc6c121c8ca6e8042d64c1c89c8f6f6f574a,Neutral,Neutral,Neutral
NEW_004f25814dea99da67c55c248808c8bc107acda62852f6ced753447b1c378370,Neutral,Neutral,Neutral
NEW_00521082fca3f281ffcb29598aef6c33e10483dc2b555e69b38585a701cacdc2,Neutral,Neutral,Neutral
NEW_005889d8e18472039dc21c1459b0de573398c07d689f1919f9833b784f4a4a20,Depression,Depression,Depression
NEW_005cfa1ccbd6a75fcd92a949df4341494ae702ba6c4e40353a69184ebef557d6,Depression,Depression,Depression
NEW_006aea33d429b25cfc4559fb1d8579751726500fbe166ca5364a2150bef965ef,Depression,Depression,Depression
NEW_0071bc6b960270ac8b606028d839cd9e7e5fa0c6cae050578783231feffffbf3,Neutral,Neutral,Neutral
NEW_0079495b49152e822c37fbfb328e8cd5d1efc98a4df475f278f2a691fe0a5cbe,Neutral,Neutral,Neutral
NEW_007fe5c1931240dfb50aab522135c1b1362a77ade2488fc617521f76c408468d,Happy,Happy,Happy
NEW_0086610b6cb0bb36d31284b734567ba132d2004de417f1c98e716ec2cccf329b,Neutral,Neutral,Neutral
NEW_008bc86cd6a4b7c162d0611cf9fe40e566bb52a61dd29d8392e4d6b7af06f36e,Depression,Depression,Depression
NEW_008f60ef66013cfa6244bf9e271caa25bebdb6c64e3d9820d484020d9d4f8c0d,Neutral,Neutral,Neutral
NEW_00991b608e9ffb49ac926bf5227e0a523ba273439bf4f08314f66cc94b927d0f,Neutral,Neutral,Neutral
NEW_009ac1d6fdd9245b8417caedcaf218a9369f30122256a13ebed9f85e99277686,Depression,Depression,Depression
NEW_009b6cf3564cfb0eded54c05be9f13a5c753990abf9ac1e9dffa297ac68ea499,Depression,Depression,Depression
NEW_00a29e6b4a6c9d6c083bcbf4e767a4c17355bfa4ff26fe3f87a78e1217046b39,Happy,Happy,Happy
NEW_00a32c5e8aa4c37f6241492a64d9c628d8cd4ffff8a9da29e9f3da305e6af51e,Depression,Depression,Depression
NEW_00a7eb38b0d4f901511f0c22aaad91e1b8837bc6413dcf7c24ae09e3da674c38,Happy,Happy,Happy
NEW_00a8a601b34ee171b5acddfe34f60e728f8bf9524ca29139b60979b49291f7e6,Depression,Depression,Depression
NEW_00b6fe6d999d09abf7ec7a0044ac8b6e2555c22f81b521631be6fd370c9f62f5,Depression,Depression,Depression
NEW_00b94b5f063244cfae5785655f327a450af25c387e79f351038333288dfc6b1d,Depression,Depression,Depression
NEW_00c0225109d2bb016141130972287688ff8fba2edc70a9375d096ee8ec906f53,Happy,Happy,Happy
NEW_00c0c6cd998af35a9b9fb3a623917901ebacbf2ffd95d49d7c8def9988b9186e,Neutral,Neutral,Neutral
NEW_00c2e43d5a790ccccdf45940964702ef72f1bff7167255ea28970e4bec0f629f,Happy,Happy,Happy
NEW_00c6569911e3df7f1613aac2b7784c1c9fd7e03045cc60ad25d5f6520c08e48e,Happy,Happy,Happy
NEW_00cbb620d7f095a64630b47726577a00f301157b589a70c1f1e67a3447838060,Happy,Happy,Happy
NEW_00cf1e3e2d570f6fb20562e0ce3ece7314e5d1a7373860d11a9a88f0481976b9,Happy,Happy,Happy
NEW_00d65e0d3c3006bdfab26dc70c2a7da486af29c50cfd8a86b440e3dc591f008e,Neutral,Neutral,Neutral
NEW_00de2adf6f65b10429d7edb80acfaf9237734a753f9fded89bd0cceb445946ba,Neutral,Neutral,Neutral
NEW_00e3467d774f62ce3d18daec9c32724d28729f7e0b66c0c8b6bc17f8a2234461,Neutral,Neutral,Neutral
NEW_00f2b160001eaf2b557d17cd56c798b44bfe694ec43f40a25799ab91f8cc5b66,Happy,Happy,Happy
NEW_00f351e8e2e6878d2ede0fc7e705083d803d5185900ec73712e24870a3fc7897,Neutral,Neutral,Neutral
NEW_00f3cb33f0137c88088e14613c64ddb261f74a851b29e108bd5684e217f95bd5,Depression,Depression,Depression
NEW_00f64989985681063f6e708f4b3a1f1e5a9d126fb65e7fd8d5cd4b3dd0df17b1,Depression,Depression,Depression
NEW_00f93fa5e8be2ef521b279dcc7d9b3eabd2e38375b56cbd9083ea1af5d5ad6bf,Depression,Depression,Depression
NEW_010c4536c96726780b698d8d1db1ea81df18cc98072b2c01d3bfd8ab64c63318,Happy,Happy,Happy
NEW_011111f396dd8e976324dce7d69e6465f7e9d712c8d2c31e2212efba9950ed6d,Neutral,Neutral,Neutral
NEW_0116c7b0bac357f813185f0e6b34216e14476cc3fa83447974f860bc0f068904,Happy,Happy,Happy
NEW_0117cf6328dce700b420d92c2c98986b90f8d2e6084b6cff646bfb885433048b,Depression,Depression,Depression
NEW_011aed4637feb7edf54e86fd0c649d8bac6498210c768b02b0bdb8573bf19156,Depression,Depression,Depression
NEW_011b826c1060c46454b112b4cd8bd055762cfe12902b05b6b5b1e93fcfda8d59,Depression,Depression,Depression
NEW_0137726ac0a32ba507eb337c0a802947f0909b20684119f8151d5d887d572ab4,Neutral,Neutral,Neutral
NEW_013d8b111f1bd02f57605acefff1fa2e783dff2d0e1db488a9ec5ae54ab72111,Depression,Depression,Depression
NEW_014a4db2f9d5b867591db6238e58f3c48ee7b868fe15ff464ff463089821161b,Neutral,Neutral,Neutral
NEW_014e5c669cc5f25249d5510e225efacd0cc262aad77af770c15a956928afa71f,Depression,Depression,Depression
NEW_0158c7373ffb5a4ceebea8d8cd50dc67b7d27c286f2ce8b61540ab1c775f45ec,Neutral,Neutral,Neutral
NEW_015d6daccaf38e794e9e52a6fafe4fc71032713ad06c4ad41e0082fbf7321772,Neutral,Neutral,Neutral
NEW_015ec6b2f634e21b5e8ecb73e1e5b1dbd35c9bb12fd1f87d0bc32e8c374605ce,Neutral,Neutral,Neutral
NEW_0160a4eb2b814126973d8a73cd6e58db53078097b2385b2409218cc6e4684986,Depression,Depression,Depression
NEW_0163df3dbb3296db214ef2088d43d2afc33d30535714f4fb89eb359baf3b5dd5,Happy,Happy,Happy
NEW_0164fd27155d9c28917fb799fdfa6baa70a885c9d69e2c5a80efe6c6a1d7f93b,Happy,Happy,Happy
NEW_01689e26bc3679ec573ee82c4bd36f755a4be8e90ad18a3ffd0a7c5d98f7b0c5,Neutral,Neutral,Neutral
NEW_01694186187d20649a83d2142b70095bad84f76d81306c926c360691ebd25e56,Depression,Depression,Depression
NEW_016ee7673386de973e28e11ffa3eb00067754931133a3ef7fd10b3c6d4f454b0,Neutral,Neutral,Neutral
NEW_016f2d6dfcc0b597e7015a656641985dfaae3d4d03125cc2e4b216d178e23e95,Happy,Happy,Happy
NEW_01708ee92c4b074d26d9321ab5c84975850a06d071b0cd0e6bb78bbdaea5bdc3,Happy,Happy,Happy
NEW_017772abe3a189e390405761bb4182745d133f43e92b357bfb98cf47268b2f0b,Neutral,Neutral,Neutral
NEW_017973e5ffc7ba2953ae5bfff223bf9c56618f875c36a91b6b93c0964fafe017,Depression,Depression,Depression
NEW_018528df8285fc0456594290bcb707a3551907cf088c1ec301658955eab91324,Neutral,Neutral,Neutral
NEW_018a507bffea91cbdb24f973c189b5f7668ff542ebfdcbab9da9a3c787ee0d22,Depression,Depression,Depression
NEW_019c7f2c1577e36bd394dd99b8b30e239a42ea3d3f45d78becd6d98e3db166f9,Neutral,Neutral,Neutral
NEW_019cb4caf6c232a596c61a07b9c4d39bbaedef42ca2167fb41eb16e5e2611a78,Neutral,Neutral,Neutral
NEW_019e82c4d608ba2ad6ae9ba2ec3422b9854d4545b7b6dfb8fd1409f5cc315e6d,Depression,Depression,Depression
NEW_01a85a4bc079be5dc364d05f875f55bfd7bbca0082178a3f34b8b323477b99b4,Depression,Depression,Depression
NEW_01a8b49ed5adc162dd6eb6880f96210c56805335cf79679e0f9ae01414b4c059,Depression,Depression,Depression
NEW_01aa0f1612c06fb6dd1988361faec4246a4f77519db3c675bdedfe7b26b8a5dc,Neutral,Neutral,Neutral
NEW_01aa49a5c3c3354cf8e367fec33d4567006d0cac2d53f89019e29ff3b1f10c50,Happy,Happy,Happy
NEW_01ab40096a625736062bdef8ea93029113aca5ab8a9e5e17fd4e26106de0efa0,Depression,Depression,Depression
NEW_01ac9fb1688df3cc78b9f6c774beef8bae399ceaf297582c2aa41f684dabef40,Depression,Happy,Happy
NEW_01b4d7f9335bc5c348c5a0f9dff10d46214933bc5e7eb9f5ff908252c49852cf,Depression,Depression,Depression
NEW_01bfd8253a3616c2d4c5dd899635d51a1d3aa6df0c1435618e83aa3b9d494df4,Neutral,Neutral,Neutral
NEW_01cebf346a3004a69e51e6515858fa6d36f678c2b0e4024d7a779a57e94296c7,Neutral,Happy,Happy
NEW_01d531c1ed4902a9035336ec294f350f1f7b620c9f4bf529d7f5b4d2c83f4a64,Depression,Depression,Depression
NEW_01db492354f00ae55805d2522dab02125c3b63aa061955a6db974cff8846cc00,Depression,Depression,Depression
NEW_01e387320c08ce34a0c256e0c5154ea6db341cb427a109012fd6f69c0e4811a0,Neutral,Neutral,Neutral
NEW_01e8572bf831cd86e4569abd2ffbe675d5749b7cbddaba9a401cbd5db7ba0451,Depression,Depression,Depression
NEW_02028f7f3a8176436923c7ae09c1a48574af97dcd999881782165b9e1e1ec053,Neutral,Neutral,Neutral
NEW_020fbd65eab3f12fb687de0bb9e466c8fd49fd5685c85ec51aa09d7e8f53a23c,Happy,Happy,Happy
NEW_0213613fd79371180d9d7c48cf53a59ed0bc27211e9cb79535229b982c3e2f28,Happy,Happy,Happy
NEW_02189fcfae57c58532432cfd5e81e14b9c472e631beb7ec06c2a7616bc0d4c48,Happy,Happy,Happy
NEW_0221ca9158e0bb0090afc9dca1443a668083cec29932f5a7ae141d5a8087e955,Depression,Depression,Depression
NEW_02271137d022c60ba7f15dce22118d207562fa373e0c2c2adcc2c611fd458eab,Happy,Happy,Happy
NEW_0229540660fd75543f8fa87f1ca5da47e946bc3f637bcb611f4d742f4c099d67,Happy,Depression,Depression
NEW_022eb14719ebc86c0dcb2fc8bf8a9a2dde5aa868e735b2b5aada21e2da7527c0,Neutral,Neutral,Neutral
NEW_0232e05144f48beebdd26f2146a14ce09634fb62d64c7bbbb5e173f7945a32f3,Neutral,Neutral,Neutral
NEW_0241c05e2daee7da685822b52228e0376cc118c3f5003bfb2435ae87452d5081,Depression,Depression,Depression
NEW_0243d087ae7658d242b15fad53dea0d56b4a260e271f35b080a8fe6d77d56943,Depression,Depression,Depression
NEW_025f1e645dc715a8e57f4f50d1a36aeb04c99baaed51a1e6aec1697d84396334,Neutral,Neutral,Neutral
NEW_026051f2ece96e927db78314f91b96eed7bbbd6e2c629285446ac357a1401d74,Happy,Happy,Happy
NEW_026502f34695b0cd71a53ba044ca8633f7736a5b29fbfcf81b8682d7d589a970,Depression,Depression,Depression
NEW_02657cc81e133196d281470c9cb6383361162d5a74ba3090eb4dda238ca504d3,Depression,Depression,Depression
NEW_026590fc53c1d0cff17caad5327abfcc9f1c38e0b9130adbe0657e3fadbebbc8,Depression,Depression,Depression
NEW_026fbc4a4a044176e25f03533c58318180268b35c9966ab4cbe5aef548296be7,Happy,Happy,Happy
NEW_027a156e29dbe07c79de1239f673509001dc6a7848e8a88408f9635cbe0d78f7,Neutral,Neutral,Neutral
NEW_027b9b566a0d3749893e3476590252dd38ebe64e299da4cabee7ea927d1bb21c,Happy,Happy,Happy
NEW_027dcb50e857af28009b0d38c14d7e5adc3c6d99d5627f16b8b8b0da1a4c31b7,Depression,Depression,Depression
NEW_0280cd0aaee8af2ab9cf33588737e399e788cbac50c7817cb6cc5e514759b809,Depression,Depression,Depression
NEW_028260333d75865ff09d4cc90d0a6d5333ef30be54f4be5abf6962c5bb2e5569,Neutral,Neutral,Neutral
NEW_028466d47da261855b888d2382d24e241262759f0a3d711691f8f478f8252c1c,Depression,Depression,Depression
NEW_0291f6098873170cd0d78207e40b85d346d7c29b99b84394ede18a349e939f2e,Depression,Depression,Depression
NEW_029501ee0e2fae9366c9baa613236b4e623b2f685471c1b53e56f4f4eabe9a26,Neutral,Neutral,Neutral
NEW_02a255ef2e11e74d5d9f78cb94deb3dbf5094ccaed8a0a1da00b1fb52b8bd1ae,Depression,Depression,Depression
NEW_02ac2bdb6a58a20fb0eca1b992f1d52b93b254383dc8dbff4cb3f24f4bf85676,Happy,Happy,Happy
NEW_02b142d96d3818f76b9d21758c35d9de506be19bedd444ff35ffcec4bcfb673b,Depression,Depression,Depression
NEW_02c18550f612a6ee27ed4d3ae8a5ee7bcccb67ae7412860ae0a1c05f7ab9ffea,Neutral,Neutral,Neutral
NEW_02d17ede8699527582f2de09463a42242a9eb0fb9a0eda33301cbe05a323560d,Depression,Depression,Depression
NEW_02d725d67855a5fbe65441959c3b6cf8f322fa75c9d7f6557c549ba024bfc1c7,Neutral,Neutral,Neutral
NEW_02d739af360edfdc1acc12f07df3e2c622463d6b415beef79d089d04b0913db3,Depression,Depression,Depression
NEW_02db44b0ffd749883fd791b588caab92d86cf43cc088a46c70ad12a2c20abeac,Depression,Depression,Depression
NEW_02e9f06778bfa44c799343c6fb993ff5f75a6a3a2545a2e49cb0676741a98d18,Happy,Happy,Happy
NEW_02f42f56dfc64171fa88b8d92dc915daf2e31d9d42eb4aa0b20c596085690906,Happy,Happy,Happy
NEW_02ff12551dc3e75b5006c3499bffc6e55e3ac88bed1653c03234a09b15f39c0b,Depression,Depression,Depression
NEW_0304a4f06c9869d379f1ad0bf9801a1bae8ae96d21600ccdb22f373db5b32cb6,Depression,Depression,Depression
NEW_03120b374ea1370f70a25dacb5277f989012a7f4339fbaa356d1597f1d68c1c1,Neutral,Neutral,Neutral
NEW_031e634c9a5cb52966287d3065b50df50b98558bee88ebf74ea58e264826e72c,Depression,Depression,Depression
NEW_0322565c70f2e472a3bff5d8f657de0090c394e5ff80cd963cabcae925b52726,Neutral,Neutral,Neutral
NEW_03260b2b7901716583b318f5f9cd9c0728c9397a0d636cca172c846cb481ad30,Depression,Depression,Depression
NEW_0327d3aa642e2e307a047d58fc3255a85b246fcb806a139d158da229eff0edd5,Neutral,Neutral,Neutral
NEW_03368de6414eb436236f3997fd1c8afefec3e4391b464db6be9305db3b75bf27,Depression,Happy,Neutral
NEW_03370e308dbd790367076166ee5010b41bc95dbaa6f7e2aff3380a3554b93ddb,Neutral,Neutral,Neutral
NEW_034541dcbe398c30c5a3875a12f6fde32e813b8c4097cd9b45ad332631e1996c,Neutral,Neutral,Neutral
NEW_034575e10a3981fc5db95b2d192c0a88fa4bcbaf2ea9e00b5552ff0936ebd741,Depression,Depression,Depression
NEW_03569a5304216fa9b41300fd801fab3f76679ef8e01c209794b5a4eb6e8f4fdc,Neutral,Neutral,Neutral
NEW_0357495af3d06c03bf6ffafe2deda127d0a5e0ec1b40b8eafa263cf394f98fd1,Happy,Happy,Happy
NEW_035844e428a59f13f14d421f0a886e19b6ae18c710a4f73935791793348dce15,Neutral,Neutral,Neutral
NEW_036581cfa921d69d1645bc503568576aa28870036dc9a973df79ad100bd49ae6,Happy,Happy,Happy
NEW_037021d788a7d765868154406dcbd9fbbb9ee479dbf22d2134dcecba8047be57,Neutral,Neutral,Neutral
NEW_03777ecf0216871f53caffd51599f646ab5ab8ad7820f2823fe5b34b140829a0,Depression,Depression,Depression
NEW_037e133ccafb36a1d1f39db4c2031e867025debf1c6c5df5b3f5ffe5d2e7a1e2,Neutral,Neutral,Neutral
NEW_037e85ba0b6c0abeb9ef3b30e199ff3dfb2e10eb5acf2736a6745ee40450484a,Neutral,Neutral,Neutral
NEW_03802aae8207ac38ae80810b0c8e640db3f5b421fb0dcef7421652812a3b92b3,Depression,Depression,Depression
NEW_0385adcf41ae9e0d7ff187a8877c0e7e0b2c939658a104845d3ab3544aee4c8c,Happy,Happy,Happy
NEW_03b690932a1323fa4f479240088ee4447c58a7ff1e482a797b5c9dbb1526ad73,Neutral,Neutral,Neutral
NEW_03b6ab8adb371f32b19971a653f150464036901770b6e6b2b99aa48e7ff9e4d3,Happy,Happy,Happy
NEW_03b9128356dbc45ae8256253b8065c94ca7061ab9b59783e7c0f7b3cc6d30bf2,Neutral,Neutral,Neutral
NEW_03c45ebd1951fa6f2db75b64b6e1d237e7f49fba4efac2ddfad9e9f5dde5768d,Neutral,Neutral,Neutral
NEW_03c945d7a4d801a96207043540826f9203b14f867596a45663c60bd364d5fb12,Neutral,Neutral,Neutral
NEW_03cd3d8fc7bac715bce173df4adf419136dbe37daa6389d80429d523deb4a0c4,Depression,Depression,Depression
NEW_03d434a18b4a3a333bd7dcc7af4248051e4d4a678ef8a2c9faa815ea4d62e9a1,Neutral,Neutral,Neutral
NEW_03f133439a9aa97582a92661de2a125624852fc80ebc4d80541ac13c1a99ce2f,Neutral,Neutral,Neutral
NEW_03f3abd62b3409ef6a546047a8d465cccfa8e16c8bce8b1c06fe2e092ff51174,Happy,Happy,Happy
NEW_03fcc14663e4cce378f4cf9d72e4a94aae74233c4df87fb7d27f9015610ddab9,Depression,Depression,Depression
NEW_03fe89b81a89abe14856a4aa1d6c1ed9d5552dfde0082e1416f23f133b76185c,Depression,Depression,Depression
NEW_0409ad2ee3c60b55058c70056f52781a1f40842c71abb5682fadb983ad130bf5,Neutral,Neutral,Neutral
NEW_04142805a7efbded070376407218c5b56966e2e6f98f0a48f7d2861bdb06925a,Neutral,Neutral,Neutral
NEW_041f5161ad045b8f2f86ec5c1e290ea9eb0a9eb55d3f592e7dd776ec80ff5cd5,Happy,Happy,Happy
NEW_0428b5ece4898d110da51b44d9be5954919255f656ab457814fd40a87913446e,Neutral,Neutral,Neutral
NEW_042916aa897b5d1330db23ca3b4ff5f450d96ea0848e91a638a461f286e9a000,Happy,Happy,Happy
NEW_043ed8a3dbec638d4e474c60e8721e683ee3bc7f37d941252388ff5cf04ec07f,Depression,Depression,Depression
NEW_0444d3cb45c1fa3dbd9506a866f4fd01870d9b60adcd74c17618d8084dee80bb,Depression,Depression,Depression
NEW_0445f35258000feb499d5aa18a7f8470d9356a32665cc0129683dbb0c2e29f6e,Neutral,Neutral,Neutral
NEW_0446ab61925d4397407f4e01bff304d46bfda33a79ab0d35e36ca762ca09fcf5,Neutral,Neutral,Neutral
NEW_044e0db92ba2883452226e40841f922d1a351af3ee4187d064eca4eb05b3d392,Depression,Depression,Depression
NEW_04504a75abf1ddd0c17be16b4a4ebb3fd04a9b87ccb3ae132390fd04ae04d982,Depression,Depression,Depression
NEW_04537f3082a3394c1e772ffec1cdd86e57fb5a07d73bca12e21d435b4797a409,Happy,Happy,Happy
NEW_045c30aab5973418c02ad27517f8ef3637aecb49075b9bad800a9489ce182874,Happy,Happy,Happy
NEW_0464fd60d5839d1032a08faca4660c4d89cf86cd2240e210ef8b1467be972f77,Happy,Happy,Happy
NEW_0468beed812028b4bcd60978e0d3475e4981e8e883330f9c0616ca6a9c5334f2,Neutral,Neutral,Neutral
NEW_0469916f98c546b3246d61138371b96962a70a2ca7f6a49231c39f0e50d2d80a,Happy,Happy,Happy
NEW_046e745885114b6cac640f8e5d8c6807dbc02800cf7aec57a983c3a15c80d0d4,Neutral,Neutral,Neutral
NEW_046fdade6c07accde39ca04ad07bff76ca550f55f3f5abd527447a73198f9add,Happy,Happy,Happy
NEW_04736a3a4f1e03447b1420e1471f634f65a0d7e1eaa883fa33706f6b0ce746a2,Depression,Depression,Depression
NEW_0483a5a0cf9e1a3041d10b9000dce58f67b54892ee06426b82d43256fcf56303,Depression,Depression,Depression
NEW_0483e759359fd87978b4d6ec84da87cd79de48b7405a97d8d8a0b7105bb50467,Happy,Happy,Happy
NEW_048d0d249314ddfec0efad588fc0372a24ca3e6c411db04fc43fd7e67d4ff9c5,Happy,Happy,Happy
NEW_048d5a97999a7c05979212475d9a342dc172305761d58e3cb1dd530c42ff78d9,Happy,Happy,Happy
NEW_048fee4d375795be30c11dcdcd6c30f19ed1e0cd4543dbccec5581b418d3822e,Happy,Happy,Happy
NEW_0495998647c07ac294a5cd6d99c5f9a376a80c11268eb2b5ebbc66650ac6f386,Depression,Depression,Depression
NEW_04a13ba52d743f411b12d392aa674483a17508451a36e85ed9bddd4ea75b8980,Happy,Happy,Happy
NEW_04a3f50dd21703c981d3bbeca8914b03b4fd19f656b9fd6516031abcaf270808,Depression,Depression,Depression
NEW_04abda1dab47e20e2efbdf16cf6a91cc60587bdce7c1deeb1cfb9d76a183e0fc,Neutral,Neutral,Neutral
NEW_04aef87a11f6a458d3a4ca543888ef6532f333d1986123c727d618fb4e345ceb,Happy,Happy,Happy
NEW_04afb8505d897914bc47a2a27f5a0eeba370744ac911fcb160bc1409c391809e,Happy,Happy,Happy
NEW_04b6a3fc264a9b26d4d5ea40feba984cb24e3f2113e4fde784a82c5d49995b06,Depression,Depression,Depression
NEW_04bab5db5da48b51033ee8c4cd8b5bc581d00993879e6d59ec7b4ed9fe437de2,Neutral,Neutral,Neutral
NEW_04c06eb833bd1027ad452855210a505018150c33f3729ff4fc96e25dd43af2bf,Depression,Depression,Depression
NEW_04c6ca6594f2da07242ae5c8621a9161049fc9b2f33e6b4bdface263eaf4edc8,Happy,Happy,Happy
NEW_04d31d84677d792dd4b7e312aaee69db7e82264bb5f0c423147b29aee6c4d341,Neutral,Neutral,Neutral
NEW_04d7e2b5f8912b73963be85c1d66c585fee1e00f47d5a8d9ac9681dd3c30b1fd,Depression,Depression,Depression
NEW_04d9e09aae24aedd6adb1639d5b6c84ef46aa9d9641ef266097258dc3622a64d,Depression,Depression,Depression
NEW_04db9ea0b68c9c1ca3ba89a41b3b223adfa381bf818a1fe73722af62ec9c0a58,Neutral,Neutral,Neutral
NEW_04e9b17619702c8d18e863706f519a125d83e855e13182e09deeb46a3bfb8f95,Neutral,Neutral,Neutral
NEW_04ea1388f74b3ba987a911038fdeee4d6dbe8692b9f3cf37f5d7d3b01764ea23,Depression,Depression,Depression
NEW_04f91fc1ef2f7043a0f32b69f56c4e26aa27cf025a6cf38f3f9a183aa339638a,Neutral,Neutral,Neutral
NEW_04f9e3713c16ad6bccc5ed1e0b86149d0d00902ce82131fea368c81e8decd5b6,Happy,Happy,Happy
NEW_04fcb4155a895a77e773882a7bd67d04cc039ca21e0b3816cd13108595809f2e,Depression,Depression,Depression
NEW_04fd903ffc390cb20b7669e3b8cd8243dc8e026a12b19a7bb7b150423c85ce19,Neutral,Neutral,Neutral
NEW_0508403bf1f65cc156da06c589301487a6678672c75975690002329c487b6c2a,Depression,Depression,Depression
NEW_0511c7bd17f9f03484fdc0d49121a27ebb2f9af8570bd31fc56d03227490bdfd,Neutral,Neutral,Neutral
NEW_0516a4c523d636be2c6370644bca0cd509dc27dee28770781bc2f49ec9e8afe6,Depression,Depression,Depression
NEW_0517765e04872ef3de950996cd798c61a688022d16078c049995c63d3e365c3d,Happy,Happy,Happy
NEW_05237f0582d281537b48a9b93b18b90eefdc753fe1e93fbb21f6e40fe41c66c6,Neutral,Neutral,Neutral
NEW_0527bac55cf41c612d0f2725ea5f448a4219a24f4e6f49a604f0cf76a1fa7c8d,Depression,Depression,Depression
NEW_052e7af2f304a1a4352ad0bc504dc976df2d692016957d32e1c27fa7c37c2035,Neutral,Neutral,Neutral
NEW_0530713406127ad17fc56782cf61a300e3fb6383748966707cbdce2faac5b336,Depression,Happy,Happy
NEW_0531f3e52537241cbed1a4a9a1a36645395457b52bff5b541259bf50db680dca,Depression,Depression,Depression
NEW_0536004d569099fc92a2324be90143fce2de3f42ca897e67888c38ddceefd63c,Happy,Happy,Happy
NEW_054a86a20473cfc6fcbb5e32b6af012c7c60e0500bebb0c975882bc1ae7d6eb2,Depression,Depression,Depression
NEW_054c8ffb2043c548aeb3541501ec61f8192727a4bc6291365270b5e27df97f2d,Neutral,Neutral,Neutral
NEW_054d8a843d8597fabc92e3fd6386cbd8e4217da159a1214949d16ccd5d8d2faf,Depression,Depression,Depression
NEW_056234025104c837145809785fb7c7b389d91da4491f56a5234264cbc562fd94,Neutral,Neutral,Neutral
NEW_0569eb47fa6478bf9f77c7510d41cc8d5ee6b1abfeddcf781553b34dee50cb95,Depression,Happy,Happy
NEW_056f581e8aa7ff4f08f68dec8b39539af21f0f5299045fed8bdd51e31ed716c6,Neutral,Neutral,Neutral
NEW_05771bac3d899c37010944620c56d6ac0533845a731795b43e64a29d124727c1,Happy,Happy,Happy
NEW_0580f567d594f1442ca492a242b2fed585d3f70acf2072564e80994ba495b2c1,Happy,Happy,Happy
NEW_0588b33c262befd98c7e7120bdcb1a7f873bacd30b619624ac919169cdb52434,Neutral,Neutral,Neutral
NEW_058ff4e92eca2106fc0950b2863063d5bd51b5fc27390a05c2ba5e6717d96784,Depression,Depression,Depression
NEW_05903ef18df0684c257d2a1b1b33d28f38d0431177dfca91df542c248f8066a5,Depression,Depression,Depression
NEW_059362180639918359549a825289cda113c7bc8e8d258c8d8926d5d30293b6d6,Neutral,Neutral,Neutral
NEW_059c9b27f0f61ba35ecff1e38253157200e0c7e7b7cd124650906c43f0151ddd,Depression,Depression,Depression
NEW_05a593a7cbc4881cfeabb45daf82e4fc9b77128afa26944814edf11d38610ece,Happy,Happy,Happy
NEW_05ad37c0db6c1c7865b58ef3e23b147d9f5e2017ec098b3a395f6c149594e3c0,Depression,Depression,Depression
NEW_05b33298d9ef4f9721340aa4d5651d24ff13a8fba9581185bcc3e83270af6bdf,Neutral,Neutral,Neutral
NEW_05b49ae3b130ba0d7bfb6bdb3162517eeaa74e32d0eb2c1f722e129c51fcadb5,Depression,Depression,Depression
NEW_05d0f13adcd2a8e238aaf770271e8b8b76826928b2b6822cf82a4da972f665c1,Happy,Happy,Happy
NEW_05d9ea99eee092b6d9e4d898cb15f3040e4b857ba5c65340e2a1713195f49586,Neutral,Neutral,Neutral
NEW_05e5dcf5f91342838825afec7fa65b0ff51636bfd8fcd01d414165c99fb9dda6,Depression,Depression,Depression
NEW_05ef03a7334212e213ce4616707dead34506fce5db7dd2d33c7b2a5ea0806d12,Happy,Happy,Happy
NEW_05fbd074f3cfed141c181784d7434f02e5bdddb9ba8d1872d79baeff81ddbce4,Neutral,Neutral,Neutral
NEW_05fc8670d4f46192bbb95249a7558e5f28c90853ae8526ef40f73728f246f2ad,Neutral,Neutral,Neutral
NEW_05fcf3c28d3bd9856d69fcf8eb314c82ea4e61a660c488baad92f1c4f04dd379,Depression,Depression,Depression
NEW_06074933588284293264fdb771f069566ead49fd76996fb66b585d24011e8037,Neutral,Neutral,Neutral
NEW_060dd83f649591acdaa7f797130670acedb5517b6b415d27ede6c6bad49fc942,Depression,Depression,Depression
NEW_06188730fa4595160a728777bc6754dfdf426e23ce031d169065bd973c78eccb,Depression,Depression,Depression
NEW_061ca8332b19afe47784944e7b9ebf094f802969ff4ab1dc3ca8ddbd9e05d016,Depression,Depression,Depression
NEW_061e4e4110060766bfe88ab3e0b4da90fd1e470c7b2a1f225ffdb4a0eafb7fc0,Neutral,Neutral,Neutral
NEW_062ad291146067f4a6724674fdc5a778bdd7db2ed35b034643ebfd936570558e,Depression,Depression,Depression
NEW_0630e32d2baf1bdeccd1a14738950d01c51659623a24c83735fa136ca333c845,Depression,Depression,Depression
NEW_0637280488a2ee358bbcd1ce5dfc50db328a404127b41ea48e5e720e438b5caf,Neutral,Neutral,Neutral
NEW_064499e2a9660035ee88f66588e306697264a7cea696acdf31ffa031c84538c1,Depression,Depression,Depression
NEW_064a3d2b7090eb4886f3167d426c44164737e7d52dd023b9b83f187ad286c590,Happy,Happy,Happy
NEW_064e1a59565cfd91087a1696ac497319fb2cf5721d3968a0a68736d25cd8ff47,Happy,Happy,Happy
NEW_0658fc7a1cf28adb81b569b1d00018f68d7a7a5b4526b97d6dc6698576282868,Happy,Happy,Happy
NEW_06634f42435a38fae9a6979e79546c81a589dc120f41918c25b9c1cf0558d267,Depression,Depression,Depression
NEW_0663d2ad010bdbe65aa3ac967dcc6207356b61da3deb206f993f315e47b144dd,Depression,Depression,Depression
NEW_066c9e63e320b00da1f1d8585a873326b13c2420473cc19487011359addcf12b,Neutral,Neutral,Neutral
NEW_068044fa09de302a677ae07a3536bc4acd228936067dc1c5b4069eb943f18dca,Neutral,Neutral,Neutral
NEW_068cf9b824f9f88a3eb6eea62d252482c476eea120c4dc77f7cff188ab802115,Happy,Happy,Happy
NEW_069768e038f9928e8766a1043163118930c2fe9ee91176d77f4c58528690b758,Depression,Depression,Depression
NEW_069a8c8ed5e73c4499dce45a306f50adf458781e047add09520ce9ad837da529,Neutral,Neutral,Neutral
NEW_06a1c578b7ae78982702b99da1f71b99a5cf9d8eb00c4764f782d4346ba9b4d9,Happy,Happy,Happy
NEW_06b186539630f245c5ccd220e2d7ea8b8d67b31e72c42b3abd715c158b1b3d95,Depression,Depression,Depression
NEW_06b7d885c4c327d7e6a39bbb93ece7d2e96aec82224adc69e3ce74aee729af17,Happy,Happy,Happy
NEW_06bb24f4706542edd832b2d3a46450382cc9c1cc4d5fbfebc29743cae1a7830f,Depression,Depression,Depression
NEW_06bb992bf497acbcd1a1b50788a77b5858412b1795bdb862e1dc4287f0f3583d,Neutral,Neutral,Neutral
NEW_06c1378170aa1343bd237ca36307b96c94f714a463e4f8bac2eeb7d7e3084e6e,Neutral,Neutral,Neutral
NEW_06c744e3ba859028b5e0b5473e03c71a4b2a777142515b76eee76d5c789cb448,Happy,Happy,Happy
NEW_06cbc5c24e0f8a81939723eaaf63eaaebf8ca6863f2800d4657c9b67c3c89a38,Happy,Happy,Happy
NEW_06d1d84c86b2e3451cc97933d9b88a2100ff4bbd1f82ede991599ff3836bb76f,Happy,Happy,Happy
NEW_06dbfc8915640611443b8bbb3953d3b2cc1de7230935b0ef66a0d0c8aac6be83,Happy,Happy,Happy
NEW_06deca4953a32bbc2903500cf79d1218c63142b8b710239b08719e7ff04021b7,Depression,Depression,Depression
NEW_06ea536873b9249f36192b510e47fe1a1e40401a5466470dd1fd947e77e91c65,Neutral,Neutral,Neutral
NEW_06eb19ae6dffa12cf909ee31bdd8e4ffab921f0ff55403e8d01ecf222089c136,Happy,Happy,Happy
NEW_06f650b01775d61a4cc99190e90cf3b729a107f8da5869d5a548acb4183b1996,Depression,Depression,Depression
NEW_06ff23c1d96e43bda2990844e7bd185738364db17fcd4e0be5a261b821d781db,Happy,Happy,Happy
NEW_071f0e1ec336daf4959bea0b2f8c6fa0de33765d57a0eb3789405e21cfd6c5b1,Neutral,Neutral,Neutral
NEW_0720432d8400a4b86ef55709ded6ca20c8b63d53c2f6a8e937f66c538c44b9c4,Neutral,Neutral,Neutral
NEW_073eaff4825432caacf7cbc8fcb0c5f0d675ad53c2dc921bcaba81f0f7d8c900,Happy,Happy,Happy
NEW_074aae401b3b6564e70d3ed2ac6be8be14f2e1080163c2c364389c728b596423,Neutral,Neutral,Neutral
NEW_074cbdf5365671d53a798eecf8ab002f304c8f5ced392b2caf0d611d88dedec2,Happy,Happy,Happy
NEW_074e9b439d759185e7d81b9b6db07a4d45d4ae4e5e99bba39ddc20e7c6457488,Happy,Happy,Happy
NEW_07535523d6d647a173d1de7bebded9637c4debd0b829af833b60359ebd27c539,Neutral,Neutral,Neutral
NEW_0753d4b3202f4aa44854e9e429413c81ade76cc2dd1634837a6e2fbbca317bb0,Neutral,Neutral,Neutral
NEW_075aad73aefed2cacc44ae973e4b363f029ac6924101fae75d725e66cd4cde8d,Happy,Happy,Happy
NEW_0770366189d0b0ad352e943ddc4b2abf626297527d2582194deebc10513fe4cb,Neutral,Neutral,Neutral
NEW_0772e3fc8a9bf1713cb5de558350a546f66fd8511e49f5204e87464ca0a5b946,Depression,Depression,Depression
NEW_0776533ee3ef7489eaf0e38f8e4fc33779faff7d68e8a8921553f15d60a8550e,Depression,Depression,Depression
NEW_0776738f570267b22be592afa3f5ee026d6c799f9d1c224937a420b97ad0a7cb,Neutral,Neutral,Neutral
NEW_0778edfa6006f3bca11caa4d34eaa9c9b1fb0ddb45fdeb4acd23dd0423405ef8,Depression,Depression,Depression
NEW_077c4d7a8ba838e126105425e92e5ea436193cb4a0d4450b95d4f8d555a222ca,Happy,Happy,Happy
NEW_0788353c0af5ac31b2e741e9be7589383ee1edd247c7690863489d4374f67620,Happy,Happy,Happy
NEW_078b60976d6f9285ebd014548d66ae1ac90a5af0eda6e4803edcfa7839705b2e,Depression,Depression,Depression
NEW_0790e3e7f47e405ff35158f140b99e259c025653f9005c4fb831cb081ec42e58,Depression,Depression,Depression
NEW_07976ac169edc9489be06821abdaa6e20934b1935304447b35594e6bc6b266c9,Depression,Depression,Depression
NEW_07987d21fe7b17becd512cfc30a8f4ec5453179e55746d06cf0c538ecbce1f0b,Depression,Depression,Depression
NEW_07a9d6f2c7a4ebbb76aab6b065dcb4c342550f0959a75c9c4d6b779576a55064,Neutral,Neutral,Neutral
NEW_07aee3b364874d55ca2c3b5d1e1b25578dbcc0d2d6199566741035357c72fb90,Neutral,Neutral,Neutral
NEW_07b18553ece9a9a2c0c06b440837e8d7e81304706e4d1bad5989e8c9c8bec045,Happy,Happy,Happy
NEW_07bb8d40f08d9dda54974f3162029f5faca157bcf9e2125a4a039052030d5bb2,Neutral,Neutral,Neutral
NEW_07c11dd4d43b7817579d6d0391f326e109c1706216079993af76a7b150e851af,Depression,Depression,Depression
NEW_07cecf389efe3c874de3b5f1be52613e7a5cb59b2d7a821d7d2a9739fb71806e,Neutral,Neutral,Neutral
NEW_07cf70c930be98fc321b0b690e4b06a14bc4892cac1c7e756ea7940c3e4ec03c,Depression,Depression,Depression
NEW_07d6913224353b7cde275b7fa652ef88f99ae7a4f527944407aeb1c1e2d21043,Neutral,Neutral,Neutral
NEW_07d98817882b422f5286acd68bc8b58bb398a8730d29ac8776ec958bd3b7304b,Depression,Depression,Depression
NEW_07db3d6dd7e632dc4e72713ae00c635d5059068f9181711a583790bdaee4e436,Depression,Depression,Depression
NEW_07dc01d59a61ad20b0d44a9b47c968e0c28a61fbb9b689dbd32bdee43daa6b3a,Happy,Happy,Happy
NEW_07e48931925f6416ebe8b99c414357bb66ac705eff1e42a67ef05cf9b3a245ad,Depression,Depression,Depression
NEW_07e59618a5e9d46340689f7d7fee1cee57df31d8a7864a50e50d335c115a2c62,Happy,Happy,Happy
NEW_07e5abb5ffda5bd084c7f27fc92cd2b8ac1cf0c51a3ef5e05625c01dc049ec19,Depression,Depression,Depression
NEW_07e78fd63f0e7d94df5fb08d67265df1a06b090b5386660ab41ba637d7b0b2eb,Depression,Depression,Depression
NEW_07eb149e55f9931e2bed642e1d4d2ecccd435b014efc251cc7c3285209c1b005,Happy,Happy,Happy
NEW_080c209dcb9bba9fce68c791acc51cb6e5b07b7854ac0e771973e60c93a81113,Depression,Depression,Depression
NEW_0825ef0376039e4f1ebc4a6e13760306e5271c45b11b3d687f00ffa5659e9ce1,Happy,Happy,Happy
NEW_0827b7eafed8afe7d126d2529546c3044c9e927597781a7fc7f3293b88cd643e,Happy,Happy,Happy
NEW_082f363bfc579e0caf26269afe0a0e46467e81d7566cdec214d6304ed2ed02d1,Depression,Depression,Depression
NEW_082f790a961d27f4bcfb5d03076a2ecee5b714f4e9f219eee263b22d92b1cc4d,Neutral,Neutral,Neutral
NEW_08320276ccfd10f6cb3bf8cb78ae9c45637050638c5cf51ba9e8ac20c980922a,Happy,Happy,Happy
NEW_0852e019c0e10a30224561e32e2352e6eee748adfc257816eedbdd20b81b5ea1,Neutral,Neutral,Neutral
NEW_0854a6430f4af252dc00f57ee42278347417f7656abe5d30d6a2b23617ecf31d,Happy,Happy,Happy
NEW_085bc6155987712f0361e0a109a407935825b10297a205747bcbfd29f34f5f43,Happy,Happy,Happy
NEW_085ddfbce0f3522403f393b8dbf911b4178bbd2d07aebe337ad7283d9255b2ce,Neutral,Neutral,Neutral
NEW_0860f04c2002615054d223aa6eb11b01d86b25231b33b120083687be63594061,Neutral,Neutral,Neutral
NEW_08641b4aee76729204fcbd66d7d5cc9d88a5cb5daadd649f868e4245055a7b68,Depression,Depression,Depression
NEW_086756c7d1d0dd393c185668a54c2be9394c27c1a9a45c9c31bc9824cf301d92,Neutral,Neutral,Neutral
NEW_086cb72e7edad4b2ab556d4a3aa127cae6b35ae6aae0ca48b4e270400a1ecc10,Happy,Happy,Happy
NEW_087a000bd084ac24f9f280d59e75a3160b5ffcd4bde1f45a999c22dc174883c1,Happy,Happy,Happy
NEW_087aea3815e2ad2beec03788f259621719c2a2b7a4d8e910769fad23cf1850f2,Happy,Happy,Happy
NEW_087d930118b218d70b24220ddfd07ec44ebb6d0d5f680f5dad7d8161fdef7c59,Happy,Happy,Happy
NEW_087f1e41f8b4df2128f4575a476ad3799ad03f3a7df509fb574245fe9244ffe1,Depression,Depression,Depression
NEW_0887a66768298896a0c682925ef8391ebb1efa636c6ddd55f3dc4b13cd16af51,Depression,Depression,Depression
NEW_088de14d57e5a440f000b8cf9b220a45a78bebf1db5d4dfc057d1eaf37fbd4b1,Neutral,Neutral,Neutral
NEW_0892c225c0b81f65c105ff726452d0b0bf06a9a81d524dce2f2ba6bee8b665b8,Happy,Happy,Happy
NEW_089dda8b11a186770c576ea839c26e42f021ba7732daa27bea921385d803bd3a,Happy,Happy,Happy
NEW_08a074c9d48e85164bb473202febff806b1b40e838374b6511bf752a9d7b33f9,Depression,Depression,Depression
NEW_08a19685f51527bf44d47c68d06c363b8b7ca60888ca5761db4605605bace1aa,Happy,Happy,Happy
NEW_08af102557dbb0db50724edb5d853f62163c79bf5fdd438960b6b93122f7bb04,Depression,Depression,Depression
NEW_08c7f1e89a0c89ca10da20580bad04e9fdfd97f9097ba4fa6e60d1568cc66f71,Happy,Happy,Happy
NEW_08cc54bbd985af6a01e2fe131ffc02cf1995f2ec514ba8e99b6e65f0a96ae7d5,Depression,Depression,Depression
NEW_08d32c0090b847835fd4a929661ffcfda2bc3fc2fc325975f778bcadffcdeb1d,Depression,Depression,Depression
NEW_08d7ad84a3c803fffa504e6b36a8d17cc75222ffec11e1963b8d72e220c1d37c,Depression,Depression,Depression
NEW_08dc8f4fbc54d2aea5d37b6aae63e78f90e1624e66546db03b7864d72ef0413f,Neutral,Neutral,Neutral
NEW_08e2b591a3e2068a705d519ccf54b3ab1af64fad92eb1151d61ec048a2308649,Happy,Happy,Happy
NEW_08e514b8c539ecd24af74ec2488d1f64ea48d4428bfed98b75222d89e1489fc1,Neutral,Neutral,Neutral
NEW_08ef987771a666fce6f529e9d5ecccacd35a312605c94398bd70a83803ba6423,Happy,Happy,Happy
NEW_08f1315fa48475b0b280a038cab750b4f57abca99582f35f97425b49a1015299,Depression,Depression,Depression
NEW_08f560bef51fa4f91a8e3e6245512261d553e9b34b6a1e903ca742709f629ba0,Happy,Happy,Happy
NEW_0903d1eb54aa81b79f51e13b543a48e2c10e3fc9c0a5dcd1b85aab922e7ca405,Happy,Happy,Happy
NEW_09086be187eab3c8370ee2f71f0862e34be7a8acb235d2a1b51e494edde33c4c,Happy,Happy,Happy
NEW_090c3ba23ea83c28922992a5b786d0e9490f09284a5508b257eba28e68ca9874,Happy,Happy,Happy
NEW_090f5881e717797ac1b87d70a7748d517d11d8ac686a2b616412c505e3c13bc2,Depression,Depression,Depression
NEW_09110c238c28f3d17482b8d11c54914e6dc5e4e3f421867edd66115eb9938b73,Depression,Depression,Depression
NEW_0913d0a5db4c27eabf6eecd32ef0dd0ff965fee73bdbd568ab27e5f12a438fe6,Neutral,Neutral,Neutral
NEW_0916aafa13a7002bc4ecbf732e5bc6801957dc6f1b71e76bde2e00df1b2ee4ef,Depression,Depression,Depression
NEW_09200ce63728c80d7788a2f43511f2c72656d428d6ac013fe4030d541729063e,Neutral,Neutral,Neutral
NEW_0930b5e2b30c7f118c713792e3d3199a7f0af97621058cb59a7fcacd07abff16,Happy,Happy,Happy
NEW_094e6365fe040fcd02ddd19881320c821a8cffba071b7ea9d3ac725bac39a978,Depression,Depression,Depression
NEW_094e9d7f8aad5d3a933ce0f01f422b046679f1965a15ef6e326554c1e0ad6034,Depression,Depression,Depression
NEW_094f5852869b200dd187cfe321abd8f6465c95bdc31193e8b901d3b93fdbd646,Depression,Depression,Depression
NEW_095d184b7c84a2e038dfdf170b8ab84c6dcd9cfeed137e17f90dbf9ec99929a5,Happy,Happy,Happy
NEW_095d47c898811552e6c95820a7da6efa940c6dffef4e829a2c3471e94cb96d49,Depression,Depression,Depression
NEW_0961e6c4ee81a1c29c9aa3b8845cf372023b8072c578b1ba18172cb7462b4f88,Neutral,Neutral,Neutral
NEW_09768ef0e4ace6a41d05137b1e504692008331a19e9d82c5d7e2182fb4cde157,Depression,Depression,Depression
NEW_097ff3cbe3495ac6a290b20cea462f79411a3b06bd24ef756f0876cabac8892d,Depression,Depression,Depression
NEW_09804a68ed0a000172913f679930e1c0b26090fdbba965d303daa6948875083c,Neutral,Neutral,Neutral
NEW_0983e117b1a71c4c92a5b11a375c099f4a73f6c4c0fa65266e8320ee0958f65d,Happy,Happy,Happy
NEW_0984daff5bb4d228ef56e8b34eea3fe7db678160f1d2e4c09071658bbabacc31,Depression,Depression,Depression
NEW_09a23ba4c95f86b811aff3341822fb52066bad86bca20e56b0a517dff137546d,Neutral,Neutral,Neutral
NEW_09ace3b48353bdf381333b48249c55309daddad6454eb180d9235b8ac27681b6,Happy,Happy,Happy
NEW_09add6806c270350b57b3da6fe6b34d3935e0423b9a8d9f48c477eb9c6fda455,Happy,Happy,Happy
NEW_09bc1d7f8bf6d0f110e3773e0ba493160641dc9cb9fc25e6b7bae858f3114812,Depression,Depression,Depression
NEW_09bf0608ba08bf83236a8496062ef5f487b176da292e8666cb2c57aea0730fda,Depression,Depression,Depression
NEW_09bfd0262f142592fef782c37e11b61678e35029051786ca2abacefe862383ce,Neutral,Neutral,Neutral
NEW_09c58deff8538314013facf054ad0e2371e89f2485c001874c98e7407d8286d1,Happy,Happy,Happy
NEW_09ce51b502d9d8e024e2e62ca687154ecee59e627fb764395c38dee3bc1b5b25,Neutral,Neutral,Neutral
NEW_09d141caa8090813521bf46c720957f42fa36e8f48807f84c5bcee2df2f90423,Neutral,Neutral,Neutral
NEW_09d8ade4fdb766b68d220b061ba5bcaa2df887b67d33c44f322b11a938d925fa,Happy,Happy,Happy
NEW_09de5a92de020459d26005e0bf4d4a0b1f2272c835428082ac99c129eb470051,Neutral,Neutral,Neutral
NEW_09e861f9f36e175cc76253f88b3b100049626420bc3d61f99eb8b1d004f263fa,Depression,Depression,Depression
NEW_09eadc0d90ba43f04557eb063f22a34fc2f68920ac857316adb0fc21688afca7,Happy,Happy,Happy
NEW_09ec0f410362b755381e5cadbfd751506a5ca9f7de776ba7fd9eaaac4d11f5f8,Happy,Happy,Happy
NEW_09f4b4f1cbdd299de5e3efad5a3339e3f1a2e66095e6296d116e53e39767afa9,Happy,Happy,Happy
NEW_09fd22ba675631d9a6d6dadcab29f50343dcb8993b45c83ac59d269580b1f8c7,Depression,Depression,Depression
NEW_0a00dc096853af935429d6c4faf221771b28051dbe6e15530f8877d5178b23f4,Depression,Depression,Depression
NEW_0a04c2a320ce1f7fa98068522266b35166178b25e8196ee1035a4bebd1cf6791,Happy,Neutral,Neutral
NEW_0a0b53a40d5e022f14ab9e44babc23586e6f8c086f1abdaf5e5abaf3b18a3490,Happy,Happy,Happy
NEW_0a1ef7400230024355f66d9608a9903684252b09ec28707b1cfaf53df94e1e5f,Depression,Depression,Depression
NEW_0a313f66877a75a343a1b205dbc8fe60f765843a47e0ab0ef17f98c8b3f7a2e0,Happy,Happy,Happy
NEW_0a3382abe01ef687a30deef34e380d7b242a26c5604d31af44c7c1e94d1623dd,Depression,Depression,Depression
NEW_0a384c07514ded3332d740c548d68d26c693dc79c328fc616f6fab299e8bab28,Neutral,Neutral,Neutral
NEW_0a3bc70d98178ca7774112bba5a9d10d3d3dc9b22f9387888c479d1091ba019f,Neutral,Neutral,Neutral
NEW_0a3e5d1276195904b544e21f319ebcce425ef143fb3ceb170bac2cdd924aa938,Neutral,Neutral,Neutral
NEW_0a4e11f3c7849551ddb38e947718ad2137bdb5c031d0f7280bca8cf27c9f9d7a,Depression,Depression,Depression
NEW_0a51ec8f6ac2f7984091d74ccfe72e35ddd2667e826672017bc199115e5d4f51,Happy,Happy,Happy
NEW_0a52e719ececb8eaae3a558773a2a5d7ee69c4cd91fdafec2159a901875773a8,Depression,Depression,Depression
NEW_0a5b6adcc92474fcf7c0b0d16eac17384b4a82cda4342d283b5b9100f8a28c3e,Depression,Depression,Depression
NEW_0a69040ad099e1360ea27a3c98a00b701179add7334440b71c7253d075a68a59,Happy,Happy,Happy
NEW_0a6c256b67637e2d6ffbd16daed5b46f67457e50d7baae9ee29cc4aeb6593927,Depression,Depression,Depression
NEW_0a81eb5a25e7aa4709e0081e0729c3dfadde59c1ab6b8588bd5ff1a85e0b17ff,Neutral,Neutral,Neutral
NEW_0a89bf5bde1d0b57dbecfb4c567e7dc3bc553d0d5fba7ddcfbe459821d9f7029,Depression,Depression,Depression
NEW_0a8f6e7b89fff0737ff83a8d6d2d74f08e60bec5b134064f2ea40dd9af0010be,Happy,Happy,Happy
NEW_0a9b4d0a1c50e4a5305ddebd06af7bdff0f8a90ab4d6336d11527a32e1790fc3,Happy,Happy,Happy
NEW_0a9c11faee26c61b76e1aacdd1cc19e002481e6bef5478250fdead5797d99ec7,Neutral,Neutral,Neutral
NEW_0a9cae1a6df9ce7a5c7dc27868a0b8e5af8fc5b97c81f29e63d8fa548fc40fc6,Depression,Depression,Depression
NEW_0aa220d1951d6ea883accc70f5f249ef80213b1f086a09330738e32a70292cc0,Neutral,Neutral,Neutral
NEW_0aa58afd76b0234343998e54cd5a66685d7ef4ae8066073af970e4341d5d5615,Neutral,Neutral,Neutral
NEW_0aa884fb0884b9e23bee7cdff0ac855e54efb0b031831af397492c1d81cc4daf,Neutral,Neutral,Neutral
NEW_0aa8d963e4ae90679d0c3151ee59b24b354afacc9e4a51e579c4984da71ad9ff,Depression,Depression,Depression
NEW_0aaf7190d76816b2947a27f1a3309817b8c5c5d7b7832ecea36ceacee0b033dc,Neutral,Neutral,Neutral
NEW_0ab0e3a1722d556d51e5e35277e38b8b308aeeaf268d1a6f4d2bcc449610d882,Happy,Happy,Happy
NEW_0ab0fd423f89e222ad7638fb71e99f365923aceb20e38d9b429e584bf2f16d9b,Neutral,Neutral,Neutral
NEW_0ad9701064a001af5d2087e4cb03483cdba53f424cad95fedf118973c1ecd366,Happy,Happy,Happy
NEW_0adc66268a27277742c93036080eab9271c4e301b74d9f2207fdefe46893067f,Happy,Happy,Happy
NEW_0add7df7f4e6347b055ac253ed1bd3ef7edcaebfc6ecb6302d22707307004b24,Depression,Depression,Depression
NEW_0ae8c05afc00fd7e01d7529a7ffafaa3bfbb78fc463abd3a87f4901aba69b040,Neutral,Neutral,Neutral
NEW_0ae9af1d4eabc59529d97709bded1353c5e6dfa8730cd207f7395846acf8bcbf,Depression,Depression,Depression
NEW_0af612a35cfc4e0edea3c0c286e4f8a32545265d3a3d794920750b75b79c4656,Neutral,Neutral,Neutral
NEW_0afc6eaa06348d534d141119e39c73f4e7ba41a33f3b0f9eb033e80d728f1399,Neutral,Neutral,Neutral
NEW_0b0124d4595ed6e9a11ef31b4bf314ac5ef395fb42c8e410aa9034b2ede54d9b,Neutral,Neutral,Neutral
NEW_0b057ab71a59b3695d2453de5bf262c2d2bf1b1121c58d350fb0ad95975ba9d0,Happy,Happy,Happy
NEW_0b0b865e45abdb5ecd5e53a6b64139730fc31320f9fd356740c6dbdfef0efdda,Happy,Happy,Happy
NEW_0b0d7f8d01c300e922bb6dd7aac72a3de91b00b6b04c04eaf9965ad35814d6bc,Neutral,Neutral,Neutral
NEW_0b0f554328899b10df9a739538c9f3706364918e4846b6d9223991d8736e54f9,Depression,Depression,Depression
NEW_0b147abbd68c59d0aa6c7343f44b49f705149fb7ad68667a62e7a314aec37784,Neutral,Neutral,Neutral
NEW_0b18df5d37db45b14f05b6a0c545e302824eb5e988f529449b1cd0b3d2884db2,Neutral,Neutral,Neutral
NEW_0b1d0b8e4d78a31e53abb2082e435b846a02a74fc4489a47e7f6cedef60145ce,Neutral,Neutral,Neutral
NEW_0b24f812880b69c699a9abcfd7b225e21238df0e2be16faa7c740b1cf715024a,Neutral,Neutral,Neutral
NEW_0b27e30eb17b046bab502af3de5d84decfe731690b4f1b0ffed2cca103f1eeae,Neutral,Neutral,Neutral
NEW_0b2a09750fb89f41f8f2c023ea9e027c7e6c1e4c99fa25df747dbaee84d6bc16,Happy,Happy,Happy
NEW_0b2a2a6bf082824bb4d5bda0bd68f94d0c21c05e4fc9fe5c6053751b96ff6dde,Happy,Happy,Happy
NEW_0b3829b72aa68e69fda240755a1ced1d68672eb031b4a1bd1f8006bc1cec960b,Happy,Happy,Happy
NEW_0b399a1efc5e18d0bfbb6f1c62d9244b4027494686450686c38af2fea22d6e2a,Neutral,Neutral,Neutral
NEW_0b45802962a01a3ca961a9153761f61496bfeca657b63627ead994c7a1c3c9f9,Happy,Happy,Happy
NEW_0b4d9dc15c429b4daabe0865816c4f6a9601183057f680afefa11919999288bf,Neutral,Neutral,Neutral
NEW_0b4d9f0313ec5917084e6c97ac62755d99a64995ea809523671afca43c5e7a15,Depression,Depression,Depression
NEW_0b4e8a7205b4accc3446ad04081f8ee7b5c2beecd435a84e2c49c1acddc46992,Happy,Happy,Happy
NEW_0b500872b98f965685ecedd3e682223e5175e231dbd5aef7ca18cb9dc062e787,Depression,Depression,Depression
NEW_0b50f815934a7964882cb6795d71c13d52023479e71ea4d851c4b3a6a87d67e0,Depression,Depression,Depression
NEW_0b66e6557a73f068ec91e210eaceda00971a4df7a126cb754c53a2721636144d,Neutral,Neutral,Neutral
NEW_0b678a5cd1b854646714a591fc78235a54d0e9279190532d149203584c11dccb,Depression,Depression,Depression
NEW_0b6c7cbf18200f9d99216b86286c049461d1475b38500da7445874c8152c74bd,Neutral,Neutral,Neutral
NEW_0b6d9b82457ed8b7c82b619101017e360a34c22511a4fdae3c7becf67d5cb33a,Depression,Depression,Depression
NEW_0b7c2b8ed4f91b7df10688971037501b24049156363f17c77db155efdfafa254,Happy,Happy,Happy
NEW_0b7de64e51345438a4e077d6cd02b11706e04630a014398e800b8b47199dc730,Happy,Happy,Happy
NEW_0b8776bda8e80030bf0bcc5ab1968aa954ea9e8eae99f6186f5b398e6ffd160f,Depression,Depression,Depression
NEW_0b93ebf0b8c44dc988bd734ef003580cfccb2d1ee100474851d4f2547f86d168,Happy,Happy,Happy
NEW_0b9b5d3b093daa2f43e00ba2411e528dd2876251b451d37c95cc8407dec63442,Neutral,Neutral,Neutral
NEW_0b9b837348ddbea0a141de1a2b8c7ba2bf0c127d501c74579db7fa7d20095046,Happy,Happy,Happy
NEW_0b9c74f0f2d910aa3824b70f75b75bd63e96c60cdfe50401b83a11d84d1609e6,Happy,Happy,Happy
NEW_0ba5a432bbc41c65a460a2ba860a937492a0655bd76f703ba02bd4eff89df232,Happy,Happy,Happy
NEW_0ba72da5e0f80b22890d4a1c59ab9357545e9131af75dfef51a21bc583de6c51,Happy,Happy,Happy
NEW_0bbd0a596ea1aa21099ca9863b1385cd6c91e319747c34477f4022b7a05d03fe,Depression,Depression,Depression
NEW_0bc407eedd171a122d9e791260dcd983ad1288a0f89399f8ba2579ae2de4d9c2,Depression,Depression,Depression
NEW_0bc563db797cc94c0aef25ac6981226a2fe733ca5f3ebdfcb09f2e879c134c10,Neutral,Neutral,Neutral
NEW_0bcff647e272785289937fb785c088f1cb3beb95015333334f19e5de5747beb4,Happy,Happy,Happy
NEW_0bf146de1dfa87c527b569bcc88addb6dfe534de6c948146ade04181037c2bb7,Neutral,Neutral,Neutral
NEW_0bf3b49c9cf961ba1198e6885baf1e5676af8a97686e194dca87916affe6a140,Neutral,Neutral,Neutral
NEW_0bfe9edf64cd093e884b770e03a3f3d8ec9a06c20eca8add2ab1beb6a62a4f45,Happy,Happy,Happy
NEW_0c04cfa9b405c7410f8d7440d5adab321f195cd63f9459d4094ae9f1fe4f62b6,Neutral,Happy,Happy
NEW_0c0bc04cd794af7948bfcded75a9c1fd76f74528867518c7201b6887fc198f42,Neutral,Neutral,Neutral
NEW_0c127cc8bc7eba84e7bd332ed25bb7cf884707526f763434fbed3d9d48e888a3,Neutral,Neutral,Neutral
NEW_0c20f804efaf9b3d0de9eb8ce2dc06a2b4de2ed29f71efdfdb4f3b8960924bb9,Neutral,Neutral,Neutral
NEW_0c24b6b11dd43af8a088fc00e5dfc9e6e68fe9366e5d7621dc319a4b0006d6e9,Neutral,Neutral,Neutral
NEW_0c2c686b12377bde8a9ad7935fec1c1e2ca9ba59d2a899ba9bcb872e4677e5a6,Happy,Depression,Depression
NEW_0c31cf85fb05a350599a069bdae761385947c0747931ef6e4f668fb31524570a,Depression,Depression,Depression
NEW_0c33df6559af11f5ff317ee8fd5b4f007f414224266089897660ec461ef7aec2,Neutral,Neutral,Neutral
NEW_0c3a1804ebbf2d105a789abf7571fc1e4cb3def442ac3274a8b1101f36a1c262,Neutral,Neutral,Neutral
NEW_0c4a087f667830b082f7068c6e59811d205975f3a0f9c7d159f15c53275d3a30,Happy,Happy,Happy
NEW_0c4aed9db60cd38accb653f6dd818029ddbe88c53a3aa9a560528f1ac9b7a6fc,Depression,Depression,Depression
NEW_0c4dab074d4793f668d5ca952f4af6fe1cd14cccb203306273804f984af4f22c,Neutral,Neutral,Neutral
NEW_0c4fea715153735ee61e9d9bd06fbbca95a2a80607a7bbab400e830a54b36819,Depression,Depression,Depression
NEW_0c5cb0d506f49681120be854c60a8abe018291d1731633b31c7c72a7805a27eb,Happy,Happy,Happy
NEW_0c611384f9c25865cce72700ccb836cfae44f99f17eba04cdd24b604c83e6411,Neutral,Neutral,Neutral
NEW_0c6605701469e9a3140a7b223bc381863c92763bca36eba151da3cec2b1194a5,Depression,Depression,Depression
NEW_0c66e4042284ab53b0e2c1a433a18c03887eef07871d0bd53b73c8291160efd0,Neutral,Neutral,Neutral
NEW_0c684e460852821f2433adda40237c202a0b40a8edfcdaf46a3578fe32aa7ec4,Neutral,Neutral,Neutral
NEW_0c6cf9fd67da60c93e49a2f6a5aa2463415afadcd95a44c1b81969028a72dac7,Depression,Depression,Depression
NEW_0c7425c559f44f2f823c1f35ac5e6054cbc63576326c9cd96e19e5195fbf4826,Depression,Depression,Depression
NEW_0c77ac0fc279cdd45408910757e5b3106f6bcfb54e0b43db48e01b2d01207969,Depression,Depression,Depression
NEW_0c833f46c315b56784821734b66a20f0b7ea717497ffcf64f4df15653616fc9b,Depression,Depression,Depression
NEW_0c90ff464c7ebdc303cc719061bbc503c3bfa1a509201a1862f8cac345a4a869,Neutral,Neutral,Neutral
NEW_0c98a7cdc2f9d5c8418fc29d4857cf31c1fa740b249cf538d4d2bf2355492c76,Depression,Depression,Depression
NEW_0c9eabffd20d1446e6b6159630fdf3232046c95092f67bbf04186046c4b90db4,Depression,Depression,Depression
NEW_0ca872f69aea9e56230fc5cb3aee3ad08c0376c95797adacb7fbcb98c51e9c46,Happy,Happy,Happy
NEW_0ca8fccc8835b78e4af2e8affe2b6f75dec791cd38ccf9e2611103fb4e8b18c8,Neutral,Neutral,Neutral
NEW_0cb79193dc44b5dee7d99778456272f355a483619cb3c2b6e00fcd71fa479477,Neutral,Neutral,Neutral
NEW_0cbba143397c0a1ce382018bbeb17422c6d3feb797352f4e9689d197f922c727,Depression,Depression,Depression
NEW_0cbde7e329b1fcd54e6e2fb51406bd26bdf0d0035692d6e242f6a00ea35bd802,Depression,Depression,Depression
NEW_0cc2efb3004de9150dbb325cfea2a1b5aa668ab6dc00c731443c355d043b5cda,Depression,Depression,Depression
NEW_0cce3840718d6461df2961ed111c3c196ecd3237fef9701485a050859f8e59bf,Depression,Depression,Depression
NEW_0ce2dd568740c3da0078b35e3a2d171bbd26bc20a7acf8db43c85d027f831004,Depression,Depression,Depression
NEW_0cf7501f171556c698238f166442632fdcab11523086fdbaa593e38a1fcfeb3f,Happy,Happy,Happy
NEW_0d07bedfcff5f0ff8214bfceb95cd791c9974553aa2177f933e359f3ed38eef0,Happy,Happy,Happy
NEW_0d0a3b2e6de7fee59ae1afeb3d9e65f75c0f8f53e576fcdb5a20fe5334390f84,Depression,Depression,Depression
NEW_0d0e8005602a17c524795fd5619e3028d23e4945e23105978684ec65d2bb78bb,Happy,Happy,Happy
NEW_0d182499354d6ea63986aa552c776880de4ad616b84734ec28739c087a7d1356,Happy,Happy,Happy
NEW_0d1a5436650d9f099479e7926d28aad63246fffef6771acf8f24fb71b8463471,Neutral,Neutral,Neutral
NEW_0d1c1148b07530d4cbed1a08d27b1c34b5fa1792912a851801e34fe774ea4dcb,Neutral,Neutral,Neutral
NEW_0d1d078fe7957197b076550c17097e0e66d4fcfe285cab54c4810ccf56f1cae8,Happy,Happy,Happy
NEW_0d1d370558e061cf07746ae9347083fbb9c1187e2a9806eaf095b83363b770fa,Happy,Happy,Happy
NEW_0d38896ebf48012431163036c2af79922ba8be3bc72db82c17e7c8bd68002ebe,Depression,Depression,Depression
NEW_0d39e6f06a7df8ebe997dccedd54666ec13b6902330406752bd755a6961ca764,Neutral,Neutral,Neutral
NEW_0d4679392fd774c23120a472c9f48e9e9cc6986d950c14b558a15af046c61aa6,Depression,Depression,Depression
NEW_0d48d673b13671f8a7e19b25570511caf0d2ec2609416345e35552f84bdc5367,Depression,Depression,Happy
NEW_0d5939e8457934bbc1e118d7939cb1d685bc1bba4885c1a9a207506388aee572,Happy,Happy,Happy
NEW_0d5cdf79f21bdd2debfa6b6ca32a55b75897a5f5976ccd88dcd3db049fce5b90,Happy,Happy,Happy
NEW_0d616e7ef6d1dc098d709d62bff9303e7105c81b750a73b52d87e07db3105bef,Neutral,Happy,Happy
NEW_0d70afa7e586bc5dd5f58167696eae91ee57ac650f7257aea77c85855218581d,Happy,Happy,Happy
NEW_0d73d57205451453e555b6168b488709b6ff1b7cef0263cb0b35eaa2ceb05e83,Depression,Depression,Depression
NEW_0d77b373f61d2580c8bf0cd0f9bb549bfd5502d6b179672905ca5052fb019e6f,Happy,Happy,Happy
NEW_0d7be458eb306fc654ffb656bc1fc0ba331bd34098c5873cb1b2bbcc8d17759e,Neutral,Neutral,Neutral
NEW_0d7f3b2f778ec56c76b87b4bcafcc79dbe3b95dd87fcb1ac284f11540cca9c25,Depression,Depression,Depression
NEW_0d80135d9d72044242a0878b3493872f8d4762b02b53b2713d49a313b005b0da,Happy,Happy,Happy
NEW_0d88d8f57f482e7fcec59fbd50d88fdaf43fa97d0f39299aa8e20427db43a0f0,Depression,Depression,Depression
NEW_0d8b59ffc0046f0c9ffa470ceeb16e9867c1ec2ef0ff1e6308bdf59c3fcbe213,Neutral,Happy,Happy
NEW_0d977f7e4b10907eeb146b63be3bcf8c747d792ee91b9a23f839e26d929dbc24,Happy,Happy,Happy
NEW_0d9be56ab2701720444185e1a652e241bf016cdfb8a93ba5829fe7021b799e51,Neutral,Neutral,Neutral
NEW_0da857366e582ccd518e2e514fa5ae94e7ee6acc310fd17b7c151222da8c22ce,Happy,Happy,Happy
NEW_0daf744ae7a69800a12fdb15a4ef910698112098ddca8abb4eaaecf999e02818,Depression,Depression,Depression
NEW_0db03b868902a50c6a3bb9ef5d96dad6431fe27e5428d82e046083fff4101b96,Happy,Happy,Happy
NEW_0db5a2a09a0a47820877da7359902bcf5b60b3ce1012a85187cc5ddbaeca0576,Neutral,Neutral,Neutral
NEW_0dbb189caebd7139fc12d156be0d72ea3cc58abe4640ec78dbcd3dd158f96b67,Neutral,Neutral,Neutral
NEW_0dbc9ea1d9e50c6a5ea3b2c3497f5f41909df158750c058395b6a0d1571181f0,Happy,Happy,Happy
NEW_0dc0302bf561c2f964133c648563362ef6f4d1af0905711095efdc0a24537c31,Neutral,Neutral,Neutral
NEW_0dc41323a67d6b681bd8e8bbd4c2cc5d271a0059bdef61ed36e24e1bc569f482,Depression,Depression,Depression
NEW_0dcb811030b8fbc97a51cec11ed7691810e2030db4560e8c6a37283aa2093020,Happy,Happy,Happy
NEW_0dcccfb30395e7c37ed50af1bbbe08056c1ff4db455edfb0246096c011878eab,Happy,Happy,Happy
NEW_0de281bfe6c52d08801fd44b3b06fbe20dadca3554b04190f21385dcdb450923,Neutral,Neutral,Neutral
NEW_0de445fbd6538b1306dbe2c7381ff76ca7b38686a7e0c02c9042e4b66167daf1,Happy,Happy,Happy
NEW_0de5938254bf0799d36242a428b90f71e6831456309c800b4ec72f9f83d4ecfc,Depression,Depression,Depression
NEW_0deb24cd16861f27fefcb1ce45a9fd5926f93c3ac7e0fe5a39d9cee05751f604,Neutral,Neutral,Neutral
NEW_0dee12308ed71c5294c25c569876f49e4f82993e2d032995810994da0938417d,Happy,Happy,Happy
NEW_0dfab063d30acaf7396c42342f7ca61aab77138168688c9219efa63682429488,Neutral,Neutral,Neutral
NEW_0e17a3950faa16076f8ad82fe0b2eca18c903ff9a5287645d54d76a08f18c2d6,Happy,Happy,Happy
NEW_0e2043412c5ea84e08bc024db4055ea6d9e257850f8c1daf36bd55680135e669,Happy,Happy,Happy
NEW_0e2c8e9c3436be7b9e39611b5bfe2fc99a0d1247d1c74c4bf8259aec062849fa,Depression,Depression,Depression
NEW_0e2e7d6d0f9163f1957a4eeba36fadf739eeadd2dd47e56cdcce4cd58f7aeeae,Happy,Happy,Happy
NEW_0e312ee31f1bf232560ed71afe8335dfebfdba7d5c609875a7e2a111f96901b4,Happy,Happy,Happy
NEW_0e3301969ef4058d760e513be484f936ae4d200ae40a1bcd3a5b1ff99c6ce0b0,Depression,Depression,Depression
NEW_0e33b8f5706bcd63b9e0b0700bce28a70f01cebcb82e417d0438f4fc5a10eec8,Happy,Happy,Happy
NEW_0e3bb1376781fb3384b3ed5497029a6667cc01f19e375538e220988ec284ea19,Depression,Depression,Depression
NEW_0e499b6348cc54c0f0156a39720113245df47a8b2c7bc4f2a98485ac380e30c9,Neutral,Neutral,Neutral
NEW_0e565229cec18d9ff366702772da19012720bca40e78bf9e23cdb3ed3aff3a24,Neutral,Neutral,Neutral
NEW_0e78482de5ebc3dc5d3e9ac10175ad9e361cc50a960ad0d73859bce7a947c60f,Happy,Happy,Happy
NEW_0e874764ce9813e066472af47c3747c92087b0b613f854e6e214050f1699ae9a,Depression,Depression,Depression
NEW_0e88fd0d4bd15c6dd8bb2a3cba7434b350d8b6de8835882a381f273ec92da41b,Happy,Happy,Happy
NEW_0ea007005e9d11e27287a5cec928cc905739dbaf0dc8c85c4f4ef6f9ce5c5374,Depression,Depression,Depression
NEW_0ea489bb9dac11ba8549aa90dad1398cc5a5eac1277d525c82716e1fceaad73f,Happy,Happy,Happy
NEW_0ead8d959900b03186e3eca3b6a24e8ec1b7159cf4522716db4bf4675fd24374,Neutral,Neutral,Neutral
NEW_0eb123d0976ed428126007894c44bccb64e3a99baf47fda3eb9953ab98287ed9,Depression,Depression,Depression
NEW_0ebb84b15a0ec8040398e844a5966a8ce98d392c0f40e0269089ddc84caf49a4,Happy,Happy,Happy
NEW_0ed57d0e844f88a9dc6b7d6a9e146f995143bee49a50d63344d47bac5c6748a9,Neutral,Neutral,Neutral
NEW_0ed79347a426a6f4ea3ad9e21b7c77f2a19ee49eac96971a2f40f22767196615,Neutral,Neutral,Neutral
NEW_0edd4db693957dfd8db3f19f1af2e89e8ca3ef3b3d82b3b049df1bebfe40d566,Happy,Happy,Happy
NEW_0ee121bd8993ef97a989c202dcc86517a58fc8423b16f5259f5d008c7ec4bd0a,Depression,Depression,Depression
NEW_0ee40c6f4f2d8bd2864fce444ad8b6705ff769fba204272faf9d47fc42389dbe,Happy,Happy,Happy
NEW_0ee4ec1a12dca087b6b235a3ede11bfe9086ed0c56f104ade72755f5ba371ef1,Depression,Depression,Depression
NEW_0eeaac72bd203363acfce22203ee6ba4efddbdfdb16f863be42c1f244cc3b111,Neutral,Neutral,Neutral
NEW_0ef06518d99082cffa1fa395869b45b4c650468b5ddf03beb833460293703dd6,Happy,Happy,Happy
NEW_0ef98d98f69cf43fcdc66e0f0ef2b7ecd316974b1447294f9cccb181111f0c58,Neutral,Neutral,Neutral
NEW_0f004073de2e4643677d9fa1605ba1787e60e77df850eb9f1dfcdbb10924d362,Neutral,Neutral,Neutral
NEW_0f00e68e4e522da945d03ac485abf264bcede7155eb6264e0ceb2f2b99c094ce,Happy,Happy,Happy
NEW_0f0b3ed4990bf192e29cf867558697b82ada2f16e3717b5ccb0f56c88cc0dbbb,Depression,Depression,Depression
NEW_0f0b95443bb2585a7183dbf85031da861af70b5304389c70abdf0a2ae554328a,Neutral,Neutral,Neutral
NEW_0f1047242bf1c18f8538d34726f02818f96e8edc528c4ca3341662569ff5baf8,Depression,Depression,Depression
NEW_0f1e21ba27f159b9b92b0c6f50669d65163412558076267639b73a7f3725ab59,Neutral,Neutral,Neutral
NEW_0f1e652f5f035a0910288ee5a6b9fc18a62aec018d4a1f524951f4d2a2a2e31d,Happy,Happy,Happy
NEW_0f28136014aeaac7a886ccf1b8d1bb8b987ce0837033c1c5c9372c79d1db67b5,Happy,Happy,Happy
NEW_0f2ef5f05666527f553460d8bc3aca1175f4f1c255b569df3808b02cc26adc93,Happy,Happy,Happy
NEW_0f32a78663c8508c764c8e414502149464c0e8a2e37316bbac8a25d3581ef44b,Depression,Depression,Depression
NEW_0f32f48a0324f65640618f72995b8ba7bfd541e2633e5603f2ed697416f54b41,Neutral,Neutral,Neutral
NEW_0f3aafa5cc1627f98fc589f2acebb289e813552fbb5f891e23df7a7e4874ae36,Happy,Happy,Happy
NEW_0f4cdbbd28346cbc67c2713f3d1e8963bcac767321f2bb058138117692378be8,Depression,Depression,Depression
NEW_0f4edade0d278e3021fd91f4cf9a71a09576b1933b9444136cf059806e63fea6,Happy,Happy,Happy
NEW_0f529c4dc55c5b1b111c976fbf3148ee8655e45266b26768a1387ea086a3c25e,Depression,Depression,Depression
NEW_0f530b97f47d71999b508fc333cee9fdc4d17b870aa91cf46023f1c9e30189ba,Depression,Depression,Depression
NEW_0f5673da998d5706bc5e5d17315831d9bdb5c6e83dbfe7f9d42e2d8147def9c7,Happy,Happy,Happy
NEW_0f586e0b3360bd42ec02eb6ea26282cab2b50ec7e435aaeaf0194fd582d51737,Depression,Depression,Depression
NEW_0f5aadd46b7df8aabce093f4d4e50c9f515cb4e071c3b134b83629af57992e4f,Depression,Depression,Depression
NEW_0f62ce3df02c0c516d746e1d0cfdc7788f2c98592548a575d0bfa0954c2123de,Happy,Happy,Happy
NEW_0f78b3310d74ce6db004d11be45e8bc4f5994cc449bc2a066b51db1141e31eef,Neutral,Neutral,Neutral
NEW_0f799c64d262c6d631300af232518165e34b4408c3006c7571dd75acf5b5ec4a,Depression,Depression,Depression
NEW_0f813ca02f28bd5b459268469a6e163b28a38d7fb1403fbdb2c45ec6d05e6acb,Happy,Happy,Happy
NEW_0f81eecc0cfb56897a3c5a4e81d63695633c4d329474a4cee379aee3fd76982c,Neutral,Neutral,Neutral
NEW_0f870cabf9849c226a498283ba93c48307618d598c18b4c1eada6f56b3265d32,Neutral,Neutral,Neutral
NEW_0f87787291d40e20e2daa2142970da0d7fa726b47826c9b5d3f8a6e901d107de,Neutral,Neutral,Neutral
NEW_0f8d691402206e4abbc01b5c828f0edf7ef8a928a1152083f5a3446366db05f4,Neutral,Neutral,Neutral
NEW_0f979b0e1db8d1e871135e0bb655fdbb38e128d6d680a3140eb2fb4157f7662d,Depression,Depression,Depression
NEW_0f9a7eb78ea9d33bf74e81dfc5aad1944dde6b8c50828a816be903f6c12b0d88,Depression,Depression,Depression
NEW_0f9b418ef218969ab90895c25b37d39c50c79187fd0a22b6030c536bacd56106,Happy,Happy,Happy
NEW_0f9c986f7fd9d419c833b90e79b5912e6e0de55da7300b6d8d5f3dc2093e5de4,Depression,Depression,Depression
NEW_0fa15d9e52621f3ea9cf8cdac7a129ed82700e024f4134a7da3bdcf982c35f52,Happy,Happy,Happy
NEW_0fa3011ca028881c49e644b6ab3e77598e1351f869784290ea05a88e7a40ba5f,Depression,Depression,Depression
NEW_0fbbe517cb193c4538b3df0fa335b780089b1287f2d070223f3970fddabd3b3f,Neutral,Neutral,Neutral
NEW_0fc730eaf0196d437b75aea295b2a5d73c792b903c091b08850d3e2c41985064,Depression,Happy,Happy
NEW_0fcb533b66129e4d67576e8643ea67cbe51690e0a14fdf0dfa3ce6c484da995b,Depression,Depression,Depression
NEW_0fdf201c321b320532c7a188d7ae615b91e3451364cc7a39c48208b4b6d249db,Depression,Depression,Depression
NEW_0ff002857c2f77628a179f7baeee6922dc179ea503c15ee8f90f5e496126ba64,Depression,Depression,Depression
NEW_0ff16f411b863b987e039475497101ffde0d6a1cf7d83393b6b7e101f130dd16,Neutral,Neutral,Neutral
NEW_0ff6f40b34f5ac02b9fbe8112838bda6252526caa4df187020f6effc5e48f221,Happy,Happy,Happy
NEW_0ffb0204d3e78d5e97a5aeeae86665262956c2862e87c87ae3eadf473bdd760e,Happy,Happy,Happy
NEW_1017c3f7341fb3900c1678a7662bfe0dc0abe2dec3fce81a7dd1a3ad2bc7437c,Happy,Happy,Happy
NEW_10222ecab67feca6d2fd38b65cedb967b6ca2c8c12248933d9ef98a3d57d3ded,Neutral,Neutral,Neutral
NEW_1033fe54c28e8e1ce0ae017a74c403587a34247f385d93f419e797d0a1d54fdd,Neutral,Neutral,Neutral
NEW_10467698e3f16dca79647143071f3cf0eb0afb2aeccf9927d361a7e22356eaa9,Happy,Happy,Happy
NEW_1050ed904383c4b56722e1992f2f3f82350eb39a934f137483a20e0661cc01fe,Depression,Depression,Depression
NEW_10681b98eccb94b4d6065a02a6b64beda6d8d3b212b1c2a89b537a52c7fdb5ff,Neutral,Neutral,Neutral
NEW_1069bda96425d5f0b6882d451a46b9cb6bcef38bbb5bab126a62fce870fd9747,Depression,Depression,Depression
NEW_106ab81008ab7c09c08d5981de79deae8c1edc9bb2b0d6dca1983acb181cec1e,Happy,Happy,Happy
NEW_107336d76d87cd855ae427d35b9d7efa0b4c0a957e657ea8fb03bc68f86b3655,Depression,Depression,Depression
NEW_1077da05e95d1c39c6fe73c48343b3268b877ac291fb405c6483653b3cdaf49c,Neutral,Neutral,Neutral
NEW_107f9facfb127a87c8bab97e35ae584da3b0a39a0086fbc2a5db403152a06443,Neutral,Neutral,Neutral
NEW_108d81279e6c40d2c9b942fe71ef0c7c142e9e65aefb3da85f9a3d89d4a7542c,Happy,Happy,Happy
NEW_10a396b25b18c43add4baffc9c0ed914482a95993e0fca19624d3f0d67ff1d2e,Depression,Depression,Depression
NEW_10a900851ff55aafcf9b0a0a97bb61ec1090632419ac1d67f5fed760603ef8d9,Depression,Depression,Depression
NEW_10ad89069ef9aff71debbd41057fb7d9d5093dc5d4b56c59b3ef7599649407d4,Neutral,Neutral,Neutral
NEW_10b30e73d152c72c12db1bf48bb6e3eb9924a75721a3aa6b16c55ac813dd3117,Happy,Happy,Happy
NEW_10b339a50f46bce97225438ffdd3443b9c6eeb8108df6c18d368a88263641a7e,Happy,Happy,Happy
NEW_10bc3fecb25109324eb35df639ed929ada1788537d3a3b17e9d4407f241b8969,Neutral,Neutral,Neutral
NEW_10c5dee1320e4394b6efbb4591a6af7e7b99dfd04acf3dffd64097f0f47de48c,Happy,Happy,Happy
NEW_10c7e3c1f6abcc5d1662043dd0ba6ec84c50d7fa27f26ecba6ec0a5acaab4bd0,Depression,Depression,Depression
NEW_10c89cf92484e529ec75c4368e55d85bd6f577e4237652d517ba558290d3dc37,Depression,Depression,Depression
NEW_10cd3454e3e1065a9e6f824648b4742c09dd255a08364f87c97d52ccab3faad3,Neutral,Neutral,Neutral
NEW_10d0ec99f45c3dd9d4f05d7bc82653e1a36323c7281dca8660cc02e639efd281,Neutral,Neutral,Neutral
NEW_10d181ed2d33db0f58c045a9a118518988ab106b2419fe7adea353c47c0c0c78,Depression,Depression,Depression
NEW_10d590c43bfef1019fc83a65edb4b1915d998000a920f1a93b6915a327670880,Happy,Happy,Happy
NEW_10d6b54f471ca9bdf187ac88c80271a845e462a646882b768420afcadc413b6d,Depression,Depression,Depression
NEW_10d6da26f5603756aeeb1d59c5dd332237c03ac120892426e1827e087b56421a,Depression,Depression,Depression
NEW_10dba6f85e434325d244822fe1892326b4f82c85d9fc3b10cb419ed81d17b855,Neutral,Depression,Depression
NEW_10e182b063136e07a7446a123bfc55129f9084408f67f83cdfbb090fd0f21b50,Happy,Happy,Happy
NEW_10eebc64d0b2ff7a109125312193bcfb1750e8f340c120d9586215fb0c3cb69f,Neutral,Neutral,Neutral
NEW_1102388eac0751d5be4681f18fc67419616811f7a1a53642f12e423341307005,Happy,Happy,Happy
NEW_110df6cbd7f081a940f492c34bb0891d0a11863f1c4653d7d439b3b863b56fbe,Happy,Happy,Happy
NEW_1127a74414670bee43a1e592b74d0bf9d814fe6c44d4e987e89e160d96193e88,Depression,Depression,Depression
NEW_112d6fbd3f9371ed99b74c879d25b47ed15f370f92ac831911946b8a3bc30008,Happy,Happy,Happy
NEW_1131e39b74d4a17c64c6b83c840a254e90d04cdb47bf69ce704104396b846d2a,Neutral,Neutral,Neutral
NEW_1133178c8de4f8a3de8e07a9eed91ea288dc5ddf2104d036dc784de8fa868bbb,Happy,Happy,Happy
NEW_1142ec8391b0cd107e72e5d4dce4048bfd4931736633f0af597609be88efb935,Neutral,Neutral,Neutral
NEW_114bea32b95f00a1a3e362af76e1be6c4400789914ba34f1969acf50434ff855,Neutral,Neutral,Neutral
NEW_114fde785b842171b66e8c289a48d573cb3cb0c39d88d236baf99264a5f097e9,Happy,Happy,Happy
NEW_115a48cbbd43d340c4107f4f65a0ad6eee3a0a3f1658dc82baad5bce8329737a,Neutral,Neutral,Neutral
NEW_115ef7ef5900a454ce9248f5d8506ab15053be647a23440b86f24af2467aea48,Happy,Happy,Happy
NEW_11697bccd5bf515f8dddbee9d7636856fb00d905374175f500c267b1117b567d,Neutral,Neutral,Neutral
NEW_116af99e3140298689aa4b16994e4a79403b18860c06a66833c1eeccd275abd2,Neutral,Neutral,Neutral
NEW_1179f6fd992bdf62f3157d9580ee0b34746e1a34eab6fd3d359b0e9b0bbb078e,Neutral,Neutral,Neutral
NEW_117d9302e56d4320e01dd9ad85cc422f0ff869e868248c655cbf524a51686168,Depression,Depression,Depression
NEW_1182632dcab198810deb0729bc88b25e8d56ac7709b3b844bf738c8f713c09f9,Depression,Depression,Depression
NEW_118f3c04bcbbb8f46edefacd403300bce0e7cd1ffa76464b651699df06c8ccdc,Depression,Depression,Depression
NEW_1196b68e840a8358ff1ad5a228276f5069b455a3cdf8036196d0dcfc5c22699b,Neutral,Neutral,Neutral
NEW_119edd2f70fd830d093f7962fa681917cbc6be9b1067beb99002268ab636ebb7,Depression,Depression,Depression
NEW_119f286572ad52863149ba4682f32bfe824aabfcd990e500a91eb4319363bbb2,Depression,Happy,Happy
NEW_11a1bfbd955a89859bf9b81ed1ccaa9d0f63c65000cf781e5e8edc812923a4c5,Neutral,Neutral,Neutral
NEW_11a9150e3d36d5149cc404d9be62ffb205af29e9ed4bce8012a465e6950229f6,Happy,Happy,Happy
NEW_11aeaa45fb680bea49371f8ec58a37c6bfe23dcd6e1884cde223fa400c7bdd2e,Neutral,Neutral,Neutral
NEW_11b4a7199273c617bf18539bc9c927f9edab88318a51409694ddda22a1dc5839,Happy,Happy,Happy
NEW_11b9b932915885b3fe42ff576f80296511f2432554438e059d3e997153a2eb4a,Neutral,Neutral,Neutral
NEW_11b9bb8448f100efd0ee121f927085a690a410818af28d98f1622c85810b0f01,Depression,Depression,Depression
NEW_11be0ab56591d59f759d60e7088abb7f88a4e8a7ee4d40d1713e650cd7e39b6e,Neutral,Neutral,Neutral
NEW_11c0b2f86cadaaf29410c8b030db4627bd4b3a3e81497332b2aae4822e839a07,Happy,Happy,Happy
NEW_11c2e3eca0dc55b249174eddce53df3ce189c77469775a82add26062acf8af5c,Happy,Happy,Happy
NEW_11ce5429bfc12aa3aa741f0590da2e49d8cbe9e24a290341b03d0284e4fa5e79,Happy,Happy,Happy
NEW_11cf22cdb9e6724ae4e20c1e04ba43f486654d7adfbe384223e343662bdf153c,Happy,Happy,Happy
NEW_11dae3ca4f585aded993c26976a4b42bdd4906e93549b6e27f4174d409c22088,Neutral,Neutral,Neutral
NEW_11db46332eff89364b7119c3561e7deabc7263529aba06caa7ad2724b71508e2,Neutral,Neutral,Neutral
NEW_11e4fa191238c58eeaf4bb12c19bc1691d72b332760e6bc4c9e74c4500d48171,Depression,Depression,Depression
NEW_11f3cdc0e83a298cdf6612266ce9b99f1f654a79462c13b549638847eed75871,Depression,Depression,Depression
NEW_11f4324a30123e9b8249a5eb7d228066323ebd947a14d5601cdde17b415248fe,Happy,Happy,Happy
NEW_11f65efb7e276cd37106ce85d3c9d868e1372754edafd80942c5b82d0936ecbc,Depression,Depression,Depression
NEW_120632cfdb274798222cb1aa8f84781982dec4dd091eb8f85302b1dbbf609ac4,Happy,Happy,Happy
NEW_121ded1b210cd1e39b5b28677ad3e40cf8487b4871480c731a8d58d7cde4be3d,Neutral,Neutral,Neutral
NEW_122922af606ca3890374ad7bd33be24bfed86868b565e239deb862d09ef93957,Neutral,Neutral,Neutral
NEW_123117d855021566863a78ae337d7455fd1f3c7d1dbeba8c14acfe750f8f64f1,Depression,Depression,Depression
NEW_12354049ee49c95e753e9bc04c72b5729ea9eb18d150e4714eafe56c94588250,Happy,Happy,Happy
NEW_123d6bd58208be73fc690f771810d1a2c6380c4e993890780465cf91d58ad87e,Depression,Depression,Depression
NEW_123e62e3c3a60a4c09a82a151f8a2756a9e5448bce06ee7f4432bd4aa84f60e6,Happy,Happy,Happy
NEW_124264f9996a32a6c5202ebdbeb4d1d6129207eaf0c2bda3796b197f78bb9b59,Happy,Happy,Happy
NEW_124909726b0a6cdd8b7ba8aa6383ef00428896a94802bcd79062ab43cbcf25bb,Happy,Happy,Happy
NEW_124c24bc1537a83bad667f383ea2d9b931fd32026cd5c435faecf57e22bd26c5,Neutral,Neutral,Neutral
NEW_125165b0e10338652750ec61d60701da2814ae11783583c7bc231c3e88079c25,Happy,Happy,Happy
NEW_12556ac2713c6b25f7f3a83d2f0f86b9b33ac3cc7f58df688941497fc68cdf93,Depression,Depression,Depression
NEW_126bb06931ca255fd4ce5ea084e2b6adaf6da1caaa4946628b0149ab5bc4a3ed,Depression,Happy,Depression
NEW_126d58d9480ca75bb81ebf5a582ab81e1c3cb051c5f3bded4ccdbdc700e5abaa,Neutral,Neutral,Neutral
NEW_127449b6d862b203309aa59053887e2cac3ca1a11cd428cc14bec3cdda1feec5,Neutral,Neutral,Neutral
NEW_127e86e27084352adb7b7167e7567d5d0127efde2b749d836a64368963135828,Depression,Depression,Depression
NEW_129166236cbfe1612866c122c485e544bab6734e89a0297f45b64cf8504f1a43,Depression,Happy,Happy
NEW_12934918932de12d588ee0bebc1e22df1d9fa76cf8706d02fbfd5362dbbf33ad,Depression,Depression,Depression
NEW_12a15ced8680b30e80c9920a67f520c11e2d2ab65e2a32d67d7a887a04b79ab0,Happy,Happy,Happy
NEW_12a3e7bb229f1eb0c9917b8a0e26c8d09997523ce458b67722a081c84e51acfe,Depression,Depression,Depression
NEW_12afe6dc9af056643b845c354ecdceee8ee2ff9af1d3197009b194236b0f5cce,Neutral,Neutral,Neutral
NEW_12b17ffda3711872588724054ac3d2cef37745f94f9aad119c2451a3165d1407,Neutral,Neutral,Neutral
NEW_12b52b386149c3372f98a2e033ef0e9225dccd8e42a00630d1684c595acdcd76,Neutral,Neutral,Neutral
NEW_12b62fa4c1ab57db295c3b3fa3f86bd2c2a30b0474a13dcca64854f93878d725,Depression,Depression,Depression
NEW_12cc5601a081b3a7b76ceb69b62c9a08fff91673f13b9b57d88127b4033f93ca,Neutral,Neutral,Neutral
NEW_12e3a15df145b75104ba6e43ec07bb96b1ef3d3afbddd1bc444b9f75cf41b393,Neutral,Neutral,Neutral
NEW_12e77a96bff5cb655eaf510ab3ee25a28595c64be1ec48c803bc50a8a8b7925b,Depression,Depression,Depression
NEW_12e80c7208258d7fc96d3f35fe06efee62bd15a67f7860daceddd490400140d2,Depression,Depression,Depression
NEW_12ea13d7dd45296aeade0ae76108cc2c974302d7eab5f67f3a869bf6880e2bb8,Neutral,Neutral,Neutral
NEW_12ed9f3c5f6d60baa15f93b90b362aa5d5b4e6a494cb23087907e50645d6298b,Happy,Happy,Happy
NEW_12f933c1a09a1160c638a76e4018b82f71d04a35177735f0fc193b4aa8d6ebd3,Happy,Happy,Happy
NEW_12ff2afe66677d169f498e52c8c37cd916e57955886deb589bbd680fada919bd,Depression,Depression,Depression
NEW_130c667c76fb47ad542aca925b88914fd8376302d333e821201e418965e6e65a,Depression,Depression,Depression
NEW_130f85bbb820938c54ef18819d98a8905cffcc299bbb5cf3fa93f682c59faf3c,Depression,Depression,Depression
NEW_1314723500895e315b8a8d23dc0a76bb88cd9eda37a876d91234d915920f224a,Neutral,Neutral,Neutral
NEW_1317590af94b5362846f4fb41267933497b93a72a0bf7b36e8156fa2e2898106,Happy,Happy,Happy
NEW_131915908b3b7d4107f4f0bfb080b513cd089db84f3e5a095dc20d4830dd37ac,Happy,Happy,Happy
NEW_1328505adc413cf62194a3d8d4ee5c13215102602d874a15f9e206467f73e78b,Neutral,Neutral,Neutral
NEW_132909aa6aa63f463b0ca3da4c5bf3ecd96393df437aadc784c87fc0abb3898c,Depression,Depression,Depression
NEW_1329f630c341e5367c84f768b19638e550ea841c00aa088d0cb6ff0f27b6fea5,Happy,Happy,Happy
NEW_133ba1fec98ffaf8ef76faee242537ee812d2e2a244857f10863ad57edf92e12,Depression,Depression,Depression
NEW_1346374f6d96b239d1e902a7029d9a9d2ebc6e3bbaefa71a72dfd914f3ca276d,Neutral,Neutral,Neutral
NEW_13553edd4fbd53d147203b6e4101687d62e53b7949282d32a00ae8cc39dd8481,Depression,Depression,Depression
NEW_1357875c96aa53f44b49a27559fe738eedd13b194442acc1a4b8b73a7abfd768,Happy,Happy,Happy
NEW_1369faa1f57771b1a25c706a0a1aa88353d89979405934e20234082a383e40a2,Neutral,Neutral,Neutral
NEW_136b80d29bbce20c10e36da9e2f764eebb70043385c2e7ca9ada3b5eeb838b2d,Neutral,Neutral,Neutral
NEW_136c20a14d48a06f8f8dd7a93e1ab56b63edd34aa1742eb8e101b68bedeb36c4,Neutral,Neutral,Neutral
NEW_136e5aa61314a3e212fcdbb7d9923c284779fcc830b036e621568585210cded8,Happy,Happy,Happy
NEW_13801000377b6d3d7ea101654b33cfaa96cca53c890065edad88f14e34b6f017,Neutral,Neutral,Neutral
NEW_13821db58d3c2f8a817504f3edc362b4cc9473b18c521deb0d5a66702d8c2d6b,Happy,Happy,Happy
NEW_13824246cdc3eec81f86654bd590daa9ed8cc4ac1aa31f8afec6c39005315a04,Neutral,Neutral,Neutral
NEW_138e003705c4ded576e33690635b563b823b1ef7990f9fa8f9128f05c79b0d2a,Neutral,Neutral,Neutral
NEW_138e786f34be251242bd212e9617ca5c85c21016dbf5564a57cd549475c07c52,Happy,Happy,Happy
NEW_1393bfb8f5a8c6f8cfe59129d93789c3b65f143385a4c0b42e2888e879fd3861,Happy,Happy,Happy
NEW_139838833120f54f7e4b1615703dae54b1197854bdd125b6da11fd43a7e96047,Happy,Happy,Happy
NEW_139906b6c87e1916e64051a9071bb601fa8be7a63a42d04640912a2501a058a2,Neutral,Neutral,Neutral
NEW_13a2299137a15404c486072f6f0252c8214b44e2b0f00ae6262d99065336000e,Neutral,Happy,Happy
NEW_13a8233ab465431aa3722a54510b77fd87db293f94a553e20f29436c382a04a7,Happy,Happy,Happy
NEW_13b486819b6f37511d6f21f6e5e14a0fd356b4ce0937b067bf6aed64b67cffea,Neutral,Neutral,Neutral
NEW_13bb744823ead738f37595224474bac1423ae22ad4f15de53be4439ce8606492,Happy,Happy,Happy
NEW_13c3487f4325bf7183b50d1f373eee28617c9f0e1d7ec63a2b927323fbafa9ab,Happy,Happy,Happy
NEW_13c63df6d39d9d0b5e2dff48feae073d535d03adf1844de27348edc4b7d6f203,Neutral,Neutral,Neutral
NEW_13cd0ccf33026660595f2b5076e312a7335835a02b55e2f637e0b088e0746dbc,Neutral,Neutral,Neutral
NEW_13cf7acfe0ffaca1cb38f67491ebb1b5cc5417b6e177e9d512bfea05c9234987,Neutral,Neutral,Neutral
NEW_13df9e73ba0d6c7ee81ecb17269af2a2a34773066696ad2d93a5091eb861cc2a,Neutral,Neutral,Neutral
NEW_13e1965e952bc063aafdba7d9801bcbccde36f70c74035fe32c90819302db4cb,Happy,Happy,Happy
NEW_13e46d1e12f60079bd830400f994202aed405fc4eb365fa63ec5c6998d673e1f,Neutral,Neutral,Neutral
NEW_13e7ff60a78f84fb9c9d69acf1645b1facf3992810bad31965f0f8e2a4cae3ad,Neutral,Neutral,Neutral
NEW_13f0cd19d5610ed4abba6ff30d1c280c6a9c6228dac63dae8657e7e4c1a31eee,Happy,Happy,Happy
NEW_13f5eefad4ea54fe072cfe33b79ba41c5c3ffb95eab282f0e3e01f9499aec019,Depression,Depression,Depression
NEW_13f8de1f4e8426bb8dd382b5fc06a16d257fa1af1ab61cd4f9f5205342229cbc,Neutral,Neutral,Neutral
NEW_13fe610e76befb3baaa7af84bb6bf5ebfdbb9be41c2b700f9a8d35a5a68c204f,Happy,Happy,Happy
NEW_1410e7d97f4b305840ccaa74514c018862c26e67757caf365b3ff6439c5158ec,Depression,Depression,Depression
NEW_1410e817325949fcd9e3d954ec44f741346558c2110adef5ee2ab01ba4ed72a6,Happy,Happy,Happy
NEW_14117bd41f658e93dd09cf6c76abab21ed50e67c9de4da7d8dc45122bb0398f2,Happy,Happy,Happy
NEW_141fc727622f742051777e2a50fb42d9e6d8ff07a1a4b863d4571da5b9d24871,Neutral,Neutral,Neutral
NEW_141fd5352450e823b78ba443d6c421fd2c11122e1329dc36d6a607afdefa49a7,Happy,Happy,Happy
NEW_142edd914ca6b9c34e10ca989b326139b6c54ad6aea401ac0778c468cd312a39,Neutral,Neutral,Neutral
NEW_1442ed425b0e4c91cf47a0967df399966588274136d9474053e2c532317f3c85,Happy,Happy,Happy
NEW_1444dd5b58fc6d9fa900714c3aa3f63d05cdfb9b1e026d04d8bc9bee18851258,Neutral,Neutral,Neutral
NEW_14490dbc0c0e99709107ac2ce9aa2100cacc43e943ec9f4ab38e8f60d2d1fa0c,Happy,Happy,Happy
NEW_1450f378a6f0542b79ce91a15382aeeafeff8df55d3244a0276f74944b5c3884,Depression,Depression,Depression
NEW_146fd1ad18f4589d1e681e9fe4e0f7b826cfbcb1399fb170c63f3d78c63980a9,Neutral,Neutral,Neutral
NEW_146ff8367a642563d18345b0903d99a6e5283f51f0b112fcc29360a4c1508363,Neutral,Neutral,Neutral
NEW_1477eff97a45fcc1259ea859fd6a2af48dee0bd8feac6ce12b498283edd16ee6,Depression,Depression,Depression
NEW_147b1809de906b5cbabc135ced7506330e4a04e3e534205a5b1586f22c187f26,Happy,Happy,Happy
NEW_147f4167cde9c08c8e91544de89ee981be54b044360350585887423e01473404,Depression,Depression,Depression
NEW_1481750824ea51c56d6aea27d03085c8e5388d1c6be6ad3b1923c0cd77eec570,Happy,Happy,Happy
NEW_148569ea3849a55ce3805947b6a3fe1143817470bf550a260e78057d29c82dd5,Neutral,Neutral,Neutral
NEW_148fc576ce2e4f32cbe4e2f609259c59c3251b360c56ebbd465cce6466e0d545,Happy,Happy,Happy
NEW_149249c36f7f654507ab27b17cd45c123999fc8db1772b3196762858ceeba4ad,Neutral,Neutral,Neutral
NEW_149ae8c78505b4c8d49ef5fbb005b2b10ece717fa032b471b7b833f5b0028688,Depression,Depression,Depression
NEW_149eefa87ea6a9825c7edc821adf70b750ac163dd1686b012b2004e2d70acb12,Happy,Happy,Happy
NEW_149fe3458fb966437b2e1576d0808fc2265d68bba8d4b248de55818cbb92c7da,Depression,Depression,Depression
NEW_14a08fa4723cfadfa074941f90c5f323ca3317dad0eeed44b59c665bf28dc14a,Happy,Happy,Happy
NEW_14a4233801a3c2fd607c36e63fd151e9959faea1e92c04fe4d985e9f5ef4a8e0,Neutral,Neutral,Neutral
NEW_14a623358ef2fdc448d2f9d7a4e1f1916793e3bb1b8264e6842902cb36bc8dc6,Depression,Depression,Depression
NEW_14b054a4a5e16d4e7e0b9b5941e2c52cb4d0d905b657f58191eec03f85836e24,Neutral,Neutral,Neutral
NEW_14b22b9782ea1d00ef9cb534aa9a81c6341ce007b338fe6d10b004352becefa3,Happy,Happy,Happy
NEW_14b5b8e83d6258ee9df3bc6fd2815840f3f46a739c84d8b7e078f626e48ea418,Neutral,Neutral,Neutral
NEW_14b7ce23a711b7ca6b7d2d6f88f9da179aba900b392829582a4051dd501ba76a,Neutral,Neutral,Neutral
NEW_14bc26e97d36940364da488896129914fdcf0f27d7d42d9423b1cc5208a46187,Neutral,Neutral,Neutral
NEW_14bc73f734927de9703012e267df9c56cdb548c88ba8b29dacc23f3ebc0bc913,Happy,Happy,Happy
NEW_14bc9b6134d42ab5ac566dae31ca412e43ba5fcb987892e2248c246b27339f19,Happy,Happy,Happy
NEW_14c1b2329e0e9c73463e39af7764ed9de5d4eb9eacdcbaa83f1c16a6f0c41f22,Neutral,Neutral,Neutral
NEW_14c5e0ffe0519a55afe7e75077de71da45aac3752b5578a6928912c3b7763631,Neutral,Neutral,Neutral
NEW_14cb3b653ed659f34c14c295dde8bf8baaabda7f52e24ddd799ccdbc6fdfdcc2,Neutral,Neutral,Neutral
NEW_14d1cd0a4b2e2a997aee8b59aa0942b7e1a7aa5c05c46c0444175ee774c2201c,Happy,Happy,Happy
NEW_14d21b9e72ae4eee13db8255689380abace8a9612f32b08de7202042e8d06242,Neutral,Neutral,Neutral
NEW_14d6ff29e05cb7f9584a02e67f0d9606eb2d96bffbf164efcb285d5db5abf40b,Neutral,Neutral,Neutral
NEW_14db5120521c189f55aec0cc567dd2c59ffedd8ba974a263eabc1c0ef89b04a5,Neutral,Neutral,Neutral
NEW_14de444b79b9b11ba9971748a463cd93c219a7f4c63a57f21c7cc9e39ed0f453,Depression,Depression,Depression
NEW_14f98ca08549587b47bb3e8e5f96b28e799fad7b3c46571d6cbd0ad1758bca76,Neutral,Neutral,Neutral
NEW_14fa00c97500ec74909c629f58155377844f5659adbd552e235ea97a90c3187d,Happy,Happy,Happy
NEW_14fa745d52b87a4dc3155fca6a10b67c80ca968a61aa0202a838e62ab84c1681,Neutral,Neutral,Neutral
NEW_14fd257fa0a77058086df0795f8973466783f41c8b091b4e4c31bb9e2c0cb56c,Depression,Depression,Depression
NEW_1509672c9e1986c731cdfc8d524e3c04ca3c667e9e6ceec95c42a21ba319cefe,Depression,Depression,Depression
NEW_150a98e05746899ec1873f6c98cd15fcfc01f475f8ce0d7950f7010db7560609,Neutral,Neutral,Neutral
NEW_150f2bdabbdf10595a071366a72e41eba77642663d4e07349a32ae2cbddd42f7,Depression,Depression,Depression
NEW_1513e1ec4dafa73769210401da2c42b23e149da204e20330d7f04a6cc5e815fe,Neutral,Neutral,Neutral
NEW_1514d275cdcdba13561fd508ad1fb2e535fb415f07f10db7d173562cc3b63540,Neutral,Neutral,Neutral
NEW_151fdb42a247d1dfa2fcb9f1877e5ac95e55438bfeb4477771073207c671a0a5,Depression,Depression,Depression
NEW_15206387e3b7c73fbdd08170ace4b37b7127f2b2266c0a9d4ce68a867f8d632f,Depression,Depression,Depression
NEW_152559b38643317ef91734b9ad003c8baf8b0fc5e22eaf8c3aee06d4a8e4e1a6,Happy,Happy,Happy
NEW_152e9e758cb4a1e30c106c14529443c4d58a8cb230b6222655a72822cd0a5c55,Depression,Depression,Depression
NEW_15380e0cc5b40ade87f23321be1bf0d823dbd819bcb85607eb424dfc5ce38e7f,Happy,Happy,Happy
NEW_153a2a468aec113aaafd5d6825aafcf9acac6e8c85cb426695ba46089e1b4cda,Neutral,Neutral,Neutral
NEW_153aeb5811df6013c9f6ad58f3977f81298ddc7b43a50c35bf3574bd94809dd9,Neutral,Neutral,Neutral
NEW_1542241f13065e9ee7a9d6269ffc0018931ba78569af85b09076bf02f208c61d,Happy,Happy,Happy
NEW_1548dade5ad96196345ac5915b102dabe391d4b9fe4f4c515965afc5f9da862f,Neutral,Neutral,Neutral
NEW_15493d2050db9b2377bb29d86e4c112c6261a03a307a451df7e625fbafd0c7e0,Neutral,Neutral,Neutral
NEW_154b37931fc4af1e87936dca9e4de34133ba80ecdb26f0f011ad00988aa5aaba,Happy,Happy,Happy
NEW_155287b0734e598bb3e146441b0b9d5003e00d28a7c824f60577ec4e8a55824b,Happy,Happy,Happy
NEW_1556a369c2582be0a311de4fe40f850e688de4dfafc8e1f433ea72b3aa90823f,Neutral,Neutral,Neutral
NEW_155c7b6fd088aceae12f513e3cbc658ebccd8550c36e80019e1a0469c08337bc,Depression,Depression,Depression
NEW_1566f146df009fbda3dac8d3b3023e88750d7a32518c420821572fc553a5a02c,Depression,Depression,Depression
NEW_1573e45f202a0080675cbdf3b2d3f85369a352f57ae1a98c73836ccab9c9a161,Depression,Depression,Depression
NEW_157921d547f157d807d862b9e9114d6830a17687812782212598df429adc6598,Depression,Depression,Depression
NEW_157e10961a68d928a79ca945cd0d41d6888c75a410cc21f1d4175b02be55fa69,Happy,Happy,Happy
NEW_1587eded7189a486477e2ee4462cf23d62d03fa857ab47f1bd89c1feca095893,Happy,Happy,Happy
NEW_158a8844ca93e09e4806463335af4d73c5b33acc77d6cff987979eb82cdf6098,Neutral,Neutral,Neutral
NEW_158ce3d62e2fcca12661b542439d4dcccad3b074500cb9eeea9b214f6863c39d,Neutral,Neutral,Neutral
NEW_158fc10c9b54b9f74614bdb8179b1ada4b0b63cf0b68f5f3d0845b983790837b,Happy,Happy,Happy
NEW_1591b1ed851aa4e9892988b8570adffb56fdbb8746be04e582109851db529cef,Depression,Depression,Depression
NEW_159ae79f92f095354bcc77eeb58503d03c93c4b71bbfe52f0ccf345596cbafa5,Depression,Depression,Depression
NEW_159ff8baaed964700e3888e2ca671d230e3813ef8eca3974e8201d07e15d2b0a,Depression,Depression,Depression
NEW_15a0b50d647d5d554f599a0314708fc33a68a94b78cb148fdfbc8b67de468aaa,Neutral,Neutral,Neutral
NEW_15a8733419757487d348a733b52b9bdc2f080dd1899e3813198f71f4ece0ae5c,Happy,Happy,Happy
NEW_15aa655b8949fdf7f41a8044d5f9ff729ec95bdd3373edeafe2c380b99addf62,Depression,Happy,Happy
NEW_15ace3054e53175f68e84e4bd37fb8bc21abe0bc229a63972fa18d89414953a7,Happy,Happy,Happy
NEW_15af7ef1cb32e2d488377437cd73b8e95bd98ada370b4d9412980709ad468ef9,Depression,Depression,Depression
NEW_15c282c86656880357f477445110ee80d04209cd36e3ff1b4077bc7290df18ff,Depression,Depression,Depression
NEW_15c7faf8e32f2d94c3afcc3d6a3b4426c41ec2b568ec4eb9629ef9c60f8f71b8,Neutral,Neutral,Neutral
NEW_15cd9ca6f9db975201b3d023953a6adde4a282707c90a872b1b7c5a5c6a59669,Neutral,Neutral,Neutral
NEW_15d36e5ccd24e4d22c349f24ee004088f23e326000e1937213db2076f17c7bf4,Happy,Happy,Happy
NEW_15d3d3720ded2537da648e1a4a60448093442bc6a16165e204e8ec3962dd6c29,Happy,Happy,Happy
NEW_15d59a6c133c209ce98b1152c1e18f91a298c6c5fc41bc3a3ca69bd7500b89f2,Depression,Depression,Depression
NEW_15db0b609b556d3154b97a81b2524cce216ad3568fd1b83284136594dc569bd9,Neutral,Neutral,Neutral
NEW_15f95948322f9e2c835d645103f711f69b646d767fe653185bae01c345c8c42c,Neutral,Neutral,Neutral
NEW_160556338ad0f4fd877cf78b92d6707b2b610d9ed4c4a4e89e59300b1c144ce6,Neutral,Neutral,Neutral
NEW_1625918f88ad1fd1e464934e55927bafc0791000870a457c88c7d8fa62d90759,Neutral,Neutral,Neutral
NEW_1630f5c7a35293ebcf90d04df29f4f20a3b230d44dcf8f86cae9dea90db5b895,Happy,Happy,Happy
NEW_16341edcd0acca45fe5a34e3fa619e4ae65f6615ade590fcefdc8dd5d039814b,Happy,Happy,Happy
NEW_16373bf16c4e18d607b193cacfeccc72d1d2ef1ab140c1d291cd1705ae7f0274,Happy,Happy,Happy
NEW_163d997110faa743d23157acb25808f680f81862ed7e6bd43b465df20a5deb94,Depression,Depression,Depression
NEW_163e47bdb992e6974f118243eb7a0ac1ddb8f8ff64ca47d7581113682c22135f,Neutral,Neutral,Neutral
NEW_163fab3113ab45745a25b006ae5c407f2e3f736539b159902a064d60bd84f4e0,Happy,Happy,Happy
NEW_1649d09f8ae1136a0e661f46ba9dbbfdf0b7cef94641a500b30853829f50da23,Happy,Happy,Happy
NEW_164be9b263f4c4d2c84a24ee9b482678e46f6a09529d57d1e51d3cb82779127a,Neutral,Neutral,Neutral
NEW_164ff03651d589f3906f83a589d4d5b3ea1075efe208c87c09784a13083539cb,Happy,Happy,Happy
NEW_16505062a4371e7688a8ede8218e8647b506545388a83e8829036c0ff971d781,Depression,Depression,Depression
NEW_1655bc30614f473146cffa0244b04e45b4954dd99efa787a79e92dc6a03b255a,Neutral,Neutral,Neutral
NEW_16790790a61cb5f8e183a15380165b20bfaaac9afeefb962f2de8809cacbe8b3,Depression,Depression,Depression
NEW_167ee62978e2381fec1788c39845be18918642e495d844fdbb87358a91a38375,Depression,Depression,Depression
NEW_168599618a25f3f28f06c71eeb0dbdf1f752bdae0c3a2b31c6d38349600760b8,Neutral,Neutral,Neutral
NEW_168b2c69a7bbd97d82d198e449797f1e84385e3426d468e8b553b3a2f59be9be,Happy,Happy,Happy
NEW_1692d8ee9db05156ba8176aa9d80f9028a0831eec5a6034a47eb8f6d36b91d60,Neutral,Neutral,Neutral
NEW_1693f2db578e75b55e9696f99a1c02caa5767611ccf54a26b61f57513c83b655,Happy,Happy,Happy
NEW_1694a2e15b33ca70f1ac851502404683dc6887225b809e74d0f1fc3bf3aa14d1,Depression,Happy,Happy
NEW_169c14f91aa72583d7c663650d67bbd7a5ef61aadeb27351ee6c845b250e5c0e,Neutral,Neutral,Neutral
NEW_16a610c5dc54d92061b0229413280ea7c9c016541556b84d0432f001751c3bff,Neutral,Neutral,Neutral
NEW_16ab823badc74b2ba04a8c0f8c61455352c6ee5803bc41a480d68301450d4088,Depression,Depression,Depression
NEW_16b8fbbb9098591ff1f992638888196325e38fa001d302e67c25d05acb66e44d,Neutral,Neutral,Neutral
NEW_16d3007630e28dca8c60e31973917bc9a0491034595a0ed2a32132a920db683a,Neutral,Neutral,Neutral
NEW_16d56f3dc9069ed481920292e8c286adc8a166cb36bdd6f7323f431c19dbed3e,Happy,Happy,Happy
NEW_16d8a32d7e4e8a6e2f8b6d8e6695c105fa07d65cf06ca4b98c2ba1bfc009aa54,Neutral,Neutral,Neutral
NEW_16dd3064ccb54151034f8cd3df1b6d6e5789b9432d270c2aeefd6e6400a18a8d,Neutral,Neutral,Neutral
NEW_16e51015fed6bafe09f13c6e8f1eff8c70d0e1fbc7b5c30e3be31fec8cbf479a,Happy,Happy,Happy
NEW_16e6a56e4a7afdac331b1a0aef4d8444498a96c41dfc3fe89daddd0cb429b067,Happy,Happy,Happy
NEW_16e71604d28b216d05a4211f50f4056a7c67c1629b93914455d9689ad8669e5d,Depression,Depression,Depression
NEW_16eb9c89f4b7a2e43ba8a8c1796a0c1b70a1c8b2b7ece259e16a611d462e76f8,Neutral,Neutral,Neutral
NEW_16f219d15a6bb42eb9bf7e19a4ce13fd3d87629b5c652e67e9d56d523f8aadce,Neutral,Neutral,Neutral
NEW_16fa98895218c7cfb42eb944a5060d937fd958d65507499ea881ac12d8583837,Depression,Depression,Depression
NEW_1700772ab38896b12641fef5e1920038a17c9f23c5b4c5b35c63be59943e5df5,Depression,Depression,Depression
NEW_17031c002dd992bb55e261c40cb2fd50403b12e42fdf6880f67da9065dd6f4b0,Neutral,Neutral,Neutral
NEW_1707390ef4963b9142c29df4a888d0604b7a1e707b3e4a9e61878de29ebb736b,Happy,Happy,Happy
NEW_1707ea473c64ec748852f41f6f319ac40957f5a2690dacd295000ebebf0d72c6,Depression,Depression,Depression
NEW_1716a4f8feaeff6993c388b6058dc2354c4720ed40073aba90bea40c048e3f8a,Happy,Happy,Happy
NEW_1727741e57d80055416a2795dc1716ca24034f53bf708a6df76cf513ced41ba1,Depression,Depression,Depression
NEW_172f3f34d92610383f0d2d9eccad9ab5a6f98b43d87bd86ffd54e393217ed1ab,Neutral,Neutral,Neutral
NEW_1732bab7b6fb6ea2bd62a3d9f0e3637a62a266dde94fdcd280b2f735972fc648,Neutral,Neutral,Neutral
NEW_1735baf8b336dfbb422c4dbf5dc337dd49a0233829f26f0b91d86673b1d4d9a8,Neutral,Neutral,Neutral
NEW_1739b0b0e5bddc63d8686fb2b3d7b7f030069ea7bffb36af7e56080c9547e840,Happy,Happy,Happy
NEW_173bc68eb0cbbb134a49dbba73700e084a647cc2426952c83e19c640b91c16b4,Depression,Depression,Depression
NEW_1741bde57432adf60564522f52dad5ec6061da1039629b54ad0770328023d64c,Neutral,Neutral,Neutral
NEW_17461e90e9604080696167b72e23c18687e525d8d6b222c1157e4c883b38119a,Happy,Happy,Happy
NEW_174dc4ae229af3794a1991e87f9ca4ed678782a00f99d171f4720126d0f755fa,Depression,Depression,Depression
NEW_174dee1f98a72317858a2c8783926da6b95bbd0f9cb1ca0d23371d0f6b6d6e91,Happy,Happy,Happy
NEW_176091874a16b49b056c1b284978ac11d266376d8bfa2433a73014da326856ad,Depression,Depression,Depression
NEW_176653547dfd2e1a436a238f761ea36f43cf085055916be3037f3520d817ebdb,Happy,Happy,Happy
NEW_17680078eeacf3bab2d024395cb7160f2c5201774bbeb260fc9d8e2344b6d271,Neutral,Neutral,Neutral
NEW_176e819195a2e6587811abecedafb10506bed43b45868a3323395dc11212ba57,Happy,Happy,Happy
NEW_17719ff1ea251116a6a0a1d082fa4131e5528fcf2e0b6c9ab8b6ff8dfb2a063c,Neutral,Neutral,Neutral
NEW_17815c663e7a880600ef358a61cb7d6ea55d5b2628eb53f92ae1a08b82313d1d,Happy,Happy,Happy
NEW_178be9e3c9da23c22624a224df540d1ffc93fcafc6e4fb29f471b8cb8a184ee4,Neutral,Neutral,Neutral
NEW_178d9e3b1c424aa9a4b00aa6cd66472b8f7e83396fb9d8ba4786cf9821662c42,Happy,Happy,Happy
NEW_179203c24da82596259df00c0af9691fb1399374c40dc50f85b613a876093cdf,Depression,Depression,Depression
NEW_179296d5c8f29a0febd817ba4243f6a85e5d3698cf38660274e9084b91d96a97,Happy,Happy,Happy
NEW_179537bacef728f78233782542797f1122862a440267f3599f0b1a6878a2c320,Neutral,Neutral,Neutral
NEW_179e19bdb54e2e7162fb9f68533c75599220066f7bbc3246c020e876241d0238,Happy,Happy,Happy
NEW_17a643f6cb3891ea06ef8dd9b61345cbde50969c479c4a32d99af16232840cd0,Neutral,Neutral,Neutral
NEW_17ace76e530f3a56acc809648cfa6eb2a49a3439ac31c80e4671aef326844a1b,Depression,Depression,Depression
NEW_17b8682d00bd068b7279e55e03eddaa806eeb6b1c45e3c07a42b20ab3f635577,Happy,Happy,Happy
NEW_17bba765d4d4c9fb721ad1ff2bbbf18b477a4b1994fab6ca44b45596ca200fdb,Neutral,Neutral,Neutral
NEW_17bed31bb2437eb1bf4c79b0af481b08e73f57526cf2dc67fe6db0622d7483ab,Depression,Depression,Depression
NEW_17c2975530e6d5826f57df748d9999101415f838e44fad78306a526f90b86a9a,Neutral,Neutral,Neutral
NEW_17c39734f70a4d94f0809c56c5d3f601f49572b6bec843819c1044a4ba72480a,Depression,Depression,Depression
NEW_17cff5f81046371d56307ba7e6b03aba4d3651f5c94d415d72351c6bb3ab5837,Depression,Depression,Depression
NEW_17d19b1efd72b026bdd505f239d6fb319aeb28b9cc44d3fefede16dfad4faf26,Happy,Happy,Happy
NEW_17e050434b8258d9622fa1adcc435034261a0aee7ea4b32b0d938f4802a9b4c2,Neutral,Neutral,Neutral
NEW_17e7084f1269f0dd7a797911dcc99b0d8724ed24417a6175c29d3384721aabea,Happy,Happy,Happy
NEW_17f5510038d63cdd1fe76935aa14cb73227b7318f2abfac7c4cffced1fa2a1a8,Happy,Happy,Happy
NEW_17f7bc4b1044e0b2ff5641d69b88248f8d74a18fa36efeea6dd09238324e2240,Happy,Happy,Happy
NEW_17fa6c9d2cb89ddd900f5252825cdaf6c7155ddf6016182f9e6d9e75249261ed,Depression,Depression,Depression
NEW_180151336cf51b4d0b9db68946b3ff408b855ea9459cca24c419f01625691b05,Happy,Happy,Happy
NEW_18193a637d51c528e84bf898e9338e5ea914f2ec3b79c0391404ec83718cca41,Happy,Happy,Happy
NEW_1820a691f4615f70e01dd32338408f16f1e53974641030d286dc6c19d009242e,Depression,Depression,Depression
NEW_182f60102915e9510beaf039d3c06e94519c9b4eff5886603d8a285f01e2a43a,Neutral,Neutral,Neutral
NEW_183981f1691a5bf29ee44866ef294b852940793d015504028d77f72ee6986fb5,Depression,Depression,Depression
NEW_18444f9ff872b64faccc73e2767f459aae15ecd45dc445ca039d8eb50a143404,Happy,Happy,Happy
NEW_185487913942b9fa664690de8b3fa9c7ec374028cad1dde778f37d690da97229,Happy,Happy,Happy
NEW_185689a2005927d04f4c82bd37fabda5ce031769c70617e211051fa5bc83c8b2,Happy,Happy,Happy
NEW_18589d43061efa4e55ad5dc4d7e2f55ea4461ebe93f7e39d378e700b4c228e1b,Happy,Happy,Happy
NEW_185ab396434ac9d9f8eb0fb13b8bb826114ef94a1aef88490fd31d9950c4a375,Depression,Depression,Depression
NEW_185bc94dc5c0ddbcbcff9130e6b88008df92b1f744e38bbb14b0bced612350af,Happy,Happy,Happy
NEW_1864a6d951e13d030a2a8ca75b7837d0423223f3310be5af029fa68f318eb0a1,Happy,Happy,Happy
NEW_18769b47730c917894966582993a764117c43fe6ba6a1c6da1930c98894dd632,Depression,Depression,Depression
NEW_18795d15c9edc590e22f2acdd5bde6f4695719e126f354d8e534776b019789a8,Depression,Depression,Depression
NEW_187be92bda4155660df3e5155959f35f2cd7076bf04ec70126836512e6a35a1b,Happy,Happy,Happy
NEW_187e362f8d2a1f4213b96376995fcdf680c8f6fa395c2f731c35011d5f9caa62,Happy,Happy,Happy
NEW_188adc8d1e4bb45856653ef17b50d4b21ecda3b02bb4f286adc8227970f73200,Depression,Depression,Depression
NEW_18974d4a7e3953d93f4267cbc89d071d78860d2d91cee4174b9b2f38c0f7a0be,Depression,Depression,Depression
NEW_18a311e023e01db0f47090f13447f2b12b02c33e8fa94791704ac73ca4e3c611,Neutral,Neutral,Neutral
NEW_18a53498add51a2d00091aefc79c7122960a599599ac91d644109145253dbe36,Happy,Happy,Happy
NEW_18a76b9607dfaeb1de096aa5b6b37691846233a6298ea31f435456c74cd8fd32,Neutral,Neutral,Neutral
NEW_18a82716456d6834bab7ac21e978fe045e61be7ab095ec8db59d04290bb087f3,Depression,Depression,Depression
NEW_18b5b49eb3a133d1c4ff88552972abe5998305a115427b8f54991cfcd81b8413,Happy,Happy,Happy
NEW_18b5f9fc3fca53f16d9eabf763c181482f0d063d790e9d2ad3616168fc99b8bb,Neutral,Neutral,Neutral
NEW_18bcd092d27ce7d83fce90279578f568e0c39bbc8f7b2dbc0e009b39f1b7dc76,Neutral,Neutral,Neutral
NEW_18bedd5f0b384f27cb48c589eb1c2047594e721e959cf7037ee0a876e0a9b643,Depression,Depression,Depression
NEW_18c527cf056f4902b3c4df5851cb5f8940793358a1fe3984a52a9f0d22f4aa5c,Happy,Happy,Happy
NEW_18cc6caa7c5135a591c0eac62e7a82c2c7ed03c9c85131b81765c5f1f6051a1c,Neutral,Neutral,Neutral
NEW_18d7bafe519be8dc16fcbfd62d64257f62237a31339035b51019a2e5cde2e4d2,Neutral,Neutral,Neutral
NEW_18d85f6a7ae623ceb810e87137528fdff1bcb2a28443963b7cd1866eb091a8c1,Depression,Happy,Depression
NEW_18d979479ceac8b0bdd1b6c394de95120e5348f1c5ff49d8b7a9a9a90be88d95,Happy,Happy,Happy
NEW_18e60dab0574c0def0738ae14e1e15a412b1b02b7d93eca80f9c6e2e6c181c67,Depression,Depression,Depression
NEW_18ec102c827d8eb46829386f7617f8c06cdce1dfab9d83ab3fd43b03a006d4cb,Depression,Depression,Depression
NEW_18ec7728984d1c8a127c8826754066480176cda18a19e24f54e194a111bb0cb8,Happy,Happy,Happy
NEW_18ed556e27b349b586750b208368b4e073a5fae66bb52c6fd269885137b4d6c0,Depression,Depression,Depression
NEW_18f06406e52f0ad6da3d75d894003061ed3200999690ddf75ea300d258eff3a4,Happy,Happy,Happy
NEW_18f118c26a66415e967ef8c4943255eec80d54fb6e69d5ee7dfb8946dfffdf75,Happy,Happy,Happy
NEW_18f988b61b2f8e9b0cc637cf8680b16be2ee492d15426e0b2ba5ea6ea6b5fabc,Depression,Depression,Depression
NEW_18fb86bef2202406661cd310f16dba28004f4cb7f4f98c7c8ed8093af720e74a,Happy,Happy,Happy
NEW_18fcf983ea2a132bba9d06133e9f25d38fdd92b55bf7fb2cb6748bd4f2f3b446,Depression,Depression,Depression
NEW_1900ea53b6fdffc05021019eddcb94992554d21e8c7a89cf9d8b21febbc17ffd,Depression,Depression,Depression
NEW_190bb9ffdf57c5d8ad3c0fdd027ddf867333f64651dd1cb610606f4a9e00a3fa,Depression,Happy,Neutral
NEW_19145558cc0afeac4b207ac35289c41f9f1cc156cd08f29c476767d74f2c73cf,Happy,Happy,Happy
NEW_191b30d953f435bf4e80e569725eaab9dde78f1cb8e0353271340935ba2cff24,Depression,Depression,Depression
NEW_192e39362fe0136230ff117c8da7e254fac77460c060a4afcf050ad941ee7246,Depression,Depression,Neutral
NEW_192e400a16666931b1fa131abc3858418d572be8f85dc7293b8929aceb59e00d,Neutral,Neutral,Neutral
NEW_1933d40683362a2e2fe5a597db8cbffd629826f37d9589c325aa38820c0fac28,Happy,Happy,Happy
NEW_19376cb6f60eadc0e76de2a030a892031d9365326516bf7c3b312e09d89b9481,Depression,Depression,Depression
NEW_194c314bb7fbb2007e31b5e476d2370fe517c403c192abd839b62e2b88873c8a,Neutral,Neutral,Neutral
NEW_1950febfae8bb518820464325c268c0b8a65f18b14f1521fcac96d416f308a00,Happy,Happy,Happy
NEW_19703fb97640c44261066c34a186b60a66ff9290fc5d8d3bdb169a26e5d42c83,Depression,Depression,Depression
NEW_19859a51e868385c14f5ae7cd07bf79d18cdbff7150e8001fe46ed34a0c8f145,Neutral,Neutral,Neutral
NEW_19860146c876f84bfd7b12b94294db68883285db90a1bc11b01d5606911c3b56,Happy,Happy,Happy
NEW_198938d26aea9867f910596a6e8e9dd435cd49b2e2c75c67e649ec2462f7103b,Neutral,Neutral,Neutral
NEW_199f366ee373f79871f2c408c3601dcd8c64037f56c1b6e35dc3f1ce6b8bd6f3,Happy,Happy,Happy
NEW_199f5fc8b157151cf7ba9d5cd1c059850fec7da66e4d51e352fb7512d2b84577,Depression,Depression,Depression
NEW_19afdb9a7f486692c463f7efadf777487f05559a8e41026b5a7e5cf120a638ee,Happy,Happy,Happy
NEW_19b79e6356ba9368d799cb0733af3237bd128e20ce3504ad6a9c0d600d983381,Depression,Depression,Depression
NEW_19b9f1eae34429d831a250b99311dfc4011fde542e5c6051ef4ce79e1061948f,Happy,Happy,Happy
NEW_19be45a1af2158882f845b7c9a7e45dc11ba7756b6371411977b9f7f196d3697,Depression,Depression,Depression
NEW_19c15eef44ea8eb956e18376b3ec18c0123a67274fd2988e1db5c9f3682529e8,Depression,Depression,Depression
NEW_19c3556cf09310deaa4989a3bef8d0285c65d23d496d3050f90009404127e506,Depression,Depression,Depression
NEW_19d7b512bf9efbb4ca54b853b2f7c4de9d8f76590d1bdfc07d1507a158592a23,Depression,Depression,Depression
NEW_19db9feb5f50e79d82308d049e516da9f8db6a775270ff91c8ab78f3918e7568,Neutral,Neutral,Neutral
NEW_19dde83123fa8dbf4f5acba2f5945000901d964dba39cbc7677d25054ee45ea9,Neutral,Neutral,Neutral
NEW_19e61c0e971ae73d1d93764e1141e0da64a42f1db746f5d006d590bf26d3348f,Depression,Depression,Depression
NEW_19e6e66e260393763eb25c8cb4604b8c08b3593de3617ac68d29001b89a75960,Happy,Happy,Happy
NEW_19eb4c609d4337a0372fbdd26ec4e7f37381656d7e1779ccaeb42e1e2dc80437,Neutral,Neutral,Neutral
NEW_19ef2fcefcb99cb7529cfd1a425ab935b691d8c89feb9f92812993b11215340e,Depression,Depression,Depression
NEW_19f2e82172152b8271070ec29a439889da065cb7cad5a8ab138b01d524f7caf5,Happy,Happy,Happy
NEW_1a0163a538a0cad84220537c8d67a24f3b30109f44b3dbe4b2e6935250c25c26,Depression,Depression,Depression
NEW_1a13673dad1a3d4c2e8fc992721a94e7441581adbfafa2284b7192674859b492,Happy,Happy,Happy
NEW_1a15b1af62db4ae86b006b35dc02a9cda1220f820a0b829cd57439d28e399c56,Neutral,Neutral,Neutral
NEW_1a1b7f58895be927ed9d09a075ba7a583ce438bd37d02790ab1423eba47a3e09,Neutral,Neutral,Neutral
NEW_1a26386a2071199977dfdf569e1e25a6e4250affc3048e4c898f2201cd2d72e5,Happy,Happy,Happy
NEW_1a29d00ddc39322e80de41ff8735119c60d7a7ed89c45c5c91546f1ae4c1d111,Neutral,Neutral,Neutral
NEW_1a2a1d78707968935e96f4dadeb80b4ba3ae1c93c04b67ea16667fa7a833306a,Happy,Happy,Happy
NEW_1a2fe21bcb9432dd7e3829590830d44ee27b26b316f115aa13a38856db290ff0,Depression,Depression,Depression
NEW_1a36e46f7ece0c088c849b9e102144c30c4f3b17d5261e090aad2f983a873a63,Neutral,Neutral,Neutral
NEW_1a45f3121b85aa6f0c41622ff7651844088d41967f7d581eb404d43bc1d15e43,Happy,Happy,Happy
NEW_1a47bd950c39e612cf0e9388f0d6da89cf7a0d6b96f09eeefd1abb831c7375d0,Depression,Depression,Depression
NEW_1a4dedc645a993fb73e2244b5440d38f0556106a6eada535f9e41a50c75df30a,Happy,Happy,Happy
NEW_1a534c2e1960c0b014adb2b1f23fc979a3029a4f2d24de14dea213f54564096f,Depression,Depression,Depression
NEW_1a53eb9f31b594d68fdc94b61d0d43019d7debc07d13544979f6efa655594e37,Happy,Happy,Happy
NEW_1a53ec054264036b589c61264ea657bdbb4e903494bde0bba2b65e40adeb5a7a,Neutral,Neutral,Neutral
NEW_1a586b8b30ed81f8b20ea6fc4ab81c59846c8b0f69a51ae32cce5083bc9ab4eb,Neutral,Neutral,Neutral
NEW_1a5c91c8a960045df714790de4c03f2f2c122b4ff54cb7788ab916067c1182b9,Neutral,Neutral,Neutral
NEW_1a5ecb2325ba166385c3ad293c2779c0b2a6ce3fd9b5993719f388cca95f8d61,Neutral,Neutral,Neutral
NEW_1a6000db0ad70ff62ecad9a95e6233770947bd0b4fff4133fadf43b3c3ba1bec,Neutral,Neutral,Neutral
NEW_1a67300dac76ab4fc06ab12ee125484b07fb4b74be4014eab668c2621c75d292,Neutral,Neutral,Neutral
NEW_1a782cfbc74933a33566e190614ce6a04a00fd7ec9985113409ff53210c5d656,Depression,Depression,Depression
NEW_1a8b5d70140b845c1823c38001297f0ffb273b16cc4da7eb11331ba3cd5aea49,Depression,Depression,Depression
NEW_1a8ebcbd933d5763ec6f09589ccb0034b50d6bb68165f7e9d711462c7457ac95,Happy,Happy,Happy
NEW_1a8f6bd121490ee15ed8cde61e6be5179d436dcd79255a9f6b00fe1a1f6f63a7,Happy,Happy,Happy
NEW_1a9a2e6d007b3ff6574b3f5bfd5c69f4a0437380b2fbfcfe5f37da04c40d7870,Neutral,Neutral,Neutral
NEW_1a9bb208b1fb3c77d2d2bb08eddc62b29a9827976f51cec722c01d6b2319683f,Happy,Happy,Happy
NEW_1a9cadbb64b728887cba138f6db711d7df598d8af31fda0e51272ca51e2bd8e9,Depression,Depression,Depression
NEW_1a9f8e078a2fb4daa22cb93fcb81cd0955c948e75ae4c27908e5924176a74f4a,Depression,Depression,Depression
NEW_1aa068359242af1e495f01e1c12874d20ad7b4982e537c5f84a7c4debcd97054,Happy,Happy,Happy
NEW_1ac08c324be7afe20e63f6a91607092d7dc640a3396791b5954fa42a97ececbd,Neutral,Neutral,Neutral
NEW_1acc7d4ebe5b2d3fdea2fc49924b64f0f398a8cf19c94172dd4f15a4ebce910c,Happy,Depression,Depression
NEW_1acd9d0fa8b4414a3d41a1353ba2542df5d8d0c7a0207afa7b6cef44adff3fea,Neutral,Neutral,Neutral
NEW_1ad533397cb6a189b6c9e7206e6b50e714a0d30f80a258079f8e38fb38007f89,Depression,Depression,Depression
NEW_1ad561e721c9f18d4435f46c6567a354960b0d12655dc7c3e67da3fc7e66ffbb,Neutral,Neutral,Neutral
NEW_1ad9d631ede44c339eef537c6b28ccc75bcbddfd3c14a41e692ba632559525d9,Happy,Happy,Happy
NEW_1adad393ab7c7bcda9d00eb8509620cf59f82352d8d86003dbecba347065b766,Neutral,Neutral,Neutral
NEW_1ae0c5367bf077d92c5fd2a7c4bbd9b2b164f84de77217b7b980b52ca3df830b,Neutral,Neutral,Neutral
NEW_1aeb67dded5e17552c52eab5d0075dacdc44d9d88bbc3390a0ed8d00a1d23454,Neutral,Neutral,Neutral
NEW_1aef5bc44229796a5e186ba46c53c831e755e0ab9442f21222af0b1ffbfb61c4,Depression,Depression,Depression
NEW_1af2475809e2241bc6a97cb4de3e2cef2dbe30c2ea91e808e995c4742f266e03,Neutral,Neutral,Neutral
NEW_1afa7bb8daa076481e12ff55980e3d5f06643ba764d2edc6f7b5175b1aeeb026,Depression,Depression,Depression
NEW_1b13a80e3ed3c5a21c11de3de162afc958a14db190b19444bcc34e4c6daff845,Depression,Depression,Depression
NEW_1b1816a6ca9870447de5311935fd9179933bac3168a037e1c16921c9194d2f29,Happy,Happy,Happy
NEW_1b1dc8c3994a8e4128a47acaef2e3000c929f7978c6d3d736672a625449c311b,Happy,Happy,Happy
NEW_1b24adc37f9aa12b1c2398711df0bed98e17550beb20a0c2ecbc46354080bf35,Happy,Happy,Happy
NEW_1b255743ffb7b8ea94e8f82b97242387c008ea18e48e4203c0caa7a6d9fc1f36,Neutral,Neutral,Neutral
NEW_1b27267ca853954dad44af9e34d9b0af5e06fb749b6328bf18c62ef83237e701,Depression,Depression,Depression
NEW_1b27fd7472751648b84741ba23e33ee0abf4c0cc9a0f157f0a36b51320dab419,Happy,Happy,Happy
NEW_1b2f6556dd8196c0a603004cbbbd2cde3deb3479f58de34551d981befab49477,Depression,Depression,Depression
NEW_1b3187ea3a64ba6e3e246450ccb91358c7c42055e6e09ce08b374fdb047ff032,Happy,Happy,Happy
NEW_1b394fccb024795f4ba3968e79103dc9d9acff2a1a60b31eaa9c7214a7b89690,Happy,Happy,Happy
NEW_1b3efdf7c5ae1e01819899c4c5fe264c669cfd883c1716c91fd3e2cf0127ea7a,Neutral,Neutral,Neutral
NEW_1b534f2a4d6e3031e9107d46ce1c9434993db7d10ae994c0ece1c4c1755f0aed,Depression,Depression,Depression
NEW_1b5efaec110214b1e854216590cf95ed8820ba8298db06183fa9a8d8c8fd9c13,Neutral,Neutral,Neutral
NEW_1b6f9db43b02f403b74a34c9fed3229f718e6e6ffc311f3d0aa97e39b517e38e,Depression,Depression,Depression
NEW_1b70781d4965800c0445407321c11b63a035e1e54b13ab278b39b06177802dc3,Happy,Happy,Happy
NEW_1b71bea11090c06d32201a5bf3ac8bef2815f9a6a0485afc1c49b31c7ab74953,Neutral,Neutral,Neutral
NEW_1b77aeb13ad53a9b82592a63cd25c75323fbbfadcb328bebc438980429e92793,Happy,Happy,Happy
NEW_1b8a5e90449aad0cf4e4cdbdc5a903043ebde0cb23c302847fa2a94c900cf6ea,Happy,Happy,Happy
NEW_1b8bc8d7f447f9160bde4dc5fc2ea6c090bba0e473bbdd518b758f5d05cd73a0,Happy,Happy,Happy
NEW_1b937a79a7f83ce86ba77c29e3230f026ddae38c6c29f5567fded52b1c74b162,Depression,Depression,Depression
NEW_1b93daa42bddcc0b366b290204a8c268d5850a368e911c538557347e9dc01668,Happy,Happy,Happy
NEW_1b9efb2f1f1adea0285b132a0a498d4d8d0cb3e829cb2160d6cfa81adc4d97cb,Depression,Depression,Depression
NEW_1baf141e9580b25e777c701b17ed8e922b95f7c3bde3e992d9b1e17114003e27,Happy,Happy,Happy
NEW_1bb37c16e45c3eca2cc44428ea173c604a63d307026b21231185f886dc297b12,Depression,Depression,Depression
NEW_1bbf1cd4ae20ca16e8743fe84cd4a9d71e855e50df6166470597e326e8ee94e2,Neutral,Neutral,Neutral
NEW_1bd1ab1b829ff4a32a09056aed3a8544a747ad734bb658e17ba8743bec56014b,Neutral,Neutral,Neutral
NEW_1bd5efc219682546f2bf1026fc76245e3eabec878dd8215ab9418539827ce0f9,Happy,Happy,Happy
NEW_1bd62d38239e91d772ece809336b253cea3ba7e62ec3a5c975ed8f98301d8fd8,Happy,Depression,Happy
NEW_1be819ef00f8455e4772363d4ba9dde48e362ce804994d6f11ef5e1a42a709ad,Neutral,Neutral,Neutral
NEW_1beb7b15db1b1f7077f6d006515e221124cd916581d1e6ce8ec2ee7f811787a5,Neutral,Happy,Happy
NEW_1bf1c32fa66314cc7b3b47fa4802919c5c7373611d717a30c00dad5c55df895e,Happy,Happy,Happy
NEW_1bf2f9eb24f5812092f032084acdf05f3c18a7410dd313f94e381b60f497bd42,Neutral,Neutral,Neutral
NEW_1bf76c32b3e6656ff35a27c70a1e4dbba457077d788dd1762ff1575c164eba8d,Neutral,Neutral,Neutral
NEW_1c0479f29681448976f76bde766e51117ee4d3b77e3727fe15f0036a85f3378c,Neutral,Neutral,Neutral
NEW_1c0f43fac761eb8d931575b4fd7f858fdce725a8998a5a0a8c9449e16c484ac5,Happy,Happy,Happy
NEW_1c1a9efd09984f7cb8459de224fc620596a2f59a0f9f58a0bbd05dbd26b01750,Neutral,Neutral,Neutral
NEW_1c1cb705ced7c251417795353b591f6e7453db068c57f65c7d07bb0a80bc00de,Neutral,Neutral,Neutral
NEW_1c1d4b2c7b65dba0c9747e82a868d9bb1c9b3afb0d4958498877b29dee5953f3,Happy,Happy,Happy
NEW_1c1f521bda0e960cb6eb30f709fbabe210c143d7a30ab23230258ff65d472754,Neutral,Depression,Depression
NEW_1c2d2f3c7bb331944301178f0378356f87693661a0338725a023d1207e11724e,Depression,Depression,Depression
NEW_1c2e45b7853f59b6ec209316438d1745a1cf236571a7e7f558c4ff646e64d3d6,Happy,Happy,Happy
NEW_1c35ae2e3fde794f73db2a3b11448921402f5ee84556089e36d525e0f53a7ffa,Happy,Happy,Happy
NEW_1c377963a3bd889508eb64c9ec1b9061b79469cb0107c8aecc011dd02320fc57,Happy,Happy,Happy
NEW_1c39f563338d5b3e0c5844448943e4bfb216518a71d162348f3a14ceda897c2a,Happy,Happy,Happy
NEW_1c4942d906f400aa8450e7b8eaa96830cd8d533a251b4dc29e663123a0076ed4,Neutral,Neutral,Neutral
NEW_1c52119e65168f1c7f4a0d370a395fc554c6a49bc7d8f34cecdfdc6ae9255740,Happy,Happy,Happy
NEW_1c566251c6d316aa4675efc71428f0531b9c7665a083b91fc4bf02228d1e1aa7,Depression,Depression,Depression
NEW_1c58d4619ef42a59e6d883803e2255cff903e17b11ac44283b4a5695b4a1b000,Depression,Depression,Depression
NEW_1c6967884911f20b0bd493d23b960a69cafb408433ad05a730adab4e9c0e5d59,Happy,Happy,Happy
NEW_1c93f6e9fe892a9d9cdc5e8fec3c8e96dda73a1ecdb77292d0dd7a872d5709db,Depression,Depression,Depression
NEW_1c9b9548bf330bfe0787bcbe09928551e0a02c553b015906dd631251ada83fef,Happy,Happy,Happy
NEW_1c9f222beed2396a5d9bf5da9703266c8287270e35aed2373adbd80631632e81,Depression,Depression,Depression
NEW_1ca5d43647c93caec5fe73ebf1a623e98c96417e9e60fcf4eb47549e41abe24f,Depression,Depression,Depression
NEW_1ca6df41a2d9474dc7cbfd955d93b326d3ec2a82b69e85c9d3b01dedfed06137,Depression,Depression,Depression
NEW_1cacaadc93a88f7fc3beae5645a6860524adf46d4f804c229a1844b08c50c951,Depression,Happy,Happy
NEW_1cb3a7a5077a2ea7965bbf2143f6137d92d1d8e41e75f6fb05b36dfa14562d60,Depression,Depression,Depression
NEW_1cba292afb78d7b0acb4d83ad2ff03a7c11586522b0986060635e17ffeb19e8b,Depression,Depression,Depression
NEW_1cc3625e76dc0769275cfd10981c62bb9e65f630c5b4358b59a88d48417bc4ba,Depression,Depression,Depression
NEW_1cc47951c113ac70ea1743b9e53dfd0b80ec5439c7ec6f8e3f07ea81ddb42e6a,Happy,Happy,Happy
NEW_1ccba9bde948bd1808cb3d1ab08e0910fda49cce4104a77f7237958b0f682518,Depression,Depression,Depression
NEW_1cce6af2798e1b814cc2d37ba4f4a98694644c631c4abba787271cb9809cd107,Happy,Happy,Happy
NEW_1cd16cbcef236b0789a3b3be1f707e958916830b2e73229a08e1d1c7f0bbacff,Happy,Happy,Happy
NEW_1cd2128ef5f02d0e15bdec5d5c2dc2e2cc316c61c361f58258bb643a2d02b597,Neutral,Neutral,Neutral
NEW_1cdaf2c4d1c840003833bfe77bd7aac74775c1d0b614fce61e8f2fee2a387ffe,Happy,Happy,Happy
NEW_1cdc73807957c3991176565ee0b5de8ad50c684165338e81ac1240576709889b,Happy,Happy,Happy
NEW_1cde6bea4ac5fefc24ce1a608f4a11697bb7b09a630183f472d4abf869051123,Depression,Depression,Depression
NEW_1ce0f0920ef9b7c330f8beb34da6c6efe2b093da685e580279d9f101e7ffceb3,Depression,Depression,Depression
NEW_1ce13c40a366a6eb75c2bd2e52101d2b7bb47eb215695bc0e500c17fd06a5c6d,Happy,Happy,Happy
NEW_1cee410252c78541d88f2e55edb96c29ba2516c27aa29f1b483bc8486a58ca97,Happy,Happy,Happy
NEW_1cf4bacb129582362737bada067a8f21ed3a59ed76818ee8b70f5630e7ac32b5,Happy,Happy,Happy
NEW_1d00f361e64c6a20d6499119d4cb03b3ff279c822ffeddb11539843ca8628661,Neutral,Neutral,Neutral
NEW_1d08791bde5e0a7e0d37511baa36523be7b70759697179a371b4d5642c9b3539,Neutral,Neutral,Neutral
NEW_1d17b92b03e98409666d83761bc7c7740c7ea20686dca7256be4ba55eac633e6,Depression,Depression,Depression
NEW_1d18072b44755b0d4e4d5ae79bfaaad89bfb5fbb71c13f3451365bb42e575ecd,Happy,Happy,Happy
NEW_1d2c2944fbd893016848f3f1f5e9afa684f99733e979215a1c14cacb9d2445d7,Happy,Happy,Happy
NEW_1d3cb29ffd2306d8fbe29342a59285f7c2b3034b7795f31d7a265670e92a860d,Depression,Depression,Depression
NEW_1d3e52f2d8c1b7c4b012ceefca709537c71b3fedf214c1b0963beae380395636,Depression,Happy,Happy
NEW_1d3e6563c09e5bf3afc76637a1634480583b917e5a634fae92714caf25dcd87a,Neutral,Neutral,Neutral
NEW_1d40f7f633155aae0b7036fb90f053c6411fcd795368e1e36c644f4ef6f7827d,Neutral,Neutral,Neutral
NEW_1d4fc687b8e8aa92c1b9d832961cbab85f12368cd9d05d2ab4fe54e4dbf7c423,Happy,Happy,Happy
NEW_1d526ac79be418e7dcc43fc62b5bd04612f5fba3b8ab837a0f0d4c4838c8f386,Depression,Depression,Depression
NEW_1d5356927815ece5c344bd34f6d5fd612574b9abd8ac0be46ebfadc6d7a6a8ba,Neutral,Neutral,Neutral
NEW_1d570ee4743975f2bfec1b1307600881797508785f16f7def9f21e1b8b9b0118,Neutral,Neutral,Neutral
NEW_1d6fff114d131d445d1a4bde33d33fde8d91dcd95cad10267475d90e5cf824da,Happy,Happy,Happy
NEW_1d739272b25fc33baba6637fa21f5330d7375c500ed983af41de89c2c67805e3,Happy,Happy,Happy
NEW_1d77562eae489e6e5ca5f544939723193c6bd5e4f502d4c91747f7e4924eb47e,Neutral,Neutral,Neutral
NEW_1d7e188964cde75019ad157eef31eb1fa4b20b538028ba882ccf3c9837294aa7,Depression,Depression,Depression
NEW_1d81824b8b6d59f8b65ce2a52fa6bea11141835b259bb445fcbe91cb516a970d,Neutral,Neutral,Neutral
NEW_1d86efe2aaed44e5caeb6fc6c09af43ab21c7088284798d516decdc2ae0fa3aa,Happy,Happy,Happy
NEW_1d89eda96274e49cf7b67d7766e2c7f623a4c8d47485f1161be9066ee548f0c1,Depression,Depression,Depression
NEW_1d8c3f921e2f3fa23e20b0f075622cb996eca9c46aebef3d8d4373b452a34cc6,Happy,Happy,Happy
NEW_1d931c5220980a69bfa52f20ebd7a35bbc48256d86a833081a32d2bbcde55963,Happy,Happy,Happy
NEW_1daa199b982b3dc541d340eb1a6bcf19956bf39189f21fc986d277ff67d8ea51,Happy,Happy,Happy
NEW_1db23d0f12225526456d8eea8954b53c1ec94a7999009783af46ab91cad297a3,Depression,Depression,Depression
NEW_1db53885f43f7b3f262836cc6b946cce6925b8161a027ef509b3a31ff0b03d32,Neutral,Neutral,Neutral
NEW_1dc44448c274676561422a2732a74a6b051d42362f95aed07ea8e05883613bd1,Happy,Happy,Happy
NEW_1dc4e42013b25057832650e9e2a45e56adac115209f7040f42171d2ecdea11af,Neutral,Neutral,Neutral
NEW_1de7f68cbabaf2529fea82e7c28e6d9d8cf921caa58de7fc4c65b1f703bb8da9,Neutral,Neutral,Neutral
NEW_1de8023484b73b44f6c9444ec39624dee5e16561dd4ddd8451de07b203cb2b59,Neutral,Neutral,Neutral
NEW_1dea007df876b3b15397fb663495252213bf2fce1a1be5503a00a14d32b036c3,Depression,Depression,Depression
NEW_1df35d426391bd95c4867bce1eb6bed4528357af5d894c873fd22c49e3a20ccc,Depression,Depression,Depression
NEW_1dfa364f23f1b1cd9aa30231a611b8b0935956fbee60223894630ca0559c2d7d,Depression,Depression,Depression
NEW_1e036ab828e3bc950580bb9dc93e31cce6b9de769401f9a2366d7dbc775b8b3d,Depression,Depression,Depression
NEW_1e07195794bf0df800902c9cc874c0e7a06fe2fc934492cfacc6646c7fe3490f,Neutral,Neutral,Neutral
NEW_1e08c0a158fd5640bd54a1a9e59e2ff1887613abfc84731bbf563197509a8e77,Neutral,Neutral,Neutral
NEW_1e1fab3bd8b5dc91f9f4e226c01bae254a2f509eaa47aba47ad81c0768b486c9,Happy,Happy,Happy
NEW_1e22015d98d089144ce2e69832458f3259f4e255d6bd95e819c841c91f97212f,Depression,Depression,Depression
NEW_1e224db7757063d78ed7768a111ec04c781f6e6b025ba4a78df22c341bcaaffb,Happy,Happy,Happy
NEW_1e2486106860b78a035e0610c16d286f941ecbec9523fca7cc0001a70fb92bf5,Neutral,Neutral,Neutral
NEW_1e27229a3b095a561bb960b7dab7936bbc43103cae49c15e130b850d5a63c0ad,Happy,Happy,Happy
NEW_1e2a8e908ffac0dca4f8628aca2e19b46a935af78d1a4ba3466443bebc010732,Depression,Depression,Depression
NEW_1e44d4f7815e6bc82388588e1e1a884d3eb87e7c04f2d69f07e56dc41c8d1fa9,Happy,Happy,Happy
NEW_1e486c633c7cf36762304f99ec2e78b0360e82530aba1ca0ab8648cfa547321f,Happy,Happy,Happy
NEW_1e4a7e04ceeab5332844ca294704b814de5fb82bcc5067991b74440cf39ae95b,Happy,Happy,Happy
NEW_1e4f1acd61b161e1357afb0cbd918fcab52132d7d465340bd480cdf3c1071c45,Neutral,Neutral,Neutral
NEW_1e5531cd37f2fbcd7f1675aa22082cdfaef3e2ed74ab4cb4ae150cbde6794d56,Neutral,Neutral,Neutral
NEW_1e55b069bddc8ebf818233842e2cd7b9ae8122cdb0390976f5f7f925bf778063,Happy,Happy,Happy
NEW_1e68db7f84e980a3e7b9f8f81e59344d57e258d9ba60e9b0349a75eaddbc2026,Happy,Happy,Happy
NEW_1e69e871c0ae23de7339ea907c0adcbaf92a1d8de2ea1c5a1faa8f3ef1cd2838,Depression,Depression,Depression
NEW_1e6a8ccc815790dccade87593e2278d8627ba254f7fa6cd234bed11c8e4a83a7,Neutral,Neutral,Neutral
NEW_1e6c00741f47a9c3f1ca4f3dcba0b641c2de96fd356e1e7cbcb75a67392a5eb1,Happy,Happy,Happy
NEW_1e7349254103432e6f84403ee24a509173163c2a99f8e432e6f25cd1871c8417,Happy,Happy,Happy
NEW_1e79077946ce5fe0cbf4b45855935df8eac9cd898d3de2071d9c13059e7fed9f,Depression,Depression,Depression
NEW_1e7c3f2d55c48f54e5f0ebaa4e0eca4b2230375415cadb21a8ec3b0382bd301e,Depression,Depression,Depression
NEW_1e8924e2d4cc37420e6b21d0d2548a7f100c05a2cb46647d4a8b1378e1ddc849,Happy,Happy,Happy
NEW_1e8e1644e6ece8784826f8890e5fc2fa02a9aa357a91771dca70ca36c9326fd8,Depression,Depression,Depression
NEW_1e9667b71d4c3cad1dfe6c868c252ec14ffce94c954c2f28c8af09d38f81fc2e,Depression,Depression,Depression
NEW_1ea4a1c95af5fdb58cd31f38a24384577b56eee36ef877ceebfca8d9c724d0a1,Neutral,Neutral,Neutral
NEW_1ea5e66bed5295b60948b02991fcc43c9b8164c87af3a1a5de04f1816ad1919d,Happy,Happy,Happy
NEW_1eab76aca21c4dc324adb8e1462e31b83ab476468aa4b4d92a3928ab4e3fde38,Neutral,Neutral,Neutral
NEW_1eac23a1393edbb915a5b34e61e2fa77939d1b51802e48145c35c148f188ed92,Depression,Depression,Depression
NEW_1eb29fc39133e9e555c04cb981c6cce1afc151dad7eb71012a14731f5088c188,Depression,Depression,Depression
NEW_1eb79866f3023a6362f4c71f56e28373b2a1f02c191453565c951b5394f7f93e,Depression,Depression,Depression
NEW_1ebcf965377b5bea62b9dc21e122f3fa30e61f7c0dcd4fcec574e864192935a8,Neutral,Neutral,Neutral
NEW_1ebd8f9fea8e511467ddccca471299789e6b3db1d42f1952ae95012036644a98,Happy,Happy,Happy
NEW_1ecabe5c0f58a2836d34ba89b3bfe2d9f4ca77cdeb9f1a346883e3bb3187a307,Neutral,Neutral,Neutral
NEW_1edbd5aa08c981bda4ab985d52f30f28876e503d56cc50e6486b7509e80246b1,Neutral,Neutral,Neutral
NEW_1edcb770d6017b5370646d248ebbd27ba8b17e3a62a287013e1a48c242e64231,Happy,Happy,Happy
NEW_1ede74df43252b6f410d5ce3f593ac1e9560e402a8a48a9a53eed170f652ef1a,Neutral,Neutral,Neutral
NEW_1eebfd85389014a2356f26818847772601fb9c8db369aaffd72f9678d53ce9b0,Neutral,Neutral,Neutral
NEW_1ef3e57f989598a50fcd3df1eee24e696b9d92593a6ab0cb5dfdfde6dca2e5bf,Happy,Happy,Happy
NEW_1ef518d02a2f259c5b5799d7bed5c2c7eddeb9bf1b2a3b5b35035f6665244a35,Depression,Depression,Depression
NEW_1efbbdb054633680766ad727b989327bb8ba2eac99dd28a9905a2d0bbfe6f940,Happy,Happy,Happy
NEW_1f02bb6bd4e5a512aabcc9f303eca1c39af0bc4200680cda393b51ecc0949bc3,Depression,Depression,Depression
NEW_1f04b6bccb266719293b5dd17d7a6ed049bbf61a8596aeb3ccd8bf61cd713ec2,Depression,Depression,Depression
NEW_1f06ad244990a3df0a78b92160b90f48767016a7de76f18417b9d33b5a4a44fb,Depression,Happy,Happy
NEW_1f07fc36611a75347f2737afa03df061eca5ae626f1d88168bdaf2dcf73502ed,Neutral,Neutral,Neutral
NEW_1f08fd708b905402ed0a2391e991660c94039a1cd45755cbbc0ea352e0e74561,Neutral,Neutral,Neutral
NEW_1f0dd9ff355d0886e37ea637bbe48ff29d39870be7b26664c6eff1ce610f646d,Depression,Depression,Depression
NEW_1f1446e39fdcfedc96cb32cd0027a405fb1b9cc6ce1cf07abeb01c37b425f127,Neutral,Neutral,Neutral
NEW_1f150c7a3e3a66ded4afc6b46d7abcaf95fd39f9556f88c00567c175b48d9fd2,Neutral,Neutral,Neutral
NEW_1f15a1c16c8d815252dffb87af104ecf92d23ca0ff0b8088bb9ec8180bb878f4,Happy,Happy,Happy
NEW_1f1c575abc525c93e1e219d850a2c16a83063083a2d473e2b0a4721bb80cd9fe,Happy,Happy,Happy
NEW_1f1fb61f513193f7563bed8799a5d678a2823cc6758282d48312234368a6fe31,Neutral,Neutral,Neutral
NEW_1f1ff126709f6be47645321816ac84f807bb61f605ab559cd13335cbcdf68216,Depression,Depression,Depression
NEW_1f22c6f323bb7a8859a1906bbb448d6774737d004082b024b60429e36ded8c22,Neutral,Neutral,Neutral
NEW_1f315c915f84ad0f8e354e40184ac5378cdd69d8a64136127896defd7c961f8b,Neutral,Neutral,Neutral
NEW_1f38a3f90742491d1e04ba628e0e1939a5baa8d61ecb26c4f6b0148201012d82,Happy,Happy,Happy
NEW_1f3a9c72f246ad37ec2fe0bcce60b93f31dfdf8c291eca365e9b713107397a54,Neutral,Neutral,Neutral
NEW_1f40998ee3c503096eede48ac9aa429f8bb39ec81032e522d61c27c91dee80d5,Neutral,Neutral,Neutral
NEW_1f418e70bcc075bafd721462a06334d130be7277c6cf1ce626475dad5cd05f11,Depression,Depression,Depression
NEW_1f4532914c080c45526b544d7c1c571eec79485530c92b0fdf93acfc71a00ee3,Neutral,Neutral,Neutral
NEW_1f46ba8de8d485735bafb9fa3d9bdcc9fddbcb6a8a6152ad95f19a573b0ee6c9,Depression,Depression,Depression
NEW_1f498824f18c9098e4549f19827ff064728c4ac77a8e442340e3347611942433,Happy,Happy,Happy
NEW_1f4e1a778c15f97439ec7974fb53b978dc77fd77d9437ac89536eb67f8e1bf47,Depression,Depression,Depression
NEW_1f58964c0186ecde3340aa2587914047a683e3714efaeb31cdd9d83bfda197c3,Happy,Happy,Happy
NEW_1f59dfa37ae1b8fa813c5c7508a3cd74615d803e1a448cc35c5a6581be473c27,Depression,Depression,Depression
NEW_1f629915f2203965591e7aa7e93c0726c8aa8eb09d3c5312fab42781c82bdcca,Neutral,Neutral,Neutral
NEW_1f64887a5bb9b0ecb667e6d92b4f2899e7cbbbb320c966e52cdef005eb00f5ec,Neutral,Neutral,Neutral
NEW_1f77b665f62426b81f4a1ba813634f49c3fe35b3c0893723d159e518b65b66db,Neutral,Neutral,Neutral
NEW_1f7850764cd73fe708c560616573a28a070f758c069e40203f0abd30ff068471,Happy,Happy,Happy
NEW_1f7efc8c26e1c4408e05b33ee16c150804f0c9f6dcdeefea2e4e9d747162e8f2,Depression,Depression,Depression
NEW_1f88e804194fc6b0dad3d94fca31cef2c4104d5bb931976200b4ea6f9405ef97,Happy,Happy,Happy
NEW_1f97c54728f52eed581721f2291df4138c8451c3a5c72fc3346dc2eaffa8f092,Happy,Happy,Happy
NEW_1f9a8377c42a774eff2c0326feed59dd65ae784e71caecce734b9850a761ffe2,Happy,Happy,Happy
NEW_1faca56d12fa57cdbaa4d52257aeeb5393e3d368ea5c3a0725bdddd0f2227b82,Depression,Depression,Depression
NEW_1fb2b48753ff8772aaaf06c2c63832ceb0aca2510369668fc82dcbdb6328672d,Happy,Happy,Happy
NEW_1fb315d5b69f3703a027598c1ccf2b264edf5ab8c7f2c9f3ddb4393bd20f906f,Neutral,Neutral,Neutral
NEW_1fb32d896a6222577a65614624e7260ca312a4e9f590028f5cc72315bfcff3f9,Neutral,Neutral,Neutral
NEW_1fb63c34e9c7ca339f8cd5f59c31c9dbaaaa7bb27af980119930329117b15acb,Neutral,Neutral,Neutral
NEW_1fb8b0752320adb29ae102671957009046a426ff552535752aadd3234ff6ba36,Depression,Depression,Depression
NEW_1fbb48910659cac8f480df504133bdb7232d0959c2cffa6635c4d5a28ec21443,Depression,Depression,Depression
NEW_1fbc0357f008afc9bc45370cf1b1dde13501cba15ddb323fe24ee3c4aa9a3ca2,Depression,Depression,Depression
NEW_1fbf2acbd2836350bb0e1ab7aa0bf78ce32d4e72496193a1a245e886ff24d883,Depression,Depression,Depression
NEW_1fc85bbf5fd083d7ba8a4ef2b8e5ebb2004748ef3dc4f2f8bc2ae6ad15513b6d,Happy,Happy,Happy
NEW_1fc96d8b0a408554af11493e2072f9571d6a9ab3ae0cde475f1a9c25eb6fc838,Depression,Depression,Depression
NEW_1fd94621e82d7b518a4304f7d82d0ad25d20e6b5078d91f8c4860061bd6ed496,Neutral,Neutral,Neutral
NEW_1fe7657d57511a198899b1210e6e8470115e0077e11b4196222989b9ca5f2447,Neutral,Neutral,Neutral
NEW_1fec8e162986b151b5a967f4394d07b7bd9ad72bbdf32e4053843ef8df4008d4,Happy,Happy,Happy
NEW_1ff256f615554fd8dddd26e44028d4f05aaea0e9d47deed15752aeacd0fd2c09,Depression,Depression,Depression
NEW_1ff9839282383017e7f9277a3991254bb934633c3b9f39a59c5cc0462fa31d9d,Neutral,Neutral,Neutral
NEW_2000c09629781cadd4d1705cd880dd71465af5c4b24f6e001308ebc899b1874b,Neutral,Neutral,Neutral
NEW_200b253724f51cb26d35d77aa8fe1fe0a6c793f9e2d32ecb834afd04c8ab04bc,Depression,Depression,Depression
NEW_200e175b3890db36dc520bfdfb14a6ed990f7011148bd112dd9482f87eb8eca6,Neutral,Neutral,Neutral
NEW_2010f647a6ceeb2cf13ac9bc0383b6bf6c44e05de6e2b84cb35ad8abff659ea7,Neutral,Neutral,Neutral
NEW_2017fb7751ad39f339c801f06681a7f4b1fbee3279972a43f821fd1040180427,Neutral,Neutral,Neutral
NEW_201946a5bcddcef0d0e41398dbffbd2ba11b9bab3eb9b34b070df0b09e988c7a,Happy,Happy,Happy
NEW_201b6a983c037373e7a09ab617b08ea857ffd4cc27b422579050b6f903e0da03,Neutral,Neutral,Neutral
NEW_2037c30d003a2682c5c2ea1936b8751c3e3113d3c93e6b74b79e4802d394d6f9,Depression,Depression,Depression
NEW_203ed6393f6782acc3a1a8d6ce81b82883333d41fdf734593f8e8898bbae8c1e,Neutral,Neutral,Neutral
NEW_204bcefa04584d0fea1eb7f3b170cf00ba00f22a4bbf83b26f50a10164846b3f,Happy,Happy,Happy
NEW_2052d336fdd1fbf8e9d1508b8a40a6aaf4b3323c6fa9678f3ef9251e9289fcb4,Happy,Happy,Happy
NEW_205a96047bc33c8041aea1265bcbafb939d4f2e38d8b36a44c934faa9da89fcc,Happy,Happy,Happy
NEW_205e0e3ea6d53c6e0190596046043b6321c5bf9216b88dd2593879744c60d636,Happy,Happy,Happy
NEW_2063eaeaa06e53f03f323255be8115c459ee56657d337ece588fedb5a4420688,Neutral,Neutral,Neutral
NEW_206ec25fd76ab5a9dcf9de58a28db762760812c9c9e4ebf98ff2072f8f4dfc60,Happy,Happy,Happy
NEW_207f9c79205771c62753bdac5468a585a66381edf727fa9ca8f7bc8e1b699eec,Depression,Depression,Depression
NEW_209037e214ac46aa423da6bea5abd40158a75afb63b69378c317e41618269435,Happy,Happy,Happy
NEW_209662bfb3b13a6114d8438007af02cd042ad0603fa5d6053c623191c8174fd3,Depression,Depression,Depression
NEW_2099175fed963775cc6d0f26ac64fe9b26a9ddce40f435cc47cb662a091822dd,Happy,Happy,Happy
NEW_209ebb5e4abb33546ce06c9a6113ac3d48ad03ecbbffdb4a9293309a8313ea86,Neutral,Neutral,Neutral
NEW_20b821fcdc1aa637974ecbd5285e46ca05ec8bbaa5d6152bd6bc15894956e2b9,Depression,Depression,Depression
NEW_20b8de6a0b4f9b3318f3f46b138d833c6f68c692d78f392c93a0b1f6e3ffe3c1,Neutral,Neutral,Neutral
NEW_20c0abdcc7011d634bb0ea015b95ba638298ff70b7c290bbda4714e9730ca846,Happy,Happy,Happy
NEW_20c184c002c73fbb4ab66e6ceb6fd1b5dfc524c6c313b8049a9506a12950d258,Neutral,Neutral,Neutral
NEW_20c73401b4655e5e543582a0d0d1a02f78fa1c72e6379f57706b765771488d8e,Happy,Happy,Happy
NEW_20d565bdbaab3d59f88b049520feeb3e26008dde84abc9c5a2fe54ffdcdabd1f,Depression,Depression,Depression
NEW_20d867b5fff808cbe419508b72c29762046d2879ad6d62aef0fc6757a9e44dc4,Neutral,Neutral,Neutral
NEW_20d91c91540c979ff1176d494227bee85de31918da893ac86236a73cea910f00,Happy,Happy,Happy
NEW_20e462ff4d162cfdf852495c1cda5885656539591a287a5f4b68ce0352d435c2,Neutral,Neutral,Neutral
NEW_20e4961f424c4b577e03eae73c3b5d7cf768f346ed4ac443dafda0168e55e518,Neutral,Neutral,Neutral
NEW_20eab0cf9f69210f5e68dde885c6b0d8fbd2d2154d4e3eccefb9a1a660acb31b,Happy,Happy,Happy
NEW_20fabc724d64f3bd5ba13c32a2085995766d7c5b82657cdbbaeb1550abce404b,Happy,Happy,Happy
NEW_211071e600dfc19c524d16ce947f958ae0b2cbeaac963f6827c59019541c4149,Happy,Happy,Happy
NEW_2122b137f631fb9503194e5a0fdf6e57142f68774cceba976c88f33d30f6de45,Happy,Happy,Happy
NEW_212e76c2a7d47a19728f7aceecc87d593076cf8f3d1d33e1820bd5605f490cfc,Happy,Happy,Happy
NEW_2131f0eba61815f52ce40e52a3c2ae6fe23bb934030599305743c242b31f0b17,Happy,Happy,Happy
NEW_214b87d07d5868e8441c1477315c35e28b12077bd69b2d35d6ac4deb29fe0676,Depression,Depression,Depression
NEW_215b03ef170bed088d13424dfbd1a64dfa318209bb5833d95184939414bf24ec,Happy,Happy,Happy
NEW_215b44314eabb4ca4927b34f660f51b4857d49a4a026e9cf0ff0e03ec18da18f,Depression,Depression,Depression
NEW_2160fb0fd27eb983619fb9d104713e87feeb9c1e19f7936809c33f2807ccabb4,Neutral,Neutral,Neutral
NEW_2168e47f8695ab2c8f46248bef9f731a534c7dd27f12333850d79cc38e9681b1,Neutral,Neutral,Neutral
NEW_217031536c6af03e51325e2f1c8e298f4b005372be87be1a0aca24fd4534e60d,Depression,Depression,Depression
NEW_21733a567d3311fb9225d01ceabe7dac5278543f2c75021e1406d2411a84d840,Depression,Depression,Depression
NEW_2176f630ba23254a578ab94578586b822d4a2e1e2efe21599ea73fd782c058cf,Happy,Happy,Happy
NEW_218467f94548fe8a220681f0818c10b7971f9d529e7eae245e1835470d9f0f14,Happy,Happy,Happy
NEW_21872002b6283d5f0a20a4fe78c130daffec8eb50b3af9e69be8f7717fff1b76,Happy,Happy,Happy
NEW_219cba63e6f0b158797da91a2427a14c1828d6275868f3130cc550b0ab5745d7,Neutral,Neutral,Neutral
NEW_21a3cbf76bb091567f206577b86f6d4dab56134f9b82485c3e016703630ad3fb,Depression,Depression,Depression
NEW_21b4b811a8dd71e90d580c8108747323a723254c4b8da659f1da8a827f80a256,Depression,Depression,Depression
NEW_21bdb64bbd608adcff2af903a4c9b448c9580e85b935e21a011b6dbbed322b41,Depression,Depression,Depression
NEW_21cf4075cd5ff704ebac5c89487def6b482c7b025d0fc0aa992c243c277861b6,Happy,Happy,Happy
NEW_21d08d537d1ac1ca2db50123e09f7284203470f87424bdc246d6c26f360a4daa,Depression,Depression,Depression
NEW_21ea2115b5473a4416a6ce102ea2612564ed5cb28a6dcf24eece325b342412ba,Depression,Depression,Depression
NEW_21ef13733656289fba5a5570508fe52a97a8269b54b79b5a416e7a17c60d844f,Happy,Happy,Happy
NEW_21f3f3617346b4fdf66467b5b87b52dc29adf7b9bf9a8cf15cc592cc20b46375,Depression,Depression,Depression
NEW_2201512503010a08b4e7003d748b52309d3ffc80e5dc6e3562acc8014d0cac5e,Neutral,Neutral,Neutral
NEW_2205c0f0606307f90e2007bfd3ad7064b2247d624170878f1d8e2344f93e0625,Neutral,Neutral,Neutral
NEW_220a2b2539c23fe571d23eca52655252fba83c6c1f408384e0644688126f6e5a,Depression,Depression,Depression
NEW_220a6c671ff2dbba07fec1a844a4203f121b975b5b70deb48de8e5afbf093c1b,Depression,Depression,Depression
NEW_22126a2d951caffaeee2700d00f4358d5b896d80e92ca6016351e518860418d9,Happy,Happy,Happy
NEW_2212c9e86af7138a7aba891092a02bd2ae72e6fb33117a7645757924e644efab,Neutral,Neutral,Neutral
NEW_2226ae0ecc846e8d685e71f6db59d0b14381b77c925e752035df9c676d82719f,Depression,Depression,Depression
NEW_222aa5cdab36750d69253c266a4113f521749ac87b7c948fe935331a9f7e9517,Happy,Happy,Happy
NEW_222da27d727e2304f37051e340c2e99bfb0995eee672c2bb668d73ca4453c4d6,Neutral,Neutral,Neutral
NEW_222efee42ceb6efc4b9a62d390f8f2ff313d1a71e2536d08b7a547f455ba20e4,Neutral,Neutral,Neutral
NEW_223866d50c745a0b55e83ad09578cf69a6d81a076e88181dc1564086aeb9dbb7,Neutral,Neutral,Neutral
NEW_2239e8d23fbd63e9bd476cfa696b209a1402af2845c6274421c67dc271e40f92,Happy,Happy,Happy
NEW_224159036475ab3d4617d068f7e808fd0391fbb0d26be4255e971d5fbfa5ff76,Happy,Happy,Happy
NEW_224995fd4db075933d76c707f3b0712e3b894e9bedb29675a5488f2beb1df988,Neutral,Neutral,Neutral
NEW_224b004af664982546a4f16e6f5c32964d39ccd1d1fd1d761567d9cd3aed334d,Neutral,Neutral,Neutral
NEW_2255e6dd7c0d6a73f3b91a34cbca1f963a5eedcba05ec989c7e8917c08d58455,Depression,Depression,Depression
NEW_2267dd9995321b8b3528b2cdbe72ea26119d5d843b5104e31053adba3b289e99,Neutral,Neutral,Neutral
NEW_227940b83ade0d6e6cc53d9e9a87b9f9ac5f913e6a2ee8e9d1e82f611f7d789c,Depression,Depression,Depression
NEW_2287d3da9a7c36bb82faf781dc1d70d1243c24677678f15dfe9eaa75787737ff,Happy,Happy,Happy
NEW_228ec53eed996cff6634441c5cb13c4db76fcfe382f0670bc397bab96af7cbbb,Depression,Depression,Depression
NEW_2290dcc5e8353df1c297c01ff45355fdf4692fe24ae210510e20b18231f29b72,Depression,Depression,Depression
NEW_2291e8d4076102dba10600707fd095aaef305967ce60e5d1cb87799842020f50,Depression,Depression,Depression
NEW_2292b8a2703f39cfdb76d8596fed7e3399d2e7bfd332bf983c17dd3322ebab3c,Depression,Depression,Depression
NEW_22a4479bb54a540b22afcbd7d35655f358cbd31b5964c09506dcc45b665cd9bd,Happy,Happy,Happy
NEW_22a4e9d4c71c8b61d505d90e9a1ebbcecee89d1337fc06d1073fff25d15d0669,Depression,Depression,Depression
NEW_22a58a5930e16272a4874b802d810ea3cb0cc3393299a9f794e2e172067ddc2f,Happy,Happy,Happy
NEW_22a6ed039600b92b517b69c943c9d47e6e398ceeb4c8d4221156046c969641a2,Neutral,Neutral,Neutral
NEW_22aa5abd79c025655c5379af0569e005e18bf57790f572ffab2817bcb53391c3,Depression,Depression,Depression
NEW_22ad2fe5d54e8ccbae7a02e8ce9677886a44fc806dca283ee47885b85a4256e6,Happy,Happy,Happy
NEW_22ad7182fe049d37f5b2d2a7147cd5e32c1898a7342126a3b3fbdbe204b889ae,Neutral,Neutral,Neutral
NEW_22b291bf061fab72f0c437da65228ac9e15734ebaf7d186a224058ed58d1c988,Happy,Happy,Happy
NEW_22b4e19076c506a077db11885c3a4e7872da10c8ba957ba9f90a31f55831eedd,Happy,Happy,Happy
NEW_22b67a0f54fc6e6fb7d49da388320be8b7dbd88b6515f68fa0bf7243b53edee2,Neutral,Neutral,Neutral
NEW_22bee6d5a0463b6c2c3df7bd5253639131e5cc13a5dc46611099102deabff270,Neutral,Neutral,Neutral
NEW_22c86559b4972ea40e2834529c32583413481744e061638fbafab4c267825665,Depression,Depression,Depression
NEW_22e6c00988f51fb2c23a4e7a3faac1291b7d08271eb3bb336f709d408cfbf95e,Neutral,Neutral,Neutral
NEW_22eafcb648b2f16df23b23b347d76a83b56a1eced899fad76ea09d36863cd6eb,Depression,Depression,Depression
NEW_22ed9909bb1f4d5c253dfce4f39a2e6251af724a166629b9878afef6e78d33dc,Happy,Happy,Happy
NEW_22eef7e846922217ddca02b95162422acffafff1a87d871a19a9ad062f37e67d,Depression,Happy,Happy
NEW_22f525ccf84a15ba8ce7f502a74a6a611e7f809e7effc7d217ce7850885697cf,Depression,Depression,Depression
NEW_22f73cfc810270c68a98c3eac00dea32df8bd8da841b93bc2f7a10502cfc1eac,Happy,Happy,Happy
NEW_22f9c0f4c0786240f63c44d1ce1d51eac2a61a0e6125bd13aaa0ca330aa4d389,Happy,Happy,Happy
NEW_22fb1bbf0acdac0430e5474088b801f5b3f6a025a1aca761d8eab8192805116e,Happy,Happy,Happy
NEW_22fcadb2907dc0e0e695101eab98375b8b47c8b70dcc5ac02983b21fdfe768d3,Neutral,Neutral,Neutral
NEW_2308910004626a51cd96109ab1e5d6f2569d60ad57e7741235f6ea8d84b2a2d3,Neutral,Neutral,Neutral
NEW_230913ecb20da3f83d3ed69f667b3ddbc0aecdb19e5ba70060f744da6dafe9a5,Neutral,Neutral,Neutral
NEW_231a67719156636b11608cbf4449450a3e181b2c509225e02bd90f4cdf3eaae9,Neutral,Neutral,Neutral
NEW_231d305a9c09d3e460b4f9eaec0c2aa1f65b558b6e0118c441d87662d8cc1cfb,Depression,Depression,Depression
NEW_2325ea98fce09c43843d1a3aa07c74993b7a826a97ce7d24ff54fe1f50b89d2b,Depression,Depression,Depression
NEW_2328800b7980ed476f05e1ad981a9c238703dea5b3e33728b0d4fc4803728a2d,Depression,Depression,Depression
NEW_232ec2a83026d251748f79be98552c39e6537a65dea6853ccd65c5d206b8bd60,Depression,Depression,Depression
NEW_233bef87eef97a94685cd7d460d84ad9ae0236697583758f2a5243a070bcdba8,Neutral,Neutral,Neutral
NEW_233bf41b23cf03f841eeedbf56bf69a361a5f53dd07c123b43ff316d38b2f44a,Happy,Happy,Happy
NEW_234120c69f880cad600362ebf996d799d5db8b031b8527be60af9499b44ac6a5,Depression,Depression,Depression
NEW_23450fe9d5b837c59bc4dee6f8f9b6b705322ea0efb9d61f4a4b954fcd465c8d,Happy,Happy,Happy
NEW_234a306a4faf16b38d158ddc24dd7b9351a658b6094cffe76447c1a5a5b08ebc,Depression,Depression,Depression
NEW_236e877ec1f54e221e6034e2c714e434680c9a8bc9cf65ad30756b2df2dce7b9,Neutral,Neutral,Neutral
NEW_237334df4245e8700d448665030a337bb7cec322f0d790fc3c65c983a175bfdb,Neutral,Neutral,Neutral
NEW_237e973bbebb1ea09488499817da9e0b126ca9eb4f0b9cebbdfd3030473aef96,Happy,Happy,Happy
NEW_23930f398eb571fce259d918de06bf7bea118fdaca9d5d82b9feaa4f557ba6b0,Happy,Happy,Happy
NEW_23939e4ff1d3b16187c7922fb24db0a1eca955d8f14119955de28cbc6417021a,Depression,Depression,Depression
NEW_239c59cb26d0da120699fcd77acc945d30dbbcdd05dd02ca68fe3c3aa61985f9,Happy,Happy,Happy
NEW_239d4af982adea703f0c1867b7a5ca267f9399839431ed5897ddcf77202965ae,Neutral,Neutral,Neutral
NEW_23a0f7908204094e90a9714aa0b47afbcf2332f0df05cbeecc1bc7c756555a5a,Happy,Happy,Happy
NEW_23a12eb01a46981b49f850acf8156908ec78b4c814c9d841782ffb4e1e707001,Happy,Happy,Happy
NEW_23a42b226f1baaff4e1bb5e91493aee244593ca86b7b2b2de576ed8533516188,Depression,Depression,Depression
NEW_23b08c00a328de33bb04166fce9ec4c8accc0f7b4705c8d8f214560744be4379,Depression,Depression,Depression
NEW_23b203c973c4ef28fbfc1a7cb0e299120bc980a86587aa28d356bb19f9fe7629,Depression,Depression,Depression
NEW_23b21668645863e82f714473fac5c71e458b9a9bf7e2cb197e572293f6652753,Happy,Happy,Happy
NEW_23bc17030dba1a2903389a769b987675cd4bc7530d28a37cada53d8d031c6a08,Depression,Depression,Depression
NEW_23be8cc26b4d2bf033ec983b93185a1307ae6ed9b8e565394d415c106ba4ec02,Neutral,Neutral,Neutral
NEW_23cc5bf2906d7e1ca7e5fb08dd5c63327ae64335c6b25a145f541ebf2e5bec0c,Neutral,Neutral,Neutral
NEW_23d3ad5304d6071e1f83ca727e429a8b6a8f26651ac86aa64a263e4c1b5bb9f4,Neutral,Neutral,Neutral
NEW_23d4c5a6d7d229730165937e8078e0dd8169caaf300bc478032e89f354ed9632,Depression,Depression,Depression
NEW_23d86d0e400a7dcea6898f83740a717491ab6ad6f2371f0013de14c316436ef0,Depression,Depression,Depression
NEW_23ddacb307f79166314c91e446a574c649e6b9ca8fe3eba4d5c9c7d1b620fca1,Neutral,Neutral,Neutral
NEW_23ddc9748a6707ae6a5584d8dec464e36bd191847728c02962003138a6f879b9,Happy,Happy,Happy
NEW_23e8250f9f4d0238f9964feea301da29fb14caad39e5702146f32d4977b564cb,Happy,Happy,Happy
NEW_23eae9d8bca14a730462022fab13b7de1d93f5ef39a533c9a91312c5c7361123,Depression,Depression,Depression
NEW_23f20782ed194b2c04263cff5583f6b1e7c1181bdc73c88887215cb9332020b0,Depression,Depression,Depression
NEW_23f814b4152f101fb5f3d16b114cd153d858290d0a7923f4d54090d844f75421,Neutral,Neutral,Neutral
NEW_23f9a3c04ab2f956287bf4c83521540fae2eaa0f1fa94bad5f3099d07cf435d7,Depression,Depression,Depression
NEW_23fb8165d5a7921fb673718b7db5ee1451d7570607e6c88a084ab298e9337827,Neutral,Neutral,Neutral
NEW_23fffd54b009358ea6fbaf4a420eda05e43ecfa69d0a100e5c5fc071dabee706,Depression,Depression,Depression
NEW_240289edf0dbd9a93bbf9ee093f3577a295951a1a811d93e5115ab7151b0671e,Neutral,Neutral,Neutral
NEW_240d2d91e4cab535d7a9745bb3ce74a725b8ab4c2f08d8254f1249db04d31755,Happy,Happy,Happy
NEW_241c28a0e40efbc2f39b0080b35d53584cc6367bb27c1933ae90350f2c4b167d,Neutral,Neutral,Neutral
NEW_242de2319bd0e8bb8ed69250defa60ffbb7a532dc015aed2c935f77c907cdf27,Happy,Happy,Happy
NEW_24335c525a6241dc957fcc7e3313879b56fc37c2d8400273da147dea784b6973,Happy,Happy,Happy
NEW_24408ed0e1ea4097a89f236f0d2893cb08e6ac7b783a203b0b2ffaaeee000efd,Happy,Happy,Happy
NEW_244bbc5841d594f68ded066a4e26f9e1ee1a439a4ee35a9c1b9bd474ef3959aa,Happy,Happy,Happy
NEW_24658725eaeba8fb1365d2b7ecedcc6fa51dd87d7986cbe18052a5d24f1a4f70,Happy,Happy,Happy
NEW_246afa588e92cec82165a0838ed08edbb643c2d04f783f0eabdba851a550d118,Depression,Depression,Depression
NEW_247a4c5c4f9c130569e804a23215814c61cd866ff199d211d60f9fe1ff442f58,Happy,Happy,Happy
NEW_2483d16d9a32b38bc1c45e89e572b202d2f3eed13f7b098dc685d5599ed8a4ea,Depression,Depression,Depression
NEW_24860efaba6bbb1ff99e2c86b7d2a401573f3c5b22585a71267226a8e45652e0,Happy,Happy,Happy
NEW_2486e4c8e3bd5d73c9b753b304f8cd376851a6b8cf178dab0ad9c50c3b80dd99,Depression,Happy,Happy
NEW_24a7337ab5ae951401c5d8d9cf9169d14e382b9191be92888a1332e2dde2ee79,Neutral,Neutral,Neutral
NEW_24a97296339caf5b6082bfc2ac4a7f3bde97f961401b5875555e74cccd76453f,Neutral,Neutral,Neutral
NEW_24b14fcd78c268773be78cbe207c0deb251aad1dadf7fda3ebad5cf971482d8a,Happy,Happy,Happy
NEW_24ba15e504b398ace01775598444526eb6dca4914466225e26e93d058f5d73af,Depression,Depression,Depression
NEW_24ba658ade55dec25c6b08da34d1219706066eb2c5540c0ef5c121991b36258f,Happy,Happy,Happy
NEW_24bb4721ccd47b9c924c228f97be5b2461c9adc33c24b63bb39065903aa803d8,Happy,Happy,Happy
NEW_24bca9477e60a77f189410498f9a27e723cdfba164348ca812c2760712bf2d21,Happy,Happy,Happy
NEW_24c458971b8d88c6facc46f9f6294b1e5e2c241ad0325a8f5e4941097f6acb98,Depression,Depression,Depression
NEW_24cb50bf995f7cd4fadf83b821a91aa7ebaeb2af1e828ecce9da653ce0af9b51,Depression,Depression,Depression
NEW_24cfaf9e7a895b7b9369c61550df03c0c49af21fcc93223e2d238386c04b2268,Happy,Happy,Happy
NEW_24d3a110b4d351e0c009469f206ec3dcd4eef425082590910996298c909fd4c7,Depression,Depression,Depression
NEW_24d8fe52dd91a4199eea2c321bc950c7b9f5b64d72265d362bf1be32169aec1e,Depression,Depression,Depression
NEW_24de80291aaccc644f85dd5d106d1b4535fb76cec1c908bbb3683d2e88aa9173,Happy,Happy,Happy
NEW_24ee58d2ff812e2544a78fbd784b36b0e891dd2b0729a5592470e866b2210737,Depression,Depression,Depression
NEW_24f1cede35aa31ca8663630b0cecd22670fc256a4c100e2c3d41de9ccb7e2ff8,Happy,Happy,Happy
NEW_24fb140336741eb2a1c0130b7c349c442a640e1e28ec0b07490878120e5b07a5,Happy,Happy,Happy
NEW_2502a20ba1ecf044c104fd37e425a6cbfb19186b6b07ff9c5db0eeb3cdbc0091,Happy,Happy,Happy
NEW_25057da382f4600100695944fc95b9a7c6d158149ef295e19cffce2a9b0724f6,Neutral,Neutral,Neutral
NEW_25080be624f11eb15eb2d097533c1bed9f1d17db74c269216a18946472b8d19b,Happy,Happy,Happy
NEW_2509636a4659d081b8b3587db7f1e64ab652ef05d94334f6a2be60bf6af4dc99,Happy,Happy,Happy
NEW_25097ed1af29559983f6d1fd2b1ea9b73714afcd871cd49b37875ff975b4b0bc,Neutral,Neutral,Neutral
NEW_250ffa0603e66a2687d69b17e2b06b7cde6dca9e02ecd8f6898c2a6e31d09232,Happy,Happy,Happy
NEW_2514e811e84d7ec1df4d2e2d4bcd4baf1840ff2d30f98e932af1d4e7b029bcd1,Depression,Depression,Depression
NEW_25172563c0a5883f355eb6f373effb45a498f649023f5f291e832f3d2b70893f,Happy,Happy,Happy
NEW_252e942b78ca79c88bc3dfa801b727c2901536bd32a550a3eea756aaaa34e434,Depression,Depression,Depression
NEW_25307a262daecf3e9985fb2e344d3c8faae08993ccb1141b89d39fb169382dbe,Happy,Happy,Happy
NEW_2534f0f973db746786b4e2d3b1dbdfb8eae916b2e3b642f8a546ec2580589c01,Neutral,Neutral,Neutral
NEW_253752e7629be464026ce7180359e2e47256e44d009bec1a2bfd2c0655bf7165,Neutral,Neutral,Neutral
NEW_25514e9ff0128d606de098ee53e7c47f50995892a0d692b37105c16919db55f9,Neutral,Neutral,Neutral
NEW_25541597e88f76da2c2e1c9689b8c06dcb1a5c8d1ea094a87c5768b1ac7e906b,Depression,Depression,Depression
NEW_2558786dbbd6c17275d867fc2a7a93f09655d5f5620ace2dd8ad47b584841696,Happy,Happy,Happy
NEW_2560a01e48ecf9b79e45d24d06b8d61755432df377e3d42bb0ab7172bafe0b17,Depression,Depression,Depression
NEW_25694be46608fd3faf378511b1ce37fe35eaeac090d68d38be1b0f1c2e68b5de,Happy,Happy,Happy
NEW_2573793e464b8ad9dda21451fbc294f97a8357f7e58a63585ba52c665c5431d0,Happy,Happy,Happy
NEW_257775f2d84a5ea3eff75da18e4d7eb9a9f1fed42f9f99ab8c57f136db33054f,Happy,Happy,Happy
NEW_257f77b53e87a93bec5737c8589b8672370c9ec9e56967e1df273eae35812bd1,Happy,Happy,Happy
NEW_2581c2f85a6fd3752659e2ed3f8f93fdb80439d13bd28bd858eada7f5036a476,Neutral,Neutral,Neutral
NEW_2582488e6523f40dc659dc800ef5b43861d9ae1ed1a303f458e6c842235fb6db,Neutral,Neutral,Neutral
NEW_2582e057b0385217a786418ddfe0cf4f3a4a491e997bbea74f78bbe32a8b8c32,Neutral,Neutral,Neutral
NEW_25885fbe63123ed54900f7ed96c37584bc648199353f259ad79b12449fe4c0bc,Depression,Depression,Depression
NEW_259155ec207e5ab8b7434879d47822057143ac2ba97d8ca0bfac2c60936f4117,Neutral,Neutral,Neutral
NEW_2592055494a5cff9e0d536a2a2aa27626bbff8f18feffdc755c5b5a07190cf12,Depression,Depression,Depression
NEW_2593a5f367f19ab6b0568603fd5d05edcf66885a6b01781473d608f4c3a5b5d6,Neutral,Neutral,Neutral
NEW_259451971e1dd1527671e38a2d33d42ab3d35a719339412a497264b90fc98666,Depression,Depression,Depression
NEW_25a452b57a8f0795a62248222b175817858a64f0995d8f3a70889638feafd7da,Neutral,Neutral,Neutral
NEW_25aaed4c317215e51fe3327c21b0f638606a4b31427ad4e4916482d3b19c1778,Neutral,Neutral,Neutral
NEW_25ac589a263583a39dd7033b83d37b9a5dcbe3083b99138a3807c71cafad0dc6,Neutral,Neutral,Neutral
NEW_25acd275e9efb4e990e0af99e9a8dd066a14be0ae81892637494f154bbd1bac9,Neutral,Neutral,Neutral
NEW_25ae664b7d507c382b72f61589b741e9af655cc85b32f76b0dc21f8ee3b6ab5c,Depression,Depression,Depression
NEW_25b4fc94b51da976b5a9840b495b8d5a16f3c3e22e5f02eaf4a6189e9ed4e35e,Depression,Depression,Depression
NEW_25bf344199a62baef4c6e29885d26a57c5219d51b5b3c5d78f57c0c60e9ee942,Neutral,Neutral,Neutral
NEW_25c54ff35fe53de8effc04423221d6d41bab69eb41c2942a69112a8a2e5105bc,Happy,Happy,Happy
NEW_25c9336a740c5ef25609b9f174f392eba214a59efd9b79cb5ee15ee235d8a4e3,Neutral,Neutral,Neutral
NEW_25cf401980e23e837b8dabf493afc0d95a151c2a6969680225b8d3279ca2824c,Happy,Happy,Happy
NEW_25d440206fdf922844922f40d2b52b461236228ab3f62f137d4eae912a15ce92,Neutral,Neutral,Neutral
NEW_25d98688df64682162f7b8f2b50014b1b5ffc9aaba25c0e37c9246b3646fb55c,Neutral,Neutral,Neutral
NEW_25dc43d94cfa189d41ede5840c3108957ed40b19c445175e4dcbe73957d2a230,Depression,Depression,Depression
NEW_25e8a5e39788c54340c58a3be94bec8856a5411c5625394b5fd714ea04cf4995,Neutral,Neutral,Neutral
NEW_25f6f31df8f126f5c13f0c922a64e04e5659739bf009410ed4e7ea2b193ff112,Depression,Depression,Depression
NEW_25fd537da0e3fc8fd91b49a145299d74705952ff8e098633833d2b6ea6cf8b45,Depression,Depression,Depression
NEW_2605ef517eefecc8ad1cfb276b4fc52dfbe13507d40d6ed098d0f9c5776e7943,Happy,Happy,Happy
NEW_2607a8537839d51ff63858ac0a5e51c52d37e5c72dd5886f007e8172054745aa,Happy,Happy,Happy
NEW_2608664aedf87848cb286294ef5f63b5253ea417ca68a8d49bc6ed7c25658338,Depression,Depression,Depression
NEW_261c6e443f27ce6c250b376bd75ab480ea25e5eeade27958c07af6261c1b5f82,Neutral,Neutral,Neutral
NEW_261fa59f2430d1dac32668015bde40cc567dcac6b15c2ac51d3036f18e3f5052,Neutral,Happy,Happy
NEW_2622250f6b241fddbba9805a14105c2694324030687edf8ce4e20560cd542940,Happy,Happy,Happy
NEW_2628d58e3d2e662cbaef87bdba6ca6ed42ae03d104bfae8158aebe40ce61dd14,Neutral,Neutral,Neutral
NEW_262cbe7034baf8f80cef4323174867d3153b65e21fb6d74ea1da98fe53c17858,Neutral,Neutral,Neutral
NEW_263bcf7cbcfbf5277f5165c359ba8502aee5f34b3c2a7e993a89619a2de9180d,Happy,Happy,Happy
NEW_263de36c82e31ec3873d15fc4e6b67628c20ea0a310d0d05fb6c41806bdb3a0f,Neutral,Neutral,Neutral
NEW_264404e11bd14e4fe9332e18f24ddda82a6aa9be6de0091522d87c48096eac7e,Depression,Happy,Happy
NEW_264ba363c2d19d11da7b49fdb3fda4e784a897a4952973906025f0f7c1e8d5ac,Happy,Happy,Happy
NEW_264bed29e80228a8dcc91a4cd7333386e4213d69216606d9d0649e92b3ab6baf,Neutral,Neutral,Neutral
NEW_264bfe666680e4cec3d50977adb5cb39b41c78ccecda1f7920ae85b1d04f3d07,Happy,Happy,Happy
NEW_266c44b4edd6d3dfeffb0e061e7a734673cf7624eb012f50665d51bac1862b4e,Depression,Depression,Depression
NEW_267fe2d71684d24a3fa4413219ed8f14f6d931c4a617a40f535543429e6b4c5d,Neutral,Neutral,Neutral
NEW_268113adfde5a5a699dc04011d949c573605d12174363510fdbb5aae8d875d17,Happy,Happy,Happy
NEW_26895d87766a6dcd8ad60dffde73eced857bab6ae2d1aa27bbe653fde7543232,Depression,Depression,Depression
NEW_26930c68c6da059a311f5381ef787834e0b1c3e54749e9d92194ae156e9aeb9f,Neutral,Neutral,Neutral
NEW_26999901b3e8a09ef93ab2fa11ef4f7aba554ffcae88b2daa2c4b4c2c54b7dab,Depression,Depression,Depression
NEW_26a198f179b45843f5262c88e5b763030ce101b96914e95ff2512398d7a7b057,Depression,Depression,Depression
NEW_26a2af3f104540e0eec4a436b298d692396260aa8d2d30c6e6cf9c187fb25da4,Happy,Happy,Happy
NEW_26a2df136aa18e9144569bcdbf1f46319ed48d0c44a1f3ab799872f2a15937dc,Happy,Neutral,Neutral
NEW_26a764fdef9b7883d19dc9bc7b86c82ef5f869eeb00067ace48184bde9ad7ed2,Happy,Happy,Happy
NEW_26b744c2cced35609a786504afacd71e68014a359de39192894371ece8fec9f0,Happy,Happy,Happy
NEW_26bbb466b70231b90e9980251e92d379b84fbd6a7889ec90e50e332feb2ce6bc,Happy,Happy,Happy
NEW_26c2ca8731d6fe85b12b46e25e51ff708ca8b03cd98c7b5718e461886e64f2f9,Depression,Depression,Depression
NEW_26c861139143a96f8d07aa3bf9879c3ca0ea07d5395e5e83413e96d5f44e2604,Neutral,Neutral,Neutral
NEW_26d52b331f2eef2012faaae1eb60b21dcf39eafc6acbaf3e9cd134cfac3d781e,Neutral,Neutral,Neutral
NEW_26d8519ea74234ba9da7f49af7cc242450c26f19c3fba7aab301338aaa0f631b,Depression,Depression,Depression
NEW_26de56cae32e6145fac0fe3ba6902b84f47522b3f03ffdd7c09a8eb989bce0bf,Neutral,Neutral,Neutral
NEW_26e0d5f4a8847921b94febfb572e59094f9baa48cc2fb32e7089a8501bd0e2ef,Neutral,Neutral,Neutral
NEW_26ecc5d989a6141c92f4787bc6b6a98e8d479fb849f4c4c84e4e9ea521d08548,Happy,Happy,Happy
NEW_26f27a3311a7a5ddfe1e3cfbae7a521db550f7a3bd3099b06659cbe20b0898c9,Happy,Happy,Happy
NEW_26f67d7e0902f49366ea63bb9d9c54b8b9f3ed32e9a5f3014f53ca2212078e19,Depression,Depression,Depression
NEW_26fe131d755ceb2d2f1f9bbab5083800bc06da054963735cdd7c564b574bd618,Happy,Happy,Happy
NEW_270e6d5e3b5d36b0910084d9c450ea986832291220a34891f2aeff135d3f15c8,Depression,Depression,Depression
NEW_27199c75824966dd76dbcf98b0a93d3655082f35338024e6ab7b452d5668d970,Happy,Happy,Happy
NEW_2720290f2bc7a9642692fb682d1053b0845ec73d4cb1c5b93d815727632cedcd,Happy,Happy,Happy
NEW_2722fe45345ac6059b4482cc9cfbe44e8b9c5a8467ac98a215aad1f796038acd,Depression,Depression,Depression
NEW_27249d47ada5de72e85ad221c50c4f96d303aed61c098cd7dd8db04d8fef9a2c,Happy,Depression,Depression
NEW_272d5f2466366fd63bf1de854b6742b9384953809ae4546133b6ef78ec03185c,Happy,Happy,Happy
NEW_2743b936f82c65fbea0f13f6bf493f62b61b0bb9011e8782656577f99d7fdadc,Depression,Depression,Depression
NEW_274a93be7661a2e24a755c2180dbb2f07438f7978019968208af3789e1e13ccb,Neutral,Neutral,Neutral
NEW_27553a6cc5575a97f0c57ff94dfaa6f323e5cfd2f6bb9a44970f22149099b5fb,Depression,Depression,Depression
NEW_2757c05cc31b3fd72e5edb53ee4ffcb818a52733b4d4e4858923c3f826f2bcae,Happy,Happy,Happy
NEW_275d2f1a763570b11b80c9cf15b7e75d98f05be7d475ae560d6531d4132c90ba,Neutral,Depression,Depression
NEW_276971d897816c5e018a9713b5ee86b2fe98abf84ebbd6cf38a0641bb433d12f,Neutral,Neutral,Neutral
NEW_277365b7b86cfd76fa7773149781ee0ce9710c671eaf71d8a0047f467d4e49b1,Happy,Happy,Happy
NEW_2779d44ce8c3c2831c520f442e01ca490952f4ce7c1ff9c8ef609521f187254e,Happy,Happy,Happy
NEW_2779dd3ab3c8ec709eab15f9f7c3b8443c11242c4da8154b42197091b7b78246,Neutral,Neutral,Neutral
NEW_27939773ee29fe06c453272dba4217a6cc763c2d62955f486d09a8d346d9088c,Depression,Depression,Depression
NEW_27940d4a1bacf7b59393f033f24d64cdffef65582c7e1a2847ebe7f05919d3e0,Happy,Happy,Happy
NEW_27a3372c225267fbe799748aaf82fe3d8db4e11137eca2da6926f3488d74dfbc,Happy,Happy,Happy
NEW_27a508f4c7adf419e5747a95e19fa3f812f813b55c58daedab47ec61424b2a61,Depression,Happy,Happy
NEW_27a8a7349fec4f0ce42362dbde042a470b10f830db527251243c3c36a086c788,Depression,Depression,Depression
NEW_27b41eec08f506a1d0768d3c406c5de777431e531056858c4b483661800d22b8,Neutral,Neutral,Neutral
NEW_27b8e702b24712051ab390abcd33c1070aea422a49ac0cfcf2ee12ff3e4bbc38,Depression,Depression,Depression
NEW_27cc1b34a2785eb77d2534479b0f0a0f95a61caab6573af0a747788758183773,Happy,Happy,Happy
NEW_27db13ecff5a13a45b0bd62b1e6fd5b578d73565e0208e701f8272b32642a1f6,Depression,Depression,Depression
NEW_27de960fecba7b29aaf56d225905e6ff9f2fb7ad1b6eb2749addd3232efe9ebb,Happy,Neutral,Neutral
NEW_27e043111735c88f83e262cca353ace31c4578a9decd08e10fd2684f564618d2,Depression,Depression,Depression
NEW_27ea351cf743c1fe88ed166106ab682957372676c063a66adf3f2d127d1eeb9b,Neutral,Neutral,Neutral
NEW_27f2dd1d614abc3f9a00744db90d1bb4133f244099989447b09cd719a080f3a4,Depression,Depression,Depression
NEW_27f5d8c228eb10a4606cd3cf01a7769efc2f5167b0875ceaa2dd13ba5c780c22,Neutral,Neutral,Neutral
NEW_27fbe6a658376c34035ff6133a32ddaf53e40bf8f8aa8fe0a730a861357f35fb,Happy,Happy,Happy
NEW_27fd2c4cd1ea55f697de7d70a5a9598bf9ebf4ff3a78bc439e8a1f6e450670b4,Neutral,Neutral,Neutral
NEW_2811a6893d811d082b1b6c5f2895384a9bc712b6ba1004b5f7551471a8c50631,Neutral,Neutral,Neutral
NEW_281683312421ec7680e5d2161ae9d574f7047856f28767f72951d96d1c9edc23,Depression,Depression,Depression
NEW_282554fb8078a1627b1812cb3941befd7b5a013997eda6ef1825d0f4fdc9b570,Neutral,Neutral,Neutral
NEW_282b0fd77ce1f3326bab962ef477bb3a512cd98cdd5a0693aef967a263d99c5a,Happy,Happy,Happy
NEW_282c7aa454149e77c8e11eb54ad36e274e12d3d93660ad2e6adc565f0dbd7ab3,Neutral,Neutral,Neutral
NEW_282ca6d8552dcdf67e1478c2c403cc1a766cdc468355b7058b508c68effbeeae,Depression,Depression,Depression
NEW_28337447d03694d63e83ee5ffde3e00d1d88b041392299466784d41e4520381a,Happy,Happy,Happy
NEW_28389253f9768b118f89b57e954d276de62e06faebe0ecf522629cf9b1dddd69,Happy,Happy,Happy
NEW_28428b6c8b5795e36c27a1cf92fd52afe2cf7029dc6f0c29531831e11e7bb8e8,Neutral,Neutral,Neutral
NEW_28496e53b694595f76c849b499174e2a9c51f9c589a4f97608db13fc5ddc8797,Depression,Depression,Depression
NEW_284fd31d797ebcacee312348bce74c5007795f9e872e27b874a0b4dfbdc98ab8,Neutral,Neutral,Neutral
NEW_285304f247f95c934851fa981aa440137c11c66a577f19fa0bb0140612b9173e,Neutral,Neutral,Neutral
NEW_2859c2e7c63698b1e83e6eabdedffe10fb61b6291fb25d1ff7b5bd5ce5bd44a8,Depression,Depression,Depression
NEW_285d4a9464926f8e8f4ba9d4d4d7f2da8f92d6b5e9566c88160902901e3a92d8,Depression,Depression,Depression
NEW_286e7aed2d197e2ae8797ff1a62f9c6819e8cc8b58954a4d41c1f40420d6f6b1,Depression,Depression,Depression
NEW_287c13fa9dd256d460e12bc92390f559a8dc45161db3d5b1d5fa698bc1461981,Happy,Happy,Happy
NEW_287d25ba17e3b70dffac853b2ae693ac81c0c66c0e4ad183557d49ff474a996c,Depression,Depression,Depression
NEW_288a9ed1d062f51302c8bb7ab1700d66aa73c9d47908ca9ca27b801e04db2720,Happy,Happy,Happy
NEW_288c3d1723a3b2104d129695701c56da22cc6703c8cd45954096920b7220319a,Depression,Depression,Depression
NEW_289050074ac6ce9c307f80fd84cfcfa94ad825f1e0b8477035cc72f61a9b8adf,Depression,Depression,Depression
NEW_289bb8a2611ee40d253587a244bdd3360d37f8f7d80cd524f63609a9f10520be,Neutral,Neutral,Neutral
NEW_289fa40f1ab95ee7bbee53feba6729b56b0cbe5a823da7243e7a300095a0424e,Depression,Depression,Depression
NEW_28ae48b11381f8c90837d0d1c825dd84140ae51926ffaad40f4ca56171c95255,Depression,Depression,Depression
NEW_28b87895acda7f8864e537e79fbd4a139ce97ffe6923f8f7d69ee77f19e26f45,Neutral,Neutral,Neutral
NEW_28bfefceb0159a8176a2402ce5b956cfa610a7e132300d634d6cde6a706aeae4,Depression,Depression,Depression
NEW_28c331b5a2942119ff5a85cced10fa5d8b3224ddfe619a799e6ba909553999a7,Happy,Happy,Happy
NEW_28cf23cca350fdd1389036ce3c518d0320a33f19eae5cfcb26d81966c674d81a,Neutral,Neutral,Neutral
NEW_28d0bd9bd13741d87dadf949477ef4412b3fb0ba3aa596ecb1617bd3f4310be9,Depression,Depression,Depression
NEW_28d7381394fc1f95c76a1fdbe7131ac482aa9e9e8d42553b4c23f125510fce0c,Neutral,Neutral,Neutral
NEW_28db2b1e47aee62cd895342fe5e2bb3e171c9c90d9f0a86ef1b64a874224866f,Happy,Happy,Happy
NEW_28e492ca5119614f52f28792eec02d5aeb2e3ab848bb48ced40806f1912bdf8f,Neutral,Neutral,Neutral
NEW_28e50a7d570a36af4e0ac9034d6cde270f6ad4931a41a1b4cdb0ba1d3eef3c21,Depression,Depression,Depression
NEW_28ecf326a67e10a578f07f3493db3c8f6598e92da1552ab19f24bdbfa40ea9f1,Neutral,Neutral,Neutral
NEW_28f2fb8b93d41f9ce38d2912504a5c7ae07806475196e582c308f78c01afd870,Depression,Depression,Depression
NEW_28f50097bd85caf4e55f5cb4db8a1cfc1b6fd7039c9328e1ab35d835766ccfbe,Neutral,Neutral,Neutral
NEW_28f5bda056c273ff7ddecde827d85ab45426ad9c011d906ccc8b549631d70860,Happy,Happy,Happy
NEW_28f7f2bbc7b4c4157d2651a3a37b8a0c0a20731c8b35ffc969013fe38f9d2e99,Depression,Depression,Depression
NEW_28ff516b790112562b8ac020109f10444ba902b27208b072f9b58423c55bb714,Depression,Depression,Depression
NEW_291337408c2c9d4140378e8c48f750ce9a54b566c59a717b62512f6ebe6f7a2c,Depression,Depression,Depression
NEW_2920f7edfc37b5db06593d16e064281aef0b892d31d7796208e416c72f647205,Happy,Happy,Happy
NEW_2929641d30bf1ccd9e84fe52b98be1a8fde238c6d60016bacff253a49fb153d7,Neutral,Neutral,Neutral
NEW_2933d8e68fe4024dd12c26f3a652cfdccc9b82552ef43e101c163aab542e7dfb,Happy,Happy,Happy
NEW_2934c6dfd98beb86231baccf3920baef3c19012bd9248c44d305372ce7af4435,Happy,Happy,Happy
NEW_2937bc58b14d92240fc3fd8d08f4333c9911433ee30a0a3feea7a73e3dfb0a86,Happy,Happy,Happy
NEW_293d59f79f963e2ba5585d68115279de410a8c963fef4b4eaab0f8fccbef01b4,Neutral,Neutral,Neutral
NEW_29400f06404a65883fe5e1cb2bed331a8aac5760403a6b9a7ea95df92d9a83e0,Neutral,Neutral,Neutral
NEW_2940ae4ea85e344e584384fdfe0f42c3258a9982abc5fc3027b95d5cee1cc506,Happy,Happy,Happy
NEW_2940ba2adca06847e54db086bcd639039b9a4ab788fdcc17232da655ca5a3c1d,Depression,Depression,Depression
NEW_29466f150bd6db12ac2dd95e9de9d06ceddb1e6da41f19429a5a79385c126042,Neutral,Neutral,Neutral
NEW_295164078bcb399b993f80da446203332f3bed4fcd1480f40a4b17cf155c888d,Depression,Depression,Depression
NEW_295a970f50330a31ca0b84d0fa1c60c098ad3acef5f8affcf0c0977ba535e6fd,Neutral,Neutral,Neutral
NEW_2976d176af30870bfbb2c858c3948f2739ebe3d7093fc13d845eef8a6cfb8b89,Neutral,Neutral,Neutral
NEW_2978163f02885c14952cb5d9479a4410a21f5f2943cffae40d13b4a89ee5bec3,Neutral,Neutral,Neutral
NEW_297a2ec62ee05fb1427e06e9bcc940fb8b4c206cdb742aecfe87a4b10daa0caf,Neutral,Neutral,Neutral
NEW_298209f3af7fce0fc22a1f2fa5fc2c0a6a940ba336e7807b6b4e518d46a2d54b,Happy,Happy,Happy
NEW_299044eb8f0b1a2660e67029be4458555b9e97d2fed1d56a7cd2bb95adcc36c5,Neutral,Neutral,Neutral
NEW_2995c0bd291c2c9595b81deee22e9e6a570215d08d696455b9e17da2ae943193,Happy,Happy,Happy
NEW_29a4bf3672e09c10d6e5de2b5ee76fe9a332bf42f7c1a79407b2db9fd53d5e5f,Neutral,Neutral,Neutral
NEW_29b045733d9157164b88d5a6652011dcdac9c925c2f0ac6089437d242391804b,Depression,Depression,Depression
NEW_29bb8c1d066ad29ed760df99041042e5b46d8eea62d9c8c31c88affa48ad7e10,Happy,Happy,Happy
NEW_29bd9001aeff75d5e4247f0e22be4dfab1b451d09921369d934813c155c2d592,Depression,Depression,Depression
NEW_29bef9878b42c3635cafeb6bdcf5af611f27567c38ff771a50f6190311f2d5f5,Neutral,Neutral,Neutral
NEW_29c3c9e7ec61b6e3ede5064981cbdf32fc559153507eeab46a6a30d54d8c85f8,Depression,Depression,Depression
NEW_29cce39e176320276f4ec77517bb61f64364269ee31347d6a5ef16a6073a7574,Depression,Depression,Depression
NEW_29d67e496bfdbc9117497dc41d1d43dfa946c16d3b5f422248f7fefe4529b418,Happy,Happy,Happy
NEW_29e2d7be3b69f6e182201adb978da17922e013cf0e4b36fcf3f03450be6296c7,Depression,Depression,Depression
NEW_29e39d913727135420b22ebe72223deaf414a1088825b4df746ae6d6c9a5e23e,Depression,Depression,Depression
NEW_29eef72824d1a99321f6945a61371c357612e9e11df5aa19207553635b8c5fb0,Depression,Depression,Depression
NEW_29f2591385771308fc4050e61e342e18a6ec6b0e32b9f2ff5a4ed0e08ce15a0b,Happy,Happy,Happy
NEW_2a03f15cbb9b6b8eb13e86d718498d8a8df9fdc53b0167153fa6e990880907ec,Depression,Depression,Depression
NEW_2a06bffe6d0bca2b6408017f4b1b32410fc1dcf22e6aeb2d40112b2cafd3dad9,Depression,Depression,Depression
NEW_2a09c4ac8c536ec70243d880bad985ffe88f21057022fde4290f13775f6758ba,Happy,Happy,Happy
NEW_2a0d068de3a23106a241a983cb95fae548ed3e1e97fcc0f915fb5f93fccbd0e6,Depression,Depression,Depression
NEW_2a13016c49340fb96118a2612ff8b89d75ccb94bb5953ca7a173252df8d0c00b,Happy,Happy,Happy
NEW_2a1f225a61c5c55fa815adf55f61cee63755a20a04b2865bde2fcf9b2dd10e27,Depression,Depression,Depression
NEW_2a2cf687923fd755bb9964854c816be7ea2e38d0c0817e2f431903e4696ff45c,Neutral,Neutral,Neutral
NEW_2a38ad274936d0a2babc7e988d5c454365c5ca9d7d1c9e1bb75769a0b720e267,Depression,Depression,Depression
NEW_2a3c86f6b340d0eef3ed93f733334a2e4cda2bb3de6b8b423627ff52fdc91fcd,Depression,Depression,Depression
NEW_2a643df46996062c94fa885a81c6cd8cf073f4c343d2a48b93ec43cd825fe6a5,Neutral,Neutral,Neutral
NEW_2a66793dccc83205f6c047b597d137704c2809344a348a7dcafefce39432c8b8,Happy,Happy,Happy
NEW_2a66a64de82da2ea710a35e6829328d278e3f7a176df55d5070d144501e0056e,Neutral,Neutral,Neutral
NEW_2a71d9d0652502c8e74efff95ebb791d33ae2a9bb08f402ad14ebe156efd771f,Neutral,Neutral,Neutral
NEW_2a7969d811f2978d515a06dba089ca0745b79d83046e311f6aa805605a696954,Happy,Happy,Happy
NEW_2a816e5fe82712d08e29f9fc63cf7a389dd673ad013493c10111b412304df412,Neutral,Neutral,Neutral
NEW_2a8333678b61c09269da171a740256f0e53054fd6ffe4190b6595e42a41b3cd3,Depression,Depression,Depression
NEW_2a914c87a9781cc4cae38887d6b5d06e8bbe1aa84238645bd17f106eec5cd165,Neutral,Neutral,Neutral
NEW_2a92ad33cdf675c0708b9d554d1da710ce5921a24100a4b4a6bd8f3588c60bc4,Happy,Happy,Happy
NEW_2a9ba48c2f7ade00cdbf74013871f268afec16a7db832e350b55341065a3a784,Happy,Happy,Happy
NEW_2aa01c88137a1f223bb5f8c10476fc208c23dd1df9e2739ddc03d8103fac2728,Neutral,Neutral,Neutral
NEW_2aa03a56b3e7f4a0f5b6ec11fa0b2ba5162466481654b253f5a9472c84c991a0,Depression,Depression,Depression
NEW_2aadea76d3fa18638ca34b7b391410bc8e163f7b99e56bd296eb212ac2f148f8,Depression,Depression,Depression
NEW_2ab135ab5c80b11e968e37aedc25ef314b39bafaffc73aebd2ba6db70745f0a6,Neutral,Neutral,Neutral
NEW_2ab2037974132f0f76bb48dd3264ac3c6845f7f5e2b4eb0ea2631d401dad9b15,Depression,Depression,Depression
NEW_2ab6e62bf1f05c02e6afe44af972100d4e04a295cdd411e8413a87465843bd93,Depression,Depression,Depression
NEW_2ab7cb4504fd84af1413681253316eaadf3cd338c0d61a1f3448a79c072ad4fb,Depression,Depression,Depression
NEW_2ab7d4a4ba547e8ebcf680c57748e278c7fbb556609de7560c99d5dd7e5643dc,Happy,Happy,Happy
NEW_2ac9273064f456f46dacdb486aa46b0ccee03b220eea3ba9755ece7bb30bb7ee,Happy,Happy,Happy
NEW_2accc50c1fbc060720aeabb7cba0a75a659736334fbc9a8f53218d28c66d4aee,Neutral,Neutral,Neutral
NEW_2ae0cbb922af60d49082af7767789c832730bf6d4f8e6e0f98080628d6986a59,Depression,Depression,Depression
NEW_2ae606e196fe42fcf0c8b48a5c0c536593f6190ec334c99c932e52daedcd4a53,Neutral,Neutral,Neutral
NEW_2af216a7a35c55995dbe0d13163c821cb01c7d680d6dd1cef66c6e900a5d2acd,Happy,Happy,Happy
NEW_2af44e50547622dbf7b2bcbee23cea14723d315a2d3fdacc831337be9cba8b5d,Depression,Depression,Depression
NEW_2b047a699c0c622abeefa7531e88472f07c506f7c0a5ddd96eb14af9eb5df784,Neutral,Neutral,Neutral
NEW_2b09288721a693fbd5f19e13409e40715694afcedb420adf75842dd6f7085ac2,Depression,Depression,Depression
NEW_2b0bc0a98e37e16568716de352278c5ad1cfe3968e8fb03a6d84c465fc1cd9fe,Happy,Happy,Happy
NEW_2b122b4ec567038536e6018d5f5b9ee87397459e6a844f3f5c4f09cdab0a39cf,Neutral,Neutral,Neutral
NEW_2b12d9493e488ab796a95b070ef0fd10298c49daf957eb71b9d55d025429e654,Happy,Happy,Happy
NEW_2b1d726067023eec9fd3bfa680e6028970ed88eec3b07612812a302bf7c9658e,Happy,Happy,Happy
NEW_2b2a9fcca6e473ce552dbb6fd7692fce9c886aa7526765dd761bd9db8dfd54dc,Depression,Happy,Depression
NEW_2b2c95238ee72d0b031208675a8350220156fe5836bd1b853939e92ac86632aa,Neutral,Neutral,Neutral
NEW_2b35b88048c2af6a2ed7582c95f71488c5f4fdbe7fe2eee61e589e2effaa77b8,Depression,Happy,Happy
NEW_2b40daffcbc0bbb73d546e3e308c6e34c9235a36c6fdb2db0f98b819097f284b,Neutral,Neutral,Neutral
NEW_2b4c3108dd030d45df3af8dfab4e6e1861f2fdc81295fcbb0d5dcfce818bc9e8,Depression,Depression,Depression
NEW_2b5765edac6bba08d422fb49685581819ca189dcad88fb42e073d57905eff570,Depression,Depression,Depression
NEW_2b5d635ac75d6653339033175288b586fcc7064fd9a34aef0a89cfe848aa21bd,Neutral,Neutral,Neutral
NEW_2b6041bb2af799b162ddbc56325c006681280c5c6799a2a7e2490991ce324936,Depression,Depression,Depression
NEW_2b6f4eae9d7df3df627e2c70f97e003b1dff367e12089b4f0e0a854ce1d10dac,Depression,Depression,Depression
NEW_2b844b41f1ba563baf6e39c87ba6edf2ea8e5bdc44e66b20f6fe3552ffb21677,Neutral,Neutral,Neutral
NEW_2b87eb383b8a30263413e4d920ad54f162d7edaa01376d3f196d0aaafc6623b5,Depression,Depression,Depression
NEW_2b8dfc8ca1b26e4f86119b4120225f92f0f791761dc5b3c2c90b6b341641dc9e,Neutral,Neutral,Neutral
NEW_2b968a72c156bfaf86096f858ba5806c904953e5757cda63eddd3b5e47adc52c,Depression,Depression,Depression
NEW_2ba829570be476e9416f13bd82a729c74006cf101294f897b39fbaf4ea23ab8f,Neutral,Neutral,Neutral
NEW_2bac7cea875e8c5e06aef1295ffbcd5fc1016679838ada17243e56a36e58ef77,Happy,Happy,Happy
NEW_2bae772828f6baa3164616f8894d4c9632dd4c93bd280951c5d2f1f7368e2415,Happy,Happy,Happy
NEW_2bb2689f1a289fddfb0060dd99ae7c4b89251350bed73c06ed74fba3b52b95a6,Depression,Depression,Depression
NEW_2bb46e0660742e9f1fd15556e212100c565fc0ad8b49b53fd1f0096ef354972f,Depression,Depression,Depression
NEW_2bba6d822cfa3b7ed1e3693c6b8da3b80c6e1d1d467d960fd8301274cede39ff,Happy,Happy,Happy
NEW_2bbd2ee12d04704acb11aa54af0e643080970cd881a11898800954420f48dc54,Depression,Depression,Depression
NEW_2bc8b64bade33d6fdc885e93f86daf3c85c3d0bf17fd4bc155c9dc42c1d51d82,Depression,Depression,Depression
NEW_2be96b99d250afe8af72cea2c976a7617c2e019b02c56a6338d139228567a3fe,Neutral,Neutral,Neutral
NEW_2bef56f7fd4c064ace02b021bbbe2d7869529d5c8495443c5e15a7acc2a078ce,Neutral,Neutral,Neutral
NEW_2bf301dd0d849b1e6b3db6c9037d2a378d43937e023853cad3fcbd78f312d2a4,Depression,Depression,Depression
NEW_2c002b8a613f96f9ee6478d4be74594b84ac838fd728015da26eba1abe4d39fa,Neutral,Neutral,Neutral
NEW_2c05c3fb37d4ddbe52c1ec028ba21969d5604c3aff1c86bdc8297e42c5790c26,Neutral,Neutral,Neutral
NEW_2c07be242816d5f198ceb2391c5b3e760c8625b6b106927b13fc5b394e2341e9,Happy,Happy,Happy
NEW_2c0cee89d7e124cf1697808945dc4588ffd08b6dada581dfd7d63d9111215836,Depression,Depression,Depression
NEW_2c1762fa8e44bd4b24277253f99a7b4225a004eb3a66b57c93fa9116492a594a,Neutral,Neutral,Neutral
NEW_2c1ede0397b0148f941196d40b9bc80411d80b88071ad2f04375c6c09104c539,Happy,Happy,Happy
NEW_2c325b767ed3e638accea0959a7e6bdfe6f02ca0744e3a2dd492382e938c15d6,Happy,Happy,Happy
NEW_2c3561736fdf406bc257c3d563a50daf085492369d090fe5e1fc53a0419c888f,Neutral,Neutral,Neutral
NEW_2c3aae82c25d62fdaa423832802e4b90a82536a943d24a555415b6534c15176c,Depression,Depression,Depression
NEW_2c43afef2cb3649c3e012165b9f0bfcfcf1d07b24185b73ce2c5fe774e9026d8,Happy,Happy,Happy
NEW_2c45dde15afeb93e7548acb91b4e5c8fee5a34d0f8bfe9c9eeab32d74312c6ba,Neutral,Neutral,Neutral
NEW_2c49bf8de0bab95f20330ca6400a03bb1110e86269b4210b74d2bfd0c38bb40d,Neutral,Neutral,Neutral
NEW_2c4a80e433344a97402e469a9880819a1c3ccc4bc5895d30092a80cff598eb75,Happy,Happy,Happy
NEW_2c4b251753008f95c9fe6e940ea8b6d7c0e8bb192f94bf6950b61cf0a3d36ecd,Happy,Happy,Happy
NEW_2c556393d357ec1cf437e02825689d9e1d309712efe85934171200293672fe2d,Depression,Depression,Depression
NEW_2c69e4aa856473b2872cf4c39874aecb4ef12f3d666998dc2af8f5441f97826c,Neutral,Neutral,Neutral
NEW_2c7eaaafcc542ac7f1789b85daec9bbbddebb5ea4d6f763935097b84f1384380,Happy,Happy,Happy
NEW_2c80c95ad160f9c402ca00e5986d3fbfd1817d70f09cfc258f246cc8d4351c9b,Neutral,Neutral,Neutral
NEW_2c8b0c9084d0038d7e0184b1289d7adbca8481fe4a67c7c5b9d9f1a6d32b37e5,Happy,Happy,Happy
NEW_2c9d8f0e91455b59db644684fe4f389b198e751160a131a788bb66cfbef9cc6c,Happy,Happy,Happy
NEW_2cadd560534c14f2c5481399455c0f781d225c16f0029c7cfd297b0871adc873,Neutral,Neutral,Neutral
NEW_2cb202c3abf95584761029ffe4a98a5cfbb4c21f7515ff81edf03bb8db1f5d49,Depression,Depression,Depression
NEW_2cb48bcda84c4cbaf6555d530a7f8727d1d64ae9639952eb5178e00ce0a250ee,Neutral,Neutral,Neutral
NEW_2cb64283f75769c773d07b7edc20abad08d6e1648d5e23cdd7b1da028648e980,Happy,Happy,Happy
NEW_2cb8772b217368ba88cc94c093b3beee980aeb65d246eec766fcb6dd1abb9a8c,Depression,Depression,Depression
NEW_2cc4defc8dc6d969419b685a4cb8f2734cbfbd7f769fc4d54ce2589a6603a0db,Happy,Happy,Happy
NEW_2cc726026104c529ec75c6512784f83c3ed033e488b576d27651807c2238a9ac,Happy,Happy,Happy
NEW_2cc73badf73157dec9bc3130ba01d9e5dcb997ea61b6c1ec29577af548a3fee4,Neutral,Neutral,Neutral
NEW_2cc9e27a073489bd685d2e7544d4d9afa3134a427225f7226379fd71924ce6c6,Depression,Depression,Depression
NEW_2ccd7b70ab9b8db927d1677db715de781504d666aac07f27dc67da3d6f29a050,Happy,Happy,Happy
NEW_2cce2f2e8c8e999d0bfa8e2e8d2ba864c6847b2e06c4086f21eb38228228a7bc,Happy,Happy,Happy
NEW_2ce137788413fcaa203e76638cc3d7aae1a6fb8f5ed3443521d3c1e2f3ffd0e6,Neutral,Neutral,Neutral
NEW_2ce72ded67064fb18e2e10ae11ebd8667062c3e6a1c8cd5c022b37ea02e7c099,Depression,Depression,Depression
NEW_2ceef3f8f3db5e2b6644b073c571145f0612de17fbb926ad246fbdb93161a665,Happy,Happy,Happy
NEW_2ceefa6039666d5dc3678fa952a30bd18f695a40abc40ad71771890290de6cf0,Happy,Happy,Happy
NEW_2cf0a84687ffb932bc0f4544a340bd15edd2b575e0172873b47f562c7322dbeb,Depression,Depression,Depression
NEW_2cf269412b6db496beb4adfeba3cdc32b28ae80b0689e8d3d0e100e15fbced0f,Neutral,Neutral,Neutral
NEW_2cfb900541072a6f1ffa1358aa4ba95a34d840a7e9b7b5f31b3fccd571266891,Neutral,Neutral,Neutral
NEW_2cfd4c935988d2ddb742af992a5d1b655df2377a3ab1296eaed24dc9e78a77d4,Depression,Depression,Depression
NEW_2d02c46cc3b0b6f89ee58287723cedd0fbf41bcf8af655a52293e894e9b0bf39,Neutral,Neutral,Neutral
NEW_2d0f471b0c5cae65c5419ddea7c1c5729ec2098ebf0f980d02de5d0c8401b91f,Neutral,Neutral,Neutral
NEW_2d11b044795c5dea41c1783ba5600a2a585ca35dfa7eee716d46522bf7076ab2,Happy,Happy,Happy
NEW_2d22f543eaabaec40d831031c00ae2e9a227e4ce68a444acd33e8b93c2b49eef,Depression,Depression,Depression
NEW_2d243993ff4265b088bb27b5e9765f5ca4b7660c6f98990c58c037f410a097c1,Depression,Depression,Depression
NEW_2d2b7775ffe3a0e1e2fd73ba1ba7225a6a7761459314ce0bb3911cee0848c669,Neutral,Neutral,Neutral
NEW_2d2ba82dbb615ea73cf532d80bba32dccc0d9b7cb7feefb07d45fccb7b6d0ae2,Depression,Depression,Depression
NEW_2d3a036706334547304be1d731c07ceb2fbeda2b8f3d65249ddb06f49e9e301b,Neutral,Neutral,Neutral
NEW_2d3adddba29ba14f9aa5c149c7dec5aa9e5b29e1e7c30bbe2749bc8ad64df285,Depression,Depression,Depression
NEW_2d3c548c48dd2f16d7fc59902d470aa2b79111d3058f7cf17b27f5c2795591f6,Neutral,Neutral,Neutral
NEW_2d3d75bf00ff0bf98a4702055488d4b39166c2ccf512c245184b5d07810d2dad,Depression,Depression,Depression
NEW_2d48d5194d1ece8d0cccdb36911726c2e91321b4b2adaa1c32272d0018875f5f,Depression,Depression,Depression
NEW_2d4a409614bdd2b6b31ea39f13c8647782f2736e51d757967698d6fd08354166,Depression,Depression,Depression
NEW_2d4b21c35b5a8773a08adac18da0bd0804b7504aca27dff9d8edabf2eb8b075e,Happy,Happy,Happy
NEW_2d5a16d40466024781665baa8a0faed2262195a25a6ebf6357389be982a1849b,Happy,Happy,Happy
NEW_2d67e5721b03674fdfaa30ba176708fbe7b09cd00b36ef486818307e56297784,Depression,Depression,Depression
NEW_2d6d9addafbe100e8dc3618424b6183584f17c7ca3ef74d39bd257ddb3b1b63e,Neutral,Neutral,Neutral
NEW_2d729e72b48f078702766940b1fb39a7e9f519d001e73bd2a7e96ad9e3bfd17e,Depression,Depression,Depression
NEW_2d7cda7de2f550e5dac24c69943b79f91a8b9b8fffb1b0428a8fc13b4880136e,Happy,Happy,Happy
NEW_2d8036f8ff585c495a0d18c5bab3590336053366090a177cf23fe0f321d78446,Happy,Happy,Happy
NEW_2d83a011fe840ac6757b50299cd92aeedd53c603197f18e91522be7ff78824c8,Neutral,Neutral,Neutral
NEW_2d8f105bd4e4d2ba96e796a4669ad7dca7146213ec349ed8ab6ff51c18b76b0f,Depression,Depression,Depression
NEW_2d9308a629fa9eedfd2d2c29d89e4c523881c2d20a363aebb7e9e77a671aca5e,Happy,Happy,Happy
NEW_2d99345c0c0b68e8a79cc05ca46f165b311c54175c3277086e725615ec297f87,Neutral,Neutral,Neutral
NEW_2d9ffab6e8212ee9c691637d86d3dbe69457c4e0ff5557f7159b89ec9da581c4,Happy,Happy,Happy
NEW_2da281c813221d1bf28907b98c01a43902707a434ae9354c8977eca27172e24b,Depression,Depression,Depression
NEW_2db044831950984e09e636bd50e76820a5626f3072ac14d9c10dd8f015e3286c,Happy,Depression,Depression
NEW_2db2d711f9ba9d55fd07855d77c440dd6400045c1e6fd938ac9da4515153aba1,Happy,Happy,Happy
NEW_2dbb20c39a5f47698d3bfc54370170c4bf85672f55ed4624424da39701048725,Depression,Depression,Depression
NEW_2dbd1d4595921351c5479f15e96ea906d6d499fc85755718b606b8472609f10d,Neutral,Neutral,Neutral
NEW_2dc5e7d4edb27ebf93147b3c04116c966ae1521e331443fbe0397c58b825d1aa,Neutral,Neutral,Neutral
NEW_2dc780a56043dde8cd87e42300a0375ecbc95bedd7c75653766934eaa33784b6,Depression,Depression,Depression
NEW_2dd1b0240096a0c73bfd881bb6029b0da8d06f6afee1675d3758450ab6cc9914,Neutral,Neutral,Neutral
NEW_2dd2bd2188fa504d428827414cab56e101f55f87943d9d68ac8171b0dfd9fbb1,Happy,Happy,Happy
NEW_2ddb6c2bc5deeeb3ddadb1bf368a68a939480c5d6a1235d22765067fbeb28e73,Depression,Depression,Depression
NEW_2ddcd87400c4175b5a9b0e61c59cf32d0e2fdbe5e086e2cae7e2b02628cba8d8,Neutral,Neutral,Neutral
NEW_2de62dbc9596b0377cb955e0e6dd52b7bd9c3e0e242000d976bde383f3a5a343,Depression,Depression,Depression
NEW_2debf108d82621eeb2f7425dbf0c1370580cf5b503d5a1eb6a2305733982d83e,Neutral,Neutral,Neutral
NEW_2df1a99ee8b2089cd6b1b4f515235725363967ec12d786df7286f8484e9ba8b4,Neutral,Neutral,Neutral
NEW_2df39727b0be5844d2986962b70e0f61f1f9c21b546e3330c6d39c9ec018df27,Neutral,Neutral,Neutral
NEW_2e07e0eeb9125b6b15d7ca0ee5b5bc23a5c628fc268a157fd3489cb99b7c4a3d,Neutral,Neutral,Neutral
NEW_2e0f884810c0ac8453d037c0da4dfc46ca839d369532a657e5c9232e43fc275b,Neutral,Neutral,Neutral
NEW_2e10f2d2715151fef285a90206e81b4be648bd9c82d7fce0337469d6deb5df64,Neutral,Neutral,Neutral
NEW_2e12511d56d9088a13fec7a09feb8318ed09095e793b32c41dd6df4c0a349e6a,Depression,Depression,Depression
NEW_2e159c5bc22319170e180b3482546056b57b1049857bad6be007a68cf06cfd46,Depression,Depression,Depression
NEW_2e1d470cf03df18fff6dcec76f0e151f2173b34b18640ab3937af74f1e316785,Neutral,Neutral,Neutral
NEW_2e2173ce345b553a5e3bd9a76da062ade331c39c10dcec25e80153632c3614c0,Depression,Happy,Happy
NEW_2e26c032872083f292c4eaf079d0a78d3f96e21749629da2ffe28e511e6b0833,Neutral,Neutral,Neutral
NEW_2e2ca5176f965e86e58aaa0da1fdd9d30fa36967ac62b72e83b0a797a11057b9,Neutral,Neutral,Neutral
NEW_2e2d091072c71fba671b45cb0661fcdebddd2fcf30605f65e5f5aba996765070,Happy,Happy,Happy
NEW_2e388f8623786c14311c75461f162c4de11d947f6a98700e7dc969a945af7275,Neutral,Neutral,Neutral
NEW_2e38bb6c62b34574e51f2fdc102fd918f4b8926b675489a5d04200e2c8d2a1e6,Happy,Happy,Happy
NEW_2e3a78d2cfc16f635da4e31840cb9c7da2eb8c0c8c7950adbb1d2f2de4544c15,Neutral,Neutral,Neutral
NEW_2e3dbdafeae2fe3b28252b2683738aff26f91ca601c756cb5ea6eb1e487c9c5f,Neutral,Neutral,Neutral
NEW_2e40852f51eb6c18ffe9e0b4369e7e6e98cacf68f80544ede2446473426530bf,Neutral,Neutral,Neutral
NEW_2e55ead86112b3d99227842f77935fed10c4bafe1f3ab30dc79bc1f2ea4d42cf,Happy,Happy,Happy
NEW_2e67964bad3f19bffa78ae8a68ecf9994143e2cfe0c638302b6992a55c63bf00,Neutral,Neutral,Neutral
NEW_2e772ca44c982fd490c034e18ac929218694adbb7bcedf7b392e1a224de58e69,Happy,Happy,Happy
NEW_2e793a917b5e1c7df130c144e5c312ea82e2b155d8fa18534828eccca93c2193,Depression,Depression,Depression
NEW_2e7bbaf50442f0f3ab5ff8238c30dc0622e024e4902d2f7119436531e87b63b7,Neutral,Neutral,Neutral
NEW_2e88fa47fd2605d6e08bdc7995fd4c18227b3e396ba8131a61e065510c073f22,Depression,Depression,Depression
NEW_2e8a344e9f8da5cbfb7e1f9e5afc020be016995a83a7d93be55c644f82d2bc5c,Depression,Depression,Depression
NEW_2e9d5d62e02066ae222301cf93da45f380c14c35d120088df853d2599fa8b12a,Neutral,Neutral,Neutral
NEW_2ea76d8e0ee65d48f2924281ea24a7ca1620e25d8d25679ebcf6a127bfa700a2,Happy,Happy,Happy
NEW_2eaa1bd76dd863e555aa9d2d84c1a6605afcf53380e2205ced277cf10726f76b,Happy,Happy,Happy
NEW_2eaf8d3f9f64b6d36fc53d90764cf2cd39e5e68774476584e5611d7f2211e89e,Depression,Depression,Depression
NEW_2eb7342a71b62ef3d135ae7dcf87d0df71f5b3c964945341dc20a7803374470c,Happy,Happy,Happy
NEW_2ec6a3adbf73e65734d9514301d07586ba1bb59295c42716b6719eb6071a5034,Neutral,Neutral,Neutral
NEW_2ecbb7b19f40924c1188f7cda3ce25df28a244c1a4cbf83269f6bb26fbc7bb42,Happy,Happy,Happy
NEW_2ed063f3f33a9c4816d1b6d84b4cdf3b5355e01b55a429b9282e83e81d770b44,Happy,Neutral,Neutral
NEW_2ed51eee9930bbd2cc4f906c95692272a109f0446d97f4b44f957a84796f6689,Neutral,Neutral,Neutral
NEW_2ed7fdcb2aff8a1719a39bd8e47f1de3de49cca457e3f3d6c9a31986d92e5b8a,Depression,Depression,Depression
NEW_2ee3deb81f68c903a073c900fb551df2880a4ad495065e71ad356ef3cdb9b1e9,Happy,Happy,Happy
NEW_2ee56668399a69d80ba991f82a2c87177fc37bc2c9b4884ddb65dfea59b03fbf,Happy,Happy,Happy
NEW_2eeb974b8907356fcfc98e703a46c53f49309408ffef4d9a1939487289e75fa8,Depression,Depression,Depression
NEW_2eee80a9f979e1a16ef1697682ef7e6af2653096956525a59fbdb53d01e9922d,Depression,Depression,Depression
NEW_2eef084384f9fb78b065dacb5f07ac8cf2af63770d61fa0afcd1860738bbe241,Neutral,Neutral,Neutral
NEW_2eeffb0a2d4a418ef748ec8b65378b325cca03229aa0cda6e67fac220b031d2d,Neutral,Neutral,Neutral
NEW_2efbef1d21b662c16f4dae70d2b9ec18fbd6f20f66d48c2fe336d7f246f57fac,Depression,Depression,Depression
NEW_2f03465a51fda374a9cb7cb96ef655ba8cec1425e3429f208d913ec4d8d9f2f2,Neutral,Neutral,Neutral
NEW_2f064a1505ef689b03b6aae1cde3ce023d6bef7457b650817bb4d9045116a837,Depression,Depression,Depression
NEW_2f0a65e32eb3e517cc09c8401d0962f2eef4634046dbf172a261d6073239c50a,Depression,Happy,Depression
NEW_2f0a7bb9647dc454fd4899b484979c1115288d5f3a694447f815a90b0f11748f,Depression,Depression,Depression
NEW_2f0e5b587c834ed299f83897f1cf7f2476351c2333b339a19f50796a14afff16,Depression,Depression,Depression
NEW_2f10e17876d1745bf40f53158ab893b1c8a66e80f71e45a62193992827563f93,Depression,Depression,Depression
NEW_2f1b9101e0fd518f094914074b43e02a0c4d7431fb03d072069c8b2ac3930653,Neutral,Neutral,Neutral
NEW_2f29478141324891f19edcf1776ff2826a14bf42cfd1494b5b2d73edb0a0a311,Depression,Depression,Depression
NEW_2f2a7207307fe12c3154a88834c78e17bd986bfe9477fd2478da00971a791063,Depression,Depression,Depression
NEW_2f2dd81c2bd25bda8318189266809568ebdb586cf8d954f161fe15d2faffe862,Neutral,Depression,Depression
NEW_2f2f746ee1655b105fcfc066a6fa89de231e3ff7f861dea9dc7e407fe2eb6351,Neutral,Neutral,Neutral
NEW_2f37db3126e0fa2e18d5566ae434effc9530821364580f7fa7e54bc0f5a32e79,Neutral,Neutral,Neutral
NEW_2f424c3d4e795d138f83d026f43af4211b73b41ae135b7822c67ef5cfd04e7b7,Happy,Happy,Happy
NEW_2f47ee3c3946b174f67b1de70e47ff6f47e689ecfe3015d1d27515f449a11468,Happy,Happy,Happy
NEW_2f4ceffd5e3bd21cb22f98eebf5e7e615c62f04363bcf7f1214ea159ab02c54d,Depression,Depression,Depression
NEW_2f5014f0df778b4865d9958da63c68009290230a5856ba440547b140ca9d6ea1,Depression,Depression,Depression
NEW_2f5850d8dd196cd7b1924c46c91ecd23cb40631c2e644b89f1037ee0e6749842,Depression,Happy,Happy
NEW_2f5aae24a292d63edd48189fa924aba28e785fc174df461e9f61817de4ddab11,Depression,Depression,Depression
NEW_2f6a8e6da1aca380896adf320b010675a2ec07f3c4bb2c361a948479f073b898,Happy,Happy,Happy
NEW_2f6abc89d76d61b3ddcf153ca22972570165f3e6bad2873edc1e3c20d3b9efbd,Depression,Depression,Depression
NEW_2f7011cba544a756cdf489f6ff4e1ff3104106f09374bd81e7b43f5988ae2faa,Happy,Happy,Happy
NEW_2f7513882ee4464502a7cf3bd45f2078d34faf5772270c9740374a4731f49440,Depression,Depression,Depression
NEW_2f7d5ef087848b70772aea4c5043d74a26573fcfd657724400f4d03788c0e9df,Happy,Happy,Happy
NEW_2f81c536599bcd725636be5b3984308ebe29cbc9594640c04431031c021de061,Depression,Depression,Depression
NEW_2f821c06740a55a2b5c4e7dddbcc8132438639ee2e5ffaf8787270f372ca9d11,Neutral,Neutral,Neutral
NEW_2f82330fdb06b930953369c655f4f0498921e8376e9473dcca5b24aece7f4f46,Depression,Depression,Depression
NEW_2f835b088b6a641ba24f0d28a66b12a6741c438cc65b3eefadc36bc2dbe85228,Happy,Happy,Happy
NEW_2f919e1f1404ff8d57e971dffa7c08a7d7f3f8c67d0fe5b2dabf41cc5cac7db1,Happy,Happy,Happy
NEW_2f97ef734fd48cbb79d5de8d1a059920fe8c26517be50536cb0a95df8a6d9706,Happy,Happy,Happy
NEW_2f9b4da8a19276691d79dad8eb434c7079ad50b96d16390ecb99528ceafefba5,Depression,Depression,Depression
NEW_2fa0ee90d17bc44af9d6faa34e0c320c5f5cbe32b9bf3fa7c79bf3f8ebbc1856,Depression,Depression,Depression
NEW_2fa1572a7d207cbd08193995dc11c500e826b29b1466606ed7a7ea1018718b06,Happy,Happy,Happy
NEW_2fa9f50ff500c24a965c7e13ebdd8eda909cf4f2260221d31b8c48edf3979d7c,Happy,Happy,Happy
NEW_2fab0d97bb9e074196c8d127b885dedea4b4d379ad9dbc9a48aee1afe0b72b28,Neutral,Neutral,Neutral
NEW_2fb753c6a137514971adad183299f3c8341bc05f7644ad7a6e7a12de271ec671,Neutral,Neutral,Neutral
NEW_2fc91a9271fbadc0cde5efae707141036a67e3e741a3428bf507b73c31005d7b,Depression,Depression,Depression
NEW_2fcc170d98153e4d11251978e02acb94e5ba29aad15a99c0d4490d3c2ae2fe42,Neutral,Neutral,Neutral
NEW_2fd350e48b9dd36fcac6e598b9451c75f880435f895b3b5c2a154b55c2be41b3,Neutral,Neutral,Neutral
NEW_2fdd75e0ed5bb9f0f47054ecd03ec76f6f3c21e1c282d7f39011f62cc033ab38,Happy,Happy,Happy
NEW_2fe0a63ce9856944aed5a1546443224674eb5a1d067d30bffe70bd6e482df649,Neutral,Neutral,Neutral
NEW_2ff6fc413d8aa44122f84ca2a9ac49fffa994a6ebcab945a83794807c759fa61,Neutral,Neutral,Neutral
NEW_3014c29e9e1a632c471497caf25cd1a4a442399bb096eb738da56bd00c330788,Depression,Depression,Depression
NEW_30155728c98f5dd6ab2db5a03e7c49a11aae2daf83ceb9e4f1a9b4676af353e2,Happy,Happy,Happy
NEW_302592f8a820a87af48a322a76bec18e3dbaec448b21e6756a1e9551aacba534,Depression,Depression,Depression
NEW_302eee09380db54deb644532aaa419765ff91570ffd50f1513d9b5dad3ab5fa4,Neutral,Neutral,Neutral
NEW_3045018a05b49733d2a6fe95df81bb96e051ecb1ca1a934bc9989be498e2a3d8,Neutral,Neutral,Neutral
NEW_3054c0b5cef8b0aea6a4eb5a70636c2b95d4e284d60f22574f9a1183ecb9c566,Depression,Depression,Depression
NEW_305c6ba1460a80553b24631be15e2da1f677c5249fd59d293755f14fdcbaeac8,Depression,Depression,Depression
NEW_3064009c2e5d3ce2fef3db3be3d52e382a27cf4642b2a40988fb9807fbac2acd,Depression,Depression,Depression
NEW_307050adbc59c9a8d0aaea626fecb64960d39c17620ad0ebc61162fa32cc221c,Depression,Depression,Depression
NEW_3071c29071c8f86660a5b0e5de1c7ed989deec07310b40a56060310407a71f06,Depression,Depression,Depression
NEW_307da8a381214871f0058ecc729658539bae25ea29c62df40b7355ae39efb391,Happy,Happy,Happy
NEW_3088f1a48ec89833077dcf15917e8208e9aeac86471dc496cbd0e6d37e7e40d7,Neutral,Neutral,Neutral
NEW_308f79eb52473e9a5c3ada895241536d78826c2d9151410cc9b7187fd9ca48c9,Neutral,Neutral,Neutral
NEW_3097965e32dd50a1ccdfec5bbb54099c1d021f5f9d14afd5124a140e05c41d7c,Depression,Depression,Depression
NEW_3098630c174205468eab20ed3b2a973d5b28b6a9a87d86f7f25223b2c176d4ce,Neutral,Neutral,Neutral
NEW_30a277647d41fc5d57e4d47e9fb6943185172e7da9a6201899890ff8188368f6,Neutral,Neutral,Neutral
NEW_30a72c629354dd5ad7ff693a780a840b82716c29a5b95af55783412ee7a6f01c,Happy,Happy,Happy
NEW_30a816f0f2a69ad3eb6d9adf47b8e4912bb7bcd34e22a1c7280e8b778114e8bd,Happy,Happy,Happy
NEW_30aba203f9193735b5fdf29f8c718bb2340d90d8214a985f55a01c4676d8b96a,Depression,Depression,Depression
NEW_30b8bf20ff1833c2a54296b65ad8295840e8c3e169a1e016d46fe793be5a5c3a,Depression,Depression,Depression
NEW_30b940a38a27b0dcb177334358b48d08ed87216df556d5a1588d678629a30638,Depression,Depression,Depression
NEW_30b9ca0e3a5ad8dc3bb55f07016dcdd91e9feb6ff837aa3c850853f88868c790,Neutral,Neutral,Neutral
NEW_30c7a9e5e9d1f963b082490f7ee6a16e412654757f3b0380f7cd9f16d94d4fab,Depression,Depression,Depression
NEW_30d8128f92efd26888552e0714388090f93ef04fead484a6e52118644c4e8f0b,Happy,Happy,Happy
NEW_30def9a25fcf451e9ac9a8bf4b8a21e2efce8cbe30d943bc944085d60e3f1a84,Depression,Depression,Depression
NEW_30e3079b05f10444e1b67f099e824af03120d4a9823e2a0c664b5817eb4da7cb,Happy,Happy,Happy
NEW_30ecc8eb31c398ea15937230e26f2fe279f9b8be7855d242ea46857513f9ec99,Depression,Depression,Depression
NEW_30f304264d448d50384825593e2d6816847dbc2c9ddc933ad1c4b5d0a79e9fed,Happy,Happy,Happy
NEW_30f90c14c5408bbf432be8b7a500fea3d1f331550ab76eed10829d57f9c380c8,Depression,Depression,Depression
NEW_30fd63e5537048687fe48917592dce602bb8e1f1550ab17596e43e53a36e1c76,Neutral,Neutral,Neutral
NEW_3108dd2be1ab30173682ce99b621df6e1b3d46475feb9906f766095b95dcc4a4,Happy,Happy,Happy
NEW_310cc470037de534efae910e0e03c6ce4c04d494acf7662e108bec37271769d6,Depression,Depression,Depression
NEW_31163c7314b18659b387cc288a3615d7547e1c27d8eaca6729c91c665e0de854,Happy,Happy,Happy
NEW_311cdebeca461377d5ee6c0d05c83fde82a8e155befbba6f975a99dd14961151,Happy,Happy,Happy
NEW_3137a8cce4c688a4c68922d7e47b0dd5458e358abb5466a9463ecc8811ce9f46,Depression,Depression,Depression
NEW_3149af8c3b94966b2244d97db239652b64e207fd86e0a4645c96183127f22fc4,Happy,Happy,Happy
NEW_314c1b5817ca59e2f8e6f56fe76b9e97c2ffdccddc99834296b52388f3ea4f9d,Happy,Happy,Happy
NEW_3154afdf0489eb96ddccc2084792369745b36e13c7c7a62631bf9021ee7849b3,Happy,Happy,Happy
NEW_3155e736b785ae1f309f9a023ae2695f80d33a202350a5c879f75d65ee71674a,Happy,Happy,Happy
NEW_315f050b787c692c8a34e33639ff4f4f375f1a75a0d53feccd4cfbc2b6707d2e,Happy,Happy,Happy
NEW_315f925e4054f2bd90bcef4dd244cdb31b49349f7d6072f32faedafbf4393760,Neutral,Neutral,Neutral
NEW_31622887a4001f3472d7cf24f400bda5e5965ee120216aba5d1ba39a6c13a899,Happy,Happy,Happy
NEW_3164ef6fb5713ceb6d4f537e83b8b64b8f4f31785480bfbcc2d9893a10bb4d11,Neutral,Neutral,Neutral
NEW_316784824e2c207cc5e482829b782475c46bec69d77e63330e3e47627e2aa352,Happy,Happy,Happy
NEW_316d8d59aeb47ed20786c1b65b344484fdfa0d33100be03a427ce0edced9038e,Neutral,Neutral,Neutral
NEW_31805d7f471462d99e953c91c45c44bf765c94692385f77a5894a73d2aabdb77,Neutral,Neutral,Neutral
NEW_3187af3b672f49ab6df4f24a6d32a4211f3c21260dd2a4a7ae583da0363f65c2,Happy,Happy,Happy
NEW_318c1f5b8dca4b1dc8149fae49ddb65773664ed3fd16946d95f1339ef9c65caf,Depression,Depression,Depression
NEW_31a2f92d8260caf3b51afec8e6774c07a041a0015918cedb463c3980ba54ea9c,Neutral,Neutral,Neutral
NEW_31a9e04b7bd247f3bb3847e31057a2d99189526a0792ef01a0b5f34b2cc5d193,Neutral,Neutral,Neutral
NEW_31b736c64bcd1dbb8f7a9bcd2658577f1a4997c0cc674f76b1ef748e79319bd8,Depression,Depression,Depression
NEW_31c011f7d7cc338ffebba8e94692a33fb584a2e89dd6ce9b6a73a5c2c2c6370c,Neutral,Neutral,Neutral
NEW_31c1e34a7114336bae8dfbb0f7b2be5abcad2fe540c0ede822b2873118a7b6a7,Depression,Depression,Depression
NEW_31c3b2485ef3f10c12117829084a9cab8a836c37186afec03236ebefeb12cbb5,Neutral,Neutral,Neutral
NEW_31cff5634fa98d43922a0e85be27bc7f49db489f02cf9be36b4606c06d190c8c,Depression,Depression,Depression
NEW_31d827380d9f497d0209649d2f3cf0fdea076b606c0e994a084f8e9273ea2956,Happy,Happy,Happy
NEW_31ed4e8f2cc37b265bb7ee08f6ea48ec32744ee3536491415c8024ae8a7b2f49,Depression,Depression,Depression
NEW_32003697683e3a0bd0659c9d1df94d3291f8b374228910c84c5b282535ed28ca,Neutral,Neutral,Neutral
NEW_3203715e0dc1ab0d0d09c530e0d10f3a752fc7ca0f9ed96b84ae4de72515fd63,Neutral,Neutral,Neutral
NEW_32055333eed692100552fc2fd7b79b909e324c2a4cdcb1ca4e2b1f1cdc9cc15f,Depression,Depression,Depression
NEW_320b2987b0a51c6234dde62f2b0fa416d0c98a5e5ea7a96c01b09d49c816e5e1,Happy,Happy,Happy
NEW_320deef39e3551bd5db073a497dff2c6f0e5c1fd97f474c50e7ddb09203e6143,Depression,Depression,Depression
NEW_320e800bf70c6cc0bcde8593b6d7798d4d2c1fc9e241a12d83e81eb9249572d2,Depression,Depression,Depression
NEW_321b12f4ff44a9b9833bd24cbaabecb08afd560d64949a0fbe37dd409833138c,Neutral,Neutral,Neutral
NEW_3220980f68c201cba7943a5e9e47dba8b38244c2ad59b4c1682f08918309235c,Neutral,Neutral,Neutral
NEW_3226fbc79f701d47369e935e6a6f0d353e1e65600a2cae58a399d6b42c7639cb,Happy,Happy,Happy
NEW_32319d7d889962d9ce0a3123f85066213be6909ff262c7b2f7768a1103b88220,Neutral,Neutral,Neutral
NEW_3235bfc0d47f1e46e9115ae68b01bdb62e51e14ef5d4d6ca12c97f1454af5866,Neutral,Neutral,Neutral
NEW_32392c2e7e8dca0faeed158c92126ba509109b30c26dea01cab7f236dcdc3a15,Depression,Depression,Depression
NEW_32395f453b91ffe22ae3689871a99abf08cc14c6209838015db5df21fcfd9808,Depression,Depression,Depression
NEW_323fa3756a46c03103b987148cf4befa4b1c5a17d9a35f857fbc48a2760877e6,Happy,Happy,Happy
NEW_324691896113f6d34f7d5e61fc54a657be9b4a23fcc58326d6b6129eebc5ac1d,Neutral,Neutral,Neutral
NEW_3249e1078757c3d1ccf6ec7937e79b06603e88d70aaecdb422ae2e5006e3edfa,Neutral,Neutral,Neutral
NEW_3249ec6aa47a96f5168c72a4fe420b53d85c05b1d8773e469cd849d2d88162a9,Neutral,Neutral,Neutral
NEW_3255deb30fb5f609b3459286b418ed4d8216ddb70a6040ff9300fb25dbadaa8e,Depression,Depression,Depression
NEW_325a78be3fcc5f7532fe610987836600b3d6ce69a64003a5cd4fe5a69be1cb88,Neutral,Neutral,Neutral
NEW_3261255c0ddf3a9e6e9c2c987d0358f9852fd0e3eb171806e9caa86c515f14ca,Neutral,Neutral,Neutral
NEW_3264549f18ffba946ddd229661a727d363ad0a029bfa2e87aa7ca6505b90796d,Depression,Depression,Depression
NEW_3267558215fcdd407e927e205d502b1389cce129af0638bb6e9e06766af36817,Depression,Depression,Depression
NEW_326c205fc81e3dc21db05a059e965bec7ea807ece9c60130a00964001bdc0a74,Happy,Happy,Happy
NEW_326dd96e96e48b93fc495e8a6b47b06e39bd7773a86175210f85a7b5b1610c0f,Neutral,Neutral,Neutral
NEW_327eab2fb2d7729cd0748275543d4d075916886f1722282771fa5464f0340df1,Happy,Happy,Happy
NEW_3283fbea46420dc74884f26c1f0cde5581c0be06bde5571f006f8e6ddcc7ba22,Happy,Happy,Happy
NEW_328d6acc6629b56a8a9eec6651399871e2558c9ab71d24b4c55226bcb7397b64,Depression,Depression,Depression
NEW_328fa15ce6ce7b84086307de40379d84b143577f8d4e9457c950200ded801464,Happy,Happy,Happy
NEW_3292b6537da7b5d100236345534ba46b04995edc2fc5d66c454ad73e31750020,Happy,Happy,Happy
NEW_32973ee69dedab8c37ed133081a624b7b09a4c97dc27ee0487564a51171fcf12,Depression,Depression,Depression
NEW_329fd542073cc1cfcbff76b355ce33ff97dae5f075d3932a0ef7bc549f46a115,Depression,Depression,Depression
NEW_32a10cc6ecd6e193b017212e9b1ff9f2a7fb5d32714cf0e19584d4c869ffefb7,Happy,Neutral,Neutral
NEW_32a1d57e39c6208c472c5d979407a982ac8abfea06a950f447243da26a13443b,Happy,Happy,Happy
NEW_32a26bf99fa9b962952565e8ff0a6a725bc671e34865d3af9919249e6d33034d,Happy,Happy,Happy
NEW_32a2797d56600bfa14c61eda22113d8e1ccfd1ff2222ae73055289f5311350ca,Happy,Happy,Happy
NEW_32a98e414f9998085b4764d2e0606749f51c140cfc72cb87aa6d8c0227b9df3d,Depression,Depression,Depression
NEW_32a9901634eab0beaf79fa1508b91d39636a78cc8564906f3ae8616429424554,Depression,Depression,Depression
NEW_32b7d16ef94dedc9c2babbd0fd30adbfeacd3a7c877ee0f1b7ed8d7506436ccd,Depression,Depression,Depression
NEW_32bb50ab7f736163e9c54ef17e845f43c4f0ba83ccf2731ec6dca8292c82af44,Neutral,Neutral,Neutral
NEW_32bb862a3fd23a891e166184e4cb9fe15cabae7c03684e61195bb87cac6d3b32,Happy,Happy,Happy
NEW_32bbd4a9a7ba54ef05b0cf007cd3c5cb39e5f264cbea886acb674f69baf81e5e,Neutral,Neutral,Neutral
NEW_32be95b3bdc366e83ab0136f8887ea399d30474cd54638370ef50a27442c8694,Neutral,Neutral,Neutral
NEW_32c09ff36394f103942f173c3c85aadc4a96cd6bc5ef2e50dd41df64a9ed82fe,Happy,Happy,Happy
NEW_32c17f97ab629c4e7d292829766795096ea0cdf5818f2c55fe2e464c6d53cd58,Happy,Happy,Happy
NEW_32c8e26010157bfaff327ce2c91dfd7aecd1ed96fd2828670b7d0137adcb0c23,Depression,Depression,Depression
NEW_32d4fc968a644a5fa22802a33f3a2371be067a14b960ffaaa7284f0a38f1b720,Neutral,Neutral,Neutral
NEW_32db8a4437bc73f8838db93cf710fee1b64193d24c6a99953bbb3f49db9832ac,Neutral,Neutral,Neutral
NEW_32e5cbc391a3f83efe29d84755dbffe29709ff39025b1374958d547454d01697,Happy,Happy,Happy
NEW_32f0e91c36350d6672a9d8be3fd2f9c54d2be800e391756eb5c972e12b7ac67b,Depression,Depression,Depression
NEW_3301846165e37c32f6635645a4eceb823dc3db588634d3b8b528599a1f3d2ae8,Depression,Depression,Depression
NEW_3309264bcb12ed85532212bf192d4fe367d0229b59285d0e87ca01c842e5bada,Happy,Happy,Happy
NEW_330bb65e73adc551d16e52dfec6b0321a15d4f9e80ab41da7da23fb9ad52916e,Neutral,Neutral,Neutral
NEW_3310fb5a777611d5ed0664d5bbc56be33d538fb6577d977317fc0831d9feb23e,Depression,Depression,Depression
NEW_3317a13d8f19ebfb94adaa99a272f9d00bf19daef2b87ef6d40567c96edecff7,Depression,Depression,Depression
NEW_331911178cc18603780531cf6a006802538f35694c6fb6163e6d38d432e333a8,Happy,Happy,Happy
NEW_33203d47fcf144985bb63d60dfa72cb1372e1e3a6d112ae5e52dd6102155e13c,Depression,Depression,Depression
NEW_3321d892a94f0c27e4e59e17ad36396a2d0522c18832612b624eaf2fb8f73d1a,Neutral,Neutral,Neutral
NEW_3323be08801889cfb0acd659b9c2a90714dd71d74578ac162ff1c75b56fffae6,Happy,Happy,Happy
NEW_33259cdcf1b4dd44fcf22bc10a02a62016d1f3de9d2cc961c866c76c15d9063c,Depression,Depression,Depression
NEW_3325a5ff2c928daa09515ab3bf848c396843ac5eb0cc64895ae148b57c00e116,Happy,Happy,Happy
NEW_3327d4fc41ce1758c8e1ff4a351514c63c83169d600091236a9f08dc815acc40,Depression,Depression,Depression
NEW_3336cfd95b4c84126d4cb6f59c9df4cf9ab9fa5cb25fc72fec28528c2697b88a,Depression,Depression,Depression
NEW_33411bf12b9482c432d482c84c20b5db48ddbdf0643784633760ce9618dc4fed,Depression,Depression,Depression
NEW_334460e69c9d7ff6c1fca09876d1d21d2e5b2b034853eb91e08aef31b3e2a0d0,Neutral,Neutral,Neutral
NEW_334b672169d70511f0ce8d442f074280e5f35922b340a191b9897a00935b720a,Neutral,Neutral,Neutral
NEW_33570290fc9a894ce889d7d89ee2d7a64ff1c1cdc4c8a0a92a539cb12fba2404,Depression,Depression,Depression
NEW_335b65e46d7861b585303710e6a27afd20df96740e403f5cea90709153662723,Depression,Depression,Depression
NEW_33630abda66abaddff533da2df3c7e6c9fa3a00fd5d8c786565be26f436df558,Happy,Happy,Happy
NEW_3371b8e1a8c0d166a3b8155e1fbf364619585cb6724d68de188b008193daee85,Happy,Happy,Happy
NEW_337979b227581bb56647623c1f420d5b61b1aaab321f5cac8e231fa9a8828ec7,Depression,Depression,Depression
NEW_3380650a74bdb40895e3d4c6084ef4d8aac4588bdfe6a96eb729151f2d0b2fcf,Neutral,Neutral,Neutral
NEW_338253bf4c3c470de03f5d4a96130fed702e6440ea7be0fbb9ed3e3787bd8da9,Neutral,Neutral,Neutral
NEW_3382c2bcb1b1af1565f59e3ad31e980fd4463797efecfd13fd4277800095c401,Happy,Happy,Happy
NEW_33bcf78fb8bd7e7c35180b25080aa15d0c2a217f3b1145a23868177e1faa4417,Neutral,Neutral,Neutral
NEW_33c67c6d18cca3ab3836fdfb02ff557fcad53790727bdbdaddab8fe5889d9d60,Neutral,Neutral,Neutral
NEW_33d00cbb2454d14382575c11536598a355580a4a871100efc5187cdab03ae86a,Happy,Happy,Happy
NEW_33d4a197436f603a0419893a97ca00fb4bd2c361a596506cf6639d5f7b504727,Neutral,Neutral,Neutral
NEW_33d4bfbadfa13f4a376244f6f5e4402c5f12bf20023561e51465b3ebf3dd5f2c,Happy,Happy,Happy
NEW_33dcd79c2d795fc2e69abf1ec5c2413482269a4ee41e26d0d2fbf916b2ea69cb,Depression,Depression,Depression
NEW_33e54af3fd7761d1e5bc58b0243dc7a3d604e90e1b17e87db05638f5e4394b12,Depression,Depression,Depression
NEW_342099cd73594b080739dd4547603df0ce214eff7c854439f5b72b3a45cba9c9,Neutral,Neutral,Neutral
NEW_342a22833e4d57e5acdb37dae3a1d9e5efd03bca1349cabf289dee904dcce5f6,Happy,Happy,Happy
NEW_34395d0e67bdcd8580aa85d74f46e849925b3f52b26db13fccc51dd6a8dae5a7,Happy,Happy,Happy
NEW_343b5e0cfb24dcbbcad47b2cfe96828f6781d8d2417ff6bb6f6086497b2bb341,Depression,Depression,Depression
NEW_34404f71f7e07954d2014c2b0b39342bb1b914d49b5915e5cf71dd8c7efb4a7a,Neutral,Neutral,Neutral
NEW_344215bbb5cd76b7d29ffd3722221c39f8e9f88b552cb488172175d1d2c0973a,Neutral,Neutral,Neutral
NEW_3446620814cf6cd03ee6b5689373990ee08970e016289f37071b8f29f2d08438,Happy,Happy,Happy
NEW_34568f7ad173ed0a30a4c6dda84f13146719da850bdc647f982980fe3b44ed5e,Happy,Happy,Happy
NEW_3466a4eab80779ba2300dbcf234b1e2c4a2942f6b9e02048c1176e64cceb0919,Depression,Depression,Depression
NEW_346799c593eba2caf3297d35927cb2afe3cd3eebc7b89beee58e08aeef2ad2a0,Happy,Happy,Happy
NEW_3469ba2264d176e2169055da703ca8eed708fa3097f09deac25e6b5049e9851d,Neutral,Neutral,Neutral
NEW_3483acce847cc12fe8db0f687d6a9c5e492e264887810b716412bf6d9f93b2f7,Happy,Happy,Happy
NEW_34898252758c912ae7ba386873707f3cff02050990523ba23cf2064a141f3999,Happy,Happy,Happy
NEW_3490b8ad8fa90aa14eac1ab6e8aaf1e1638b49aff3ac9fcf40def16c8cc34f67,Happy,Happy,Happy
NEW_3499c002660401924418643f8bc4915776364f0e72d962766dc25a58c3f5ca88,Depression,Depression,Depression
NEW_34ab2b7d8ca5b5fbfce64e294c1ea0b38373d27c1daae0c5412d01188581a0ea,Neutral,Neutral,Neutral
NEW_34c8702153f3a039caef244fff312aeb2552462af13243819d8135f72269f0d4,Neutral,Neutral,Neutral
NEW_34d03f572b07963533ca8c03c1a64dc2c27fb698f3f9035d5639885436e99d50,Neutral,Neutral,Neutral
NEW_34d1b6d99be1a0e93b871f4e2fe11aa2171bb417bfd2bc4c0de61bc32914f5eb,Depression,Depression,Depression
NEW_34d261b1b8d6ef6b3e504a295e7b660165676563443b7f3e76d79107781bfa1d,Depression,Happy,Happy
NEW_34dae4c9a2710cb5a650572cdddea5ed63593903ce6750c5d0ec1c8c939cb4e2,Happy,Happy,Happy
NEW_34e5795a5ab3c489e71b75b6f4711b6ff6e6cab08014513ba1fb659b92f7a1ac,Neutral,Neutral,Neutral
NEW_34f977de524687508d4d72b3486f0f2194ac13f28832606bc9619e0ba274af60,Neutral,Neutral,Neutral
NEW_34ffc3d592fc94360079a3f4f9f142d68a31b89f727895a9f4f721ac3b441a81,Neutral,Neutral,Neutral
NEW_35190477dc448eb4f9e524a615d0768353353ab4873a85217fc5dc584d985c14,Neutral,Neutral,Neutral
NEW_351cc4b3601669ed30bbe61f77d4a505c0a77f004523b447e2d9caf014e042eb,Neutral,Neutral,Neutral
NEW_351fe1a34ce4be71e70a12b706a75b2fe40ecaae9defaebde60492712e7d920d,Happy,Happy,Happy
NEW_3523df9fb93f5ce4824cb63fac06975b605e41b2dc48733130d75c8c4909bbe8,Depression,Depression,Depression
NEW_3524407d1852e8f13eed8f3e8d668a0294ff1105115e96b50b1c2e7aaeae86f8,Depression,Depression,Depression
NEW_352d9538763b0550b5a67d40b71794899911a9c1f35567b09f8448b76cfa3ff3,Depression,Depression,Depression
NEW_3532e8b41402b46408a58e7429045345838adc78ea8b66310596e1052f4f345d,Neutral,Neutral,Neutral
NEW_353e86dd9484a8733500484d2102799986734272a0025963429f6c37c24fc066,Neutral,Neutral,Neutral
NEW_3540eff576e850c9ac13811abba965d67d58f2d4fc2b2511dee5ee3ea5bbb321,Neutral,Neutral,Neutral
NEW_3542500f607d1f4cad2905c8a1f2ce2cab9fd610143badc8de758047ffa5b0d8,Neutral,Neutral,Neutral
NEW_35502a30bfabafe6500dd3b1c6a710955a458a6765d363a5c9c0334a63585ce0,Depression,Depression,Depression
NEW_355b860fd8be12434063225532ef9f9c026892f468cce0d74487597d126e59d9,Depression,Depression,Depression
NEW_35646bfe8aaf9877ac439ee45922be30922b8083027b2019c02066a6da7a9f8d,Neutral,Neutral,Neutral
NEW_35676884589568a57065e8763d6f646a5a7ad223a3f9abfb63d41da22624ac74,Neutral,Neutral,Neutral
NEW_356d61a78f19f42f20be0f526c3680a61eef806ff89a0c7bc7586c47076e3c7a,Happy,Happy,Happy
NEW_356d97253d8721b6cf8c4c1a369ed303fd2d9852d775e2d5dab2369e0957e600,Neutral,Neutral,Neutral
NEW_3584042f80f07c7c6ecb80fd8911657f16b79edde0d87875cbb37142c70c9dc9,Neutral,Neutral,Neutral
NEW_3584d56006b69ef47b580f0ca05e5283626720f5dda5e6cea599460ab3b11ff1,Depression,Depression,Depression
NEW_3587049ebde5e583be47ebbb1571abfe9c45ac1e30280eb5bdabc1007f0bdb54,Happy,Happy,Happy
NEW_358d1f68d9eaf17914121704d38f38b654b6aa9bc7bdb015cd18e982cfea9843,Neutral,Neutral,Neutral
NEW_358e359e4dfea5363850bae4a4e9746dc233f6fdfd4276404bd8137c61b4c7ec,Happy,Happy,Happy
NEW_3594cad5e0b93ed9d9e317a1931de371ca762c8b70901d9dd2f59a76f726c8d6,Depression,Depression,Depression
NEW_359ad5ec78f47d5a01f907e8ea33f4e0b81f4fba8b272cc3db03b4e2780c0c4b,Happy,Happy,Happy
NEW_359f100e41f7873802c59e87cbc6f988fdcffa22a3bd35f74515d4d02240943b,Happy,Happy,Happy
NEW_35a5babbca8365258bef6389e1fa24805ba9340517b5efdb61c4024891a87c68,Depression,Depression,Depression
NEW_35aabca1438786f940574e65091c2eec94882dc6338cf17a35590c8bf1af2636,Happy,Happy,Happy
NEW_35ac00028e756e9dccdccb4aa2932c4bb1eb1dc9a050b1b19e7283f671b7086c,Happy,Happy,Happy
NEW_35bd776a3e0cb3789467284ce2feb3b3de1626ea05bcc38a2fdd7e49a619f649,Depression,Depression,Depression
NEW_35bf38cd178220367285ca79dcd03a54faf6eb9458463ecc9a0b709446c6f14e,Neutral,Neutral,Neutral
NEW_35c45a0cbb832324f523af5cd380c79671fd26833a1bdf8c81829b691c7c81f8,Neutral,Neutral,Neutral
NEW_35c6416ffa6f33f52c1c81fae8a1f458c75cab12203388d70f30cd9b967b1c6e,Neutral,Neutral,Neutral
NEW_35d0e69f2ead1e6138ba5192892fdbbad1fd3121050ca66e013cac92b1ca8874,Neutral,Neutral,Neutral
NEW_35d769cd4d8e87ec2232f941fec483fdbd7786e6583c8a23d2fd8cd51649d104,Neutral,Neutral,Neutral
NEW_35de11032e22838e522b68df9eb055fc62f719de9f603c5b3c9f2be65ecc8cdc,Depression,Depression,Depression
NEW_35df4a098827c371921e9effb7246b93cc65e723d46777584d5a0d40b21b739f,Happy,Happy,Happy
NEW_35ea13983e792b1dbcfe7fd02dab5de83169667e8eb96671055f74f3fb032562,Happy,Happy,Happy
NEW_35f60bfc0e9743d4bf6309e33e8392bf427e25189157ff03f5719221b99f4f8d,Depression,Depression,Depression
NEW_35f98cb7a1a5db78402975f784f7753e28ed5198eaa7aa162120944ac7369f00,Happy,Happy,Happy
NEW_35fad82360b583351c2b0247aa91655f4fca8e8da260e4945fb986edcbcbb9a4,Happy,Happy,Happy
NEW_360fbb43428c9ffeab8e263dbfb6ddd9a27d1bd8334cc3c62eb8bd731ecae24d,Depression,Depression,Depression
NEW_36164ab92e98ddab87e3e7387dbf7e450cc18560aee32b0bfb89db5153fd697c,Neutral,Neutral,Neutral
NEW_36192ae6b0719d462d3e44de0e8b666c5652118fe518b0a75255fa870192e776,Depression,Depression,Depression
NEW_361c3285d7e11ef8dac8cf4c3d55fafb385e6bb20c8d1f8fd65f9e7adaadf9ff,Depression,Depression,Depression
NEW_3629c3352aed442471dd6b503c913ace65cd6989412045b43d37aad3fc6fb534,Depression,Depression,Depression
NEW_362e493dabd91c0fb88da239eeac9b0331cc6171b1d341cae3e4d43961542854,Neutral,Neutral,Neutral
NEW_3639270f880e1cdf36121bf68857d9fc8b38e68ac4ccdc556a1e2e97a3408f7c,Depression,Depression,Depression
NEW_363cd1151c68bfd0c03cdd8156302c7cb0d4cfe8a9097f35a62dcc3914f32055,Depression,Depression,Depression
NEW_36405c428df2368f2f800f78d09c89bcc14581ef698106486a446da80f223616,Depression,Depression,Depression
NEW_3642b703d822f969e7410e724cbca608613f4b0aad4e57ec2b3f1e55b53fa7c2,Happy,Happy,Happy
NEW_364fd6dbcbb55997be847cc6371c5f85df208c7052403ac57129e467b8a2aa23,Neutral,Neutral,Neutral
NEW_36530d1249390ee2a2ecdbd1893b40c328a68303be7e9becc08f9d5628b50b2f,Neutral,Neutral,Neutral
NEW_36538f5e807f7e4d9c41cf860ca914b08cb069abd908bf504910c35e9c0c5fa9,Depression,Depression,Depression
NEW_365d50e720f3039dadec75c8d1be34f82e7337f94175132ad44627aa5e9b7b88,Depression,Depression,Depression
NEW_365eba3eac0c60882db8edfc1cde051cf677ccc1bb5791c0a0b7fc65b9d7c98c,Happy,Happy,Happy
NEW_366112f527d9d6f581824723f32e6e7627e067b9b1c492ebc0f7eff0f81b3d1b,Depression,Depression,Depression
NEW_3661a26a34c0adf3cfd7c57a0bc4ef98daace3c67e86ca3505df1c1becf95488,Depression,Depression,Depression
NEW_36649a3e4f66a83b0d964518869988780a35289a59b661b5bae679548b8dbe7e,Depression,Depression,Depression
NEW_3664a26545ec37d469b215666b8b742aed09986d34e3aa27c801ed3137557715,Happy,Happy,Happy
NEW_3664d12210cfc8b13c71b2107030be771b14b4c55141ff4f9de3a0975f313e9f,Happy,Happy,Happy
NEW_3677f531411f0286b325927637adf105a8994e819502ccd0a703388917e599d4,Neutral,Neutral,Neutral
NEW_367dd7f47e0ed0b232d620c55cbda7e577fb7f6acd56e53c0b3a663654c743f2,Depression,Depression,Depression
NEW_3689827d4534bd90c1feb8352676e976810c336625ee099402dd63f5f692a958,Happy,Happy,Happy
NEW_368f30588e5d8d7dbf2b2e3482872eeb11193f2cb62fc9db47077a6acf365ec6,Depression,Depression,Depression
NEW_3692f6a4384bfbb68c9bc7b31b6a13b1eee8006698e0f6d7917887637ea7c479,Happy,Happy,Happy
NEW_369d19e2bf598f8d4da6973c89e779116e16d477ae406a9d54cc0281b9160b33,Neutral,Neutral,Neutral
NEW_36a0f29935121805d346bfa7e7d69590fefb5956c54e8f40f6c234a154ec44c3,Depression,Depression,Depression
NEW_36a432985001b043c7e82eeb415a336d179b5d64552fbb5a110d53b00a1b877a,Depression,Depression,Depression
NEW_36a436e042ced425e01c6aa2256edac41e152312743c33e4ee52d5bc3c2cdbb0,Happy,Happy,Happy
NEW_36a6c3bccf7c881e8693763830e5e2a984cb8775d17093b92ff6947b8bd1d16f,Happy,Happy,Happy
NEW_36affc9158709893feb581ca923b4d19cb87a5efc97d5d0c2360baa201bfb469,Happy,Happy,Happy
NEW_36b2d36556eb2934d6416b82de02898ed1b883b7ccd12c940f5fa325f651d65e,Happy,Happy,Happy
NEW_36b4a5d18a02d4493b0cef04f91c130d4373a7b311c33dca2692e731abe6155b,Depression,Happy,Happy
NEW_36bfa3a09fcaf1a9b8e1fe2cdca22cfee93f9ca9757c727e01d45861e4599aaa,Happy,Happy,Happy
NEW_36c1727881217bb1b32fe0c7f1e9e10461fc4b46fef097b504b9afad9dc98b1d,Happy,Happy,Happy
NEW_36c29c5a48cb49a8f9735c8d44214e938019f731ca2ed25021007bcc94ac1bd3,Happy,Happy,Happy
NEW_36c42831db68053770dd1f2644b9d1279a412374ad869b90416cf6d215a8e5ce,Happy,Happy,Happy
NEW_36c428fea828d998ed7d9c2a75f3efeb4050cb75bfbacfb75c676ba267b4983b,Neutral,Neutral,Neutral
NEW_36c90c47191f3678cf0a5d08a4fd6249b50bd561e709d3d82dbbd32267a94fb6,Neutral,Neutral,Neutral
NEW_36c9ccc5f8c645dbd84d4736fb9943697e8cd35c677c21d0c5a2bfb6fd40414f,Neutral,Happy,Happy
NEW_36cc878ac0521cdff6500f33bb706ef12602d6ed03ca29906021bf28d3359a48,Happy,Happy,Happy
NEW_36d2abb93715c3dd765a5025a54af9867c536fc3546bdef5949d04930b50ba91,Neutral,Neutral,Neutral
NEW_36e513772952a8f8f680da2da324bd6a1f470155f2e61c4cb8a3760654866054,Neutral,Neutral,Neutral
NEW_36e76c84f1000cdec86b48b3ca8114ab9300a1a92a653dfd919f8c2322a0165a,Happy,Happy,Happy
NEW_36f4decc2adcfd707dd172cac0dece313ea4b5f2d2007de7ffb2effbd0b47540,Neutral,Neutral,Neutral
NEW_36f5f4555222d9091d1b8a8a55c76cfc7aebc4527e4b181936b066e9a86dbcec,Neutral,Neutral,Neutral
NEW_36f73a764e23fabf2701baa3501297af70deec10ab9f1ef311c319d3ecddfe43,Depression,Depression,Depression
NEW_36ffb16e3ec5d842ecf180f9a93750eaed6b360b1d87ceab1aa6e01ae69e62a2,Neutral,Neutral,Neutral
NEW_3705ea62c29bb9d60706f0264e09b3bb34325fddf51fbb622e583504bdca883f,Depression,Depression,Depression
NEW_370cd87033301b34d01ce881e8173848dec63de31185f91c3659eb06213d460f,Happy,Happy,Happy
NEW_3711e45d17f1993bbe8f7a9a198f358cba1d78e0d079dc3cf034477bf0d48373,Neutral,Neutral,Neutral
NEW_3716ef8359ae60d726b2894dc3e8c4867beebd0a90279d2c00de345e8c1bf3cf,Depression,Depression,Depression
NEW_372622a7552a231c533e193478ba2c4718294a23ca1d76255ec5d06a7594ba54,Neutral,Neutral,Neutral
NEW_372f2533de9a3a9f45fbe2ac51814e7994a70be721ec7da4132a40a9d930155c,Depression,Depression,Depression
NEW_373e6baf6342f0165ef8b96952cbcf84885ced24a626fa459b28df2ba02a9589,Depression,Depression,Depression
NEW_374a13f395d1052552a80af5d647ef9569255ebb6bd2907aead349aec34d89bf,Happy,Happy,Happy
NEW_374b17f14fd881b90f8f88f397ea7112f0a251e8200b80493b95de1c7f744334,Depression,Depression,Depression
NEW_3758b82046f76ec9fbd2029d2ec9808c455b368a20f32fc7e3ede3e85f3bd06f,Depression,Depression,Depression
NEW_375fc913b388d6f768118c7fc93c398342145d2bdf02c192192fddbc48165ff0,Neutral,Neutral,Neutral
NEW_3764377bad7fa1088c8fff10be45563d7494a3df99fff1db98d20d83cc76b11c,Neutral,Neutral,Neutral
NEW_37746374e72a47f6b0ceb4191af0888d65e031e810522bf20d0c6dc2a2384b22,Happy,Happy,Happy
NEW_3775d007b6b05e492fc18542eb3c720200d8a470eea51040b9ec9c95b2291858,Happy,Happy,Happy
NEW_377ae4c6d6a0ce7144b190f8a1cbd990770d6babefab24ab15b66daf4a130b1c,Neutral,Neutral,Neutral
NEW_3783eae8bf4d936af1d79a8b625cd8a59835a43bd7d31e68f6d65ee5dc611736,Happy,Happy,Happy
NEW_378523ec2b4c1455ddd9be864fedf15f3b311e9845d418793b606e817bfdc0d2,Depression,Happy,Happy
NEW_378609f6d4d45687354b9d30adc143ed2b1d9fdc57c485d610d8ec8033bf3b0a,Happy,Happy,Happy
NEW_3789fcb22ece4c34b80bc80eb93ca6151daadd3b9d9f54ec6ebc204e89d1bb44,Neutral,Neutral,Neutral
NEW_3790386cd08ca24091246f2ea92fa35d7c40d24754e948eff0c48535c9c947a8,Depression,Depression,Depression
NEW_379799848fda259190b4b3e1aaf01a4b5eff4286908efb889fc75c03e9e86951,Happy,Happy,Happy
NEW_37a052514a50c725c642f7b4280766964278263bc1309e3749e5c8066e8f7fa2,Happy,Happy,Happy
NEW_37b2a611feb759c0756bca4c75599c0f4c6041662f0e3720f4d5a7539c252abd,Depression,Happy,Happy
NEW_37c4628f599c74eeade238ddf95df9d83fb6ebe04ec771ce858f55deda921cf6,Neutral,Neutral,Neutral
NEW_37cab9602fa6565751cddc46e1a1c038a2ffbc8fce850e69bf89f36dd3061115,Happy,Happy,Happy
NEW_37dd05893cf2c3913f8522ffd69ff8291290a12586f188d8f106b1e21fd7ca3a,Depression,Depression,Depression
NEW_37ddc93190318febb8527c4427552e07f83bfcabc903182ff206b628554f2108,Neutral,Neutral,Neutral
NEW_37debdb8b0c798bbbd79e53d1ee7b8e350ee91f5ba03591c309459ca8e3366c3,Depression,Depression,Depression
NEW_37e0fcd70d4e6d8180d2de6280e85fe014161670882c0e6627cf6001a48c4187,Happy,Happy,Happy
NEW_37f2c8b5512edeb03fd2939f153cafddd15089777d17e0652890bf3f705c9edf,Depression,Depression,Depression
NEW_37f435dfe686565ac631197a6f2fe09a4d2712d353df87f01db2bf2421a061c2,Neutral,Neutral,Neutral
NEW_37fa1f6c01bf497ce15044438d9916ec2abd610d018ffb16ad4a4d2ed8554b9b,Neutral,Neutral,Neutral
NEW_38012026e9c90d44c063f463af2c6b7a024aaf188f09f3233c012cf1a5d23e6e,Depression,Depression,Depression
NEW_3803a2216fb89564e6f0557da250a24569ea243fd698debe300dfce449066a03,Happy,Happy,Happy
NEW_3806c7c6e3f55f5ccd4d47ea2469ff66d55b743fb48cb9ec30a895b2fd4383fb,Depression,Depression,Depression
NEW_38082725d5f351ff1f11ad8fbadc3bc2603f1d7f5df934a9d7e4361dc26d1959,Depression,Depression,Depression
NEW_3809de6f2522b680d5ee166e4ba170774812f2721432cecfa45123dfc24529d7,Neutral,Neutral,Neutral
NEW_38190a6bd08f6a72101b7d6294224ce4843d310ed8a70bbe47c64d2ccad67585,Neutral,Neutral,Neutral
NEW_3825d328a049cb6991cb8e57a0066e202bf69b65e58045efc9f3b1eaf127a955,Depression,Depression,Depression
NEW_382eb213a1332dbbe98ddbed06bab4aabff1fa66fffe007da449c7ade1f348ef,Depression,Depression,Depression
NEW_382eca4bffc4006bbe2992b390684e9047fe34f125a2bacba4c036f5cbb1b0f7,Neutral,Neutral,Neutral
NEW_383013e86ccbfe93a4c987d73ec17a2690d8461b4094c707138fe0f9eebcdd3c,Neutral,Neutral,Neutral
NEW_384339d4bcf35915c4a10a4d4a5227e8335b1357c1ae1d4fe0e3173cf0fb5956,Depression,Depression,Depression
NEW_384436aa68eb14e576a7f0d350d4244059923dbf47f8733e6619fe663c582e87,Happy,Happy,Happy
NEW_384e998f1fbf1085f5b15ea198948c00ff7f7f6f948ec11ae673cf3d67d6a55d,Depression,Depression,Depression
NEW_3859bb44e265b3f9a2dfeafd2c3904b37465c026288995689f6f91fe6583005b,Depression,Depression,Depression
NEW_386f6d0c1cf3ea7fcb4dd3fec9f74388450f5e91b5ceb3c2b99cc9e1fb0abe32,Happy,Depression,Depression
NEW_387c066a91dd39647f77b8918fd180add0ca8bc8fa13ea618d9c06feedf0d1dd,Neutral,Neutral,Neutral
NEW_38869d6050d8cea8ce094faaede1bde862b2976bfc987fe8972048319832dd3d,Depression,Depression,Depression
NEW_388b8387431a28457d18d8e617b4839617a8f6729bba9018f611ba9f36d6ca7c,Depression,Depression,Depression
NEW_389114e91452a97e3314edb6f25a969030dbd5c77ecda6dd773071ea28a9d530,Happy,Happy,Happy
NEW_38b1ae8204a19c57cbcac3465069d878201bae98623b2b20d5ca681ce2ec3a13,Neutral,Neutral,Neutral
NEW_38b3533514246dc88c8284ffe1098bc5beb754d0c8e2ff743e28d6f76230287a,Neutral,Neutral,Neutral
NEW_38b522df8c3a751cd62c3451e40c00c7a8c739f085e71e721fd3b0b7763819f7,Neutral,Neutral,Neutral
NEW_38bab8b81321a6735108223efae27ee96315f360839587bb982a826e993a869a,Happy,Happy,Happy
NEW_38bbdd17886b087450b47084528297d6952c1f3e2ef37d1e7340f812a9a0a23d,Happy,Happy,Happy
NEW_38c4979f5dbaea58946639dab52fdb16239b5404bfe8ee1866fdf275ba2a9b08,Neutral,Neutral,Neutral
NEW_38d2869183ad09b8077fc34b9bc0bbdbbc46b51f7afdf263dc488db30c05cfa6,Neutral,Neutral,Neutral
NEW_38d7e1219900ff5702452b04050836b7d814c7b0d15f463a2135f4317e0e6932,Happy,Happy,Happy
NEW_38de6f807c0707face326295d95ff6f3335edff8481fabb6b5319a072dcde4db,Depression,Depression,Depression
NEW_38e335f12dcc7cffccb637446151962406a4e2b80b8de9870ac9a6ea0c7b2524,Happy,Happy,Happy
NEW_38e84454421cc2d01ab2095c0e9bc26c26c40452ead136ba81f764650ee32f99,Depression,Depression,Depression
NEW_38eb245e1c2d4cb8167b7ec3b8d003ecb687836f83e663c850b743eda094bb37,Depression,Depression,Depression
NEW_38ed17c412d67bbca811435ca00e2e8fe8f94e939c304e590eb57e7022af4a9a,Depression,Depression,Depression
NEW_38f0bde825594d9fa2d232f170845917703aeabdbf620643f7ab210bd5473c57,Neutral,Neutral,Neutral
NEW_39017eb9bb157e2951f61dcb2fadff86ae4c0f480a47f00187f7a3ea426487b3,Happy,Happy,Happy
NEW_3901a821db5f2644e37b260e42fdb4cce470c5492610024ae9b46b1868f7f418,Neutral,Neutral,Neutral
NEW_3909a3002ea40be63e32ea6667956dff02d5bdbccbe07ee076e99c144e697069,Depression,Depression,Depression
NEW_39108cf885f5bbe813231bd245cc00faef867e0452d7c529d34fc225bae09d54,Depression,Depression,Depression
NEW_3910a63496ebe356c80b3432462c1cc76378a1bd04b57011c8abc4e73141dda4,Happy,Happy,Happy
NEW_3911a70f4911ce7dbbe1ad7a40adce4defef260373724f8a390a96ac244a3d83,Depression,Depression,Depression
NEW_39172fd7d437dc2e6d5934efe508cf60347c2460ceabb9ba760aa2eb2725acda,Happy,Happy,Happy
NEW_391efc1706a89c4feadd1b33a23cf3f0f3b02bb11bc3ed6e235f2e528071b18d,Neutral,Neutral,Neutral
NEW_391f97d7c87e26a38b6cdab9b7658fa7cf1c0ff742ed6b67d23a5b56ceb57d0f,Happy,Happy,Happy
NEW_3927efa381c89303cf8a1373f2da33f455f78b7e11b4e2e7f871fe8b09282d27,Happy,Happy,Happy
NEW_393457fc8f2389efe2888669a9505db8ac9a9c76f4cbd458074a23cdca0000b1,Neutral,Neutral,Neutral
NEW_3935d82aefad87bdd3e22a55d663e85ea4c4d8b52506b403633987f6d4764461,Depression,Depression,Depression
NEW_3939bf40e533f4f1c74ad2946d499bc052b5d59adc7e2fc78e92afc48e25fc2c,Depression,Depression,Depression
NEW_394275e77720f041630a0083e3f868337d89583b75f0a431c1f3216536e0b93e,Neutral,Neutral,Neutral
NEW_3954139ac044ea5d7f285f0efa1874dc1ed58ac93c63091cd9a28c5d8816e154,Neutral,Neutral,Neutral
NEW_3957a0d1ae35cea328acdad70d0635b52f9d38a9060d02da1576b6bd35584dcf,Neutral,Neutral,Neutral
NEW_396d4c7a9a36ca9c738ff6d990f515fdefcbee50f0a8052a4b4af794d1181b83,Neutral,Neutral,Neutral
NEW_396e76d0d3e8196910b012e5def6085b0f23b1ae1990448447cb98a56863cbd9,Neutral,Neutral,Neutral
NEW_396f5ef373185ddfb209e6663ca17fbbc600770d3bb6cb73dedf99e6a608b25d,Happy,Happy,Happy
NEW_3981cbc8299f8de297cd50ba2ceef8060433b7d853aeb73c643019ddf32b0c97,Neutral,Neutral,Neutral
NEW_3988472d285f7124b5cc12a7e763d3463581ba899cf0956c7a16d46662d3a0c9,Depression,Depression,Depression
NEW_39a878a1e393a0cacaa0cc225df10e090a91b558d55c95012ece7d0b20b337d0,Depression,Depression,Depression
NEW_39ade03412eebfa2ecd74b495f8f0fd222830b21ca86bb12e6e3e7ff6fa7b3cd,Neutral,Neutral,Neutral
NEW_39b8fa666b91e19ba75d973acbf95bc8d8abf13e035b8d5e2be1e43589ead9cb,Depression,Depression,Depression
NEW_39ce7dad45f4c505788f7bfec36633d2f8391f697ff321ad085d6b8f9328c91c,Happy,Happy,Happy
NEW_39d4236c15e35afaa3175a79ccd6b51fce8296775628c56312495a32fe086f53,Happy,Happy,Happy
NEW_39dea241fb59636c456ff78be45f419efe781e268858b2f91a7cba4a7727fa98,Happy,Happy,Happy
NEW_39e66f1a8abe19982f7ffb6756a85cbd45326afcb526f20a70905f69f56c35a4,Depression,Depression,Depression
NEW_39ec6aac81b5be8de5d731012808bc3c3c24e94b1f2dc19691207f5fc9596c3c,Neutral,Neutral,Neutral
NEW_39f801fd6a93453bdc647f3bd6315b61ac3addd27bc2d054f01b3ff2d0fec217,Happy,Happy,Happy
NEW_39ffbd4fb72832085d38c67f89e5189642981d9fcfd1368034288ccfed653856,Depression,Depression,Depression
NEW_3a0c2c962e226141fe6fa7e7e63cdf85c8788fd3e3911387403fd1051ad19233,Happy,Happy,Happy
NEW_3a109c29a2f32bb936c879be244a9fb8b8c0e335c5ed26f61208bb7d46706d3e,Happy,Happy,Happy
NEW_3a1ff4895fda144412673a3390359d60758ce94763f7ae13d4bd350ca4c81049,Neutral,Neutral,Neutral
NEW_3a26e01cde8d6286051df5ab73727b8fbe8a89356e0c974f4b1ef3c50a0d359b,Depression,Depression,Depression
NEW_3a35df5ccbbe0b35a99cdaf7feac1e8ba07b56856851aff24317c3ce024d1946,Neutral,Neutral,Neutral
NEW_3a382ff09e99478991876d5a11848c17f330b7467566a7fa58194e9bdc98d4b8,Happy,Happy,Happy
NEW_3a3cf6137aafb6a69bfad122d1787adf9539786a61e6311a8e1c34143ed8e42c,Happy,Happy,Happy
NEW_3a421d960b15790e9faeee2e8b11d00ee7fce0e97897a6b2013362f7b12eca45,Neutral,Neutral,Neutral
NEW_3a4456f643732bad94252790622f0554edb544f6cc5946a151e0ab36b69368f7,Happy,Happy,Happy
NEW_3a4e47b01ca4cb336ecf0bee26587fc9d541bb13b539dcaa123cca65da9d604c,Depression,Depression,Depression
NEW_3a57416db8f33e6d544377ac6a796805c810f19e2013937a38818dcfcfe6ca13,Happy,Happy,Happy
NEW_3a5a43d9aec964485db9a3e6e8c37767eebe28317d9e8cb15ea99bcb9c5e6491,Happy,Happy,Happy
NEW_3a62253f68013c86a91f34b060793cec0fa45a8ae85c4e33090636e2ba4e2981,Neutral,Neutral,Neutral
NEW_3a636f8ca1f6c4501c4dcdd7cc62a535f5c4808bcd608d50c5ab8be00ca47a74,Neutral,Neutral,Neutral
NEW_3a6b6c414ed23e3efff5fa3dfb2ef4813c08b68f3dd6cf59900737ed21a191c8,Neutral,Neutral,Neutral
NEW_3a6c9feeb6e8a4615032402fa94ef62104a3808e3b39fa814f1a3b82153d7ef4,Happy,Happy,Happy
NEW_3a6db25133f718df2f1cee832049a77b35560cfdcfaab7d3ea7cbc4c32071780,Neutral,Neutral,Neutral
NEW_3a7779bec7a9a85fb98273880a14a441746a8b8a41b71d7295d5c4b3b584125d,Neutral,Neutral,Neutral
NEW_3a7e92ffffbeb38ef37626e3c9c16810e393f084216362c79a53ec08a0a5e92b,Depression,Depression,Depression
NEW_3a81a91c886b414a012ae254f7d267fcb353e080f36a6504e914bd90e6620965,Neutral,Neutral,Neutral
NEW_3a81c9b8985d7eabca86cf10fe392cc243a822b9147abc8b39b39878dd13b306,Happy,Happy,Happy
NEW_3a996af35216852aebb8914d596e534da8d4065f99cf153806016d2c23c9a86c,Depression,Depression,Depression
NEW_3a9a39cbdccaf2f24119130b847db4ace998fea613fe92241a85a017cb747bb7,Neutral,Neutral,Neutral
NEW_3aab5b496b3619d3ebb797cc3273ed8a535e5834c4b945eb84fa66f9768fcc9e,Happy,Happy,Happy
NEW_3aab85a86d14727698629179edd899ffc88b039bbaa8a4d1de89e9b3052c0454,Happy,Happy,Happy
NEW_3aaf1f890eceec655dcc51f7fbe00e0c68e5ef0f861db6c21b14abae88f92a6a,Happy,Happy,Happy
NEW_3aaf58d98ef2ede2b7c13f08ee0e9b32bebed3b054d2e14319743c58753eb0d8,Happy,Happy,Happy
NEW_3ab3c0410a039a61ecc53d885c7b202a8a72c0c402db3df38bdec3a4c0025eaa,Happy,Happy,Happy
NEW_3ac1d9f0e199e98c1d088497c1617c0400e0445c5bdf393d2fe859438329a8f6,Neutral,Neutral,Neutral
NEW_3ac7c5a38c6dfe560cc357720a789691535ec27edd0f233fb7c02a67942467be,Happy,Happy,Happy
NEW_3ac9286815dc061e368f5771e750748033da235b3aa5ca98e8f7db86c97853a1,Neutral,Neutral,Neutral
NEW_3acd30ebf5024566ffb60e469510c335fe00c5f91ab2c273920ea8134241b086,Happy,Happy,Happy
NEW_3ad4561e188186dbd974a49500dd08320fd2801aa23ff286b87564f1a6e6618f,Happy,Happy,Happy
NEW_3ad6417bc2fad8d63d5f1846b6d464d524d7693f4728f03e36eb71bffc63f494,Depression,Depression,Depression
NEW_3aec3707b9e87b53341f242b1104f66426d3745fb5da6765e9dc703ed6b7073f,Happy,Happy,Happy
NEW_3af09b933c9cf410f044c2802340762a6a77c3890c084f5908bb19a79d169b5b,Depression,Depression,Depression
NEW_3af2cdcc5cec2bf3e4005d39215c3c26084c4b39c8cba11ee74189e12e053bfe,Depression,Depression,Depression
NEW_3b032db40994edad1f1b77c09d5a43de7987b16e6c8085b8bd010bbd2ad1b98e,Neutral,Neutral,Neutral
NEW_3b047243b68c7bc0a5f5be2828e4bef877aaebbda04ffbb1fa97c5c1870cecea,Happy,Happy,Happy
NEW_3b072ed7fc257bdcf3f030034d34e1b14194bdb20cd093d2a50d990d57764d11,Neutral,Neutral,Neutral
NEW_3b0a39a2851fecab3fb951934da157a37938e39b4445389b4f8b64ad266fd395,Depression,Depression,Depression
NEW_3b0b9b08df1a0b93c836e3daeaef2732641507add8706c32b20c7cb0c48322bc,Neutral,Neutral,Neutral
NEW_3b136dd06983dcaebe1cbee68ea5a1768f28e86ecab2b99fc97b11cbfe5ee4a7,Happy,Happy,Happy
NEW_3b15733a19d0037befbc32b634ab2eb1e42eebe8809b97efb3b028096ebd3224,Happy,Happy,Happy
NEW_3b1a3f7a97f2604b541468409345a6c6dc7192d670eae8ec3437cfdf281c9671,Depression,Depression,Depression
NEW_3b1c35457c7de6f0ef4434db7507aa6eed86275202c7e9bc43360f9c2bcaea8a,Happy,Happy,Happy
NEW_3b1c830ab1d001ed388278569750f442df120832eb95f99a661dc621607d5c33,Neutral,Neutral,Neutral
NEW_3b1cbefed36d0fa764db398a172cee336fb306fb60047f432ae0de1624e4f02d,Happy,Happy,Happy
NEW_3b2ada878989ce7eabaaa874dc3c1f52ea81790041933268b4e304970a32790c,Neutral,Neutral,Neutral
NEW_3b2b814e36e781ebcee4a4db74241d87e63e4033d28016cb758bdc82f3de1721,Happy,Happy,Happy
NEW_3b2e04141e754516553e0e0a2d2d2d0455ca6c71340b0c9a1b9aab6dc263166a,Happy,Happy,Happy
NEW_3b31b60aae054b37de87428f5091e51a3286e3fc7ef87b81bdb4fde09a5e8c3b,Happy,Happy,Happy
NEW_3b3222912efd1f855d4ae9ea72d2797b7841ab57bfece93ebceebfd9dcdf6a3e,Happy,Happy,Happy
NEW_3b3435e88b7e73e601731251940a07195bdf5c92689ddbf96dddc15557944e19,Happy,Happy,Happy
NEW_3b3688c54f0b6c2dd5cf6bfb5fcfe7fd08336926567914cc07ff3b4a356733f9,Depression,Depression,Depression
NEW_3b3801da8989d88611c81c8e2d0c4dd0a02fca3203206c424120cb8e3d6593f7,Depression,Depression,Depression
NEW_3b425fcd6a26bd9446c1e2614e30f772ec0f90bf2e745b8935a3da030165c303,Neutral,Neutral,Neutral
NEW_3b4c9f90d99b6f8c40f744da51664794cc92910e39ede2c38b0e5cd8dc98b121,Happy,Happy,Happy
NEW_3b51d55534b55eea0a7c9fa085df303a8858d70af0491f1f44343f42d717ef64,Happy,Happy,Happy
NEW_3b52204026a8dbb115807c45a9aa36538d378c4b18a5465adfa6a23d7f1b9dad,Happy,Happy,Happy
NEW_3b542c8e89c68843c7ddb9ea9800adae89c734ea7661ac2c66936d61ea6ba587,Neutral,Neutral,Neutral
NEW_3b545b7c52b37b61a69e36317f9e1993460c21879a2c600e878c103f0b998e28,Neutral,Neutral,Neutral
NEW_3b56792d0106865a431c2c4e9216ffe7d539d95cc811a6562a7131e4cf9515d8,Happy,Happy,Happy
NEW_3b5a4f32b4562aeccd5c0cd23f0589f7ead15e3e058262c1cf37283fc9dfcbc1,Depression,Depression,Depression
NEW_3b5ac002ca077040cb7136148fbf587055aeda04d9ef615aaa785de32eb11f2f,Depression,Depression,Depression
NEW_3b61ac477cf584167bb054a6cc82ce675e08f86c9cefa67a5a67c64f05ab3ba0,Happy,Happy,Happy
NEW_3b661ec8ed6453122a63ed7d39b6b69ae41a8ed2cc323d28fc8386aee8a8bb84,Happy,Happy,Happy
NEW_3b67314fca64d400990c23540365c61d899674436f1dc737e88f7e787b7fa36b,Happy,Happy,Happy
NEW_3b7dfb47dce6700c3a650dbb77ba752def89c5de904e7ee5f7e2f5af61c42ac3,Neutral,Neutral,Neutral
NEW_3b949044c594ca21659e058550a2068da8b5e67b98b1e6ede24eadcf7c510323,Depression,Depression,Depression
NEW_3b9811213edda16f971264e3bcf95e0e76431fc00231bf393b080375bff6b759,Happy,Happy,Happy
NEW_3bab8d19b522091d9f205d3f3cf1706398df690a0c6a8d6ef9e3cde2fa1e9fdf,Happy,Happy,Happy
NEW_3bb13cb0ef1c0d89d3039875c84d3dcf103fe33aef3ee4d9cd3f1605e9ebac6d,Neutral,Neutral,Neutral
NEW_3bb8a58ca8390136498eefd4fd60e2e392465a875323f6d88c49ff32be15f65d,Depression,Depression,Depression
NEW_3bda5df4b4f8454a1e6000c917fb67752e33ef4406baaf0ade51d483aae622b9,Depression,Depression,Depression
NEW_3bf1aa05f51fd0ad6ecec54b78d3d57aa76c4a03ca588f6b9c59ac2a19cc14ab,Neutral,Neutral,Neutral
NEW_3bf3739902228387cb1332d833727c3198855f2287029680615dbef3888f2aa1,Happy,Happy,Happy
NEW_3c0cd35da749a76a2508f00708021e637e1c4e3f70252199c0ff6fdc2183aab3,Depression,Depression,Depression
NEW_3c18f332af7e3ab820ac046811582925c839f60920c14422650171309b1de2bf,Neutral,Neutral,Neutral
NEW_3c19cb79d55d2a8aa9cea8d4fcf92b457f2de3e2bf46c3748a1a3d7dc86a0f3b,Happy,Happy,Happy
NEW_3c1c4970b5ecfceafacacda68e754de2ea41d1f211e93c971b00c80e65a2ae99,Depression,Depression,Depression
NEW_3c25b86bd8e5efd5cdac1b14c6e75bae7ccf2cde815926ad1eefbddfc0e5ca08,Neutral,Neutral,Neutral
NEW_3c38b1a0059e1ffbcc12434b896834e9b73c9fad2002b5d0085d2ccea586ebae,Depression,Depression,Depression
NEW_3c45a16cd49274d53665cf31819ff35372ce9750932850f15b07a7067399dfc7,Neutral,Neutral,Neutral
NEW_3c495e0b1eb5e4943a436885f67d289f1d5859706a6fd427bf635637fd7fbfa0,Depression,Depression,Depression
NEW_3c4b89f4d718bf31c9e02542de529909a9f38c6a3ef48c3f8d74d9b05161ca06,Happy,Happy,Happy
NEW_3c4cb639dd72ae63e1edd6568b29c688df3bbf20a6f9e800d0ce1e35237b470d,Neutral,Neutral,Neutral
NEW_3c4f6852609115840ef48ff823b1bdc99ec2e9fad27ee4d800928d4c4717a974,Depression,Depression,Depression
NEW_3c52a1e13a5ffd2ae79fad11ec47479388fd3f62055672603c3e595ce8ec29b2,Happy,Happy,Happy
NEW_3c52a2873edaa6ee232e60df59fbfeae2d3b600e562bf11c9cf85d7fe5a43d54,Depression,Depression,Depression
NEW_3c543fdd43d6ed2e5d1599e406da4a125c0b1e84b9ebc4e72760507b9080ae43,Neutral,Neutral,Neutral
NEW_3c5f76521d8dc60506ab81e9c2d8abfd2d5989e77a8f91cf8e0a35aa6f408fe5,Depression,Depression,Depression
NEW_3c6410d8c7a6f77c8523fc328e67a178689fb2d9ab442f477b8f615293d30682,Neutral,Neutral,Neutral
NEW_3c77c2c7c92a7f6494cb57d89747f7b6b4bd64cacfea73621144f8a7c6e1568d,Depression,Depression,Depression
NEW_3c7d8dc178d8461338fa145510f79e5264d88b7e69c76447f7a791984de1d717,Neutral,Neutral,Neutral
NEW_3c9050226980416b66cb37b895fb1599df7d396c232127c3016ded520204641e,Happy,Happy,Happy
NEW_3c91d65bee7c4ff791653816dbf9cbcbad0c56df920e5b4f367297e0117ef856,Neutral,Neutral,Neutral
NEW_3c9d28b1ea9395e22506126fabdad82364c4efeb49e904accf716ca5271ca9d5,Depression,Depression,Depression
NEW_3cab147bc16ec965ebacded6af18c9a40378599df245b6389fb283e60eed77c4,Neutral,Neutral,Neutral
NEW_3cb3e72ed729d352df232c9964ef9c91549f5a2d2b2358d567352644c4bd2dd5,Happy,Happy,Happy
NEW_3cbce3e5982dd20a43a1a21d58cc609d4ec51c6ad8126bc5246c03921dc3135e,Neutral,Happy,Happy
NEW_3cbe974e694fc76996e7be3bd74fdf533e12c27dea570c01313e226a0d61a232,Happy,Happy,Happy
NEW_3cc4579c0cda754a7f38c6901bc32032346058873a507988c0d9eb4b8557189a,Happy,Happy,Happy
NEW_3cd44e3984f282a15cdd95be6624f9b23e616cb9499cd494e556ad3438c40037,Neutral,Neutral,Neutral
NEW_3cd5c541b18c2deae8d7fc51b8fb51593e5e8050827cb53d9b2d327e62159406,Happy,Happy,Happy
NEW_3cedb13116a94233aaf1b2e11779b3c7c18b0745744c9e8967591b45e582b0fd,Neutral,Neutral,Neutral
NEW_3ceddfcb5546aff0d65edb8f6f439ef2961f15517b75f728adc544f6fca4588d,Depression,Depression,Depression
NEW_3cf01bc82e1776ea5ded0b9da8c6ffeb56737cf2d55e9550b4175532a6760a2f,Happy,Happy,Happy
NEW_3cfa5f07c4d27a597a2b87da7eed41a7e958ccc4d5d77486a00e90faac78c909,Depression,Depression,Depression
NEW_3d027f1fa3bd98988c7aff07281c1fbff07a50651d4feace01887534e060ebba,Neutral,Neutral,Neutral
NEW_3d03f4c87b1736b0102793813fc62277bff20aae3c279ee8c3548cf380897dc7,Depression,Depression,Depression
NEW_3d0eacc448326aabeba9b0908d08fc7257408ef48ab61707030b09c726ae0582,Neutral,Neutral,Neutral
NEW_3d12ae220f96da5caba67c86d980bd1ccd084f923ed66cd61fcc5a56280dacd8,Neutral,Neutral,Neutral
NEW_3d1d4c22cfd311700de6fe03e73e0d6085f3132e1d1cca31a96cf0c23caa96f3,Depression,Depression,Depression
NEW_3d254d19072c42c06462a38aa2be7699f809f0a409d80d883bbe1c88d40c46ee,Depression,Depression,Depression
NEW_3d2589eb6bd62f82203247535339a4bc1d1be11ae3b1c4ad17d7847cc5e6e9f7,Happy,Happy,Happy
NEW_3d2b15009228f3b01687ce41326e9666330962441ce62fdf46c70a0cc4a099cd,Happy,Happy,Happy
NEW_3d31163a655364702641c207c6c77cda396a620207027baa0a86b0cb61cdc41b,Depression,Depression,Depression
NEW_3d38878f3f4433b1a82367287827a6379e3af71bdaccba74c6201af82882d853,Happy,Happy,Happy
NEW_3d38ea3207cb8d82d3e610a3a88a1c79fa1105e2f5c58d1bc415d5a8f9bfce3c,Happy,Happy,Happy
NEW_3d54faa5c2a6c6091d4134cef762e37fcde344f97c8e85971fef1ac1368781e1,Depression,Depression,Depression
NEW_3d55c6961707fced75263f13b501a48d75565f86acf42028504f5f98027d9181,Happy,Happy,Happy
NEW_3d5b9a9feef4e0a17a9753b85c1e7b0cbe7072db81708dc09931f8682f39746f,Happy,Happy,Happy
NEW_3d5f1317109f4d47d616aef3e3e661cc27d9e1219aa50caf3a438d55e5360050,Happy,Happy,Happy
NEW_3d6ba23054d9242f61065da96aff08e79b116a45c7b0d34f22d0bcc6e0ce9012,Neutral,Neutral,Neutral
NEW_3d843b54966f7e4514e4743eda041cc11b7b56587ce8409051f2a925d98839cd,Neutral,Neutral,Neutral
NEW_3d8a9cd00ab61ba4d51f0d5299eb2fdf4468d59ff1b1765a215ee6d3d4fcc908,Neutral,Neutral,Neutral
NEW_3d8ed2349542c935c4eaee4cbab2ad7e10baf138edda07c3328d3552a2e6c2b3,Neutral,Neutral,Neutral
NEW_3d90e981624074ccfe23bbc87345745f4f15630abe7b0e856aa972056f6dfc02,Neutral,Neutral,Neutral
NEW_3d96294d3888979906d1669ecdb45ed33e6d85e48af6a718c9aeb0c9670c0d98,Neutral,Neutral,Neutral
NEW_3dadb54c82fd4a212b684f0cdb9a6f41721aa2a5b94a20a1c77d35d65ce5e332,Happy,Happy,Happy
NEW_3db41f21b8592c3ef73d0883a92b67e9ba11a4aaa467ebf63478824a19ed2d54,Happy,Happy,Happy
NEW_3db57e01794bc71d2fb84f6ae76523c8bf0dc44fdfd68fc163e40a277aa899aa,Neutral,Neutral,Neutral
NEW_3dc28a25c008e0b603451e0cb71dd23a4a9b7f79c4a358e019b92a6c88a69452,Happy,Happy,Happy
NEW_3dcccabf95b5e40e3048ec9f4f2f9b23449ad80d6be7039fcf3f79fb6eca435e,Neutral,Neutral,Neutral
NEW_3ddc2020cd9a0bb56b274d171f0d374d14dcd2f04a7720d81e384d07d264aa67,Neutral,Neutral,Neutral
NEW_3de1ddfe8ea99319b963d93308ceacc3381d654eaf22b65e145d4b97b2767241,Happy,Happy,Happy
NEW_3de758fc2d41ea5adb6f8c5f848b3a1e78a9754d12d9507f020c31cc24b72fca,Neutral,Neutral,Neutral
NEW_3dec2a64aa5d8b9afb5806cfc81062ced450c06a6e6a8d8ace38efdddeb61165,Neutral,Neutral,Neutral
NEW_3df7e2dbe21f0adcc1d01e1f7220561b1bd9527b0c2416efb1adb26357a0af49,Neutral,Neutral,Neutral
NEW_3dfb1ac70b7db367bfe1c456debd79d15ac0437d6b5585bb5881583af6d83d14,Neutral,Neutral,Neutral
NEW_3dfb681df9c5aeee58896035213a93f69f7627041e994ddb510078f120dd05a4,Neutral,Neutral,Neutral
NEW_3e01d583b779ccdfd6bd9bbfc5fc239e4bb7e566c16292cbe4fc0e6d865925e7,Depression,Depression,Depression
NEW_3e0450f473f18dae77462a3ea640fbeed11340e5ab0b151661ef54d05b8579fc,Happy,Happy,Happy
NEW_3e07527240e04b4c63e1a5cafcad6e230b367ecf81e262144deded1183d59da1,Depression,Depression,Depression
NEW_3e0e1b54018926ab12a8f059f1bf5953faa58203a9e85742ab7bf5b6c69160ed,Happy,Happy,Happy
NEW_3e126731f161a9c26e786b8880f70457dc1eab586f33a87cd9a3b222f82077d3,Happy,Happy,Happy
NEW_3e12a1522eea1e09c435f24048ce32621e08c6165c9ff51ce14f3be068fc007e,Depression,Depression,Depression
NEW_3e1b12bf82f61879c733b43eb64355c2d6290820013dfc981cc6291f4d5c1e33,Depression,Depression,Depression
NEW_3e1ccde3df2182d55e3fa4416cdcff28203a2c0942df12db0b17120935d52e3d,Happy,Happy,Happy
NEW_3e2bb40c44ba3851150ff947dc76212a2b48917d2f1723c3755318268c4fb160,Happy,Happy,Happy
NEW_3e31ad352c56b36358987064434a337bde5324740b989c604d71aa5a2601a036,Happy,Happy,Happy
NEW_3e329c046fe04056773e3cb5ba853e30a0b9b82ad0d8b1f47deb8e783b62bbb4,Neutral,Neutral,Neutral
NEW_3e3b8ea8572f3b8abc9e165604b47cde5e04d679d38a13490a43d5172d0cdea4,Neutral,Neutral,Neutral
NEW_3e4218a555cb5c9e5801eb74dc702924bac1b6b7e498c4be989a5e07a3d8727c,Depression,Depression,Depression
NEW_3e5a08435a4605f565bebcb8b51e465a74b3eb5bf2faf0df999fd8bc6310d91a,Depression,Depression,Depression
NEW_3e633fbffc38498483454477f79dd0b7bb3b457e30d272b824f367f008c7cbe3,Happy,Happy,Happy
NEW_3e63a0c92e13797c566852565e3d9beb4778874faf52e14a922fc0f373a4ed1c,Depression,Depression,Depression
NEW_3e7582931e02e2a2e5c84b6a4f6d214628821651db1c9e92552e6971ca72deae,Neutral,Neutral,Neutral
NEW_3e767af727b3abc6c29fff5d454c75b02de211cab3d90a64a277abc720f14e7d,Depression,Depression,Depression
NEW_3e7b00e0d6eb691eb5c85da3abff846eb86b6fb51bbfa3ed8ebc274e0acbcc4c,Depression,Depression,Depression
NEW_3e7beecc85cd8f2788eb0620a9320873ea9cfe0e5979beb362a98b17fa9f137d,Happy,Happy,Happy
NEW_3e86af75db326d6d82f3f100b93fd0331a0a3d0bcc553332b395772efae84831,Depression,Depression,Depression
NEW_3e86b1643a560b7bdea2ba9227cfa408354f336f7896aa1bea5d0dc936f9a237,Happy,Happy,Happy
NEW_3e87952f0d88013eaeaf1e69af4c17b236a09c84fd0f4b795dbbe7d63e16e4ae,Happy,Happy,Happy
NEW_3e89259c1c5e14ab174cbfac0070ca6ec1a46cae9ef796743bac450898da1cfb,Depression,Depression,Depression
NEW_3e8be9b1a9976de20fe4d8a3644501c696ed7a67bb1d6a050f1907c8ad6157b4,Depression,Depression,Depression
NEW_3e9422f4ed3424832e3e09e19f0229d77117af53cf5fe7b799766b2fb6727754,Neutral,Depression,Depression
NEW_3e94fab5ff14ba0230a918072d795b9c7d8de69e8b5eede767ede10981332ce4,Neutral,Neutral,Neutral
NEW_3e996029007f15180f35719e1bd33bb3f7f77b9c4a9bd5cdf7e474408babac1f,Neutral,Neutral,Neutral
NEW_3ea51990e02969da482a9a6da4a0ccf2979980b3c33317e75247febdc155fe7c,Depression,Depression,Depression
NEW_3eb5458935df92709c9447de334c7938304e50933d4f9d18936b76c23412da8c,Neutral,Neutral,Neutral
NEW_3eb54a06fe60268e0593324e2b0b7c917b3f15dc31ddcfed3b4556e610be7b77,Neutral,Neutral,Neutral
NEW_3eba41564373320ef5e3247e82c0215eb7cab4ae3e717362207993c8af3046d2,Neutral,Neutral,Neutral
NEW_3ebfc95099841512cdeb3a5c9ed09a4693b7cec2ed839a8ed6d685c251d99e88,Happy,Happy,Happy
NEW_3ec72f9914fb53586c2d30256fa060355280f9ba0f721aaf20d7a253d9cde5e4,Neutral,Neutral,Neutral
NEW_3ec930ee553e042cb880bd34bfffb5afd79d0a8d28d8941e5b2db48e30ae0dd7,Depression,Depression,Depression
NEW_3ecfc06fb4f34dddfeb2dfde5f77e02aa057820461bff62334f04b2c1524b566,Depression,Depression,Depression
NEW_3ed875b2b1e9a3fd18bae19965569c8d05ab22ca1d6d3856b858d79bc7930f29,Neutral,Neutral,Neutral
NEW_3ef4558d20c7b04c9cbf6cda583d0958787a9269ebc130e6023c13fee4479b8b,Depression,Depression,Depression
NEW_3efb307204445c9eff3d9d596fa8ded1b4f5e8d1d47f41a052c940511b7a8187,Happy,Happy,Happy
NEW_3effc7a8d28a88bb69edba0bd277ae7e8b9e1676edb537a66ac397043ef8e291,Neutral,Neutral,Neutral
NEW_3f02d677d485874d4ffb4c673863ea5c9b5606d2368f814c87532b3ae8863980,Happy,Happy,Happy
NEW_3f0f42ec2ce7a8d47d4fd0fc0b59016d398a29d96e40ce00c49da9f150378b36,Happy,Happy,Happy
NEW_3f16062915bd13a9c8c96e806b43bfd7ede4d687ada5517fb0e25b815b990b0e,Happy,Happy,Happy
NEW_3f23ee9c6cec9900cee78a3518741166968e1d9785af180eeb81bd64a64691a2,Depression,Depression,Depression
NEW_3f268ee8d003dc06d4d5141ee896eb974db0cabce0f61d67129f701fccd7da64,Depression,Depression,Depression
NEW_3f39f38207ebc56521dcf2ea0e93da4b60498f8e92a37945e9d4735d7d702357,Neutral,Neutral,Neutral
NEW_3f39f601c7cec0bf4c9a8376d921559cec037952d95aea112b27b0d28224ffeb,Happy,Happy,Happy
NEW_3f3a5c0df0104be0b59f35a6dfafdf29b27575bf9a55be8d6361b90276070445,Depression,Depression,Depression
NEW_3f4f548036c20d2e9e578a5b83fc8e6063b703f5f4f43c640c0dc10fe1454dec,Happy,Happy,Happy
NEW_3f53952295cefc66c7a4c31318a2964df6053655515ffb80ca1899682ae2b4d9,Depression,Depression,Depression
NEW_3f5d9a2129c8cfa58a0eed813b146bce01c2208681ca85d804784f7eab631c1a,Happy,Happy,Happy
NEW_3f63c13ae65546192aa65003654668ca8f1faf150033477ec48e270887c8613f,Happy,Happy,Happy
NEW_3f6507b46ac026daab45673f748eb337471fe9d13434417ece713cd7ab04b766,Happy,Depression,Happy
NEW_3f66cca11684c4b4d09bcae68ceb50c9503c3936ab8c6002c1218442c309f8f9,Happy,Happy,Happy
NEW_3f6853159b61006b9ecbaf94317b088101f98e1d86ee9bb39fceda1fe4c48d51,Depression,Depression,Depression
NEW_3f6913e48e46deccde98809fa7c70b03f68f7396c0e3540dc307778ade3043bb,Neutral,Neutral,Neutral
NEW_3f6a77661f88e57102f5b624d87ad613402bf526b2ecb56104320d4924573b6b,Happy,Happy,Happy
NEW_3f6ed89aec1b839e0069c3b87752af28d836b08e24127fd363763639697b1e8c,Happy,Happy,Happy
NEW_3f70e80758ea45c8d56cdecb4dbde1a96f2c7648cec9c948453efece39f0bb32,Neutral,Neutral,Neutral
NEW_3f711dcbb1ffe52cc8977b41b1aee17c8e8213aa5a00e54ececc3585c4b7cd56,Happy,Happy,Happy
NEW_3f74593a9d39fedf27705ca0cacfbcd54178d897eaab7941f95095ad1bd6bbda,Depression,Depression,Depression
NEW_3f74bf3531056f1bdf63cd69f16220f0c3524f84066a5f9f8a26726956baab17,Neutral,Neutral,Neutral
NEW_3f78f2fc7499a1ebaaf2f029cc10f8fe6daf86a1f187f53e4ec0220ffb4671d8,Neutral,Neutral,Neutral
NEW_3f796d284a75a109d3c38595b6defda33b34b20bcbb56858d65b81a811b56149,Depression,Depression,Depression
NEW_3f980adb004a589be656aa01bd4a202961f0e8428f2ba3eedc55dd424d83a0d9,Happy,Happy,Happy
NEW_3fb4ceafa7c9f2f56e5ea087ebea3a0b80d1faf1bacd9561b46a0821fa1c15d5,Neutral,Neutral,Neutral
NEW_3fc56aa2c48c18d18a4dfbc991ac31740ec2d5b4cedfbc9f23e1c1dbb1108f03,Happy,Happy,Happy
NEW_3fc9acdb42adb4e28d8e1a151686cec61f68da8278dd060688ba5a2ba403234b,Depression,Depression,Depression
NEW_3fcae2d759fae010ad88c3292a6bf2b66fa3cb0170775dd60b4664233e6535ff,Depression,Depression,Depression
NEW_3fcaf32127892ff69d55d4322096e6d867f9e236bd48f3a649541db937b834f3,Depression,Depression,Depression
NEW_3fcbfc48f0eb1b5d4f5a0f191483c5fcde8d1bc921bdacaf605a75cd41838553,Depression,Depression,Depression
NEW_3ffbf5611f513d6afe14a6d30fef04d9ea143c983083e72208e4a0a40b4150b7,Depression,Depression,Depression
NEW_3ffd4cf88715cb7d5b4ead07df7ffaf59a57685b864464ba7eb0f920cf6caab9,Depression,Depression,Depression
NEW_40008fe57302c39ba756f7ffc9875442be673928fdaaf0ac4d32bbfce022359d,Neutral,Neutral,Neutral
NEW_4001e8a1feb4e8673c627fd14ad4725cbc59a8b5042c4db56286ba7c512e089b,Happy,Happy,Happy
NEW_4009a1d586ab7b28736546cea3920c8e2e9035cc55b413f0de64f43f47a0f32e,Happy,Happy,Happy
NEW_400fb9d8e8fcac063a9b2c793455bff76eb206dfa954b709b52e391d20163f9e,Happy,Happy,Happy
NEW_401d0986e21c846beda5fc15017dfb83d6f3d020302c7d1d3d5564d33649e240,Neutral,Neutral,Neutral
NEW_401ee7a84d8d885fd4cec3e540f4ae88477cfddabc49e40e1dae364346eaac57,Neutral,Neutral,Neutral
NEW_4024d82abc9412b8628d47c10fbb2822db8c0bd1a8d5068d3eb6f59b125922fd,Neutral,Neutral,Neutral
NEW_4025860905dfbcab80c0a6fd09eb0a209a698fab69747e74d60d2584e0e32a52,Happy,Happy,Happy
NEW_403a19673bf6bb7c9ad700f1fa2a4d92e5b18556d37b0fe69384f72225877fdb,Happy,Happy,Happy
NEW_403d6e124414dd937be02afeab9308e3d57aa9b27d771fc9df0f2e0f45e7e054,Neutral,Neutral,Neutral
NEW_40419c292b898648aeb5e572e5e67f554f9a5ae9cf2d761a1a35ac4da92e399c,Happy,Depression,Depression
NEW_404cd32aad5f233a7653cd3531d5fd4bd7b5fd9eb9809d17a84b5d6a375796c2,Neutral,Neutral,Neutral
NEW_40685afa123cea00ea921a0cdbe2c91c416722ec831d21e566d82f994ef5a0f4,Neutral,Neutral,Neutral
NEW_40726a07b268be5559f21ffcc12adbcc834a3d07add5739f4e4e99d13279223a,Happy,Happy,Happy
NEW_40732984cfd24f7b91477c3fdc4f171d2ca48a7f850f5d4df1aa4cec82d0deda,Depression,Depression,Depression
NEW_40738144fc1ad14ace35ff48326f27aa6a545903f0ab184bd38d6b9b4f61f3ad,Neutral,Neutral,Neutral
NEW_40879ff0ce52cf5a1f79bebdf95055be9b66c20d95205c15162e4c2dd8a110a4,Neutral,Neutral,Neutral
NEW_408f6bb8dfef7df0b85e8de721dd62238312243eb6635a7ae931e25005c9a304,Depression,Depression,Depression
NEW_409942c7c39dd1c3f17fc87eb31bfaeac1745fe752f1d2f14fb63f7bb5ed0a3c,Neutral,Neutral,Neutral
NEW_4099e0b00f1b823993e2ab2d31183500a761cb34683a46998cf2707ce8aa3735,Depression,Depression,Depression
NEW_40af40fd4e34d826bb2f357bc9151f2ecef06ad9b3c804331279c9f862801519,Depression,Depression,Depression
NEW_40afa41a8ec3b5d60f72b1bb1e79b798b62d4b9d3022326e1ae9e8f62aa2cb06,Neutral,Neutral,Neutral
NEW_40bbaa9fad5063a10c01944253f153debd9175f3fecaee9b9e83278269897268,Neutral,Neutral,Neutral
NEW_40bd95039fc83c674d9e4fd4e22898efa27f1737046f8333cacedc08bd85f587,Neutral,Neutral,Neutral
NEW_40ca4e0f0ad8597df422880b06e603cfb7619346444301d441579961da7ecc0b,Happy,Happy,Happy
NEW_40da90f9edc5dce49d9c70fd234d4e65b33e777432eb58008c0113b9ef5fa6a3,Happy,Happy,Happy
NEW_40daa9c7fb5168f09fca36d02baa56a00bd0211a2a99021b227c63e1f40f699a,Depression,Depression,Depression
NEW_40dc36d688c0c5c161ec116caddbf4ce7694cfb86c17056815f16be78463ad08,Depression,Depression,Depression
NEW_40dc63232d344c9746d09fa5ce7163c2d3de562bbb1385aba8b8f879bb6c0b0c,Depression,Depression,Depression
NEW_40ddfcbc835446a7efe8d43e3edae0952557e0cfb2eb38a69894feeeef5a9fb8,Neutral,Neutral,Neutral
NEW_40e13959ae65c9083fddaa36b50841751ee4abf1c05c4fe0c35708e7a4fe18fe,Depression,Depression,Depression
NEW_40e4f8142bfe397cbb98d44752335fcab6cf8c5fd3c446639745c0fd77ebb4aa,Depression,Depression,Depression
NEW_40ea0ebf65d72acfcf567d79706d3d44d6114783c006f9c0d4b3e2845500aaef,Neutral,Neutral,Neutral
NEW_410052f356fa0899798b793359e58741f3b49297f05bd3abf445e1ce05a9d1fe,Neutral,Neutral,Neutral
NEW_4104740e780fc618ac4b3992c76f6a1d29ede5de1a23692837a50eccb86093ba,Happy,Happy,Happy
NEW_410e7ddbed7156d94bb35d3613a0a79b602e9eddb9cd6beb605f7b8836e280d1,Depression,Depression,Depression
NEW_4116abe9be821dc48cd1013d26235a1200cc1ff1e9e4148a425e2ed6680bd845,Happy,Happy,Happy
NEW_4119cc556af80af19710a91561e1a9585fffa6f004bd1dccea3bf4d3ae6cddd5,Depression,Depression,Depression
NEW_4120e6edbf6c4448b03bcd021058268a8afea48543f23f95efe47e557d737178,Depression,Depression,Depression
NEW_412a588ded0e70cf3638f9eb20f3fa98eaca782754bebd0eab8276c7a9dfbc32,Depression,Depression,Depression
NEW_412fa02c4f42596fe7fbc7ba776c76e478ff93865b40eb708091ac5127fb7286,Depression,Depression,Depression
NEW_4130a155c2f2700238a62d5dd73dd1052c47cfbebe5f245bd6866af271c83281,Neutral,Neutral,Neutral
NEW_413378006e00c43ca371735b14726b3fcfd3cea453f0f2b470eb9e374c57730b,Neutral,Neutral,Neutral
NEW_4143ebdea05f6a8611b001eced42b415369303ef3ed0042c03454f7392201bd6,Depression,Depression,Depression
NEW_414b915afc58162110cb6f736d7313d42f41e72e7eef9b8dd49bf48350cd1a89,Neutral,Neutral,Neutral
NEW_414f0f1848d998b6f0cbe34e4a28502c44986d0b9f0a7b674a9d8f773c5ee103,Neutral,Neutral,Neutral
NEW_41558601de2391c6056873870b69e2f7bb1e36ebc239152ce897a650e7f3f794,Neutral,Neutral,Neutral
NEW_4159b7040fa75620be565daf8ab08067925a369053ed66b34ef642dab40ddd08,Neutral,Neutral,Neutral
NEW_415b27a41584bf8894b58e93206d330425c65933fa2c736783fba85355646161,Depression,Depression,Depression
NEW_415fe604943f89f49a6d8820b08af04b9de9bb87672406ee3045e9d6e356a555,Happy,Happy,Happy
NEW_4165906a54f024cccfd7e12a7daa9c00d95462d35bfb60a808589c82f058563a,Happy,Happy,Happy
NEW_416b3484f1899a8c03b0e9cb7a502e9ea9baf5a3aec4f93fc2b2b887db88df51,Depression,Depression,Depression
NEW_417de7d533dc6081b614fc11ae4fae93b69310366ae3870f6f8bbc643db4e267,Depression,Depression,Depression
NEW_41896f47501c569466d49ba1312ec8cee982d91d17c188fd5d0b8f922dd6f5a7,Neutral,Neutral,Neutral
NEW_418e74393fc9a7ec1552d4c6bb4849f4dda4cec4336e77329b3efd14fd8f8d57,Depression,Depression,Depression
NEW_4190e08def37212fe50869683052a08d862547b7b95b82161ed1231082876689,Neutral,Neutral,Neutral
NEW_419823a2f0853078bd9dce692bb209f1ef01c394059c63a9064517f9f0bc8153,Happy,Happy,Happy
NEW_419a03eaf293fadb7dd1c27089d18417aed612aaa41fbdf1d97925aebd285c93,Depression,Happy,Happy
NEW_41a00f81d7e90976ad996fb88b7a933128a2df816a78d386e86d313a3d9aeb35,Happy,Happy,Happy
NEW_41a8d1fd38e39ab0a03731ffc9bfcde8bfd6638b90b6dc26fb1344c00ca3aae6,Happy,Happy,Happy
NEW_41bbe2a635d3d8e63c65fa996c27b8447dc0404f72da382ad9d2bc844befc4ab,Neutral,Neutral,Neutral
NEW_41be0c79e0e4075bbe2ac1de5a072944289afb11a910573c7a07f16de013b1ce,Depression,Depression,Depression
NEW_41bfc4993d36a2c42e946beb86b86916ac0cf53bc129ec17e5141c74f69336cc,Depression,Depression,Depression
NEW_41c36583058508c394309b80d9737f4661752641d7b413022dc024351bf80193,Depression,Depression,Depression
NEW_41c3d5ae1a4a5c79efa0f7291a916351b82046574a14f658c833849ddaf0b7f3,Happy,Happy,Happy
NEW_41c4905a69a09739fe615e4a8169e309297cf125c8e22fc67312f4c0870fda27,Depression,Depression,Depression
NEW_41c53aed4c767d028004323479aa6ba00c17091ae59601bf81123d9dc7a3e0ab,Neutral,Neutral,Neutral
NEW_41ce685c0b07cc1860f78e7d220d4ea1bc2322ed35a16ad9d4ed5f1b19482b10,Neutral,Neutral,Neutral
NEW_41d39e06fa5fb7221e920ffe048d540b1b35c4d8b07e19b361d934100c6f759b,Neutral,Neutral,Neutral
NEW_41d9574f8bbd7deb9ffcff257b409779a1d852296afcca9c1a66396ad2a1b905,Neutral,Neutral,Neutral
NEW_41ec3d1f55f3325fe776651c9d571e02435a5e01cc56333bb4e581c6dbb732aa,Neutral,Neutral,Neutral
NEW_41ef06a949b881433be0015c0ef1e34c7d1caffb8336eabe93e8b521d4a4a898,Neutral,Neutral,Neutral
NEW_41f509d7c2bad401fda5e6763e7ffadcacccc34457c45074b9e4bd94bdf00c31,Happy,Happy,Happy
NEW_41fa445a8497e4cb6fc648cbbe50e2569689ed727aea2737a921e8182e88e227,Happy,Happy,Happy
NEW_4206536cf491ddb686c0d54672e31f83ef848440b2d4b40e8d6d6acf20359b7d,Depression,Depression,Depression
NEW_4207f7dfb3399455328bf32c09a560344c57ad5aa7c6c9a70b04ae85a1566ded,Happy,Happy,Happy
NEW_420ced9dfdb18c2a4c48c538c9bba0213cfbb051b9a6262b3d7687873ad9a42a,Neutral,Neutral,Neutral
NEW_421174aede71c865a6a9ef2028718f15c6a8af15b3388e49872cb472b7cfe860,Depression,Depression,Depression
NEW_4216270269d60e5124b32a18db64392ce49cff7cc32d729f05f789222fc5bf7f,Depression,Depression,Depression
NEW_4238d137518a73a06b639b814c1fd26e224c91b309a4473a7adb19744f82dc17,Happy,Happy,Happy
NEW_42398a65511e444ec8e7dc29eccebe19a914b0821df4faa25044f17ece14c6bd,Happy,Happy,Happy
NEW_423a0463c31b57a6621fedbf102e9d45efd40c22b6f6af3cee8488ef5b8b6c96,Happy,Happy,Happy
NEW_424b923f1025c7568fa278fc1555a0bb67c721a5735237e189f81a97411e30d5,Happy,Happy,Happy
NEW_425b7a591a61a19d01d9f2f36395a6bc18370cfe95dfbf22c4eb31b26441c62f,Neutral,Neutral,Neutral
NEW_42660c627f649e11bb2aaef22a6ef3597c433834a14d22886ff22a324dbd5063,Happy,Happy,Happy
NEW_4268e21f1ee08640a4cf53e289c69cb1fd2138c78734055b104d9a352695163d,Happy,Happy,Happy
NEW_4274068c20dfbf8fafcd1e60b07b9585320732ac8dd6bebd134804a803e15d38,Happy,Happy,Happy
NEW_427849000c37ecb7a05ff948d739dd15c5b1019212d6af287cee277dabd2c998,Depression,Depression,Depression
NEW_427bd0029bc701d5fd3617b1413f27ba982cd79e8bb8ff9d9b139ff9b0bf2290,Neutral,Neutral,Neutral
NEW_4287ba850b52d4ff5f1f8279c0f4df2e5aa7db5d20446ca2fcba9c3f1d036d18,Depression,Depression,Depression
NEW_428b7479692fd3f553ac1e3d31cabdbdb168474ca42761fdb20b579f47a05460,Neutral,Neutral,Neutral
NEW_4291bb749a9a2a3cbc49c3cc07a6f286e8dd94dc1ebde25b0beb9531379a0941,Happy,Happy,Happy
NEW_429c437e928c3a9f469c2e9591d377758d9b120d2f37aa0d01a7dce48832e922,Neutral,Neutral,Neutral
NEW_429c685a6e1f3e31838c90080273e53f0a395364b1209834c308d9d40e08076d,Happy,Happy,Happy
NEW_42b06528b1598687fcaf9022edb75a6c1cc516d262e664a841f0c6598a20011e,Neutral,Happy,Happy
NEW_42b2b05a0a46e62300a21e35f3a16d682710417b7cc30784b83cdb5a17031aba,Happy,Happy,Happy
NEW_42b8a35cb3e6ec3e4d87c9c572df2ad6978f2476a1e73ad3d148c2c8beb6c2ca,Neutral,Neutral,Neutral
NEW_42ca4c3b4b7aa3d2350928d9f266339bbe535afe0d17e242f94b22bb628a841b,Depression,Depression,Depression
NEW_42d19698dc6b376791c3558aeee0a2ad36d02616d2df0af792f32e7249552f34,Depression,Depression,Depression
NEW_42d3eebbe61af35e1de3b6d8e9fa68a854d63b714656b366ed844f862a318b9d,Happy,Happy,Happy
NEW_42d795ca3e6b08e2b8325214c7e4fe440adbb300a23bb8578e1823596d50fc18,Depression,Depression,Happy
NEW_42d92f568577f4ee581a4dca40bc7c6051436950d2d6ccd24743c748d0b8b30b,Happy,Happy,Happy
NEW_42ea76e606f81ff47229c0c24670f8be7b5284dd632af2aab90f971868b0f352,Depression,Depression,Depression
NEW_42eb060c2ef14da0916be4cf1cda9ab6f38e3f691328dfad96ca87a88a1743f7,Happy,Happy,Happy
NEW_42ebe4a3526d5a85df832fbd27dad828e977c135663424bfda89c42bc05c6b66,Neutral,Neutral,Neutral
NEW_42f5382ce4294ee0d742636a20c351c3dd1625ceb0b5fe6d4f891da2be4e65d4,Happy,Happy,Happy
NEW_4300df37da2a0dbb39edca760ce695fc1d309bab67b29fe025a520ecec221821,Neutral,Neutral,Neutral
NEW_430705580abff778c663332f79276c31a86df175026a8beb3de85612b494afbf,Depression,Depression,Depression
NEW_431769eb8b3e5eb7a07bfe3437bd7646a84b184131ea03e0ded053e352e9335b,Happy,Happy,Happy
NEW_4318e939ee191a1ebc7491bc0053c7eecabaea35c3eae28e05024d914749436b,Depression,Depression,Depression
NEW_431908049c2a3b190717012162cc59699edc15dab6822cc23a3705d6f9712107,Happy,Happy,Happy
NEW_431cfdc295614277e7e8606634b2da6b6e9d5e512027085d0a864a0dc6e5dee2,Happy,Happy,Happy
NEW_431e9ee245a5c606461112c65731088df56985ce325d7920bdca95951035b3e7,Neutral,Neutral,Neutral
NEW_4327ba0fce140af6036f19e524c4cbf2aaab650b58dd2f28499aa1b15e483630,Depression,Depression,Depression
NEW_433227a2a59d88021ed523f6507f3a98d0774608e1d5eb7d625e1d11b2f4cdbd,Happy,Happy,Happy
NEW_433258bd28176492b9b67563c1cc3ce0b90121fce28af09eafbb9891b3e2f7a6,Happy,Happy,Happy
NEW_4333953444874405405fd8d2c11278838e9d6f0aa2e5d65cf14298f24015aaee,Happy,Happy,Happy
NEW_4336387974713358dfe9e7edb2f831f74b6b00edca37486e09e30cafaff17207,Happy,Happy,Happy
NEW_433a3ab794ae1f2f7d020c2f94726f9f346d27c4d411f72534b317695efbb71f,Neutral,Neutral,Neutral
NEW_433a56ab867d72a5f7355953c2c2eb9fb9e9515818ec24e7dbb78527e1812873,Neutral,Neutral,Neutral
NEW_4345af18f6c9d83870ac954f48e638d3de098fc24ecf2f4695b0de48f6780e50,Depression,Depression,Depression
NEW_434c59b3733e8617c0065d553bfe3197f0a7c0847b8f7d8207e5a2bd68594705,Happy,Happy,Happy
NEW_434fdf4244a83ccfae99a22d0d466cc0fe2e82d0e1d2723fd5744e2b78134132,Happy,Happy,Happy
NEW_4351c87bece9703d38b14848a3625d2dfc8c04f26ddc5d611603979bdbbac821,Depression,Depression,Depression
NEW_4358b7b05282ed25949d82d95c12b458bbe446c8453ec70f0ae5b9842811d0b9,Happy,Happy,Happy
NEW_4358fa4fab74ac6eca6671adc25ea702b0e23a58153f3b1d328eb6b46e9e46cf,Happy,Happy,Happy
NEW_435a18eb7e2c192faa91c53833953c44d3222b9fdc41aca27fa71ad9cda0d616,Happy,Happy,Happy
NEW_435f96ecaa6477777fed2fabfd80c0d144f8963a3a71b0dc2a63bd5ce6d1e0ed,Depression,Depression,Depression
NEW_436a5f5601de3d47bc3e8b15cce36654a97d5a04361c385bb642738e57dc93f7,Happy,Happy,Happy
NEW_436d0c281043ee219cd49aa819a8de4098f7a1ea100974b65273ad0f11911f23,Neutral,Neutral,Neutral
NEW_43788f84622b6f993bfa93cd5f7c62f23e131e5e7dee63fd2b3b5ecc27c68015,Depression,Depression,Depression
NEW_437f4c48bc29979cb5279b4c7e891b3bb0539b4686869e48455b374aa6d22eb7,Neutral,Neutral,Neutral
NEW_438d209287406c1e26fc6b235639c1f363f23b546ea1482b9cc13cb7bd654323,Happy,Happy,Happy
NEW_43906738e341910c2e1506287048516bfef1a69c2bb1cf33e0f6cf810987a612,Happy,Happy,Happy
NEW_4393b046e4a3948de373a58e6ad6aeb3c5b0b1641a400b99db609d1978f61f16,Depression,Depression,Depression
NEW_439c3a1dcdf248b90583f58ad1ef989c90a9e9355504839520b4dcf6f64e1397,Neutral,Neutral,Neutral
NEW_43a0d58220ce17076370369912d01808e0e5238ff85d0d7eae0f083c040835d7,Depression,Depression,Depression
NEW_43a1d9c7bf113d9389d40625c35c8dbf4275d024894f38189e1637e25fd2a5a9,Happy,Happy,Happy
NEW_43aac6b2ed2703599ba34245e141f542219039f94272bcd750db9753b300dd11,Neutral,Neutral,Neutral
NEW_43ae1ff503aad18953bab8757a355821b27f3f18b5a81a3d085398eb72375354,Happy,Happy,Happy
NEW_43af092ff147463c78a7ef1213ac6796e8892061e85daba98a507eb7c7ffdecc,Happy,Happy,Happy
NEW_43b1873573b415ea6e5f88e25e3af67c3e0bc7998ebf0ae0ba401b8b57c47947,Happy,Happy,Happy
NEW_43b287b79e6010151b081dedd6ed028bb8dd4404387b2517b6106b33b2f0b9da,Neutral,Neutral,Neutral
NEW_43ba73becfe0c8977dba5e0bad40dddad584aa8c9af53efd17128d32700e31c4,Neutral,Neutral,Neutral
NEW_43c419367af8b7e35c219455958342f59a672ab6f1e0b930b77d754c77f72b85,Happy,Happy,Happy
NEW_43cfe5b75118004b90009840c4ac0be27b6354a55228d38588c7f790b8c23736,Happy,Happy,Happy
NEW_43d6c985865319be0f31501e14f8d94f035d0680c45097fc4162da8f310851e2,Happy,Happy,Happy
NEW_43dae5c32c31a79efff12e86120f7fbd945970c1dbcc3ffac5f5d393746411b8,Neutral,Neutral,Neutral
NEW_43df38cd4508fa80ad016c87dc011892540a48f2a8761c5c57e2ebdb9f578a22,Neutral,Neutral,Neutral
NEW_43eaec550bb37ced594e1d868e76b8f16bf62b0efd28339cb16784c35ac1b271,Depression,Depression,Depression
NEW_440ba343a6e0bcb760784180d9f756b3302bb1d68ba6da8949490c020118c54e,Depression,Depression,Depression
NEW_4413f608ec555902b7d75e8efb9fa3365732b565e2e44be9c2c2a6b8acd5c4b3,Neutral,Neutral,Neutral
NEW_4417ff421dc7afdee4e0bf0749c9368c1813c265c91073597581eb304064c3e5,Depression,Depression,Depression
NEW_442fcc182e7a8a4730f929edc7d31263323f4e1e92d2e8448356a25eb913587c,Depression,Depression,Depression
NEW_4434c2b6c334e0e0c6453aba2e3f02ab8f26fee611895ead2eb35bb2a822e923,Depression,Depression,Depression
NEW_44394d5f85f2807e642c66a7e0e09209d32f9fe761a91dc355e9ba8f848fb78c,Happy,Happy,Happy
NEW_443a042331e1d6621817a4423f2bf2b02506d3e0c686917eb59e7285e7311b4f,Neutral,Neutral,Neutral
NEW_443ace1576017496c6f5f09391268862b2ff688d59862e6c1722730341ca05c1,Depression,Depression,Depression
NEW_444646004a204037e271534454f5303380826cf63b9eeb529a9605226a83e835,Neutral,Neutral,Neutral
NEW_4447e0e0378f176efa2f42a92810c3810bf0e811468eb9d882a57d71eb1bb144,Depression,Depression,Depression
NEW_4448cc46b7c1e03012cac3bca3b8aa3ebd852dbb120a393c510a7d8b9e9ce667,Happy,Happy,Happy
NEW_4451cd6a7f2ef5afe26a132b5caff51ee77912d2cf9c7eb25ae12f17ef2e6fa8,Depression,Depression,Depression
NEW_4452b5639f7aab23e77740f8fbff08ae7261a853b535bd534f09663c60da9acd,Neutral,Neutral,Neutral
NEW_445453db6cec2aa8f7f645e3e8c8972960609d47d42ed9edfd2df7db71f8fe0c,Happy,Happy,Happy
NEW_44601c24e28116015135172bf599e6c24b304830a224858fffc137d4ca39efcc,Neutral,Neutral,Neutral
NEW_44697dfc7a38c0cf1271dfc8cc151a18b870ad902e775e20e11ad23007ada3d0,Neutral,Neutral,Neutral
NEW_446fc8ab0fde7128a83f857c3611c37914e91f16fa81b841d86d4b3c62988f94,Happy,Happy,Happy
NEW_44707a301ed14d6b05f7fae127679dc51aa87b62f38acd4a0156c40c988c5d8a,Happy,Happy,Happy
NEW_44854ef3e6cfa2f32587b428ae3e8b9df1b725e8a90ad8e297e0e6446ab4e883,Neutral,Neutral,Neutral
NEW_4496bb5e4b29838fd468cc49024f019c652604891ca7fffd07dca45237919c7d,Neutral,Neutral,Neutral
NEW_449b1492d3e314cc46f2c25c9646a8c7b4d2d668c1e922ea72c65d0aff7c7183,Happy,Happy,Happy
NEW_44a9613345cc0f62e4c4af1cfa006c2a24cf2caf3971b8a7150a7fe89772e0ca,Happy,Happy,Happy
NEW_44c849f0bea92792343d89b7e1c5249eaad66d6116872a401b026c92b7f9ac29,Happy,Happy,Happy
NEW_44d197993d464e6e6be0d273e91e5eba5257ff1444eedf56a4bdb4a6f798b06e,Happy,Happy,Happy
NEW_44d3f2aa3f34dc14e990dd218d86408f1628818a14bcd0bc332541ca8846c2b1,Neutral,Neutral,Neutral
NEW_44d907eb56372950eb93d6db1733e624aebc475c7cc3103b41893f547e9a630f,Depression,Depression,Depression
NEW_44e1531f8b60ab3840197da922f1381faea3439a3aad38d2fed394cf28626c15,Happy,Happy,Happy
NEW_44ed08d9120bf72fc02cc4f8f086c9df5c6222dea513f74c4f5a184b2c8ca77a,Depression,Depression,Depression
NEW_44f0407a479b97e10302c9e325b2aa93fb928d8a59191bd501462220d8cc4220,Happy,Happy,Happy
NEW_44f428ff0c8a289f9d796b0ee6dfb0e2214e5bdc39f78069190972c6177a89ce,Happy,Happy,Happy
NEW_44f7014e78ecbe6e537ad429e921ab059837fddc87cf3070ed77aa375efa8a11,Happy,Happy,Happy
NEW_44fdebbbda34d710a1a5a3940acee97d7d0619822bfa68c918b96f16e640ddab,Neutral,Neutral,Neutral
NEW_450216e14c3aa04ed35536a8a758c79f35d98e7d84dc4293c6a197961f71dac6,Neutral,Neutral,Neutral
NEW_4506fd6f74113a65afae414699ab841ae082fc8c6be2cd56fb0fd1c619ba3693,Neutral,Neutral,Neutral
NEW_450a768d1242b84d21a9631efc044635e3eb9e9d48a0b1bcba647f8d8a73be29,Happy,Happy,Happy
NEW_451b69dd48a06898e9901df8119b55fb3af4018197c6aa4e88064973db13f27a,Depression,Depression,Depression
NEW_4520735640841b547eff9ed1b17353975c6d63b6537e4e4954c910ed21da892d,Happy,Happy,Happy
NEW_452556a1550c5333be17b436a89a59f15930ea04d4fde6ebdcb262a03ee8d1f2,Depression,Depression,Depression
NEW_452a0b3ab6fe178dcde774d1c975301f597034c7d1e1d238f6b63e9fb261d2a8,Neutral,Neutral,Neutral
NEW_4531ed5c1e2b80fcfcf81e2e3e23adf0b5b028c3ad218d4d199472510ca49d78,Neutral,Neutral,Neutral
NEW_4533464d8d096b06dadb397095aefe9ca38568bf02d8603e0e10ac7d657c112a,Happy,Happy,Happy
NEW_4536747097278643da405eee6555c97eac6cc6b3185a67c58413a687bc0e33af,Depression,Depression,Depression
NEW_454b1b61bceb869225433cbf59527d243577e47fb3695c95ea31fd14b692a3f0,Happy,Happy,Happy
NEW_455b584a5b492cee594c18e50f73f933593e912f39a72d9d39fa8614b620a7cf,Depression,Depression,Depression
NEW_455bc0e3450bde149b0cd186f43fd473a9eacfd4309f5315fa580a05d2208034,Happy,Happy,Happy
NEW_455d6aba5c6cd1d74b1cc095ca22d11c94ee2571e66fa0e045be222ca497bda2,Happy,Happy,Happy
NEW_455e0ec86e43f5f247652b0447552dee833dfad4a848ad56984048085dd57ff1,Happy,Happy,Happy
NEW_455eaef9caf277660ba6e5f2ad406ab9d22274b70d484e7b55c4932bd0cd79a5,Depression,Depression,Depression
NEW_4560002aea910dc462394e8169e9daaa5dd4cadafeef5b9bb774576ac09e9917,Happy,Happy,Happy
NEW_4560ebe07e5c8dd5b3ba91d34290a34c689346d6a7576d1607dda8c679be7c63,Happy,Happy,Happy
NEW_4563535845fe875d40c3085af491355b1f11f68d6879f75ea1d00fbc3b9a39c7,Depression,Depression,Depression
NEW_456bea6dcf0e3f5f69eeeea5b0cd417084810efce49399b2893b3d15f25db729,Happy,Happy,Happy
NEW_456e5c62c3f539827d58d1c4061f07c09e11e019bd9285cdbde78e2f5fd42413,Depression,Depression,Depression
NEW_4573b84e55a9a1a5b1f822b7512432e758aa2cfc7890b66c4802a44011ed6ff1,Happy,Happy,Happy
NEW_4573ec6e12c980da3bac1c7d0ee21f3785f5c88175ed99dfd9b376d313fd3046,Neutral,Neutral,Neutral
NEW_457f7a22e98fd9d9d0e1d97c42c8f79115061363e4d39f207f2543e187482fc8,Depression,Depression,Depression
NEW_45820071bc3a3a437e3a6be65d83e7f01a4f96c8fbd4af8e9820e02154dfa44b,Depression,Depression,Depression
NEW_458ad534a0ae4be42b92dcbc1035b15f62076a9acb70f4374f4e069dbc984b82,Neutral,Neutral,Neutral
NEW_458c68afec773b8e62702b21b790f50d54817969a84f4bb915be2d56600b77a3,Neutral,Neutral,Neutral
NEW_4591dea1a708087771d149194a79dcb48e5995105a0202f0e0615b4addd18d07,Happy,Happy,Happy
NEW_45930bdd9a162f4ac8f5f0a853c614d7365ffe91d3ae65d6dd4dc9311c6d2ea3,Neutral,Neutral,Neutral
NEW_45a6c4a8450ed477ea9babc987964c471060be89745128011208f87be0e3dab4,Happy,Happy,Happy
NEW_45b283e653465d74c5c066934118389f98f6ed3c4667d0dd2b29b7514ab0bcff,Neutral,Neutral,Neutral
NEW_45b876a7d9fa92e07134d183dfa6d9ff0278e56f1de257ca99e71c2290bd3da8,Neutral,Neutral,Neutral
NEW_45bfd3c24c92d125350d124052cafa52d362ccada4c71eac776cb3734cb910f7,Neutral,Neutral,Neutral
NEW_45c3601ef2db0171e4f409ee9a19fef8918e4fd32b870a60b68ea5e860ec3cb1,Happy,Happy,Happy
NEW_45c96ec4d5250658f9624e5ea6db882883910dc41107551d5ee76982e560a99c,Depression,Depression,Depression
NEW_45ca4cd7b64ed8ac2b27eb235088c26da70675a27e5b92081ac543c0ea87f95c,Neutral,Neutral,Neutral
NEW_45cace7ca7d9626ce1178bcfcdfd60e163437ee54c32640d688b9ecf056c2197,Neutral,Neutral,Neutral
NEW_45d0bc3d454e9ccba29402a5c6a276b3cd02ef431c91e71296ad084ba00e0cef,Happy,Happy,Happy
NEW_45d1f47b1ab2d37e0648528e6a83125c20c12ddef2cd2bda4a9d6e4382432ce4,Happy,Happy,Happy
NEW_45d727d6bc5725d8611f3668b3d7edb8feb243f19423b59e6b60fe72a2c6587c,Depression,Depression,Depression
NEW_45dad38e0b2c4eca23471f406c873d1b24b04793a344ba8c332c71bd2c1191d1,Neutral,Neutral,Neutral
NEW_45eb5ad1be2cf4f96fbaa745a23be6de86ce75a046cdf75641e2f830c66633c0,Happy,Happy,Happy
NEW_45f52f640b06d61b587886c17a50d36f33f40554b48ea376e0288d60db97daf8,Happy,Happy,Happy
NEW_45fd8a5aab799ca1f9c47cdbb4a5a23239940adb21e2721e1821cfd7b54ff85c,Depression,Depression,Depression
NEW_46001ba22bdb06287e58f4c99b668ccbd25280e86738ce30e0272fda1b8717c6,Neutral,Neutral,Neutral
NEW_4602f555a7752304fc2308d0440c2a5d5b2e2bc9ad0b27b96c34ae7dafbd6985,Depression,Depression,Depression
NEW_4606b8a7b239bb35af8ef7110293420dcc4acee49e4edbb9da6ee3eba744fdf1,Depression,Depression,Depression
NEW_4611b6b7824b7787a0df1f48921254fbc7781ad52d35cc1e8f8873fd0222f14c,Neutral,Neutral,Neutral
NEW_4613c8520c11aa0ae46a700b667e6495f310c3e6dde0863a15dc006c8c1f693d,Neutral,Neutral,Neutral
NEW_4626e4a38751f5d778648a71f66a50b155570de318b1bd3cc0d8c79151de3713,Neutral,Neutral,Neutral
NEW_46386b4e94077c46a2d46999725d3ee36c36ff68bf50f088f0b3f5c31c5bb798,Neutral,Neutral,Neutral
NEW_463a21b19020514481c3b60620abd100c18b98888a285e9b277d5a304a816da4,Happy,Happy,Happy
NEW_464361371a6441d9eda36b38ac3355b8a3d66b9de933d46f87958367fbaece9b,Happy,Happy,Happy
NEW_46441a82bdb6dcbd1f489efe13ab9428acae568f2b4b2ebd8e53fcaed1081e0b,Neutral,Neutral,Neutral
NEW_464b66c28a882bcc156662acc0f116ec232562e098c2d4d04f98c2b8014983e3,Happy,Happy,Happy
NEW_464cdaad3e0b273f901573ac956c6a0a04dc2f04012105440a6ef105f65fa9be,Neutral,Neutral,Neutral
NEW_464e9a34734ba5df30cba2ab3076226035cd7a0b75438869a92957ed60e0db72,Neutral,Neutral,Neutral
NEW_46571645987adf1a6444876d2f509cd8f3e5e695e449f3eb8919666b70079b24,Happy,Happy,Happy
NEW_465d6100f97ed60d2daf977580d305f02b6c673f61227a6baa4780b8adc28c57,Neutral,Neutral,Neutral
NEW_466518ed2dcfb9368e56454a1657d4cdcb09582ab985c3a3d6fae4fc723b8aa5,Happy,Happy,Happy
NEW_468399ed37114345b97b386cdce3adc1f8b84ce49a45132dc6998efe43d0ad19,Depression,Depression,Depression
NEW_468ce3d0847d2b99d7874fbe6eb1665f6edeca01d5e65526d973fa4a2d1bc128,Depression,Depression,Depression
NEW_468ed004138f99fa221f3d81159c5cb14f48e9b0154bf0550863d751517d5b9c,Happy,Happy,Happy
NEW_46a0e66c0f7bb4310aa49385f79325bb0d9320968d021b3b66ad2551b092279b,Happy,Happy,Happy
NEW_46a71b27010378bcda14501eb9896d0fb090eeb6f5c33d38f1ff33f4d4772b23,Depression,Depression,Depression
NEW_46a77e6044bc2f2eb8ba4b70b9160f868de5a36f628bf93c2713f73a4b6905ad,Happy,Happy,Happy
NEW_46a8775539acaf5bb5c445a999a3c1d6f0fe117a92371d7e2990462a9c1c28ab,Happy,Happy,Happy
NEW_46a8f27e6856036ec9cd4d2912d941806f036d5c48c1cb6fa4f9e3b36784f6b7,Happy,Happy,Happy
NEW_46aaa9fe432cde5f7d20927b45210121c3bc136210e0e2b5776c713ce6f2b2c8,Depression,Depression,Depression
NEW_46adebb6b53634adb621ccce82c98f7af28130e4001aa45cc9b49606e95b2e67,Neutral,Neutral,Neutral
NEW_46b871f2ef80c92c706116442e11a9a98244576041b83a0d75cc92818ef1027d,Neutral,Neutral,Neutral
NEW_46ba0d248ded2c05c1043cd5ad7dbc588cedccf45e35a0c14208dcb203cd1b71,Depression,Neutral,Neutral
NEW_46c0067aed821f53bd4e2a1e9ec7e7222ca67a071b0098306a1f24cf01cec04a,Depression,Depression,Depression
NEW_46cc18a28ba91d50fa8bdcb5b381d8e17eafd84a9c566f329cd61384ec2de4c1,Happy,Happy,Happy
NEW_46d42cad3e237438d18ce673b54d82c9a17072504fce1fa92afe97ba36134fd6,Neutral,Neutral,Neutral
NEW_46ec7f9f4f224d48d5080343f7d876f178da96de688ba52b436018db04f593d4,Depression,Depression,Depression
NEW_46f23767bf8aa1537ecf3303959c18e7d33aeefe1df22be5cb5a64ca5e4e7f1e,Depression,Depression,Depression
NEW_46fdbecc46c2b99fc609edddd242c9f20a8c0d0d3988c188eb8071e03c951424,Depression,Depression,Depression
NEW_4703dd68453381417ccf95cb420f87699a1454e54bdc76f66d952df64a823acb,Happy,Happy,Happy
NEW_47083d693a3a8cd2fd534fc67c72369fb5138d89ce96cf428fafc0ad95477e8b,Neutral,Neutral,Neutral
NEW_470be9e116747c3e2dcb94b31a01dbcd504d7bff34a1138b2b16c7fca93fa176,Depression,Depression,Depression
NEW_470c0fde7abec53c21ed4ed30d0d583e709fdb7822765378844c659f34a3c44f,Neutral,Neutral,Neutral
NEW_471293948ebd69f3ee169eab090354a0dd9049c3bf7c6caa6b205704f9655890,Happy,Happy,Happy
NEW_471e062cf86d5c0ff6899f83ac72d665a5224989d7ba503e332051eb16da2170,Neutral,Neutral,Neutral
NEW_4720362594e75c6e16d09f05569d919bcf53cb3aa92341a6875179c8e0d7636f,Neutral,Neutral,Neutral
NEW_47283376ac04b4c0a415d381a73b36ba9e81c9984ea026191b3868b9d2cd0f03,Depression,Depression,Depression
NEW_472cc26c9e066d63521e46659da1f52ff32bf4bb8e308cb63388e58eea226d31,Happy,Happy,Happy
NEW_47325dd46a986b77d36e4562f4366f0d721c61cb43906f53714a33334507d5f1,Depression,Depression,Depression
NEW_473612065950b0ff199d0eb06e3c36d659647214765529c669cf7531b9cce4f9,Depression,Depression,Depression
NEW_47510ba1961440eb9d5ac5d1f73e6c92fc93790e4081b727fdf63ac5f841c3a7,Happy,Happy,Happy
NEW_475cb79fb03c1d26187a03472e29b28b0ed543d20d98a2722ec7efe13e63e7d5,Happy,Happy,Happy
NEW_475f28b60283427fb3cc468bfca204eff5e16c325d1631bdf0c9f0ab3af5003d,Depression,Depression,Depression
NEW_475f99f924da9837766b0ec37e0221e903f950542289d96caec6624c47c21844,Neutral,Neutral,Neutral
NEW_4762ad670e300abbb514e0489c9df96af8e3c8185122fb40d90c2d4b0e201df3,Happy,Happy,Happy
NEW_4763d884cbc0730f188d2a0f4f4e2a3e2abbb7dafb0bb477b1bb4580515d0107,Neutral,Neutral,Neutral
NEW_476dd4a961a3aa76d93289274b2812987430e01d961daeb5810f38df9283f6b1,Depression,Depression,Depression
NEW_477e6df1864fec0bf8d93091612f06ff5534372544a82c0af89dcac13e227c4c,Depression,Depression,Depression
NEW_47812cd5e93983e24fee667f217037bee8eab48f2589ea30e1cd9e1770c3d399,Neutral,Neutral,Neutral
NEW_4791b11005388703644fa69ed39e8b2d99b509f1be70d435ed4e153aa831b8a8,Neutral,Neutral,Neutral
NEW_47989adb3795ae3d9dc7170a7647826f84f16350ce635656937dffafb1cc4db4,Neutral,Neutral,Neutral
NEW_479aa8aaf1afba975bd38f0a95d0076eccac7e602771e4e0cb9c19eb35a7633c,Happy,Happy,Happy
NEW_47a37b4e0c43d29874883381fc475cb1360ccfcc372752850ef673853cdcca55,Neutral,Neutral,Neutral
NEW_47abf48d4de8c869fa2235d910110dcbceda0c927aa286e9cc409ac50151cc85,Neutral,Neutral,Neutral
NEW_47b88be33bdd3c0a7230177f29cc4e17c4423b356e77a93cf1b4686769d009e4,Depression,Depression,Depression
NEW_47ba3f788c5abd130c396cef2084b4bfd1892216fb23801a509c322b467b086a,Happy,Happy,Happy
NEW_47bd0b7394248e5acf78b974c6a253ff599264507169adf32758d5ffe1b497d8,Neutral,Neutral,Neutral
NEW_47c00d518a902c17935d9d9e28c1c6097c892ecc0e2d1a499415c0996d228fef,Happy,Happy,Happy
NEW_47c39681eac2e67eddaec66e37555289b96b94ca3d42ef212ead2fb9ef775f37,Happy,Happy,Happy
NEW_47c68d4afd310d7e6c79456858c0ef13ecacb641a704498dbf6f02ff962f86e2,Neutral,Neutral,Neutral
NEW_47da4b9653a803ec570a863264e012ac1f8881f874576def3bcb430b630d5f62,Depression,Depression,Depression
NEW_47dbe25a315c6d8feeb17b7ec8fe3476e3663dc8124b2648db7a83708aa280cd,Neutral,Neutral,Neutral
NEW_47dde6c5cfbaf187314bf36906f03016430d007035b365e502e9e93df7291d50,Depression,Depression,Depression
NEW_47e307beed1a201f5db40d1ebf23ee823077d4cfef9c3a27a422c930ab96858a,Happy,Happy,Happy
NEW_47e62d50ae2bbd32c015b02dee0c643dcbb6b24603994d8e7f5ce0c8b6923a2b,Depression,Depression,Depression
NEW_47efe2c312ec59016b02b75be8975cea4ed6bb3d72a197c35821acd23d2c73ec,Neutral,Neutral,Neutral
NEW_47f0203b90f81e900bcf4d4a3ae605f92b15bc0af7a30db5304f6985745acdce,Depression,Depression,Depression
NEW_47f9a1c681e39d51548e55e144f2e54bd3e07ea154775656293bfd367bfcfb69,Happy,Happy,Happy
NEW_47fbb8e9e92c08fcb8dd3d1b2b7aed4d99c7458ffeea70e47f986611c3229215,Depression,Depression,Depression
NEW_47fcd163e0096b1e815b25bbfd2f26443671c0188f32580ffa05d295f78d1140,Depression,Depression,Depression
NEW_47ff1b7070946b2da45adfe3e7ab69785ef5724402e5be3ee77e82b006b466ad,Happy,Happy,Happy
NEW_48024e0a576569e04dfec24fe2266e322a4e0049d9e9cf1a0668b8a22f96ef1f,Neutral,Neutral,Neutral
NEW_48028d71140e3ace8f4e52589110813cae34055e9679bc4a288f5d622b761c53,Neutral,Neutral,Neutral
NEW_480f36509b898d7f5beb7666b8dfadcae652101fb6b25bd7bef8f05edf60518b,Neutral,Neutral,Neutral
NEW_481d56440196b72aa77cad74c91c531ddbd0ad88fcdf0d4f7af66fd1490e3b5e,Neutral,Neutral,Neutral
NEW_48295c27b6d1132eb070fadeab9a031e77c5a839a167edb2ffb1ec0d69151cd7,Happy,Happy,Happy
NEW_482d13f7dcc3517a752a67461f50512988f8a74ea72fb481597cc9ec044c2508,Depression,Depression,Depression
NEW_4834d784aaf6fe47d4d9d8be1a355926784245bd4fdbe8311dcfc35650836da6,Depression,Depression,Depression
NEW_483588ae888525ac96dc319c6010077c2b3099294ec772fad22107813c4c97bb,Depression,Depression,Depression
NEW_483bbb7ba65771b7ffb22b82ee32849bf1338759df80315f1f29365d43b9e7fa,Neutral,Neutral,Neutral
NEW_484e7ed4314c0fb7186d7cd0be6bb287c6e210e96827710b7c250bda61266625,Neutral,Neutral,Neutral
NEW_4852ecf00f863f4c7b97a3e8f57d243758982935609eaeb3c8c49811908ffee4,Happy,Happy,Happy
NEW_485c596a3bcfa7a5040b5c8cf52aafaa39a9168d9affc8656ad5c2047588fd47,Happy,Happy,Happy
NEW_48648efdc488c3e8449189a73f0a33d843bee7ada55ee6ce793c29825c7fd42e,Neutral,Neutral,Neutral
NEW_487ae59e864628dab9fdda4f5d3a282e04403e754f7ceb9f59bda432f516f26d,Neutral,Neutral,Neutral
NEW_487f82245b4a9cc12e16593e7eccaa4bde29614c38189ea94a58452259dba602,Depression,Depression,Depression
NEW_488235494f7de2d392ba9dc71d0f4e87d8b086c75eca154bd3a523c790921ae6,Depression,Depression,Depression
NEW_488a69a73dfa2f2b4ed78b714e405891204b1d5322f7fee4f0bc7cdad4a043ef,Depression,Depression,Depression
NEW_488bae0b7a587520910c71b9499c9268bd602629594b936e1a3900f1413655c9,Happy,Happy,Happy
NEW_48934ebff85ac13e5d11fcf803d4397d17595b13396cdde5ee79a020fecb1fb0,Neutral,Neutral,Neutral
NEW_4895d96ee89846b2a67d85458022fb9e65474ba9a2a7b3646fafec97fff309b9,Neutral,Neutral,Neutral
NEW_48a98ed985ac687976daf42e128d586f211b2863965a313da88b82bf85989942,Neutral,Neutral,Neutral
NEW_48b44a1961ae7915b43dc6456d6725196ab7060490dce95c4ed6c8b57f4af1e5,Depression,Depression,Depression
NEW_48b57c87ac2b134e163a0d429bcdba40123c8296c90e87ef506185f365f74a50,Depression,Depression,Depression
NEW_48bccbec0c8d50d810c8abd25f5fabc954493f3a9db3a8abf13a0c179bd57238,Happy,Happy,Happy
NEW_48c20f4ee139cdf7dfbbe753694150e1fd0d5f76e45d0f28249ecbad1495e719,Depression,Depression,Depression
NEW_48c85c2c6f3410b6b8fd5970ac53a678398e771477045b0ca2a4291495703a0a,Depression,Depression,Depression
NEW_48c8da58360c176c7e904c43f9305f38ca9cc5285a107ddc8c741df5fdb12c0e,Happy,Depression,Happy
NEW_48cb1b873ae6a09b5e05ccaa8c6032039397586bb2d1fa77a1eacc0fca0378e7,Depression,Depression,Depression
NEW_48ce1d26043847b033ce50e28049e8faf3acf8ef841f991a185a362725c29e13,Happy,Happy,Happy
NEW_48ce2f4154e8adc89e454e0a289de77326da359c5b7f702373be95d35c4a7cfd,Depression,Depression,Depression
NEW_48db09be5b921b67f846952859290f218579a1e15fc341e6af09e4a2020e2313,Happy,Happy,Happy
NEW_48de2abc5530a7b0d7ed63c49d8d4c022b65c32671d5ee9fb8416f29d5dc4043,Neutral,Neutral,Neutral
NEW_48de7247e01883f1844969600ed784aa615b8de7e225a91dac7b2e25a519573d,Neutral,Neutral,Neutral
NEW_48e4f6500a66174f2d1641628b1dc3ed1446e53e91943fff05d62ceadc1c8637,Happy,Happy,Happy
NEW_48e52caf159677376fcee830916a8afd5b7a3de5e55437b9eb73633da6ae9456,Neutral,Neutral,Neutral
NEW_48e670ebcca6f8d312e2ad2027275919568f06b20e33e704c361261c65c8e338,Happy,Happy,Happy
NEW_48ebdab97eef335f5483546a303f558f8330496f282a8d0312a1dae442bbc91e,Happy,Happy,Happy
NEW_48fa75047087923438430c86836b7ea9837ecd412c1cd2d376b1c5003e9ea386,Depression,Depression,Depression
NEW_48fcdbd786c3063e14482d196f7313b0b88c7abbfc7a906214a795bad4915324,Neutral,Neutral,Neutral
NEW_48ffb8d47167b29e78e77044fd478133cadbfc0060e033a5dacdb6d9de4bc4b5,Happy,Happy,Happy
NEW_4905c706144812c43d093288afae544cd84cb1e293bc8711c7afee029785c68f,Depression,Depression,Depression
NEW_4907da4f705da445685b147b3e83fc9c186257908cc14366f1d86db70073801a,Happy,Happy,Happy
NEW_49148a1d66e09fb0dfc4ced8468019d7e66e9fcdbff6b73588f5948fe2c3fe1b,Neutral,Neutral,Neutral
NEW_4914ce0cb2c9c905701db3b6f188abc0afc12358c83f6a97125736b031cbf637,Depression,Depression,Depression
NEW_491e2ba3925a4d0df042f5a8bc3cef61de033ac40c326a4ab208766cd03354bf,Depression,Depression,Depression
NEW_492442d74d550dd6a2e6355a585609ad685557d945af13e6359c5a62e55f9376,Neutral,Neutral,Neutral
NEW_49305785f2f57fd8d293dc75c15d077fd5a28a4999dfcc209bd24dc8e9d7c968,Neutral,Neutral,Neutral
NEW_494a1051b831cb6b108e7614eeb1d7a497a48ef91d60e65236014b3785ab7f93,Happy,Happy,Happy
NEW_494cdf449a5f1b9992d939a0f8a627f51d9a95f61be13ee110ccbd0cc4633a0a,Depression,Depression,Depression
NEW_495166f9ab47712a5b116030e997a9fd308cd69b8bda49159f765e4fc80d7854,Neutral,Neutral,Neutral
NEW_495278389cb6985c630bd315d996f98fd740382c898ce8648a50f48f04dc709e,Happy,Happy,Happy
NEW_49529f132c8aa83415a4f9f14813d3b2e2bf1fca3164724ed06ec835a7d7e7d2,Neutral,Neutral,Neutral
NEW_4954f4591512420dc99b56259cfb9f77371f498a937da8940695c7a6e3caf388,Happy,Happy,Happy
NEW_495895fdf01de3ad130e1d580c8b9840a1eeae06c72ed944b8ead4e5e0b82a2a,Happy,Happy,Happy
NEW_495bfec34748630e6e11ee23dd392459d21bbea5ee606fcf4219c68a716eb9c2,Happy,Happy,Happy
NEW_495c06991976e2ad2b6a35c43a65fe2a1ddc89f61d49bbd97fc614d44c36bd3a,Depression,Depression,Depression
NEW_495e7e63ecf74b9ad74354078e00505cf50e5ec89cbd3ba5f7e2e1eb08a28c89,Neutral,Neutral,Neutral
NEW_4961b695b025cf6d122c17efd13fd505baf9c196825b935f8747015ce5e1fe09,Happy,Happy,Happy
NEW_49635785f5250076d8194ae40c3c9eec2e3a52b5061c9bd75e282a8ebab7bb9d,Depression,Depression,Depression
NEW_4963d54889aada4fd257129977f313516cea5b85faab685fa89842898f85ce6d,Neutral,Neutral,Neutral
NEW_497b50e172f1a534804d5350dc04953b3585b24ccbcfe9e6538070f62995a822,Happy,Happy,Happy
NEW_498cadcd47124854cfe3ffb9e98feb4965540aa26c366b35ac42f83541e7f6b7,Depression,Depression,Depression
NEW_4995faa21ab9f7e878df1d797832a26d1d2ea368eaf45a4e9dd98ef573e87e71,Neutral,Neutral,Neutral
NEW_499826c2a3b47d4b2cdfd8156bf1a913cc5c8fb96414c10f1afe22de41516bb2,Neutral,Neutral,Neutral
NEW_499dc22ae4da60e68685285fcc56c86253c9f67e12141071c31bcc34cf99c500,Happy,Happy,Happy
NEW_49b4c61f29b01148549c572463d4583b866091ccf2ad5fec5044c0825c9edaf0,Neutral,Neutral,Neutral
NEW_49d5c54525f26bc17e070a1659d23e8a08bf6cb5a3994476bc248426ff3862c7,Neutral,Neutral,Neutral
NEW_49dc020f8edeaf81601da3ec8c49b23446957def589a411d9094fe27e46130d6,Happy,Happy,Happy
NEW_49ee805c357c9a89814647d40ae9e65a4a4590b817ca3d883e1db7e104b44856,Happy,Happy,Happy
NEW_49f22f4806803e4ec19531729676aa763ed64d61cf6d02c025c3774d069aa3b0,Depression,Depression,Depression
NEW_49f6c1105b54326e78f39e3893e262adb0016fb783d7204b0209659c87153d0f,Depression,Happy,Happy
NEW_49fd1927dec8ee788e83efe26f42e8341833175c0b11a011d003e583afb07bcb,Depression,Depression,Depression
NEW_4a167136f4e63398eb426551c83d01f2cedabccf6c98013ca3f54b2e51021b4e,Neutral,Neutral,Neutral
NEW_4a17c51442467c5b68e06da6c9b8cfe5ca177752c1343333ab25e40ca463555f,Depression,Depression,Depression
NEW_4a191e042331f1933d0a37af9c5321471171eb96f154f3ce8e1a44a5ba82548b,Happy,Happy,Happy
NEW_4a25496b55f1fd35e22880e7545f4b17779fdc3a0af89e624ad9bf91c28bd14f,Depression,Depression,Depression
NEW_4a31b4d6af0f52d8d4ac35be979a3b4f6c3b1f668399cd61b3b9d3c05fcc3371,Neutral,Neutral,Neutral
NEW_4a31c08dd60c647930c95ee54084291149967a74f3055dcfb8b20cf4569333e3,Happy,Happy,Happy
NEW_4a3454c5e9747fef29dafbdc944d80704f97887b533e4340d89f6df4d5e9abc7,Depression,Depression,Depression
NEW_4a39d8e5c6b1185c842003484746139abf08ade41791c09a2a7eb6cb5ea0b8e5,Depression,Depression,Depression
NEW_4a458604cd2c33becf1fa6c18cb1f8becc1d3cb0119659a796677afe93c9bc3c,Happy,Happy,Happy
NEW_4a4dd7ec2cf57168a2c927111b6f724d539bacbd268701a500b0cd163c83d0d5,Neutral,Neutral,Neutral
NEW_4a56fcef4900487fea5a82573f34c9138b5e4e58685409525e8a66294d137f8b,Depression,Depression,Depression
NEW_4a5dbe8c7697ffb8f88862b1600cf4b8aa8d4d8ebc5d730a13ce62231bcf9d68,Depression,Depression,Depression
NEW_4a66f7f41d6931a34c0a4ce04e8117d9edd638b8a89cd253fef30d4e29996f6e,Depression,Depression,Depression
NEW_4a7d6fdca755016adbf526907e3a90f2f4965a6e0ce655116cfd357f0aa49b1b,Depression,Depression,Depression
NEW_4a89ee74731cad2bf0eb6bf68436537411a01c0786fb649eab5fe6d131e0685b,Happy,Happy,Happy
NEW_4a9334eb50cbe9c1c7ae8f61cfc41497ddfa49c6e9caf91d62322fd8ae9e2f14,Neutral,Neutral,Neutral
NEW_4a9b8a1141f3f73f241e24568779636155fd7571c9e5472e1716368d6aedcf89,Depression,Depression,Depression
NEW_4aa417bcfa81ac08e31957b7f83b1cfcf48cd4bd0ecfb2159ca0c5e9346e26c2,Neutral,Neutral,Neutral
NEW_4aa7b92d4b1d907649ea79f4b9f54888f1e144b6a0d06db2185852039e04830f,Depression,Depression,Depression
NEW_4aa8e2c0834c13acf867a9d7a871eaadda7c6419db03d0934e47271e3560e8e8,Depression,Depression,Depression
NEW_4ab145c26cba3668f83165ba6bc53485f4c23f984216a77285ffdf836992340c,Depression,Depression,Depression
NEW_4ab5c898598eabf3c8816665e60bcfe9eb60821a1b6f261c3994c2abd9f31442,Depression,Depression,Depression
NEW_4ad3f45c4e0ff19537b13b7c3fee4b7020489f90dd382acc774cb1deeb96e421,Happy,Happy,Happy
NEW_4ae2129826ee9b4da12c0d12f8ead3de225673edc8739499aea58887e59fcf3c,Depression,Depression,Depression
NEW_4ae2c0e6842ac3124b412042b7a7ea4c702237c0e1df1d1398bbd1d4cea5b7b0,Happy,Happy,Happy
NEW_4ae508d65147428e7ab368e2fb10cc5ae119ba67dd03f48834d028b74ec70700,Depression,Depression,Depression
NEW_4aecf389164b581526e4b89ae1a216be0c4c91b885a423ad6c90bbd7b9531f7f,Neutral,Neutral,Neutral
NEW_4af2a2fe413585ef37ed54156c60b014b188879cddeb7fed8cb24a603689d0d4,Neutral,Neutral,Neutral
NEW_4b0c0fd1a03d9479de49c9f8d3ec697021de84b0993ff27f37c7f876da061b0c,Depression,Depression,Depression
NEW_4b1112379085a7e7b64904311eb0d5c3fb2391caf0f760b1d9800247f5087957,Neutral,Neutral,Neutral
NEW_4b1357450e804979970b73467a05bca5b8d678cd325ab6d86bfb0710e28c16b7,Happy,Happy,Happy
NEW_4b14d88ce445c8ef066f72df4df45335f324fa35fbd2c37494f6b8f4b7fed5a1,Happy,Happy,Happy
NEW_4b151971d5e78e99ff1f2681d04ace3bdef878280e76f3ee5cefcc16507280a7,Depression,Depression,Depression
NEW_4b1e57aeffcf3e1adccfd576ee972b568b90fcf8ad45ccc4a5329b0b28dca626,Depression,Depression,Depression
NEW_4b2189e6ecfa2dd10c911eeee333e6625dfacef027bc98e0e68ffa2f776ec06e,Depression,Depression,Depression
NEW_4b29f90347fecfe003d4bd6845b24d32ad8f84a7d823fd84f428b0653b76f079,Neutral,Neutral,Neutral
NEW_4b3564c9a2c9c5426e17da6ec0a82d5004cbfb1d76f1da7898b9e87a94102f1b,Depression,Depression,Depression
NEW_4b4178bcf194bbe1c22bed6e78cc4d0a9ac8bba314fa5ae7e4c0b0606b670017,Depression,Depression,Depression
NEW_4b4a0e176707e4722846730828d942dc44041b075d54fa679ca4ff6e6d4f23c4,Depression,Depression,Depression
NEW_4b525b0dddb0507938aca1322e8d56deefc0f95bd0021f456204286770dbce21,Happy,Happy,Happy
NEW_4b55efa780811a680f69f02e10d3a8a642b536b2fbbe655f63cb056ba7f95a15,Depression,Depression,Depression
NEW_4b6656a4c9f72549b6ff9ff4c6382d5dfc163a8ce2807ba3392a7a2584889fa7,Happy,Happy,Happy
NEW_4b6ae680bccc604d74a8ed5bdaabb646d43a8a56ab8968fc08f1e58915b38e9a,Neutral,Neutral,Neutral
NEW_4b78a8f31d97aeec55068dc7fcb9f553a831fded0081c9598be694031f00fafa,Neutral,Neutral,Neutral
NEW_4b93511e2cc4b48c7e2bfd432e62e6dc8f669dabb153adc3500c2f0ba15b6d60,Happy,Happy,Happy
NEW_4b96bb4fd13593cd9c1b3a9c0cefbdb62aa300bb55463a4d224a5319f7805807,Depression,Happy,Happy
NEW_4b96fdea9f880469e096fa22d79efb00089b266aaaf1ac74d3695ed518b2aa23,Depression,Depression,Depression
NEW_4b9ba7cc88f1e0049709359c98c170e888f5a16f395d3dec513f8da838b54d35,Happy,Happy,Happy
NEW_4b9e3d54d159df3796bab92d7eda50d51600c91df205bc2dd33a99ad80f80c66,Happy,Happy,Happy
NEW_4ba045c79e11083f732a0a4e2e3573a58cf58f52bae3d26abc52b2bbb87b5016,Neutral,Neutral,Neutral
NEW_4ba34eefcea3eb746108c2846fc4095403dc90fc132f151cab943e75882eee72,Neutral,Neutral,Neutral
NEW_4bb9a2c0c8e9586d5144d997a5fa0cff2b0ba6a06913d9154fbcf52c4b7b9f9d,Happy,Happy,Happy
NEW_4bc018b62f5d3f3319b3f2a1d34763a613c1f528b2afb8b4e6cbdb0e700b44d4,Neutral,Neutral,Neutral
NEW_4bc2809c0ded0b37283c33a053904c19fc49622e9f20bfec1a07bf470fbe501b,Neutral,Neutral,Neutral
NEW_4bc6bf620d54b1473f1f27878b33e42a30268e8e5639887cf11bc4a1e5c570d6,Depression,Depression,Depression
NEW_4bcf4e3ed6a901dbc457e6389e74f1e414a8e4b13a76cd7bb5dded8f030c54e5,Happy,Happy,Happy
NEW_4bea58bdd0c72cd94fb6cdcd22bda2d7571dee1870f3e3115056c51fbed2dc3d,Happy,Happy,Happy
NEW_4beaefd812b7b9dc951e5fad1a302348ecb98d8202cc502b9ad89cafcd07dea0,Depression,Depression,Depression
NEW_4beb1a4dc08dccf151f9cd7ac1a813f6207673b0cf1eba9f9755e8ddcd4371fe,Depression,Depression,Depression
NEW_4bec297dd3931ce89f7d01a5c5546c244131ccd26f52b882e8259e37815ac7ff,Neutral,Neutral,Neutral
NEW_4bf1fe7d94968ce0094cbb8626ca159f5d2fd6683709852bc41499c2f60ea34f,Neutral,Neutral,Neutral
NEW_4bf2b2fd02d89aa96101e37f2c1038a4395bb0fa0e0566e3ee393643b38b9df0,Depression,Depression,Depression
NEW_4bf5e076f4140b718110b553026db139d7bc531b9023926df4e71d986bea1868,Neutral,Neutral,Neutral
NEW_4c017d4f55d3cbe9ad7134b69e6c409fd0c4e9317dc1e08ebaf6dad0ba0c8c13,Happy,Happy,Happy
NEW_4c01f95f8433727bfb32632186274ce6a85dce6b3081437e258b418e3c461eb8,Happy,Depression,Depression
NEW_4c03d2c9ef242dbdf52a1de5e84a7468eb39b1dc0bd29c6636160acd67f9299f,Happy,Happy,Happy
NEW_4c0d107bcdf0b6318e09f174b8389c004db043f64f72b98bfdc500765d1dd075,Happy,Happy,Happy
NEW_4c12eba1170e418b78fba2653bd9857dc35327bc3d324b9722919ba3bb289116,Happy,Happy,Happy
NEW_4c20d1a086603ad9b233c8a25d2674ed07319c7362092f198c826422d520ab8a,Neutral,Neutral,Neutral
NEW_4c23dc3f4bd34b5b49f420eaf42debb273cd7588b947d072b59c273e6008bc4c,Neutral,Neutral,Neutral
NEW_4c2f158e93fcad0fa5f1eca90b8054150a77352942150905b571fadacc338ee8,Happy,Happy,Happy
NEW_4c5efec60a4a43034e7b90c407c9b248e6a07321397a0df201dfe1c552e05021,Neutral,Neutral,Neutral
NEW_4c61ad36d4b8e4ff887612e2640d24937cdbbacb7a7657c52e87d0a59a1b27f6,Happy,Happy,Happy
NEW_4c6341ed5340451536408d7cfd64bbd00c99316f5fe9639df26166e7977c67a4,Depression,Depression,Depression
NEW_4c68211e975634b011628c2882fe8718fea4efc892d6c081b4aff4113b316943,Happy,Happy,Happy
NEW_4c6ad06e43a8c6c996c78e7eecc511685c18a9d15fab4686287df44f5ed1c299,Depression,Depression,Depression
NEW_4c6b0eaa2cfbd941a67be16b37047531a3b6fb9f5d1ae08e782ae45dc7cfe1c7,Depression,Depression,Depression
NEW_4c71f4658deedc4f7d89788697ff6e02cc52bb533c931eb7067116b68fd2ef28,Neutral,Neutral,Neutral
NEW_4c74ceb0b257780bd73801efdf58e0209acf578e3fab9857c06a125fb3a636ca,Neutral,Neutral,Neutral
NEW_4c76f4ceb76d162171dd39dd2c95391db115e8421bf2a9dade369299caa972b1,Happy,Happy,Happy
NEW_4c77a2f7a0c4ef36d56fefecdd30f491d42f1fd840fe1a0757c708ab4cd26916,Neutral,Neutral,Neutral
NEW_4c7b2411eec19f15374b2f054c0dd50e00de7d0bbf0fcc9c304ee8fd98561e5f,Neutral,Neutral,Neutral
NEW_4c7d46196203f206002affabccf4fb4b1ad2e24f9b58d46b31085ae059261e45,Depression,Depression,Depression
NEW_4c94311889d50eae21df8c45288705546774bb2044b68d0cf8d8c8d20ea9f236,Depression,Depression,Depression
NEW_4c9762450010ad424e91e1d5579408fd81cca7175af6d6c96355c982eb7a6fe3,Depression,Depression,Depression
NEW_4c9ae8fbf62ab35df97cb96a5c530fef2947b5b64aee5abadc1d3ebf46b0e7e8,Neutral,Neutral,Neutral
NEW_4c9eb74f5a16bb5ceb302d8ddd7bfc26e22d4503923d58053ba0953da94480b9,Happy,Happy,Happy
NEW_4c9fc9890d9856455b4e84eea22dd5dee68d962d1949e538b7f3d96ce0af4091,Neutral,Neutral,Neutral
NEW_4ca79849a49a27eedf3ddd24b0e56c008ea258b39876cb831d7695e58cd17e83,Neutral,Neutral,Neutral
NEW_4caa91f86141aa3ae9eac41de525aa23e9a59fccd3a24983a3ae32198bff3187,Neutral,Neutral,Neutral
NEW_4cb0624a991783876d983149ba231efb84b49ca4baedfe513aa462984eb52aad,Depression,Depression,Depression
NEW_4cc030d2a3d49bc3a2cf82e6ec646d6829ab6d62193fa453619fd5a76e797d2b,Happy,Happy,Happy
NEW_4ccbccc17520f9a6f8f0897a617c26bb80d83973899d8878c75b835711e1c636,Neutral,Neutral,Neutral
NEW_4cd07a7ae4e34544a1dbeef177d10311f9edd8915104f3925c132a931c5f58ce,Depression,Depression,Depression
NEW_4cd18703b3f2f1163df53417586032146e86052bb7ba8acabced535f2bd71f38,Happy,Happy,Happy
NEW_4cd1c44de08f49a1c37a2684c3878f768c697c6ce1a9eae879c0d46b89bd291b,Depression,Depression,Depression
NEW_4cd564698e4a9347edf542a73836c9a3adee1e3deb3c0be3bd2f6ce1a556e95e,Depression,Depression,Depression
NEW_4cdb33b07699e4719bdd7064f1bc0cbf0d6b00f3c3ba0c4ecfdc7bf62da7a6bc,Happy,Happy,Happy
NEW_4cde30f54a149abcd7de19a89b3746a3c09e78a29dc0f1da26f84bb5acd36082,Depression,Depression,Depression
NEW_4cdeb75b31455cd194a7214f579757635bec209a839cc22f05c30ef243ac4766,Happy,Happy,Happy
NEW_4ce07c4a2c8852210ff3b5b45fa01d1e53a3c3834431c3c1c7f7f479e6eb280b,Happy,Happy,Happy
NEW_4ce19331dcacea7267e59e8b3c4bfd9a2d20cd9e21ce11cbd448f7b473c94cf1,Depression,Depression,Depression
NEW_4ce719bf7c44d1364ea1580e9c768e4be5350291ab521ea8448296c189ff6dc6,Happy,Happy,Happy
NEW_4ce84b30bf43293ecb09223a33523590042aec32ccba936f66ef584c83262c1c,Happy,Happy,Happy
NEW_4cee411d9f0aaf47275973c2190b4aa1fe995fcb9fdbbce9b790384b0513584f,Happy,Happy,Happy
NEW_4cfc561fb9cd518c6891fc3154c56fcfad319429aecebbe25c91f7b4c2fb1957,Depression,Depression,Depression
NEW_4d006e874039cfa7169a58013995c33246aaaf1b4b8fef418c082c2b071fda4d,Neutral,Neutral,Neutral
NEW_4d0c54295c253f240afc52f28b98b90e52641715d04b6a7575e9aada6f154972,Neutral,Neutral,Neutral
NEW_4d1410b389d32aeb7a1831e2b6d079dca41a6ebf4d6e64735bd408b44efabd72,Depression,Depression,Depression
NEW_4d194869319d583db0e2e4125de6f39698b749d679dcec571b3f97027263e7e3,Neutral,Neutral,Neutral
NEW_4d19df12cbe0a35677944f276f20a4b49b5cabaf87f8c7f0280c63380b3525fe,Happy,Happy,Happy
NEW_4d1ca913b8fd83b8b3408b4fad481eed456384cb233c2f528c9ef37e9a49205d,Neutral,Neutral,Neutral
NEW_4d234ec5fdc9c3c48c764288018a229380dd01dde234c5b0a06110b7dd229e0b,Happy,Happy,Happy
NEW_4d24c7942e1769747c48616d18f8597e62e35f7e8a4d5afaa8492bb00a31d457,Neutral,Neutral,Neutral
NEW_4d33471b4b22fa7ce5ca0e1ef46fbc8d2c986aef6bb742f43cc71b4076b8af7f,Neutral,Neutral,Neutral
NEW_4d3832fcb4ba74075e0b47d841db242a0442927cfc57f51b56dee4ba6ebb820f,Neutral,Neutral,Neutral
NEW_4d3a8027eb4d7ae48f78859f2e0313e52a91c1d74df61bcf3bd98b6d56496928,Neutral,Neutral,Neutral
NEW_4d412a3d1a744d6ff89fe5f6d8297b58a79374fac42b97456d61c3888b29e191,Happy,Happy,Happy
NEW_4d566a169fb05d32eee3c0f500793b34f71e12ec66c8c810e4cc622bd5c1b596,Neutral,Neutral,Neutral
NEW_4d61dc32f26a2568a910f4f17b9d4f2e336a12ca3419b730d97442b017450d0f,Depression,Depression,Depression
NEW_4d64bc0345fd6372e6289b846e1c754466b0a3d3b07b4a0ce2190aac772eb48b,Depression,Depression,Depression
NEW_4d650cb553c0005ee5ca9516d1511abb6f94d9fcba5f749a5bc2a1eee3911979,Neutral,Neutral,Neutral
NEW_4d688926a67023bdab9aba3d61f9e212524faf7c3f0aedde7b45f0e71ce54c39,Happy,Happy,Happy
NEW_4d7f5faa0619a82a0f8926ad1e1410932300e15aeeafea6d4dc671e80621e284,Depression,Depression,Depression
NEW_4d8639dff2cdb85a0cecfa630baab3906ded6eb8e5f25664f40450f26384db12,Happy,Happy,Happy
NEW_4d8e01ec748e1e0e92366d92ffddbbbe4154ea62b0453c71016b9a949a1488e4,Happy,Happy,Happy
NEW_4d8ec46dc8006f7ca0058067f03222bdf45efbfb33d7a1c74665b61b0c205d85,Happy,Happy,Happy
NEW_4d93b72914a96ae75232f20cccdc387bef8ecb938df9bea1a88cb3b1e2b5a0de,Depression,Depression,Depression
NEW_4d97654ad6753170280a84263cd68ad01647a2c42e49bbce0a25ab3e034b676f,Happy,Happy,Happy
NEW_4d9b0045cc2d980c3de6a5678cf792ae418ecb8592613359439907054189bb4c,Neutral,Neutral,Neutral
NEW_4d9b73a436d63cf062699aa486beeec51d6e161c26fbcb8e61cb353d3b672077,Neutral,Neutral,Neutral
NEW_4da6f374100f4b1488142cde7c85a64b5d97fc73e50d22f15377e34db4e29318,Depression,Depression,Depression
NEW_4da76171b22711ff99080189ae9beaa41585e13d85e6cc962b422bace43d4652,Happy,Happy,Happy
NEW_4dafc012cb7758e5d7ed48a283064622af254d80570607be7ddb6432a5df404e,Neutral,Neutral,Neutral
NEW_4db53832e9495d673a8b5da74871384b5229fbe683a38c6d65ee43e533301fba,Neutral,Neutral,Neutral
NEW_4dbbfa937940f48faaddc1155cf935ea0f1aaefa0fdbdb0af3da485fce415482,Happy,Happy,Happy
NEW_4dbd873aebce9de2e9af7a1ef7098b2086713c9352fb2a7136816196d86935c3,Happy,Happy,Happy
NEW_4dc6db68284a8faa860acac8a54edec76b9a5fc2787c4bdce6c017ba53515b12,Depression,Happy,Happy
NEW_4dc724c259af0fa173aec0f982bb7f919161e3cafbe35d1d4e694bf2ad773ece,Depression,Depression,Depression
NEW_4dd0cff708a8fab67c82c203e9c2ec5ffe7eb0f0c398c576690df0cf1f395b40,Happy,Happy,Happy
NEW_4dd108a02013d7384c0e100c857075f55046ac63284114dcc17fd47636a2ebba,Happy,Happy,Happy
NEW_4dda9b9a28630a6cdf1983dc966be3a643bc1ce02e780e94eda8bf54a644f4ea,Depression,Depression,Depression
NEW_4de3c2b7b8db8face8bd6c5a23c97a725bbdde9f88dbc96c2ed0b78680f01bc8,Happy,Happy,Happy
NEW_4dea29937d384caa9d6f590f9078511f68145f5ed3b2dadfa0698fb65aada77d,Neutral,Neutral,Neutral
NEW_4df26581c09e68ec3fb5e31fea0c668d9f1daa2baecf725f6ba3bb02d16c6848,Happy,Happy,Happy
NEW_4df6b1b326ad148ad1246b3cbea6b13c92d96ef7baebfb08eb67ab650d185b74,Neutral,Neutral,Neutral
NEW_4df7ed659e3d1437c7df4a89287a4159e12db7c408e777022ff54fb02b523d16,Depression,Depression,Depression
NEW_4e0f6e23812d2bf6e0f23de81922eeccb7a32ff6cb987c16ca5d92ceca9e4fa4,Depression,Happy,Happy
NEW_4e276e48f437a9332c03079b8e6d4e9a72c7f6aafb19ca18062f3369f1db88ed,Depression,Depression,Depression
NEW_4e2d271bec055ca8e316dcddfce6ea563ddfaad4791aed01cdde8195c19a819b,Neutral,Neutral,Neutral
NEW_4e45bca43ff7b14d471d62d7abafc16363e6be9a79c6e10a396ac2d3f01f2a74,Depression,Depression,Depression
NEW_4e47822844ef65e458c0c57ebfcac3752ca33d81d2d2e7a2f16fc0b466bca2e1,Neutral,Neutral,Neutral
NEW_4e5144695916842e81ca0ffb54f12a33da659de629ab4aa3fe023999b8c70723,Depression,Depression,Depression
NEW_4e52d36c2c9c3c62c659d8d3693847dcda06fcc3e1e21546de5c9087a5c1435b,Happy,Happy,Happy
NEW_4e59226d05fe4bd67d1f32ebcf79fed1991aac94d001f9951abb2a40f7c0bdbd,Depression,Depression,Neutral
NEW_4e6541ad4cb3deacd27b9be568865e39f105f2bbca4ae69f341eda0aed6a289e,Depression,Happy,Happy
NEW_4e68074a7a74844f657d0e3e43545484f64d34b82dd3312ed69ab3b1344d87ce,Depression,Depression,Depression
NEW_4e6b069b92f0f8db1bc393a334e47f8d2e6ece1cec861bd3876858b024a1fd95,Neutral,Neutral,Neutral
NEW_4e75284b5240df745970597848f3634ddf7b852a933dda3b24a0d3557d8bc84c,Neutral,Neutral,Neutral
NEW_4e75ca4836c51b27a911823c55cefe1b1711d35ab552df9afab6374606c087b5,Depression,Happy,Happy
NEW_4e87e27d220cd43b149b6957d62add821de8232b2f4dcddfca74f3103b4c6927,Neutral,Neutral,Neutral
NEW_4e8bf2cafa4c76a8273d06c638403a6f20ff6bda9cb80fa7d1f82663d8ca036c,Depression,Depression,Depression
NEW_4e8ff186eac7fc1d7173fdb6abd45a8f1accf40bb5baac0c239aec4496f951a7,Happy,Happy,Happy
NEW_4eadb50f3c1c141fd751230ae5efcb7476b88ea580ec6157ca2822f9ecbbd09a,Happy,Happy,Happy
NEW_4ec60bd52aec19ba0d612292f38e159a20c540458dfb20e93e70ad9c09c285b9,Happy,Happy,Happy
NEW_4ed062d63585083550b465400fa56509d20f7ba9dd242dcc67bdec3f610f0c3f,Neutral,Neutral,Neutral
NEW_4ed4a6c288d8c456df3f71d6215f2328d2ea3a4a9125030a0ae20a81e137b3ed,Neutral,Neutral,Neutral
NEW_4ee17948e840c30a113ef4d4ba739014e6abd45e2e73f9388cc039f18533ec04,Neutral,Neutral,Neutral
NEW_4ee9680a399be26cb4006c89cad2fbaf264ebc35fd253a092b1d25ea19c3e79b,Neutral,Neutral,Neutral
NEW_4ef7a4186662bf12f7e16f8bc8852d8c37184b7ca48c9e07e647416ba7b7bd73,Happy,Happy,Happy
NEW_4f0a63cd17a3c855cc10a1a4df956c1fae52f91e0f5fb6ba4d5416a2236b3875,Happy,Depression,Depression
NEW_4f0ba4b01ab42a66e38aa470e921dbdda9250a3922d854db495d5d311cc63a8a,Neutral,Neutral,Neutral
NEW_4f101fc0aa50900e969bfcdc135175d67bc938d76ad345c730a2f8dbfecfe96e,Neutral,Neutral,Neutral
NEW_4f11fa30ccb90e837909417dbcd86642aff0206cb019890d1f5482b0d58457d9,Happy,Happy,Happy
NEW_4f14acc7fc5035322dff33c48d7a45c8db7a223ade2b1bdf3486f377e30be231,Happy,Happy,Happy
NEW_4f17b5170d7081e7e612907778fb1a022f8eb1e82f38cc1a94a3b5c3ca02929c,Happy,Happy,Happy
NEW_4f194e2d0a6b8b77fc954bfe547bed93163919e42de3ba6c5df2f6191c55f7b3,Neutral,Neutral,Neutral
NEW_4f1e66f6e85439f640ff78b2ea5adde4f09d91e6cea7fbb447c41141caa06de7,Happy,Happy,Happy
NEW_4f25d6d5bc854939c8c765d4c44ce9e5f97628a5a62304863276608c535f0a63,Happy,Happy,Happy
NEW_4f2d19afeb31f0a90a2f05db53b2ca72fbadcc0775f3efb0f56c46457cb15b35,Depression,Depression,Depression
NEW_4f2db65c0a1a97edb50133e5aa4044dcb546ef824264933c26d703a533825796,Depression,Depression,Depression
NEW_4f3eec89d74138b0c1ff6d7c9613d1f96bebd0430e20def7a041649d0d319bb6,Depression,Depression,Depression
NEW_4f3f1e3756cb22bbef7492a9d1fb7d582c27742e7002ac156e590f570427d614,Neutral,Neutral,Neutral
NEW_4f3f8d77b18303fa7825d7735c9cf7f549451e64dc00ea65793e17444901a302,Happy,Happy,Happy
NEW_4f42554410d08c2870e0804bcdc30016c9daf60c183fd895c31c6cf847dd2df7,Neutral,Neutral,Neutral
NEW_4f4ccbcf6aa48722fd9e0fd68e62d9facc11ed1cf0c03c40d13417e1c9672cf0,Happy,Happy,Happy
NEW_4f508c8dabc9dc57e2cd2df2526d88c8ff176a315a48b144dae12548f59fe1f9,Depression,Depression,Depression
NEW_4f6e4979c3c897321fad698d023c48fbc7ca06da73fb504141e2b174adff9120,Neutral,Neutral,Neutral
NEW_4f792b0feb8fe258be821dc44db28b8f18158cf17941ee77c5afbe8cc77b6dec,Depression,Depression,Depression
NEW_4f7a6bf23445045e2e2bf7bb72ed5e8867e0e948d7ab65825532fdc65b3d79f5,Depression,Depression,Depression
NEW_4f7ebc07c44c50343dec597a58ba03a47552943146d2a0e6ceaa33103f307f8b,Happy,Happy,Happy
NEW_4f827411883c43fc858ae9b00b7c8df2b5931fd46a2d88b41e69859adffb79bb,Neutral,Neutral,Neutral
NEW_4f85f01cea0f25df7ac8473c2e151874775be96c54a59bd3130fa7fec1ce4df7,Happy,Happy,Happy
NEW_4f8a48407d66c4e64ef1e2986c5c46983ad8b588b26771a6e912538830e635eb,Happy,Happy,Happy
NEW_4f9a3aee3ebed0f521d2942157ba716c48cf87043e505e30c7fad5dafcf3f4f7,Depression,Depression,Depression
NEW_4f9a9ac3704362a03bb32e6653dfe2be5d8b27369de29af212ddc87dcba9b491,Neutral,Neutral,Neutral
NEW_4f9b7eb5c01303f91cd138360206c95f5b48a5295a97aa1818dd42ed8f9dd890,Depression,Depression,Depression
NEW_4f9e37097a8b8c4553075ef5ed14a09cf48bbb252d0b3207c3c138da7614ced7,Neutral,Neutral,Neutral
NEW_4fa4e751b6cbddc69d9e9364635c9e6986861be76de14dde1bf18fd7ddeaa048,Happy,Depression,Depression
NEW_4fa764c7a36713b6440d224c0f3231dd35e330ec8f3d6a90b9974a20ececdf1c,Depression,Depression,Depression
NEW_4fbaced541bbaff92c9daaac1973f150ff85398fb6130e7f76a14aa1a031e6bd,Happy,Happy,Happy
NEW_4fd4e13d0dcaba3ebc6d724d82ebbd809b1a4ddca7ea08af8623606bda6b71bf,Depression,Depression,Depression
NEW_4fdc4a54ce9e427603adde2404a43197afa22222cafa9caf2a081b4c32d3bf93,Depression,Depression,Depression
NEW_4ff091706f834d357886b3994186e0942544ac28f41c57e82bf91551bd7fbebb,Happy,Happy,Happy
NEW_4ffbdf1f0209382ef43a887b8dc67c2c1cdceb78d33ee1e2d9e6a99ae4bd1f39,Depression,Depression,Depression
NEW_5002ba2d2777ee0f608358f124514d0f468a064718ed4fa19a86c2568c274137,Happy,Happy,Happy
NEW_5022c160b06cbf0f46c3868f8afe39f8d9ca79a00e0e60ea382af7139dd05521,Depression,Depression,Depression
NEW_5027dcaa973351816582d63daa028a89d32f709d982235ba5adf23acabaf40a6,Neutral,Neutral,Neutral
NEW_50324c650c97bed5df00dbd2cacec37408ff32ac6fa7c6b74e86f8a0e609fe74,Depression,Depression,Depression
NEW_5041f93ac1b16c81fececcb1293c395dfff5c2750202559547ebb9d60b08664c,Neutral,Neutral,Neutral
NEW_504c35dbbb0660c4bf2911dfb789112815e57c8d70f7eb77c02fcdce0a94e443,Neutral,Neutral,Neutral
NEW_504fcfa3654a008c822d61e3c5d5b509931e0e6f5ea35b0a108ae61daf6dca1c,Depression,Depression,Depression
NEW_5056bd5491686b1547c7893712d546f3d9a0138a4826d6c0fa43445cf096c3dc,Depression,Depression,Depression
NEW_5059487b6736fc5f587f09189326cd674ee177a8fe2a246215c367d53682a40d,Neutral,Neutral,Neutral
NEW_505ef6646bdcb10001e5657c8b7ca702fba3aaf4a0ea0856f7d4bfdb0e062aab,Neutral,Neutral,Neutral
NEW_50616a849adf9740b153b32ab5b2cdce857fd40833ee978166a9a95280a47bfb,Depression,Depression,Depression
NEW_5061eb7d9ffbe6f92a156ade8318fe9460ec9e8eccb3e312b6e7555b2cc0ca1a,Depression,Depression,Depression
NEW_5063494c3e918b3be3ccd367f4ca9dda48fd853be76a8321e2516ddcf78f68d5,Depression,Depression,Depression
NEW_5063e30be906b4531caa6e2b300dd6730223a22efdf4930b46ded61290b54230,Depression,Depression,Depression
NEW_50650ab5493299f204b86dda2924def775128bef61b805d23ad5a279354fbd0d,Depression,Depression,Depression
NEW_506aa511f1723573257e6a37f6c93b598d39ec19f32ebf54d39ef835939c910f,Happy,Happy,Happy
NEW_506d008a7bd323e1792e28ea5ccda3eb5975fd0b8a909c75c2de600bcad04822,Depression,Depression,Depression
NEW_506ffdd8e944424ae439bf48ac34cc4cb2b7ec4d00ceef7b539cf653f20bc85b,Depression,Depression,Depression
NEW_507fbfd22ff847bf629bf9ad920cf5c7b867a0acbfe86e91337f11e459412ea1,Happy,Happy,Happy
NEW_5081d7c898acab718808f90858569e1a8ed4fc0ca8861c2989378bc77915fa9f,Happy,Happy,Happy
NEW_50849fb14100705560ac960227ee82c6b79726fd53fab7d72beeed0be029c245,Happy,Happy,Happy
NEW_508b8589259ceaf0cf500202346c8444c7fef3b1d031a3f81777671b4bba446d,Neutral,Neutral,Neutral
NEW_508c63b15843cfc6da977ff1344444ba92070d34efe6974594bba1079583d8a4,Depression,Depression,Depression
NEW_50a1b24d141ba9c3754ce8d85133a408640f9c09098fa535c259beadbafaf2ed,Happy,Happy,Happy
NEW_50a8b757ccb397a9a3728cc2c0bc859de74e3c10dd55299f7f99e2bf2c460c1e,Happy,Happy,Happy
NEW_50ae9a1047b5a2130e0dc89175a5291d4875c7279810a6b2131107b46644d6ad,Happy,Happy,Happy
NEW_50b163be6f57459db1922be04ba9994cdf674c2ea0817ebe7c365253bcb18c9d,Depression,Depression,Depression
NEW_50b474b11b5e490a0c097b69d5cc4edc6ddd472026453c49a14e5305f2e36b4c,Depression,Depression,Depression
NEW_50b534ee5796171cf5079812694594ef045c1de21acd25942c26d95639e434bc,Happy,Happy,Happy
NEW_50ba0ce1399453441af82eddaa690b69ba8cf886b5823de866b4f9fb9fb561e4,Neutral,Neutral,Neutral
NEW_50c0404793e2f2225e3e28a711763aea158d0eb20e1e29ac756fb3e73c3718fe,Neutral,Neutral,Neutral
NEW_50dcc9b2a675d051536e8915044871ce572455fa2218ab36512f8920e1f77f06,Depression,Depression,Depression
NEW_50f15557c2da5727bb8c06cf214553eb19f18d45f1c0fabd8790e8e4e0b523c5,Happy,Happy,Happy
NEW_50f8ced54532ba55e99a24d40fd7294a2c6e76d4ac56c19a0582afc87b5b57d5,Happy,Happy,Happy
NEW_5101583a65e02e141537d1a1c2097755f6a2b9f2079f137427985101b3681246,Depression,Depression,Neutral
NEW_5125002573d9898ae97143b7d8f0f11cd22293146112247e6b23e491448e80bd,Happy,Happy,Happy
NEW_5128dde3ac1f41d8585248148dc858af5d29d7d01ba6951fabb0b7789ba7216d,Neutral,Neutral,Neutral
NEW_5130893bc0976fbb371545cfceb18fc6d505080c79b27ddbf9e8c399345ea1da,Neutral,Neutral,Neutral
NEW_513c9c8025cb7d95b17461bcf7373d04f7a0dce1323407d7a1cadd3643d88fb0,Depression,Depression,Depression
NEW_51410dd5911eecbfae1781e37131c205356b4fb754a3b79bac458f71d634b955,Neutral,Neutral,Neutral
NEW_5143b0f21064fe6b88799d6e8267c4f687bbc7522523893b17167d2323584203,Happy,Happy,Happy
NEW_514b3597731c1f9ef882fc594f84dae6fe6e7b24b93afce8f307ea4eded23bfa,Happy,Happy,Happy
NEW_5150239187ece74b97aa1f83341e81acded3f6e79d229b49f62db1e80762a840,Depression,Depression,Depression
NEW_5158efa518589a22b9bcfab161665aa7f5cc1534f3f61fd1c207b8e280656501,Depression,Depression,Depression
NEW_5166970505920cae1889f5c02e2dadd5a04fb364ceec0127150727dbc7ac30b9,Neutral,Neutral,Neutral
NEW_51697abe90728e667674468a083ef817f15c417397f109d4e9cf4afef985629b,Neutral,Neutral,Neutral
NEW_51842a6e014db45259e2e2a33e1528aa5d19db68c9c4034e5d35cbe598675380,Neutral,Neutral,Neutral
NEW_51907737bef50c15ffa118c234aa1df054589a7a9231e7ff47935ec8c3fdaf70,Happy,Happy,Happy
NEW_519236cddbfaabd010064130330aa1b238a73841894f2015b0a56e691f4eb341,Neutral,Neutral,Neutral
NEW_51964f367b4ff1b754648cb3c1a8abedd882321767b2fe6c295ae63548ddedd5,Depression,Depression,Depression
NEW_51994460a0a7229084979fda92f2d397850bf7a4f1e9eab8a7dc26d71929a57e,Neutral,Neutral,Neutral
NEW_51a8978e5ed2ce3c0360ea53837b149e973fc1c1da580cac894fdaebfb7c77e3,Depression,Depression,Depression
NEW_51b5ba6c12d84ae2283d5b1848f6c707f3965efba91c6d3a3a236893b58f22e9,Happy,Happy,Happy
NEW_51bbbe1dea7e95e2d72016fc186cc350a37f9951401db7f59a56ddaa42e53bf1,Neutral,Neutral,Neutral
NEW_51bbceae5a98a71cb24402931be457954e642c437fb6848b2b46f069678675d3,Happy,Happy,Happy
NEW_51c81e58a30c9b4054c8e40619a32169ec7cee2d99756f50b103c24fe85d344d,Neutral,Neutral,Neutral
NEW_51d2023a0c75ed1c2f6a9f4970f790eda158a13d8a236d7b50a2e199a03dcc82,Happy,Happy,Happy
NEW_51d67d447714e64bba2a281255cb954c0d0c3451247a220b34be26759cc484c6,Happy,Happy,Happy
NEW_51dde6df13701b93d9bd97933b81178f2514bdcda601ce501a4a3db74c234ef2,Happy,Happy,Happy
NEW_51ec53cab408f8c0712af700325a2bc722389d79aabf615aa98b9629e8e8c11d,Depression,Depression,Depression
NEW_51f47e02cc6b8dbf940f4374e573f163e7f5e3f5699f538f2e596a5067800858,Neutral,Neutral,Neutral
NEW_51f4f2c306a95eb6454ccd9fd299f028d13b471a222e0d7592d481a5bd6e2b84,Neutral,Neutral,Neutral
NEW_5202966421ba4fa28e5b5bc0f3ff22e2c7a3a1894c064598b148760b8d3c3a97,Depression,Depression,Depression
NEW_520663b28a99e68bad9cfaf4fde6c8c17e138e4efb726a13f2250812130932b5,Neutral,Neutral,Neutral
NEW_520c10ce06edbbec60effb059d24c69dadd3332eb0e152af0069b2b4f08f46f0,Neutral,Neutral,Neutral
NEW_52105b8f609db73b41aaab4d27cfbd280cdec26e6161ca78c3c70d7ccb0ce4b0,Neutral,Neutral,Neutral
NEW_521ac25b8296587136835772e90eed68ad2aa096ac82944b764e0060127bcf2e,Depression,Depression,Depression
NEW_521d841649b4ff9dc6f3a4e26fbf0980d6f472cdea0d10b9d8510ac36a85cea0,Depression,Depression,Depression
NEW_5220f7c30fb2d9e506a42616580756e571e7cda0247e88e04775003f44a621f9,Depression,Depression,Depression
NEW_52244e871a9f861db2f5e109b383368797c08937ee488d5650cc36dc1e11dfac,Depression,Depression,Depression
NEW_52298264e942830272535f8e52ab5155020954a6ef85c1c8cfbec22ea3950d76,Happy,Happy,Happy
NEW_522a57bde9ba8cb6c2289e8ce9fbc5946772fb4cd98241c1b49f8faea6ea63ae,Neutral,Neutral,Neutral
NEW_522bbed6db50f295e1e24aeecbf019f764ca6bbd1caba50fe074f4e22578f61d,Depression,Depression,Depression
NEW_522c134d5e80a5dc4bed5f51476f18328bac9717aee3e85e6695b57f2485751a,Depression,Depression,Depression
NEW_522eb20393d6b256996c6973ebce4d3af4877707771a0b9170f66842813c96b7,Neutral,Neutral,Neutral
NEW_52460dff695c684672e5df7371fb9d03a1a01848e85009721b9d34b2e40db415,Happy,Happy,Happy
NEW_52484b077a884a9f626e9866ad1ec3fa1f37be78c2b9d366880eb2a59adc62e1,Neutral,Neutral,Neutral
NEW_525bf5bdd2104952ea42ab25b98ea92eaa4afd3165b4896e5e7fccddb9589a1b,Depression,Depression,Depression
NEW_525bfae811b777eb8446ab41b23840e2844ee7dd70a8d2d3e9ac2138284f0bc1,Neutral,Neutral,Neutral
NEW_525ce5c460373c1d01c5b7c5762a4093ecbca0524082300615bd304c3a75a3e1,Neutral,Neutral,Neutral
NEW_52688063175b09c4b8074b62b0de74374e6fa117d8dfa0db0275b64e5c332481,Depression,Depression,Depression
NEW_52711b09317f69edcf9753fe3f111a48d8c271d69939947d2c65e3eeb3e4ba13,Depression,Depression,Depression
NEW_52738495fb334cb272104258cc79bad2a9551aafa52d8d03106fca468167c173,Depression,Depression,Depression
NEW_527fdc4c6c7684990b02c2f8087feceb1bf6bc11099a775415dbd1008b0c059b,Neutral,Neutral,Neutral
NEW_527fedb1dc5e548ee25afcd9f499437d7c395ec3c02abeac05fcbcb5b6056183,Depression,Depression,Depression
NEW_5280d17bdcd3acc5ae80dd7c0957e07ad34210f5da713161ea03ad28e7cddca4,Neutral,Neutral,Neutral
NEW_5283568ccd394bb73de716a359793caf0ae2eb7449268ff26ad4402f6aaf2aac,Depression,Depression,Depression
NEW_5286c649e2c155902f5507bd2d51cdbb95ba4a2f548d7ec338a3759fc9606e6b,Happy,Happy,Happy
NEW_52976d908d9235bb44f54eeea258fc28388abf9dcaadc3b82770ad2aa5353325,Depression,Depression,Depression
NEW_529b375f41fa5ff0b74da40365b8bfaa9ab0265ef38c57e3678bec3eb9272318,Neutral,Neutral,Neutral
NEW_52b37c31f1c146b75b9f69550e0a19a10f4e24665045dbbaf7b96e6f250d3552,Happy,Happy,Happy
NEW_52b3fa8c632afd5b0fcfb15095229309a6c53d5b1029ff13b0b584febc21b7ed,Happy,Happy,Happy
NEW_52b64a31ad9b4f0645151e014e5270e3ad36297678c673f9b27f193889962251,Neutral,Neutral,Neutral
NEW_52c32d845554e18c64d337352724eb7f916ca8d3c06f59eb2c9871452fa0b05d,Depression,Depression,Depression
NEW_52d5bc1b7bb51f9162a0cf48450ae5b1ff4c4347fdbf06d9c4f4b018cfb4c320,Neutral,Neutral,Neutral
NEW_52d75f86532e4e1f754563c6d1913fb25b0c09f69ebeb450ea7b191ce660f1db,Depression,Depression,Depression
NEW_52d79c0d04c81204d51d6fac265aedf42e9ada82ef98746e39c349b1606783ee,Depression,Depression,Depression
NEW_52ed421ba8282afe94a6c773334f30d8cc309548d5846c572542a173b62c053b,Neutral,Neutral,Neutral
NEW_52f07fc42fc8965fc27c9dadbed7ae7806c1c678bf07d58a687bf760f2d62fa5,Depression,Depression,Depression
NEW_52f547d56fc7bc3acaec126ccf461c9bdb5442cda2f071a6333a087dc9ec5fe8,Depression,Depression,Depression
NEW_52fccd8a497bfbbbc9631b580530908274ee309bc3d0fc11f631c5548e1ca7dc,Neutral,Neutral,Neutral
NEW_5300a6119649f68d21f9e38c5885ddcb728eba6c6df9cf9cfa9850e51ebc44e2,Neutral,Neutral,Neutral
NEW_53035b44fbd2eeba4d30ca073dc953805d3abdbeda54e419d6d3b11d58f15981,Depression,Depression,Depression
NEW_53069ef60a387a2bf9107753883f6cccb1975d04038999b9436e145e8d1d0da1,Happy,Happy,Happy
NEW_5310f42b33febf2bd011726fb0ac48af4c59c4e268991fdb38f576a5194a8fd1,Happy,Happy,Happy
NEW_53184aef79f329310e94d3fbc31b1fe1225e0cc71b75fc003cdfb909d89f920f,Neutral,Neutral,Neutral
NEW_531dbb2fa6cd92ecb304fcd4d4b3ec47004da6102074c428dae95a57944cf2bd,Happy,Happy,Happy
NEW_532988e88fc0e66bb8b22213603261965677c01ede6abc2d552960781030931a,Depression,Depression,Depression
NEW_5338cb38b4283997a6cb6d46befe186cf3aba73650fc351978e6d4f5fb884916,Depression,Depression,Depression
NEW_534897ff77f33fda671a497f5023ecca98dcb6d21f356db5045c615a69e88f9c,Neutral,Neutral,Neutral
NEW_53593cdeaa776f289f62d9c6ad5c3105e5e3c84fe91117677faad4e17e20c19c,Neutral,Neutral,Neutral
NEW_535f67cbf7ce906a7bed340396f2f7c2ebebfdabae4c71beb093fbba4d51e05b,Happy,Happy,Happy
NEW_536454bb397f1684c2582b9dd8518c3c1fd61c942379fbde41307e2ca4bf44d9,Depression,Depression,Depression
NEW_5370a4c74674bb1419637f9763f757b6db01edbac19254dadc911003cc28d188,Neutral,Neutral,Neutral
NEW_537c18aaf0683ee0759cb5de38f6d2cf10daf2fb59a7ed4156b383b0ffebcc08,Neutral,Neutral,Neutral
NEW_539a73fcc73888297dc642ea130658093692a76d32382489267445e64929222f,Depression,Depression,Depression
NEW_53a55bdd9cbffee71b153c8e0585d5d9e5812f7add85f4cd32309526d92a81f3,Depression,Depression,Depression
NEW_53ac40261258158e60108c7602b2d3091453bfe5e95a28db16dfc6df3019a78e,Depression,Happy,Happy
NEW_53ad54566ae4dccc12d36849642d1c49a438c64b245efed7c238591e74f07b44,Happy,Happy,Happy
NEW_53aec1791affa4f2a73f4632b4b066afa912395f408193a7667f263eacc91ae4,Neutral,Neutral,Neutral
NEW_53b9563f994c8d52b45a77a9497eb7425e7e5a97bac5ef196193f175c519678e,Depression,Depression,Depression
NEW_53bafeb536b3096d28e49f0ed3e740bd25a0e588799515875c7295e78e5c255e,Neutral,Neutral,Neutral
NEW_53c303814b637355a233b0725a0bd359dde336a87a786a326e4c3d35bd2d3110,Happy,Happy,Happy
NEW_53c498417d14ccb6e82ecb040b14a8f49fefba2bce7990431b2e07eb8f008599,Neutral,Neutral,Neutral
NEW_53ca16cb9b041c6f27a2fb8ba147d670ea0d32a6e40d56299da4c4065256f08b,Neutral,Neutral,Neutral
NEW_53cc3b78f51c1f4ab11b94d28dd1435730767e1ddf78277d12c92dbca851c2b8,Happy,Happy,Happy
NEW_53cf261622847eda0a683f6be86af57540422a68b2289a65166c64a021b248bd,Neutral,Neutral,Neutral
NEW_53dc0c94d81cf2b0652317b43050944864e42d2a05ee7700e359a4913aa58f97,Depression,Happy,Happy
NEW_53e931a1b3f1045c9073fb4e2a5661b49b22649709c8c35284b2558e940961f4,Depression,Depression,Depression
NEW_53ea027218eb59fd9fec64aa9f8dba21fd62f48ee1d46a2bcd36ae195964f61e,Happy,Happy,Happy
NEW_53ea8688398663162b615d365e39e6ed9f0c32e1039db97967409c9c21083841,Happy,Happy,Happy
NEW_53f276dab7cb391270030c5ace996ceef55431bf53506d9a2f8e262344347c2b,Neutral,Neutral,Neutral
NEW_53f60cebc56ba603c8808b20610c92f882c9c69831abf2ada9aaa868efec52f5,Happy,Happy,Happy
NEW_53fb6fdcc30fc082ae9b3d438cccf1393f49c929ee84c3563efa7c77669f8c58,Happy,Happy,Happy
NEW_5404c7b81573336aa1ccb4dc59e83132025a55e1a1ea876cb0e4e80180fa6550,Happy,Happy,Happy
NEW_540ab7bd623cf6445e3907455fddb47aa2b0c6bdd3de4b54c926b836c923f87c,Happy,Happy,Happy
NEW_540d24b21378a9b745184400181ae4ee31b5793d0b79734d3ff27f8ff5b8b057,Happy,Happy,Happy
NEW_541ccc72bb3fb77a6ac7a54483fced9c3e2f8160c159bdeb5b76656473c490d7,Happy,Happy,Happy
NEW_541e3e32e7cb57bebf9b1f3ab35e6de2359c27125179275fa0a5d5241049d0c1,Neutral,Neutral,Neutral
NEW_542630044fb1b7bced021fa704d3cbb41fee225f7deb46694e7471492918fc06,Neutral,Neutral,Neutral
NEW_5426a6106c90b018f344dcc2483a1bfb30cd89d0cb07d31fc1287aed20782884,Neutral,Neutral,Neutral
NEW_5431625d35158beda7d4f432d533dbf16847d87bdbfede9bc9a69d5a844b9c1d,Neutral,Neutral,Neutral
NEW_5431e9c59509e35b90383f9c6988059a6b260ee5ecc751b2784711c0c7bd3a41,Neutral,Neutral,Neutral
NEW_5434069f0fcc00434c4e07665799234b1c28e90640df42add203f3b6790d4608,Happy,Happy,Happy
NEW_543d2f75b110ed17e869d02b054c4a3866285495118ca680ab0753ba8ddb2afd,Neutral,Neutral,Neutral
NEW_5443364711544676140ebbc137248fa088afb0d35e63fdc1dc8cb46ce529968d,Depression,Depression,Depression
NEW_5443eb41abdfd833368ae9ae873812df08b7223b548c30c1a09db0320f948f8e,Neutral,Neutral,Neutral
NEW_544a9d86ff4feaefca79e4bd02837d27744a4811ed4a40cdb0dd92bcbedeaa2f,Depression,Depression,Depression
NEW_5454876be83d4ca05a86f921229b8546a58e23b3632d9a3d1a9c6bf0e4f431f7,Depression,Depression,Depression
NEW_545c72b32e7baccbb9bef29c6f839740b44b42249cfe15aa34f0921626bae695,Happy,Happy,Happy
NEW_545f52bba6b61f979a5b7b57756150a614bdf8cd225747dff732adbdc604a902,Happy,Happy,Happy
NEW_546286798582ea18bcf95959975b83e678b1f22f92bf2422149c29517714e37c,Depression,Depression,Depression
NEW_54643bf4200c2aed00072cb2598a798c83bc2a2fdcfb4f77347d3c70ec2068d5,Happy,Happy,Happy
NEW_5465b90a69d881770e2f4e25cf63d9e4649a2fe4099aa8640c7be61b5ca8e06e,Neutral,Neutral,Neutral
NEW_546eb4e04e5cd15a2b4bb6e4dfacd35caeba0f4ef456cd044171e08bd350f181,Happy,Happy,Happy
NEW_5479e40ca8780438d677fb509c989fa5d90c9b3db2e915d0f2e792802dd8cb8f,Happy,Happy,Happy
NEW_548148fda2cb9a05be1a427c069bf5aef06b22cd7bfde4a2be8dfe7b07ef62e2,Neutral,Neutral,Neutral
NEW_548ad422440fd23a47f95d8af53fe971783c7ec15dbf26eec3f500a4aa70bb65,Neutral,Neutral,Neutral
NEW_548c08f4819cb7254665db207cda34b59f22ba84f064f1f6f1c5d6959e71de36,Depression,Depression,Depression
NEW_548d45380c2b6197f2b4c65089c95355428b4ca69d6caf42b6d101d28c7fe9f3,Neutral,Neutral,Neutral
NEW_5491e48a288cadd68b521b58bce64fff4c2b6d0ad40a3302fba1ff27b8b82821,Happy,Happy,Happy
NEW_5497633db852cd6bbad1e48c41faa726ca0b37acf38aefa682c1a21952113739,Depression,Depression,Depression
NEW_549bf709e6db236f2ffab9767e3dfbd7341b9bfc9ea81a7cb1fb4e2a041c8e34,Happy,Happy,Happy
NEW_54a4a3ead88a671c26ccda8e0663f648c3d3d95261d3beba1728e8b01eabab5e,Neutral,Neutral,Neutral
NEW_54a5c417b261c8a5c9217d2f290142688763a7d87057b41fb929f59e741c409a,Depression,Depression,Depression
NEW_54aa65a29f0c0489c6b128c8792f9e115fd9b715114061ce44364614c697c523,Neutral,Neutral,Neutral
NEW_54ac61a500bdbb08cb0506228c98e5401ecd596d34baa73a60ecf8d5efe71a92,Depression,Depression,Depression
NEW_54ac92c19bced3acfd079ac13a07e5ef6dc323cd37579ad75a8acb8022c3a7b0,Neutral,Neutral,Neutral
NEW_54c3799f8f3a8e9b7a6e353ae7d8abf8b8a42a0e6e353d2679077b994666f022,Depression,Depression,Depression
NEW_54d524403fa518e61651954f045c917e9cf68f47f21ce4e3445e9f4e4aac7ca9,Neutral,Neutral,Neutral
NEW_54e0dc379c1fb3d69281fe81659f1bbdda74c25606282b9e943d57108be8764b,Neutral,Neutral,Neutral
NEW_54e2a05c7f3be01ccf048c7de1add902b1692048b092469a96ae2a9258894126,Depression,Depression,Depression
NEW_54ea716acb02c7a71a67268d9a5b9bb39cef0a2ecf05c69ddbade9d9b1b6500c,Neutral,Neutral,Neutral
NEW_54ec3cb84699adfb5444478443e4f6013d8cf19db7c4059aaa6d010769e3d2c3,Depression,Depression,Depression
NEW_550988c95656e0aaf59bcd3239c8e6eb3966451a9f47d62188569c6ab851a60c,Neutral,Neutral,Neutral
NEW_55243f968cfde89d5840fa86aa98d02bb7ae081499d91636e18cf23f09488d0a,Depression,Depression,Depression
NEW_552e9d10771acd8cfb5a714f864fea9d8f92725284f5798571b5c4d225618f9c,Happy,Happy,Happy
NEW_552f57007d2ea6f12ce4a99b55d4ec7ecf449247b00c8de48e385345738ff98a,Depression,Depression,Depression
NEW_553ece8c5dde38fe5ffa794c237e8b1db9d615d85e277a50bf2d25fa20119a53,Neutral,Neutral,Neutral
NEW_554112dd144efab6aacbe0f1d612abc0762ce2e0b8af2dc93a7812b2f441aa6b,Neutral,Neutral,Neutral
NEW_5541b021201dfff18d30e2b508ea1104a3fd97e2fe52ca8ab4964cbdca46ec32,Neutral,Neutral,Neutral
NEW_55455cdf668e2f01d7a91d824925ae048024b40ee2f6e63700b87697ce857e0b,Happy,Happy,Happy
NEW_555683a668f017b665f8df4b1a8d812b9b8c225f03f97383e29ea3645abb3c56,Happy,Happy,Happy
NEW_5570c0b59cd60e83ac2a309d2d679585edf171b8887a79f95e4be9ec63cfa11a,Neutral,Neutral,Neutral
NEW_55761310de75678090b65e36cce02a56cd5006e7fdc1505bdffdcdb97fdfd393,Depression,Depression,Depression
NEW_55937f206709f262dfeb84be0b558d927ca59829bda186e678e8e02a851261b8,Depression,Depression,Depression
NEW_559756cb479d529b3d9330470308b76a4d91686b9051c4183f76672abd96cd91,Depression,Depression,Depression
NEW_55a6e7464e5ca071e24874d2eb7704bf1de7f95ca5e1d34e2f44d90ecf2aac3a,Depression,Depression,Depression
NEW_55a9ec477e2c7acc81c0951f282db088ccb8b34f9ad8c2112a886aa61b6f931a,Depression,Depression,Depression
NEW_55b048fd7a6ea609b7e37323846c1e5702e31f7eaec315c6cd1d7097752d5c94,Happy,Happy,Happy
NEW_55b12634ac98dd7b256e5a7047e2ebdd662804a7cf228513b762df04c2c0f8eb,Neutral,Neutral,Neutral
NEW_55b19710543c071fdc58e764c31742732006c956f586968fdd9f415a5042a383,Happy,Happy,Happy
NEW_55b5d1a56ea4d49f4086bc02114d132a31f92d59c396807e454e960b6c654afa,Happy,Happy,Happy
NEW_55bf243129bd50aa9e70c1f9044f82e9f124f39080c8c0507818edc8d8f0d9db,Neutral,Neutral,Neutral
NEW_55c5c047d5b7728eb38c5effd67bf7e64609b124567e0b39e1bfc1861a778368,Neutral,Neutral,Neutral
NEW_55c6f00792bf98810ae245bb99a24e10320e12dee455d40fa74b036643c69c62,Depression,Depression,Depression
NEW_55c7e53d04d0767033d2349cc8011f44f58dac3b90a378519e14fed1736d380e,Happy,Happy,Happy
NEW_55c991e58e5db8b8357e1e6b39488a9b81d6cc3a73c2f3405969e894e235d924,Neutral,Neutral,Neutral
NEW_55d99424dad0fd86a83692b67c7518a51d65222c7377ee63bd55f43144840f98,Neutral,Neutral,Neutral
NEW_55f7dfcf09494d3ae29736964ec7227e84fd4a432269e5979834162f4bf7680a,Happy,Happy,Happy
NEW_55fd2ae922d2d81f5c76cc0223c7e41b47b72a0fd92be20756d0fc1eba1e7b92,Neutral,Neutral,Neutral
NEW_560e346690ce527e9e485df45bb24aa591da3708cc8be90e781edefccda4b753,Happy,Happy,Happy
NEW_562196b09d8865ec8c6eaab10ea4d242c5b5b777ecfb885a71ba417ad3b8e2ab,Depression,Depression,Depression
NEW_5624d489cb3338e3c2aa8aee8ac173ef8facb7b61d44ef8662c2c6eb3438482a,Neutral,Neutral,Neutral
NEW_562feb468ce31f2e9e094273d679a2d28214b0b4cce76a9402992e0ed56ebc1d,Neutral,Neutral,Neutral
NEW_5650c2e7bc3e1fdb1eddf7e4ce8c2879bc3489daae6250a453a7a2e020164ee8,Happy,Happy,Happy
NEW_565642c2b44a743115aa770c9d34d9bd2da069e5548a1a392aa925f43323b980,Happy,Happy,Happy
NEW_5657965ea862cc1f005b7cc4da06125ce2cb8b454263ae53dff01ce5513a31c1,Happy,Happy,Happy
NEW_565850c89c1770163efe781b8e7f682159dec8bddb60f398868772929eb63b21,Happy,Happy,Happy
NEW_566337055263a5a92eda3b4fbe631bec27816ea6ffb5f9d29fefa76158a11cb6,Happy,Happy,Happy
NEW_56639edc073b789b032f8393e83a51fb072dec9eac65128ba6a053fd4de82acc,Happy,Happy,Happy
NEW_5668079fdf65084febbc6f29e537d5175b296ac309c3905fc8a287de5deefef3,Happy,Happy,Happy
NEW_56685f4657a4c933f79d9e360e877b1c9865ba24917c449641feb165de458b0f,Happy,Happy,Happy
NEW_566c794e31efee45a9fe0d358961e004c11472a45dd1b0637baff0fa948dd759,Neutral,Neutral,Neutral
NEW_566ee6286ab2e170dc0eea2b6acbdda81cde451fae8932cfe921234952178db9,Neutral,Neutral,Neutral
NEW_567a528e27af1d7ca66fc45ad17293a3bc124dc6525d6922df2901ea3cec0076,Happy,Happy,Happy
NEW_567c6636c60b5e6aec307438bbe4be2e21b792b96c17a6da0d5e5888ddbd9977,Neutral,Neutral,Neutral
NEW_5682d2ab9eceb9fcb6703fa4175d772d3b4d9c45505fbaba89d14069b27165a8,Depression,Depression,Depression
NEW_568ee95821af202411ad2946e9955809af91a3a3f7ec9b1e6bd2bd925f9d389b,Depression,Depression,Depression
NEW_569529c8c49787a16f107529b1f5b8da9f97c481b5c4baba725e80ee622903e5,Happy,Happy,Happy
NEW_569a501b28c403cd3f647093483738d3727790ac4d81525bb42f11905c9a05f1,Happy,Happy,Happy
NEW_569dc6584fa0f9695c66c2a5296b99b0eb48f3d6cf220db1b04e38b6f692c5b2,Happy,Happy,Happy
NEW_56a2fa35ed43a9dbd8cdd936879459e0ed1faf274fcd3d1d38feb82729b7cc9b,Neutral,Neutral,Neutral
NEW_56aca7a2f225ccff0fcc05be2f4596158ea95d42d12a0b30b75eae30fb2c94ab,Neutral,Neutral,Neutral
NEW_56ae840cfec35b6e2ac297c94a7ad1aa3c72c93b3369aaf641f2137d6e0d8bf0,Depression,Depression,Depression
NEW_56b2336058c05f5a568dc1daf73a30b43bcf739d70237c0418958715af8a663c,Neutral,Neutral,Neutral
NEW_56b2e40ef464c06689465a23a6e2a7b515e95d7903fb8f7f9cfa03668ab6605c,Neutral,Neutral,Neutral
NEW_56b866895eac1e8a13bc3addeae49f2198006a0861d0a83c036b08c6cc0e3937,Neutral,Neutral,Neutral
NEW_56be59d8fc516e372ba69ba11010fcd3e99721f41840b0b2cd83ee8c5220c276,Happy,Happy,Happy
NEW_56cbea8ffc7732cf0dd083c814fed1ab4ad55bb508b55a32e0b53aa792907939,Depression,Depression,Depression
NEW_56ceb6c74aff71d451aff0d3d6f483fc41293fcf161e4e49a4a3882c53ca2d97,Neutral,Neutral,Neutral
NEW_56d153761f37cb4ed2bd1983f31df28d5c653701bb1d88abc64b968ae5dfb27a,Neutral,Neutral,Neutral
NEW_56d89c762b63d065f6a9eca6e10c96a3421b6f001e66aecea8a49157f69e040c,Neutral,Neutral,Neutral
NEW_56dac44d893af06b00a842252db58de4a1d06addc93a676a8151d96fe2915254,Depression,Depression,Depression
NEW_56dfbb94323499449e382d78abedb43654b5b00a75aa06844aad7e9b1397c018,Depression,Depression,Depression
NEW_56e55eb501f81e2816d5bcdc63833d17ed579287adc598a3bf6fead3921bc186,Happy,Happy,Happy
NEW_56e92418f239340a2c557134a94252a048958f81b22795eb258055261c3d3835,Depression,Depression,Depression
NEW_56eac4f3cc9eb60139bb3b3d24498afaf445ebc6e04dd34d904b43c9fed66c0f,Neutral,Neutral,Neutral
NEW_56f6d5b0f3cbd252e15d1e8615e04f2c9a40d2f96c15a82265c894aee16fd361,Neutral,Neutral,Neutral
NEW_56facf6cd33931fcc6cb8a8e11e0af4cab9706111249d2ca84a3385f6302ee17,Neutral,Neutral,Neutral
NEW_56fd96110d7726551e230f3d716f948f3d0ffe43c65dee3703b5b80ef9849bdd,Depression,Depression,Depression
NEW_56feef016a1643a6a76b931f3af3ef84ba9d66e4f97de8cff4677d5f9ee81090,Depression,Depression,Depression
NEW_56fef174bfb81205d479db53680ba9ef2bc1eed473908502181ac0eea9974ecd,Depression,Depression,Depression
NEW_56ffcbbedadd30b37d45dee97c77b4c8d1fcf206259b24e8d12ffd8adf1ebae2,Neutral,Neutral,Neutral
NEW_570f8516ff3f95b953a5e45d70ddfce25e54fae4a3079450be1c9c904cfae5a9,Neutral,Neutral,Neutral
NEW_5718fdf605e8cfd345c1b9a1b0d2c95d881fb1d0cbab379562e11dfe0d560f5a,Depression,Depression,Depression
NEW_57194024cfbb98e8dacc74193591997521f6f573720dbd4c9f81c5eaa3c05f3f,Happy,Happy,Happy
NEW_571b6c967444e83accbdf25da460fb5376b957e904930a28f676fc25593c14ba,Happy,Happy,Happy
NEW_5720183a66014f29268cbf91936d979c2649d809214eafa7a50b404173433a3c,Depression,Depression,Depression
NEW_572ce825905d0dd677946365f6c6a3bd9f1bf13c1b46b81aa18b785d8374072f,Depression,Depression,Depression
NEW_572e89df0ce6e1cc817fdfc3e34c8e4b8e1e193e1d901a63e4fe6aab1eb2105c,Neutral,Neutral,Neutral
NEW_573973faa75c431f6b6fe0fb35edb679dde8be91f109ae13dbc71e31418e0275,Happy,Happy,Happy
NEW_5740f96298cc49f4013515ca2d9e27ea0574bcef4fb641da2eb90a6bf86ceffe,Neutral,Neutral,Neutral
NEW_574c2460de42daa452fdb839e9edff91bbdd9562fcb188f5d959face708c1e97,Neutral,Neutral,Neutral
NEW_574cb1e22b589e962f54561a62474fb51feac258b7f8c80de90e35e1b4a6baa7,Neutral,Neutral,Neutral
NEW_57546dbd13fd26996634d42871fce4d2303c50753681a6ed93d03f54234c8f11,Depression,Depression,Depression
NEW_5755f453001b3a98933c0d8dd7891f7a9f1759dd76886ce11bf8f493c9fe4c25,Neutral,Neutral,Neutral
NEW_575e8d339e3858e674358fb268ba8663411ab6ede4a67e9005ee634cedbb2bd0,Neutral,Neutral,Neutral
NEW_575ff2d858c268bdd1e967d24a1a120326c861ba47653641640258e5bb3b6cee,Depression,Depression,Depression
NEW_577183028ff633b24e182a9f2307a394ad91c2d57a9e456fd7bedf249f984034,Neutral,Neutral,Neutral
NEW_5775af4092a6f98767d839439875f7ad8986c0c31840ea525f452cda7e0480ba,Depression,Depression,Depression
NEW_57843896965aabb2090f0440da4529c50cc17cb23acd2f988e438c42c96723db,Neutral,Neutral,Neutral
NEW_5788a21b4b82608c6321bc862aac81d3958e1af9fc0faf9e12710aebbcc37911,Happy,Happy,Happy
NEW_57919937b568fa9c8029cff7b755b2bdd31dce57c46f63f9abd7c894d06f1439,Neutral,Neutral,Neutral
NEW_5794521fd62baddc3f7f339b2ec9d437194e6f011d21c2741d40d94266a174f1,Neutral,Neutral,Neutral
NEW_579c79ea0b1ce44dcdaa73d1deeb5d8e9d029d1261295b463ca2c3e5f484e099,Neutral,Neutral,Neutral
NEW_57a0fcfcd8bfb3470130b38be6aa62a44484975115e71e13dfb5d402823a1d85,Happy,Happy,Happy
NEW_57a7cc9593bb7762c643a9c91708ea9993e6595c12931187fd49b672b4157ef7,Neutral,Neutral,Neutral
NEW_57c22170582b3bac7642ad8554d5e6ab3e741f6919f3d9f9b8793f81d596ba70,Happy,Happy,Happy
NEW_57c69a0d8f4a219222640e815d257ab11f482b4e3114679da58895969ff3b91f,Neutral,Neutral,Neutral
NEW_57c8a88771ed0f85239bed82d0f74c1e19249c419cb49faef5f1bba0ddbb8e04,Happy,Happy,Happy
NEW_57d4063d4a56cc46583e38d96f7075dddfa4f9909f7282697a8470d7525d5b4c,Neutral,Neutral,Neutral
NEW_57dd4121bce78757edb80eb993e59ff7ae45adbc88fcb3e460dc49a3d1b16184,Happy,Happy,Happy
NEW_57e8061e51cb2085240e3677309b65ebfbfe99e7a6c8896447055326527f9838,Depression,Depression,Depression
NEW_57e952c216be02193cb1b7895835773c72c47b324d54d40303e848373f7d7a08,Happy,Happy,Happy
NEW_57ed9a6fdd5f9fb439b82be96a3191b4e0107129071211374053393e729cbcee,Happy,Happy,Happy
NEW_57ef9bc3f8313d120c7a6d89ae5acd57831218ab4b9d7f8becd1233fd2ffc5f1,Neutral,Neutral,Neutral
NEW_581b794905b5baa0e273b8aa1bf175b2f8f9ad79c5ee21820ccb689bd0635155,Happy,Happy,Happy
NEW_5824e2c2b9d7c25f14730a8a3a50e21bfc1157cef42245cf085bfa39519ddbe1,Happy,Happy,Happy
NEW_582a678db0dde49b7e9c1a7781edb99a102fba10409d83e32761d58688169216,Neutral,Neutral,Neutral
NEW_5831d2e87bc7c93b95261c54dd9d4795c2cd04bfc1ec0299e7adf7ce802c9f54,Happy,Happy,Happy
NEW_583a56d8765dc68531a6b49a91374da2c74c6268204f1d5d3b5de8d7913cd908,Happy,Happy,Happy
NEW_583ab68556ae62d2712cecd79e04bd3226ab9f82e52e33482fcef518f1c770c9,Happy,Happy,Happy
NEW_583dbf53d7989a14c30a82fbb16f0dc993cbb87a4e7b44276cad0a82a02c5d39,Depression,Depression,Depression
NEW_584eb325cbda6e6bdb54e9b443e4bdb660a787b9fac8495d738cf0693be6f7d2,Depression,Depression,Depression
NEW_58530b272625b194d3753f8d3548aa155bc30fe54e67c0358795192643d06eb1,Happy,Happy,Happy
NEW_5854301616f1c0a9ef284fca41b852688776c5ab4376a472520f65ef1fd42972,Happy,Happy,Happy
NEW_58543753293e1b017e69675c06c2ab9743bd52d83dcfcf71720212185d473fcd,Depression,Depression,Depression
NEW_586a349f60dbee84c0a5f9b0d44408bb9b8d4bdf61a9d638cb088c40c50bd59a,Neutral,Neutral,Neutral
NEW_586e955f3072916e67abbcaf74da8c5d8c96b32d93879390d55a924d9348c66a,Neutral,Neutral,Neutral
NEW_5873917bb6adb7dad3a21f471c99dbf028ac14ff963414e8d1042f091e22279f,Depression,Depression,Depression
NEW_587ff6d5de268e594cc44d21c9645b4f82058d89b90e85ed846754e380e034ce,Happy,Happy,Happy
NEW_5881b8bd7fea56b7d00084e42b536054d4d0bf4fab959938680fa156228e4ea1,Happy,Happy,Happy
NEW_588375cf79b3ecb473d1dcc213c96343f92a97b616d9c5c2b3a973796b3e7734,Neutral,Neutral,Neutral
NEW_588d05e11fee2a4491baf48386472eab95d94aba4f46d2171511c4db55056bba,Happy,Happy,Happy
NEW_58927583bff1d48253b2c4c699931b1ae01ce4a7ce87cfa408342e8acba9c949,Depression,Depression,Depression
NEW_589433578463506bbdef66515f31eea0b089127f43dfae7565980c578ead7815,Depression,Depression,Depression
NEW_589970d76af31cdbf588234f3bab5e31e275409d8115c832f78befa98e16e08a,Happy,Happy,Happy
NEW_589cca7021014504a4be525abd4aee3562cee729faf636556e538524dfc5e6f6,Happy,Happy,Happy
NEW_589e03ef1f1e5643073797b585e8842c24477e24d81a9780c3f4a84340da3138,Depression,Depression,Depression
NEW_58b5117d23ce09ae3b607f066fabcdc2172f7eecc192572b0801a9de3e3c3f1a,Neutral,Neutral,Neutral
NEW_58bbddd9f2802fd379a97fa1009a5a4b47050faa2e19dfdc0a3cde6281c9b911,Happy,Happy,Happy
NEW_58c7f61d53984a421eec341c2e59fbea2d9e06f02375285673da028aa2d55189,Happy,Happy,Happy
NEW_58cb27c380ccaf1411569628a11998bd58984b166295b50204ff1df42bc0e536,Neutral,Neutral,Neutral
NEW_58d002de3c5c0d779c4036aa229b01cd2560784069e31c694e742feedee9e76f,Happy,Happy,Happy
NEW_58d2d6e617301f9924a9a2fbbcc9f783eaf41faac742418ed3bf340256c1610c,Neutral,Neutral,Neutral
NEW_58d3b4f2c9eb9cb32eaeb71b98e041a6d08e146e203d716412ae102246c4e5c9,Happy,Happy,Happy
NEW_58d71c068a687eb356a762b6e5fc81ec105e7918cec3644037bd48d595f59133,Depression,Depression,Depression
NEW_58d91a8e54dc95c62663c9ba88958bf0bf6a551bf89a0e8521b4989a394359e3,Happy,Happy,Happy
NEW_58deea2045b1e27e6779adc86d7398c48afe4b07c9144767abe059af69fb592a,Neutral,Neutral,Neutral
NEW_58ef5ab9f647f59faf71ad97773c2f07840470e63501004279906c53f741de3b,Neutral,Neutral,Neutral
NEW_58f1d4baefe4eb9d6231ef9e48ab6da1580382e2e6415ed27f07fe5fb5e7c7a8,Happy,Happy,Happy
NEW_58feac5a5afd87195132781adce5e1cb25047eba82513d6402abc3067a3fbca4,Neutral,Neutral,Neutral
NEW_5903a1ac62baee5b3db16c5ee16b3fa9e742a077027ae3866e1be73ee2ffc7c6,Happy,Happy,Happy
NEW_5904e36debc3335b2161962e3c065907f99d7c47ea25b5049bd5cc16898e6a31,Depression,Depression,Depression
NEW_59073aec3e7f740f45e0baec0abeca3cf03701b88f8b71bc3660ffe56f7fc223,Neutral,Neutral,Neutral
NEW_590fbf05adff799207b825062307818111294db6bf1f586b4184c95714806b62,Depression,Depression,Depression
NEW_59285710c4cd8661bcd88ed482ac6848d2ef2cc02cae227d8a9d4e59bde6672d,Neutral,Neutral,Neutral
NEW_5928b82967eda8f55de87465b6520772cc648744993c2f963c988d79aaa567b9,Neutral,Depression,Neutral
NEW_5930fd55b9abf9efa0e17a648cd94632bde5183ded6ac496e40b01daa11be6a2,Happy,Happy,Happy
NEW_5948350f30f47430f54b05ce30e2741a7afb6089e62bcb06b836bcf37fd3255b,Neutral,Neutral,Neutral
NEW_594a75fa2e834445778a77a6e5614036181fcc4e1a8c6ec2adb345dabfebacf6,Depression,Depression,Depression
NEW_594f660d7a1168b5953489c2fbd18286508c1c36e9b7bc328be9960d88a7602e,Depression,Depression,Depression
NEW_5955b4d89d57d336a25a76e6032696f5b3b268596e8ed3126d0bb0767182ec30,Neutral,Neutral,Neutral
NEW_595ccf10ad2a9a023753e0d32904c0cedc7ad7142d41432bbb9a76e57fb90f53,Depression,Depression,Depression
NEW_595f5a8461faebd6e9cc72a0421d38e6185b9f7f4dc0929f90911b142e23f1cf,Depression,Depression,Depression
NEW_596789734d82cb2515c6c339923280f10d6a0df7928ac839bc75ca0b47e07b8a,Neutral,Neutral,Neutral
NEW_596b6451ab900d9ec83dec7548fca5fc785ea66519b790359d0cd5e169c4ce11,Neutral,Neutral,Neutral
NEW_596feaa6b6b4b56443272454d8ad8c17d2e1e6e51bbcaaff2f3ca5d95e7a6b9e,Happy,Happy,Happy
NEW_5973cd288528f50e86dade82ed0601bf6a73617a5bacf88cc13d7080ea4c1c00,Neutral,Neutral,Neutral
NEW_597be3e81b0996714f6fae9c210ad9c5e60273caa82678102aff1d01764c70ac,Depression,Depression,Depression
NEW_597e5d5c45a25207c4b2d587a1d2a43a7f037fda70917e5378b60002a30bd0ab,Happy,Happy,Happy
NEW_5989cc3f10a607eb294c98718eff4380889af3fd96601b5d5299fc88afa4eac8,Neutral,Neutral,Neutral
NEW_598a5e7a624c4d728939dea5759e768c80542705a394d6fd0473f953ec060b8a,Happy,Happy,Happy
NEW_598b16e35294291c2ea5c099a355f6ea9aafe7fb059a926e1b07ddd456d5d28a,Neutral,Neutral,Neutral
NEW_599cb463665869d3541d5f4f0a448f4325a328ba319838683ee7a56215152b09,Depression,Depression,Depression
NEW_599d1dd0c1cc3a31659543bcdbb3ea33b1993da737c5dd7b59812cb9350ab76c,Happy,Happy,Happy
NEW_59a3c50cd8698c8e67716f05c463871501da3c2b4c91b34bd5a2acb91efeba2f,Depression,Depression,Depression
NEW_59a570b42d2b18abfdb61ca6f45af98a60fcf20484c8469f0bb0fb3f8b6e6d07,Neutral,Neutral,Neutral
NEW_59b520361d39daac0e4d1911d091b95345b7a0a07e81923cd1fe02efcccac891,Depression,Depression,Depression
NEW_59b877fbd3ee4b5f169cc0eb63be6cee09a31cb4cb91e8a86407b8c81607d54f,Depression,Depression,Depression
NEW_59c7e6b1be4d35844ba369c3695d6bccb91844595ced083de46a84d53c57a8fe,Depression,Depression,Depression
NEW_59ca0bb0772b84f698b29427ba193b3cdf26d6cc983280dd31a6a5b6804a722f,Neutral,Neutral,Neutral
NEW_59cce6a31030eec103328582043d1f426e86806f45f80d8a256874f84dd4b21e,Neutral,Neutral,Neutral
NEW_59d36ff513e9bf554f2cedfe7d7c7e64ceed6cdd09aa9f2609e7477c91755b94,Depression,Depression,Depression
NEW_59e184540a5e7e069a14967f66bee5683b5066dec2657d4578e25930bdc8bd0f,Depression,Depression,Depression
NEW_59e22a5581d4f5665e6761292c815f15187cf5509743217404be6a37d1c0a07c,Happy,Happy,Happy
NEW_59e2ba093303a47651b040319c4f74af70d8180f3cb31c244349414749da880d,Happy,Happy,Happy
NEW_59f5a969ac4fa6ec1ff7f19743e2c9f5f8ba4bfd658ddbccb37c19384ae33368,Depression,Depression,Depression
NEW_59f78e00069928dfbefc638e75a723acb65a2c67b56a7951b786c7bb3ba8b680,Neutral,Neutral,Neutral
NEW_59fea4feed6360cb20b267d655337c437d90661ed20cd8e27b60ce4a08e07655,Depression,Depression,Depression
NEW_5a0f815053909ec971648ecaf5e76b5c6186e2974f185b1371f0fabf32d2fc5a,Depression,Depression,Depression
NEW_5a104a5b11c0c350d8f7f69ce20cec98f86ef769896f6308b46f37522ee41e49,Happy,Happy,Happy
NEW_5a1a91e7125ca4502d1be7803ba29113fc8ec579269adc429721842a3a4a279c,Neutral,Neutral,Neutral
NEW_5a1ffde5640c1fb7daf08ecf69433a8a87bf7b571ccf65f9d4be8ad0ce8db49e,Happy,Happy,Happy
NEW_5a288ea4232e0f0ee2715225cd5c895404c9dda93fd381d45681c9e9a8b63be4,Neutral,Neutral,Neutral
NEW_5a31fa834c0d4016d7bba939ba848889c6a3bd64166307b116ff1c3917a46597,Happy,Happy,Happy
NEW_5a34e228f821bc3bf575fe5b4bf86822679b8a44e5653090373b43ba30c0573c,Depression,Depression,Depression
NEW_5a382eefad1e53a8f0d78415594bbd6d225286342f9632c406d474de1f11a41c,Neutral,Happy,Happy
NEW_5a3d178600000d6dd8340ab6a4d4ae20f761f12c1d2092aa52a454a3c11f99cc,Depression,Depression,Depression
NEW_5a3e5ef8d6fb9b6a09351ed303027c5acb66c4cf507a79a6ab59f0fbac75f19d,Happy,Happy,Happy
NEW_5a4651a088cb4971f292c8b77e730d89077b1eb23eca377b3ad1c785f52f4399,Depression,Depression,Depression
NEW_5a52e58795782ac957a2856e1864220bb31126a92ec441e3944a036a7e797012,Neutral,Neutral,Neutral
NEW_5a5cfb71231ed7ebc7951ac559db492db6900090d615ff13ca2e46f8a48654df,Depression,Depression,Depression
NEW_5a6b839d5228e24372c0dae1e5afa8df0a4f48b345cf13c3c2b604b6cac8e8bf,Neutral,Neutral,Neutral
NEW_5a87b7fc30470623af2155591d56519271dcf4f917973352f6bf1ad9bf7d42c8,Depression,Depression,Depression
NEW_5a8f44e0d972bfef28b2b0f91a8be7fd39ad86c33cac80853530fcaaaf7a7394,Neutral,Neutral,Neutral
NEW_5a91d7f03220ad712503669d27d6b5027d464a574940a547265de55b2c6a6400,Depression,Depression,Depression
NEW_5a9aa19f6231a861bad845cc967bc1e31b21757c6f5e2cbd60238f8c180c0ed7,Happy,Happy,Happy
NEW_5a9fab3a1b0e1aacaf627642749621988b388c48bba103322e60569f2cade3ed,Neutral,Neutral,Neutral
NEW_5aa4c33aaba597595d26ef73398305a80c3cb1edfeba95b61d57600762b1ece0,Happy,Happy,Happy
NEW_5aa8283e1368837773cfcff7a36a26d5cb8d7e3d4ce09634b6268f34c95e7e61,Happy,Happy,Happy
NEW_5ab2a98ed2e0929e92463ecbe8ecf01deb53f65f04747604cc2cd586c5504fed,Neutral,Neutral,Neutral
NEW_5abb1e3ad642cd0231b6797f9ef1e8d9868c13fc2d3c8175f3ce4565074b4c6d,Happy,Happy,Happy
NEW_5abf10a1491ee06959ad2d9803a991524118c52b00f5ffeeec07bd33f4e605ce,Depression,Depression,Depression
NEW_5ac2d4f0e85c7b9cc31deee72248338319f18d7dc758161cb097b8ac3a7c26e8,Neutral,Neutral,Neutral
NEW_5ac6494b740b0a5d7c11613a9a9ed0ff9c4f64626c32ee63edf3b5b0f18cbc7a,Happy,Happy,Happy
NEW_5ac6780b876db159bf598fc72073140f92213a955dc89aa5b22edb6247a0c5ff,Happy,Happy,Happy
NEW_5ad40fe5185b5f1807f7bf3d6ef7e785c0ea07563c505e70b82d5428186a4883,Depression,Depression,Depression
NEW_5ae6b3f7423431dd93c2d2f7f0e164f19ae56646df997d438efcee423354612e,Depression,Depression,Depression
NEW_5aee0cbdbcd87fc52c01415175e7ecf62d3aae1f21e692c01cb1ce49c3ae88bc,Happy,Happy,Happy
NEW_5af0c47a5befaf40df48a3f9e31b7944891a16c8923e39e6cc7380677ef39a34,Happy,Happy,Happy
NEW_5af16b5035effa428550e218ecc16c4ba1adba44e60fa6bd1ef1fd7dae7d5b08,Depression,Depression,Depression
NEW_5af301128541d7274f0c3ee48f78cd9080964043f7e5f7831fd145d5b399d7be,Neutral,Neutral,Neutral
NEW_5af51de0e41e06d7c7103943cf82fc23489b806468c5512e5ea3b8c058e4755e,Happy,Happy,Happy
NEW_5af8444182fb72f2f4ddd5ed8d9bdb45bf448aedb1ee23650544061b22824c0b,Happy,Happy,Happy
NEW_5afbe3c46ab677b2d86879dbfe0fa8fc67f4c1e2137af275db62e47d6effcf71,Neutral,Neutral,Neutral
NEW_5afce92f333d705c983f85e9114c8548eb45835612b34d48d1ceac902bc14a47,Happy,Happy,Happy
NEW_5b0ffd4f10009d851184caca7445cd8dd7df35efedffe0a189eeb2f49e9bf8c0,Depression,Depression,Depression
NEW_5b1ac5a6267ea210e3f8539654cc4edb5c18905804eafe8de34c6954bb254585,Depression,Depression,Depression
NEW_5b1b8a3f3f3e4094ec8f0e58d05bc01a00d2c638e09d97fbdc9fa680fe518909,Depression,Depression,Depression
NEW_5b21fe79bd71ebc9c4872675c6076d7e0a69b8a98d45ed84d09ff376fe72b3de,Depression,Depression,Depression
NEW_5b2dcdee7036e344cb331bc0cc914b39914cd449ab76705782539fc6c87b6fe3,Depression,Depression,Depression
NEW_5b35b1e6d43ac5ef94c11f503ddf63d11f3d92625ece6f0603dc4dc3f339b830,Happy,Happy,Happy
NEW_5b36c773d6abb81bcafd1bfcf3ab9b0b74a3dd300b2a6f7174ba6586d26a8b0a,Depression,Neutral,Neutral
NEW_5b36ded51e99df66747000b5b85430bf93d629f976211bbc723703e9bf85a3fa,Neutral,Neutral,Neutral
NEW_5b44ecd8e728a2eab97b1921959728a7f2564e9eacb2b7373bab1516cd8ad68e,Happy,Happy,Happy
NEW_5b4a6232fda72e949b5a49f000433b7f9f51483ec4d454dd645d9ef0b73ea836,Depression,Depression,Depression
NEW_5b5637da00ac30044247b03b347ea504b745effa4a1adf073c50fd2b49d6ba88,Happy,Happy,Happy
NEW_5b5b59ee2698ec6147754167b8a76dd84c4ec29b69de4450443182d5cf826db9,Happy,Happy,Happy
NEW_5b63d6917a1a872009d5d74b454c50243b39b47cd33637f4edaed0bb1f66e50b,Depression,Depression,Depression
NEW_5b679d9152374ed169f62a947d307a9934addc78af71afc90a8fc7f88a2c1fc6,Neutral,Neutral,Neutral
NEW_5b708690ca10fef93fc4f9a5b02032497ac5a69cc1d48656b2e78182c92f9be5,Neutral,Neutral,Neutral
NEW_5b730ccdead65b8bdef687f75940a2a5fd0560b388c62838250c2813e9001e4f,Depression,Depression,Depression
NEW_5b817565c07fc7a58608e3300485ae5abbbeeee58270671aec155bc959623d20,Neutral,Neutral,Neutral
NEW_5b835733e510355315c803e40ca50be258c932f8d4b97bbce6c9d43bd400cbba,Happy,Happy,Happy
NEW_5b8435797b08052f76d964470a927064372ab2378f973b6d143ce62c78733b85,Happy,Happy,Happy
NEW_5b86cb4c06a5004dc95cd34351d274f094032b63e0d06289cd078d4a9cb50339,Depression,Depression,Depression
NEW_5b88a854c95cedca9807ef1bc0a0970d4d1f7de43f97c94d652b63624db4d387,Happy,Happy,Happy
NEW_5b8918421a27be77655a72ccfee8e5f5dff80525e735bb544f5dfe432ccb0fe5,Depression,Depression,Depression
NEW_5b9b6fd2c335bcf4341b51a04d33be7e517fd1813dc2bf7e6f9193a032f7fa09,Depression,Depression,Depression
NEW_5ba239990db9202eaefcef5ce169152e826fba68d2c2bd840d239afe3a3e6c13,Depression,Depression,Depression
NEW_5ba89502a1c24bffd95075f54054e363c3afc3432542e80ae8786a92a034e53f,Happy,Happy,Happy
NEW_5ba9a8bd78a22e17c395044ead264192d12761227b65d22655cfffe44b839a80,Depression,Happy,Happy
NEW_5bb2fcec2f9ea6518d20b1c36c68045eed31143c3456804ce5ec1b98b414d0ff,Happy,Happy,Happy
NEW_5bb371a1f0168f33289d588f8062114b89378140fd67f5439fea8e8aed8dad88,Happy,Happy,Happy
NEW_5bbfe43364f701517e6a9c77ac2ae22a14aabf45b9627b21a047de21847d5104,Depression,Depression,Depression
NEW_5bc93c0e463be8354cf85ae446af6fb49edd358079029040679a282590cf6910,Happy,Happy,Happy
NEW_5bcd10b9647018168fbe47d8743d342460d5c3fa014d8440278491cbb2f2cff5,Neutral,Neutral,Neutral
NEW_5bcdcef5ebf381467e54c913c9945894c05605546380e5d801ce38dfcf88b858,Depression,Depression,Depression
NEW_5bd40ae0f3a1fd95353b315679e44a8bc1e24d3d365e630117f0038c0e7589a6,Neutral,Neutral,Neutral
NEW_5bdb20b218e60a1c641dbb659a1bd0193e89d9d9e027c243f89180e79a2d7ac3,Depression,Depression,Depression
NEW_5bdcc95e2406b55b90995ed74ab4c01ddf5e4e95b69c3e218cb1f3830f5504db,Happy,Happy,Happy
NEW_5bebe11e8447cf249999d6545f29c20a217830ee4843e477b227f48fcb68a307,Neutral,Neutral,Neutral
NEW_5bee05316080603cd8480583ea5bced9e035765f9ca85e9d34007d02fcf8bcc7,Depression,Depression,Depression
NEW_5bf0313001b9713db7a412eb154ee39b7a47eda99f52fa5ae427c11f915fc176,Neutral,Neutral,Neutral
NEW_5c07e19b7659b5bc511b765fc56cc1b52a517224e2e10479f25a9b6f4327a556,Depression,Depression,Depression
NEW_5c0bb5c8ecddaa653b29317f28e7c5c182315551e20fdf5dbcf9296f0741c6d9,Neutral,Neutral,Neutral
NEW_5c107bdb59115e1759fdd5c776732414026062da35e9549bd19fbfc35e85350f,Neutral,Depression,Depression
NEW_5c10bb8fb0341ea06f5057ccff4de5b227cc873fe99beedbe123366ab8484982,Happy,Happy,Happy
NEW_5c1403180e8cc8fa87b5c9629cfd6351bebf03c9259bc1647898625961d9e732,Depression,Depression,Depression
NEW_5c2ed1647269beb1ee8e9dc369ef04b2a6de690a93b91ffa41e105694e47f815,Depression,Depression,Depression
NEW_5c338fac1b1aa23654e89f98d5493543ff335dcb42939fdf44182c5038157d3c,Depression,Depression,Depression
NEW_5c39e4fca3c33d3596763755e86f835fa5598f943ce80ec6557d0a1bbefa0ee5,Happy,Happy,Happy
NEW_5c3c52caff6f91682fef6ed14a6119b3524797a9cbfc31756f42cad53846e53b,Happy,Happy,Happy
NEW_5c41de4920acf02209fc1f528c1923bdafbe77a6bf21ca41b28745447975546e,Depression,Depression,Depression
NEW_5c473326b018cc268533c9d1003ed749aaf1ac51c86cb8d1ed9dce15bb95520b,Depression,Depression,Depression
NEW_5c485bb91d8ccc111a22cb67028eeefe5733a6753f80e4e933fb50def62ae31d,Neutral,Neutral,Neutral
NEW_5c52a1e6dfc8a982b907cf15abde0dcfc33110b974589c632ecc1c952e9d878a,Neutral,Neutral,Neutral
NEW_5c54ffd6bcfbdc0949a283478da3bf1ee6fc043a52db4bcfb337cbabe3f3bc86,Neutral,Neutral,Neutral
NEW_5c5c0440ef8d07b00c4b0051ffdcab20700f00d627da0ec3700055ae7adf27d5,Depression,Depression,Depression
NEW_5c670c0dc559fbbd132b287d375c6ea2c504734aeae28381d852d5796ddade2b,Neutral,Neutral,Neutral
NEW_5c680e8a8c2b6f48e244551262c081e5104af647549dc1bdcc66fb51f929187a,Neutral,Neutral,Neutral
NEW_5c6d17d4809d1f249aa7b467bab64d79e357ea3d24391fa4b40e877ef05cc8d9,Depression,Depression,Depression
NEW_5c6fa1b4adc21267eab0f454ac559e8f5c4107afbaba8afdd1ec7e5c095d89ca,Neutral,Neutral,Neutral
NEW_5c7441ca7ee774f0e4090b4082afacd16a2280de9c8011c6a339a3f5c42da631,Depression,Depression,Depression
NEW_5c7be5b4c46abc9aa0df0c49bf6bc5d1af482e994f2341d8791cde549ca1e8ab,Happy,Happy,Happy
NEW_5c83a152cadb4cab6d973f638986ac631c845015272accd708d2735dcea7c172,Happy,Happy,Happy
NEW_5c84ee2fdfac39e1d1bbd9dd8c7cffa042c3f19ffe53d7c43886e74671d859d6,Neutral,Neutral,Neutral
NEW_5c9ae56ab5240aea310ccb9cce1192d193ef25655e8920789e4542393712917a,Happy,Happy,Happy
NEW_5ca81f3d8f1b2e50c8cf6862b7239917d5dda7d3f89d077d3c55af4fea01bc0e,Happy,Happy,Happy
NEW_5caa594d1d94dffa8102c489d4c198c453723b4fab0dd3566c62ae696b368714,Neutral,Neutral,Neutral
NEW_5cadf47b4a219d05b05dc4fb70b0fbfda608e57ca8e6a30f2d6923b079039adf,Happy,Happy,Happy
NEW_5caf7758d817c5d4dbd75b0af2ece8a8ac3155bd283dfef04d3d24eb0a391b61,Neutral,Neutral,Neutral
NEW_5cbb41aca7089a1aa9160ffbf568ac458cd2a8beeb03602adae16a68b433a120,Depression,Depression,Depression
NEW_5cbba872ef123b9591b581aff196481b252e93787147d49220b6f672e573c6b4,Happy,Happy,Happy
NEW_5cd506383c5e35418e5b45d4eaeb664256d741a13fb6270d62625939eb44d2cc,Neutral,Neutral,Neutral
NEW_5cdcac55f51ba5191eafb6c8337814b3aa796a73bb0ef59af7a4a585a710ce36,Depression,Depression,Depression
NEW_5ce3696ddb10d22ff7d89777e58193367720c729f37c517e93f805b82ec2a7cd,Neutral,Neutral,Neutral
NEW_5ce6f4e8869e43c07a698daa0271abd99fb939ce44d67cada5dd9c1ced5f4709,Depression,Depression,Depression
NEW_5cedcb4c94b7fc01de42b6e0a8e63834dc764472fc55e10cc7d811b07a8c3c70,Depression,Depression,Depression
NEW_5cefa1e823858dafb169c90c548764c302a75fc4f2142e43bf09dfd10a9f3c81,Depression,Happy,Depression
NEW_5cf80762d5703770a27c93209c91fd31fb6523b203323059150a2019b277b636,Neutral,Neutral,Neutral
NEW_5d0670217e496effdbc9bcd825a56a5e9549bb8fd35b939265163fbe3f8db7ed,Depression,Depression,Depression
NEW_5d0c2af69856aa04c5e52b4f5869801948e520dc4a0da29ef814d1bee4aed044,Depression,Depression,Depression
NEW_5d15b0cd8ea1e1b373b37367c2be85d4c90f2f9db50f79ff05207f7ab25e9716,Neutral,Neutral,Neutral
NEW_5d1a16be6c0b05d91a5051b8ea924e14c17c1ed6bacd47f96ece1a6a41b97191,Depression,Depression,Depression
NEW_5d1e670bf01d9855d3563c377e70af76728a4ea2c823e46bb8ad9d23217168ae,Neutral,Neutral,Neutral
NEW_5d2424ee79a2612cbba63d6e473c1030f8eb2696ffc8f6e73554005f6c8f13ed,Depression,Depression,Depression
NEW_5d264d07908b15e2ae1d3a7f17323b4805e29493ad3161c3e1efa35cc76a12bc,Depression,Depression,Depression
NEW_5d2c4ef8dcc3553854180ab28432a62b71fa3f772dc92b1919de71eaea07675e,Neutral,Neutral,Neutral
NEW_5d3faf623a805cfeaca984d7f9eebe8a66e35245127dd85d6a8dc6e981cf8f44,Happy,Happy,Happy
NEW_5d41b4eeba21bdd4345557863ace1faa86db712b2c020a503a5299fab7ca3a31,Happy,Happy,Happy
NEW_5d448611b5fd1a88bd9dfd6549cfd58b9da4ef03b6d21de56661183761456f07,Depression,Depression,Depression
NEW_5d4a51a8e4587644e67c8bd6aa01b851e22d8eb405b9fa3e9f37f75f2acabee2,Neutral,Neutral,Neutral
NEW_5d4ec1a98e492f7a3ab3e47dc720f2d35560e89709848abcfd7e23cc63b9f39a,Neutral,Neutral,Neutral
NEW_5d5190be03c3f6ba7a79000555d87634343fcc1e676d893c894c56a15444cde1,Happy,Happy,Happy
NEW_5d607abb623a155e001aa30de57779cf2190bdc8845d52bc02d062294fcae6d6,Neutral,Neutral,Neutral
NEW_5d6584a1d88a96481e33ade297cd81ec89005375eadcee57d91f59582fd23bff,Happy,Happy,Happy
NEW_5d673e019edb1909397ea1fa1dcdad0822a5a2daa9bad027a88d70a4fc83bb48,Neutral,Neutral,Neutral
NEW_5d6dda9f29a58fd3652568bd567e0cd272cd08e1dd57d1991e12b253cd182816,Happy,Depression,Neutral
NEW_5d75a5b15edc53983cdbe13aee7378cad6d58fdebdd09a534707b73ca1eee161,Depression,Depression,Depression
NEW_5d76161a1b29897f5451512bd179ca7b9e329096fd6ff217dbc8ccabd0d97e8c,Neutral,Neutral,Neutral
NEW_5d7f1008396d800efe68269c66b5f19099bb0d46e61a8afe243277aa781e243e,Happy,Happy,Happy
NEW_5d815d92a02f097904c758f9fcdaa8635b46f0424729af0fd74a7a07c7adb930,Depression,Depression,Depression
NEW_5d8f45be00f3a316d750513b2b0a65d46680a82c8a2951d555c5e1e2613fca91,Neutral,Neutral,Neutral
NEW_5d93b9fb6e5dc3a1e2e71297bd64be1e349aecd64af64580b67453310c0622a6,Depression,Depression,Depression
NEW_5d9b019bd23624ab413362471de406de39ca3cf26861c35763338f13ba77d75c,Happy,Happy,Happy
NEW_5d9e30b1c21e830ce7557abae43ca32bf40063c0a730c9ff5ba8a8c73f490e85,Neutral,Neutral,Neutral
NEW_5dace21b717342750f7b67a52ff3132d0b0c2350fe169a51480ae38cb78769f1,Depression,Depression,Depression
NEW_5db7570ab53a691948d3b1ecd895ba455604f0cde0626223bb93dfb3b4df98dd,Depression,Depression,Depression
NEW_5db7f205dea7aa0b70676f1c45fc58b6d7cdfb69047c6c736b8b0490744e04f0,Depression,Depression,Depression
NEW_5db97ed4eb9cecb70b03699d6141553c357e42eb6a4ed0754d2babe7567de804,Happy,Happy,Happy
NEW_5dc35644a2a92f412d4bbebf985c6743b12527ea63a040f241c406660989f8dd,Depression,Depression,Depression
NEW_5ddd59fe56f3c9e7edae310ff79b837e6c9b77174d5fc0120daa957af6992b51,Depression,Depression,Depression
NEW_5de10f8dab34f20c5ff9774f9a31a60d988a973f15cdc3d05504f922e411826d,Happy,Happy,Happy
NEW_5de130f7e487252572e1c255ac5b34ae7e1edc9c4dcbd78aa8d33e74a58d2b15,Depression,Depression,Depression
NEW_5de18f3843c9785e88be8fd06e71ddaae1daf6eeeb1d90872487ba21b5819c47,Happy,Happy,Happy
NEW_5ded9d32ed5006370cfac19df249c1251ecb2699c4913f05913fa3e55051214e,Happy,Happy,Happy
NEW_5dedfc440d0ac911eee3f3ddaeda1d450867b180ecbe0418d0b1eeb8cbcf736e,Happy,Happy,Happy
NEW_5df29123a21f865b43c0e7255fa0e2fb70906fc99639616323be68b6a6b5d168,Happy,Happy,Happy
NEW_5df96f4ec175ee6c9156dd09bca7b7221f2513e49a5eae6b3d77e4f5d410b28e,Happy,Happy,Happy
NEW_5dfd26327f3a241e4707a88ff381e67d4d818a391d94fabade9e75f06483e481,Neutral,Neutral,Neutral
NEW_5dfefd16408a470c0e497699c6e87b4c083dca9b85f8aedf17b7709d3a1c9485,Depression,Depression,Depression
NEW_5e09286da9ef26dc0022e538c0831bb3c8904bc9bb6f7165eefa57c2586ccc0d,Neutral,Neutral,Neutral
NEW_5e10157dc4eaee1eb4c111e91ce744a9a4985894b396339af7429c572b236853,Happy,Happy,Happy
NEW_5e20b8441048a854f50b4f6d676ecb33bdc74e08cc0f7ccb1c1f67615a672a5b,Happy,Happy,Happy
NEW_5e2f81be66036821c3ea2a3cabd6830c537faf95a457dcb58a7cc2523f285cd3,Happy,Happy,Happy
NEW_5e413717a9b9d092b49b6d55068643924346212716aa2cb31f025b6a2ff13dba,Neutral,Neutral,Neutral
NEW_5e41518b8591b113ee43034fbd1345fff96c5ec4be5fad90e2b9873a11cf16ab,Depression,Depression,Depression
NEW_5e529aa1750e68c9bb963d42da373142025779e3f440f38b8b9f0cdf3801831a,Happy,Happy,Happy
NEW_5e65e9ef6f8a7d5de26ebeb95bf8bb68d6e1429356709c065d0f9ec1fd00c0a9,Happy,Happy,Happy
NEW_5e6e4656c1281e8de0204dedcfeb7cbeca2d58692fbf2d1c6708fc17b87c95ec,Depression,Depression,Depression
NEW_5e6f96e4c39582777b7998b3ce0f0ea4df0a1e76e3a3d813bc4f26d16d034af5,Neutral,Neutral,Neutral
NEW_5e75e0580e69f6b118b0c46f8ee5e2f67d02bcc710b5be67a55003048f7b731f,Depression,Depression,Depression
NEW_5e790c8ad82375671b27ffd5df71b63242a3f98ebbd85d99017b66fbd43a0012,Depression,Depression,Depression
NEW_5e79286593d04df6c974fdb735d8005cde429b780103796cdf0982612084e143,Neutral,Neutral,Neutral
NEW_5e7d97b77bf3e6235dfc30c2012b72f30e4183577cd093a1812c2162dc7972a6,Neutral,Neutral,Neutral
NEW_5e877c892dc2253c12d25907ccad9c27e6a422d75dcd4e2982305b583622f60e,Neutral,Neutral,Neutral
NEW_5e8cf7bdbbd8024abe8aae9989fb5f46f18489c8d7e1b1e44349130b8916bda2,Depression,Depression,Depression
NEW_5e914588397e4f4b55cacdb12a9ed5e526561a998359b4aa933a8fe0dcb5094f,Happy,Happy,Happy
NEW_5e94ad7edb087b3637604cc17cc87d4c605b82c0d3b4900cb64c36da83c482d1,Depression,Depression,Depression
NEW_5ea3852f82ae3c89f2eb03bae59f1384d09fb60529dde2466eaa57b467289c68,Neutral,Neutral,Neutral
NEW_5ea9769347c2327d1e5e1eb003e726076dbe2be2647b660ce4518aad3dcdeb68,Neutral,Neutral,Neutral
NEW_5ea9c1fd6f1c935e791908a122890bfe9ec535470173be1e1a8deaff238b3c30,Neutral,Neutral,Neutral
NEW_5eb9f21dff71662458f0a9a1bb018b6dbe68ff7798ad45486d0b1daa54b03d57,Depression,Depression,Depression
NEW_5ecb95d4fc644d313f567b854ae3badce430cd3b2a47c3994483b0f7459aaa68,Happy,Happy,Happy
NEW_5ed1ffca0d653cf3dfdbec5f02de9bd59c9003cd93bc46178bc2c785470991cd,Depression,Depression,Depression
NEW_5ed29b4378d50b4f77a8fd17e35232d83775e490fb6dab75ddd60cfd52df5518,Happy,Happy,Happy
NEW_5ed49b306f37096151ccef0d5c7653308ca25385b0e05fb4c7f323c6bb1efdcf,Depression,Depression,Depression
NEW_5edca4c3d4ca7bfaae69683a17072bb633f6b27302cb298878e395181b1a76bc,Depression,Depression,Depression
NEW_5edd6be7cc893b7c948f0ddcf98284c41ef2ca434e287ee2db58722bedaefbd9,Neutral,Neutral,Neutral
NEW_5ede322a88b13feda77332b6b1427cbca693a7d5230cf150b8ed456f2ad4a127,Happy,Happy,Happy
NEW_5ee368fb78589a17e36b4c77960fa181921dd3fc665616acc65b50a417d1f6b3,Depression,Depression,Depression
NEW_5ee7155dfa7bf9fbceaeef44e68bfef54813d3d368d60047746fe9bdd0e5d868,Happy,Happy,Happy
NEW_5ee8f3c05c99b9d402ae848c7250ac4fa4741ca89855212b84bac229fdc67d06,Depression,Depression,Depression
NEW_5ef11b2ec27338225569329ed05aa73c6fc144e3978e028f21486f1b5b14d710,Neutral,Neutral,Neutral
NEW_5ef3088334e8db8a7667925a1c8e9ab277d558675c3b73846c8b4f95364665d6,Happy,Happy,Happy
NEW_5efa8bc78e12821ef0bac7604797a537dae96979f0cfdf1bb2895a0c6263ffb4,Happy,Happy,Happy
NEW_5efef5251cf4ea0a465468bd20ecf155b36b4429f3ef322fadda2920fa73427c,Happy,Happy,Happy
NEW_5eff4b9ff827e473ead0e77061656caa26c4db7c87b72df6bdb689ca5e7ab042,Depression,Depression,Depression
NEW_5f194157dcbacb8f7a9192fa196bf16010cd22a126e163c337d2f6bf83837836,Happy,Happy,Happy
NEW_5f1ced3e1658d85d4387f16d05f2156a32ea6aeb5a38a3bd9ced0155e783b058,Neutral,Neutral,Neutral
NEW_5f4a3777ead4f9f3dea95c794345754242cd452e5ac3b73354684cfa9fee556f,Depression,Depression,Depression
NEW_5f546567453914efcce0cb3ed3ee96954ca94e78fd88b17b0e851fb4dc01267d,Happy,Happy,Happy
NEW_5f56504e4e770319f95615c5345855c6bdeec04cf3bb3c8541cafe2078a4673c,Neutral,Neutral,Neutral
NEW_5f624b73cec2358a70ad5cd3a353a32ee4a8354b9e54823cd477134e113b8707,Depression,Depression,Depression
NEW_5f670d4b073f8ef6d6b3c8dac2896b0185a964c87f4ac123a0f8a8d0f42aaa01,Depression,Depression,Depression
NEW_5f696622f1afc89c42a6ffc6257cbabecc5be9a452e0cecc2e1da9e858606496,Neutral,Neutral,Neutral
NEW_5f7b829777571be1078fa10145b52658319be674638dfcf73f03ea9c0ae60169,Happy,Happy,Happy
NEW_5f7fc08bbc5a261f7874b57d0633bd7724ec6a0b52176fb0bc2deb6f1e28a685,Neutral,Neutral,Neutral
NEW_5f8583dd1aec9b2fd7c66dc2df8a233028cfd9fd2a89a4c15b855e344650e6c9,Depression,Depression,Depression
NEW_5f941a74f656c16961923b8692de58f9e13204f920dc16d22c2b7c12cb5b7a02,Happy,Happy,Happy
NEW_5f9783d2746b75662d2b1b6f9344eeba5dd4009a5bce18ac7a896fc703bbb6e4,Happy,Happy,Happy
NEW_5f984c8da5ec1f1ddb684eb52280dd6119326dde64d7a3b2de0ea97518f041af,Neutral,Neutral,Neutral
NEW_5faa5e1ef0336ebc7bf1a9b3718b806828b91efb0d60908c2d777a898fecc329,Depression,Depression,Depression
NEW_5fac32ff60d54ccba750f6281a903be9e8b24db5b720936366e7b911b097a4ea,Happy,Happy,Happy
NEW_5fb7935fb5f2ae7f844a84cf3d8603f629c34432178d976034cabd124bfa5877,Neutral,Neutral,Neutral
NEW_5fb7d303f1037e05226771b77148c23a82e5f03c0ecdfacd8f7656dd46fa97f6,Happy,Happy,Happy
NEW_5fb91ac6af753d42d68d5b34b13eced88c57bff19e8c15b2ed05cf7ae67a5976,Neutral,Neutral,Neutral
NEW_5fbbc1c6d35ea040711342368eace35b22a9d6581029a548119f15a0d8b7ee62,Depression,Depression,Depression
NEW_5fc417db71b3b45799d4ee8ed5483b7be18b93ae0b65bd27e86c14582812a3e9,Neutral,Neutral,Neutral
NEW_5fc5d5e77bc43c2490749d30f52473c572db2f1291bd95b88e2a820c6c39006f,Depression,Depression,Depression
NEW_5fda2daa565b5b08893816bb61c3fbd6e23233e38402c8ed67e85e1480322cb5,Happy,Happy,Happy
NEW_5fdae3390b4cc80ab02319210fd6db676951a073968810241198eeae6f170d0e,Depression,Depression,Depression
NEW_5fe3fc989ac566843680be646f4d40cf77a8b4c2cfe138c3658093835310a949,Neutral,Neutral,Neutral
NEW_5fe40c7527351290005947f0083927c56b0883a1e2036933446e295e9e5807ca,Depression,Depression,Depression
NEW_5fe574b0c6fcc1d0f47224d621eed524ad0aebee0249ae10740e8bca3f166a36,Neutral,Neutral,Neutral
NEW_5fe7fb71553f9e9257169fc82be17b8024afa8ef43587d513eb5c26b5c530033,Neutral,Neutral,Neutral
NEW_5fe80538c322f30596474d0e47ea2f1527c6a13e593583f7fe0fd7ea5fffe241,Happy,Happy,Happy
NEW_5ff0907dc1faaeb5a92515afa0abba1ea9e3f6e517d69b19f8bfdccf3c8089b8,Depression,Happy,Happy
NEW_6016a625be8a4c14df235d9dcad9ccf5213e298a5342240c8beeab301abafc29,Neutral,Neutral,Neutral
NEW_602303ffc9f20592e5d97de9a0109f57573b5fcbf9421a0dea2c1dc72a773cea,Neutral,Neutral,Neutral
NEW_6024d7b98f48e1abec34fbe92bdc405b2c69f7161c9d073a8f5337a9203c6a96,Neutral,Neutral,Neutral
NEW_6028e83ac8d8b2836bf2fc15e3e49e7275a786bda37b0184dd3916c38ef24de0,Neutral,Neutral,Neutral
NEW_6032337c7984e2b1569e1ace0b41ff97a88b94d2dae9be2a091cf475824c5497,Neutral,Neutral,Neutral
NEW_603828ded2dc0af793157ed345fa848a619cb35cde6e4067bf3b1e96b595e7ee,Depression,Depression,Depression
NEW_60385dbf0fe8c2be1ff69d3d70edb687b3f94e04ecc03e4b034e5543e2e99ac2,Happy,Happy,Happy
NEW_60430036fd290b2e20a66beccfc5aaf6d0196eefef7187701ba592900f3e3b5f,Happy,Happy,Happy
NEW_6044795a63199e6d8bb06d451a90016f11a6e85c7a07295be7b558f10c933485,Happy,Happy,Happy
NEW_6052d6149e04d80ddeb31379151a5d23c7de0933d69c55c7ef9bff06092b6d2e,Neutral,Neutral,Neutral
NEW_6078886c2af8acef5f6470d107d762b69e45fb6085c284f73266c5df8477bd6c,Neutral,Neutral,Neutral
NEW_607a9507dcca02c2a231b56565c646c617ca896e326ab5a470b4e9aa05d6779d,Happy,Happy,Happy
NEW_607c336ff7c144e5162dd7c8060a45ff603cfaf7b0eaa6ff18bc4cb085b080d5,Depression,Depression,Depression
NEW_6083e91681f83e923184b62256ea72a9d1bfcd29d3a2569128c3f150d537e4af,Happy,Happy,Happy
NEW_608d83b9546180996738df6ccaa9ea53c7af2d85ffcf74558e9c88d9cddbab86,Happy,Happy,Happy
NEW_6097633a1582dc1c4a04d44ce84de0d98aa5f554516f0e4e5b7dd05bd4e2fcc6,Neutral,Neutral,Neutral
NEW_60a2309f8b2fcdf20468173821e315a686fa0c199d889a32b61e998a5230dfbb,Depression,Depression,Depression
NEW_60ab1c0a3390bad4fd705a6c4fd8838344188689259114c9bf51ff71fad2f6ad,Depression,Depression,Depression
NEW_60b8ec38cce0f41d046ad872bf207105647c7aea723c5b47f8e6f8f5f0720f11,Happy,Happy,Happy
NEW_60be6eb4cca4fb4048c0ef5f06b4d872bd7720f7dc1a6a1bb691401d46d25c17,Neutral,Neutral,Neutral
NEW_60c00bc4adb34d56f14600e7b384c8f594c1a6f4f18486fc65877b9f3d77be63,Happy,Happy,Happy
NEW_60c4c2f20c478ac2035597f5390ee993939adbf7d932976231c4f4ecb3f48b72,Neutral,Happy,Happy
NEW_60cabb72403fea1da7ceebfcd1f1ff938ee678cc503385f2e27a4539d99ba9bc,Happy,Happy,Happy
NEW_60d026599f66f64e7903185eba1edfccc8161660f44d8a251325281a7f201c88,Depression,Depression,Depression
NEW_60d06f09a14a9d67c5c008556cb56ed008013290378eb6cdde91a382242bf967,Neutral,Neutral,Neutral
NEW_60e6a6fecda56c2c04473b3413373e9cc614137621ac45cacf82d15ca30003ae,Depression,Depression,Depression
NEW_60fa66de52e5514b365577130e931d941891859d3600f5c4caded14f4aa53f3f,Happy,Happy,Happy
NEW_60ff6d9e27633ea2ed1e4268ddf4d9afd049eaf6f9e7814a0bb5134e14c9c5fd,Neutral,Neutral,Neutral
NEW_6100205b4f0fc553c45241c4965e0c018abdacb90ef9a138fa5354b2942260d8,Depression,Depression,Depression
NEW_6101b2e57293b59e89a9396a4e8ed7140de021717b4b7234b5bd78eb08cc2426,Happy,Happy,Happy
NEW_610bd09a1f8bfe002d2371f2437b4ebc6ba5fc56b7646ea1dd92b8d481a91f25,Happy,Happy,Happy
NEW_61252391c13b39dc5f64f473601b7695d97fa3994aa6a88509f61f316dc0b052,Happy,Happy,Happy
NEW_61298c74701086f4eb734bf213980066f439d3d168d6efab51ddd8c15bb2ebc5,Depression,Depression,Depression
NEW_612daa40cc64109c0b4c1af97afce5fd976085c6def4dc13084d1e0b3bced712,Depression,Depression,Depression
NEW_6134df58cd88cb59c762fedb37a777628dec5a16a4c0ab2f435ce5914a3aa4a5,Neutral,Neutral,Neutral
NEW_613f62556d4d977c6275eb9cea6be9f385d19863472e430b057f8a7b8bc6a6e2,Neutral,Neutral,Neutral
NEW_61416a8eb09f86f17249768d81353407f49a638fbe143c33debbb159546857f0,Depression,Depression,Depression
NEW_615240259cc52d685b88ca7a142f1e2ccbc8a0d3ec749b76741dab1f9c817a52,Happy,Happy,Happy
NEW_61699564b1f28648624f187f6ee6608cb1563a1050326aed1eccdc2331ef50fc,Neutral,Neutral,Neutral
NEW_6175ee0d39e4660f6124337e8371b9e1929d9d2cba91ecf4db8ece9c00883058,Happy,Happy,Happy
NEW_6176792e64577da7d3bda74a43c9c280bd50358b0297bc797866ac665fae3821,Depression,Depression,Depression
NEW_617a89818de4699b0886fa5b448ad0e10f6fe4ea0d8c2329007ade5f0bdcbc31,Neutral,Neutral,Neutral
NEW_618882d1bcc81b85f3a696b702ba95b3d88cf68dbb867fe6c7a5c914755df688,Depression,Happy,Happy
NEW_6189740532d43d5368bf1520f534ccb52d7fda2c323fb580735cd0a32eb4d106,Happy,Happy,Happy
NEW_618fc6cfdae8eacd2daafe5428e08dbb574cd92f4371942269fc52d26b40bb09,Neutral,Neutral,Neutral
NEW_6193ada153409016230becbf23b27d699ddf1777ed8f33a346eec60f587a619a,Depression,Depression,Depression
NEW_61a2a975fb77eadbc657750504aec42255f129e70aa267c69221fef8c4dde5f0,Happy,Happy,Happy
NEW_61a3a0b8713a7cf07b408c072e60db13dcd2b4951fb7764c3565f42c404dda84,Happy,Happy,Happy
NEW_61a4a334727a480c48eb642003ba227700b4948183eb3d4d39ac7f8bc7c11523,Depression,Depression,Depression
NEW_61a540b52be3f46c5a6c2bca73f3ebb630a7f59bcd31a1856188d1948c86ec24,Neutral,Neutral,Neutral
NEW_61a8f21a79b1a399917a167d06d5ba144d36cdb7749f6b7b527fa6434e8fdfed,Neutral,Neutral,Neutral
NEW_61b0674d22365c1380163fda2d77cccce171b66a19676b335fecbd2e8b0ef200,Depression,Depression,Depression
NEW_61c9dfbb6111b1e0c514212a12d65e848c6340cfe0ee0291ff3a9b6bb063b9cb,Depression,Depression,Depression
NEW_61d43502dc0539a80055afb68a4e8e999f5761692bbe9a47d4574ea9f9f6dc51,Depression,Depression,Depression
NEW_61d6f3d470187a2d04c22a825b8d65f3719aa05f2c0e9153ed53f0e3ae0a0eec,Depression,Depression,Depression
NEW_61d8df160529435e3bbfad632885311d8c9a8202761acb8d03ac10416ce1c715,Depression,Depression,Depression
NEW_61eef605efd6c918f35b61e78c21929a5dc568f94af0fc8f841190ead18cbe5c,Depression,Depression,Depression
NEW_61fb6385aa890f5133001e9175b8b8259ef6a8024fa9557f104d3ebededf1bee,Depression,Depression,Depression
NEW_6204ce71d797fd04f02876bfffc7dfadb7df310feeb1bf78480a8be1fc51e0dc,Neutral,Neutral,Neutral
NEW_6206d84c23d1d38efbd1a9ad820b27642667bb1eac1a061f1fe67b20282a366a,Happy,Happy,Happy
NEW_6206e9354c2b8ae7bbdb69544db5bdcb5acf7be85a163c6de03220eb0789db8b,Depression,Depression,Depression
NEW_6208e5d7a93c6f3852e11cb268f94cb2c0798ab26fadda8cf2bbaaae6ddb946a,Happy,Happy,Happy
NEW_620a6f68cf361614288d662ba0fb4600ca3fe82e9e173288f2abcadaab53a48f,Depression,Depression,Depression
NEW_620fa9c10fa5b83913b4fb903dcdfa8aebd06e011df8ae7cdc7977d9c2c300d1,Happy,Happy,Happy
NEW_6212a431b2790de0e0cb76bb3e92b919e52303db9067ac984f86bef7e1c8429e,Depression,Depression,Depression
NEW_621f09705ff88abd8e534ccdb9df7b0e0e3be09f02970bae7448af93d1057461,Happy,Happy,Happy
NEW_6224447326419dddd8844efe99f7f3acb0084223793b2a82dd6e10fb9d67a90e,Neutral,Neutral,Neutral
NEW_622e093f67dc2c710a7b60d550dbc30229efb5032fa07beaec364e7690c73469,Neutral,Neutral,Neutral
NEW_62358018bc19dbde4c5cdb58a5894231e43ff788760e7142f4ba7c14a8bd23b5,Depression,Depression,Depression
NEW_6237c02b3f572aa78ef0e4958106eb68ac95ae3e787d91ddd59b5d44809f740d,Neutral,Neutral,Neutral
NEW_623e73d80b574ec0d1df7db6da554571dbf791a830ab5da7738e9ca33ba917e8,Neutral,Neutral,Neutral
NEW_62461e72f7b64d4064ce6d043c99103b2e4654aeb5826ee318267eb73eceeb57,Neutral,Neutral,Neutral
NEW_624b933eb0657c72a80bc61c04bd5cf5ade92496b6bbc0f5d2ab5e55f008b078,Depression,Depression,Depression
NEW_6264992a4471f3d7abd8188c41d4f599f551d73a9954b279addf5339e1201cc1,Depression,Depression,Depression
NEW_626745cdbf57499b29a088df235d46e16e6faa27e999a8758ccdbf5fd294bdf4,Depression,Depression,Depression
NEW_626b8818b0cc28bec652144c55a99eabd3f2b83ad1e1814cdf6afd8ec638cc08,Neutral,Neutral,Neutral
NEW_6278242f12deed8c5975ca8fa0d689c4ba0fc4801060b78bb8dd4f02317af33d,Neutral,Neutral,Neutral
NEW_6281c7bd6f4ea29da26e2f04f35fb6e9bf3af416b8fc50567b3d60ea3af5995e,Happy,Happy,Happy
NEW_628c352c14d0475039fcf3de456f5781198de8620c3773caedfe4f9954e59bcb,Neutral,Neutral,Neutral
NEW_62932d9d119f9fad49e12dba009d2b3e36f2a174c8cea32070b1c3f21276d70b,Neutral,Neutral,Neutral
NEW_6297789698b719d2af7c5db2d7305e67a3cdd97d0cf2f1f8cf956be430b03b21,Neutral,Neutral,Neutral
NEW_62a3142c2921091103ffd7cc8f3d2a483043c7acae0bd8167aea5f66ce3e1241,Happy,Happy,Happy
NEW_62ad017fe9b31a16c3f6eace6129008f20b245985d2fa9ab4e986cc235695545,Neutral,Neutral,Neutral
NEW_62ad362032892c6747d31fcd39667c3247fc56d5f6c401ee08b4940ef288f75f,Neutral,Neutral,Neutral
NEW_62b8e8052bc3a1c34bec6fb4eba58e36e4fc0af9f6a7ae00c542cb43fd93ce69,Depression,Depression,Depression
NEW_62d13cffa34863b9a085fe75d8959f439f60cb1fd81e6915213c4feef978e14f,Happy,Happy,Happy
NEW_62d1dde180135926d695d90cabec928ff0c982e6e185d12e5d19eb7a569669f5,Depression,Depression,Depression
NEW_62d3ca6962dd834f50ca48259e7531207394fc1639d1132ab7f89b370464608e,Happy,Happy,Happy
NEW_62db42dbbc1481bc92c231e5ff8a11ed503a37833a14f3b9b90933783940047c,Neutral,Neutral,Neutral
NEW_62df31ac00b454e83fb1bda9d86b0e30c12c026323cd807f9211bb0bb631548f,Depression,Depression,Depression
NEW_62e5f94b54ad4fd5bb2096a38b9149414f19788eb250dfeaf36a2517f129bb96,Neutral,Neutral,Neutral
NEW_62f44bd21e152a5b4c2acbd1808ae20dd568758344d8f469eb97d37e43e6be0e,Depression,Depression,Depression
NEW_62fa6b13b50d41d470fd94d0ca9b6fda0384b5ef2b5c31356795ad09236e92b0,Happy,Happy,Happy
NEW_63064f82b81e06e136795c71d46012d0dfcfd5126a328379048039b700c03f1d,Neutral,Neutral,Neutral
NEW_630a7648a18e6dc7039674ac4d4ee9e199581636de431cf864221977db30d3bf,Neutral,Neutral,Neutral
NEW_6313ff4fe0b130bef5c8f5e1c093c26f64461be5a5cd13529055f3771da71d3a,Depression,Depression,Depression
NEW_6324eb00802f609021369b5a38c548bb82a6f65212be75318d3addf06b1945ba,Happy,Happy,Happy
NEW_632a3b9f877b9178c22a0bb41ee6b4613215da67515a9dc606f89f3ad3a15b76,Neutral,Neutral,Neutral
NEW_63324c9da77fe2a526b944e7b31dbec1df53be3515c31b7dd6b89405f105e519,Happy,Happy,Happy
NEW_63348912b832b0f5d180829161f01712e71c9fc8cebfee81dd26fd5180988f7a,Depression,Depression,Depression
NEW_6353fd891c45b364df624e716b8765273797b4875b779f173c0d2afd48f1b4f5,Depression,Depression,Depression
NEW_635d350bc4e08736d73a3934a345d107d0ce104e897eec418ba6b55de5012492,Depression,Depression,Depression
NEW_635e637e0c93140ddf36faed50f0d8a06b5a485c7bafa231cf4ebcff6221d90f,Happy,Happy,Happy
NEW_6389ba8a4ae044cb65eaab7113a635d6bc18e584d908a509c46367aaf5560c26,Happy,Happy,Happy
NEW_63901db1f285062f4fb51d44e7e76e0c1b1776176dbfab1242e77c3759b92d0b,Neutral,Neutral,Neutral
NEW_639864647d599f91b5ace55dc5b8c9d0909312e778b1b034d0f137de09f4bdce,Neutral,Neutral,Neutral
NEW_639bf1fc397d7a4eb9e8b38742837b39a0191067f060426a7417400cff0a2be5,Happy,Happy,Happy
NEW_63a60fe085ad9f31137b5508412bcdb1d6e1cb483de908fe6b33f965f45bc479,Depression,Depression,Depression
NEW_63aa9b80476aace3561e9850660945296d5791bd79998e2eef6a96a40813c83a,Happy,Happy,Happy
NEW_63ad284681a4c4333db9fa55157db5f62335819369717927f21fcf48c13af8f6,Happy,Happy,Happy
NEW_63b5bdc2b45157a3b3497a812b64095fcd5b734cd476d59f6fc7a94d835243ee,Happy,Happy,Happy
NEW_63c1466774d09ae9e3b6a9e7a577b7577848f2acadc309453f5d753d0ccf08ec,Neutral,Neutral,Neutral
NEW_63c1854e604bc7b503c46ad7da40c22e57447e1d124375e98dce4c93b04093c7,Neutral,Neutral,Neutral
NEW_63cb5b58ffc3bb221060f4d68976a2d99cba930be80453c3705de7f4e59b9033,Depression,Depression,Depression
NEW_63dae5f0a273e0245b8b869816f3f8ed68a9ec302097aff4aa6ea85fa215a10c,Depression,Depression,Depression
NEW_63e23f4d392ed2feb2cca23976f64ed4f288c957ff25f13c80d1acde0ce62dc2,Depression,Depression,Depression
NEW_63e29396ecf25d18c518a265b89a0ec0d8fff29498d3efcb720010a4af46112c,Happy,Happy,Happy
NEW_63e3b44c93f7fc8cefbd86802ab3d9a752f06f9e1aa428475c8141da7ee4d31c,Neutral,Neutral,Neutral
NEW_63f614929dfe17585e0ececd9204b5024b7d65cbe8bf22267d942905aefaa2c1,Happy,Happy,Happy
NEW_63fcdb0720fbbe3b888655514f614602428ba0ef4ba607903c4e41f443ccee46,Happy,Happy,Happy
NEW_640a34fdfa40fc64060717a1c9be2676fdaea34a0441658d0f8aab833cb9bb01,Neutral,Neutral,Neutral
NEW_640cec168aa49496d1da2f8995dca8399203e72f5e2c7ac8ff5b4981b3b324e9,Depression,Depression,Depression
NEW_640d8598c97ca542521bfd524d2448a95c29851320e01d0c74250c0c053536bc,Depression,Depression,Depression
NEW_640eb4e52109fb3d954075217f9a99aad9d6237be5bf567956e755e07feb9168,Depression,Depression,Depression
NEW_64140e05eb28d0a090505e9c9ab2026579444ea1040cb64beafcd3a2627616b4,Neutral,Neutral,Neutral
NEW_641432a325dd2abff21eb4d837b55599256bcb23b574ce278aa2b470af34367c,Neutral,Neutral,Neutral
NEW_6417f24120e20c57aa036393bd7320366e980a5a8e99ccfc0d149bf509672b20,Depression,Depression,Depression
NEW_641abc1d9cc6af315ab21cc4133877ada91884863810277ed1c92dda439b3236,Neutral,Neutral,Neutral
NEW_64200f5e62c5dda0017c1e3898d3cd5b3b408b42c3997dce24ed123a2e903bfb,Neutral,Neutral,Neutral
NEW_643a1bb0590570328324cda6683e526bfe6e0235eb99cc0957338dd6f69f73a2,Depression,Depression,Depression
NEW_644b9dd906f56d15464135a6a267ddccd4eb8889340095f12bf35708e72bcfa0,Happy,Happy,Happy
NEW_644e85b5b895c1dd9e38b985df998402c9a9724958e6e8965f3ef5f2df0437a9,Depression,Depression,Depression
NEW_645bb525117c86f3e24da6807336791164a783a2dda185af8d9014265f8854df,Depression,Depression,Depression
NEW_646f42070c6bc0f5f8bfc1ba364de9a358e570c70c4b4f0fedd44122e19c3a6c,Neutral,Neutral,Neutral
NEW_64772eb53bed540f468b1a7b0e14b803edbcbe423addeb0cba3b6fd591e27e75,Neutral,Neutral,Neutral
NEW_647c6dfda6cbcdbc8d9b1a8aae0ed20e8c81f3016f34d6e4e8b0b04d13e46dc9,Happy,Happy,Happy
NEW_64890d963ebd92e9916384958f97d09df3a956fb5e86d79e41f97e117e7d22a5,Depression,Depression,Depression
NEW_648e90015b5e535a5911d707fa96b5a2b77718cc6ff1032a9d482e2dec39cff0,Neutral,Neutral,Neutral
NEW_64aab998b775665fe8a0f9ebe97a730edfccb043c3d94fc369e0579bfabffea0,Happy,Happy,Happy
NEW_64aba3d780aca68759c7835ccdfc9165095c3aa78f9dfa50ccaea7b08cae0119,Happy,Happy,Happy
NEW_64b020a0b2c35b92510c1a758d4971ceae982365eef9676bd8bcc1aa6f72891c,Neutral,Neutral,Neutral
NEW_64b8cffcf4e83fd09acf4c8c03ab3db9f35dc84ef25566ead87987a7fc99c9f1,Depression,Depression,Depression
NEW_64c54dd05fcd23ecce013702e467f13e89adecb3471c4ccd2c6a7a8cbd438af0,Depression,Depression,Depression
NEW_64c6affba9759d694ab75a0826330220dfb154f61e30d57dda4c4f72b14c36c9,Neutral,Neutral,Neutral
NEW_64dd4ebf0fa8ae3c12331dceb5808aa76741fab8b52a7a9ff282b3cd96b9d311,Neutral,Neutral,Neutral
NEW_64ddcab05f4957152921af2b156002e835c9af393f0315151176d022fd312912,Happy,Happy,Happy
NEW_64e3572a247d62fd1d9556b7772677a52f2d7505e7aff8b0fa617c0cd4da1f70,Happy,Happy,Happy
NEW_64ea639d505a33ffa9aa2e0d18d7e6a9f4a77f21ef64dc3856f74f7a7848c633,Happy,Happy,Happy
NEW_64fd83e6cf8bb1a560b5b84aefa69d23bf602aefcbf43af582ce2ce8adc3feef,Neutral,Neutral,Neutral
NEW_650d304c4063fc79668a67e552e46111f4fbf378fe123feaf980ec6a4d5aabad,Happy,Happy,Happy
NEW_6510cf3f3e8eb08265715a7923fa82f1005d5f2f7c0e1af5ea0940f2fdf287dc,Happy,Happy,Happy
NEW_6515e1f0eb693ca1ad83277a7aaef081b6711c77af795dccba8793ba2571485b,Neutral,Neutral,Neutral
NEW_65321f46f9b594f3d3274351f55ea901b97ddca28a20be5abc9fe72cd2c99bc8,Depression,Depression,Depression
NEW_6532349d56f0bdda60b85d292fc94a29fa3fa1e46652e4f11960b913c7ff1381,Neutral,Neutral,Neutral
NEW_65341966951ca2456fa7344d2439a223c175e26fe31e84e31191a44d80b7eccc,Neutral,Neutral,Neutral
NEW_653c336baedf9ea611ebad5171cf19d116f7ecf01458b44a456f1388e3e883bc,Happy,Happy,Happy
NEW_6549f4c89361f4150709f230f9b740bc13cc67f38ae3c504596e35e5a830a035,Happy,Happy,Happy
NEW_654d715e31a861e4e760d3b61bfaa6954eba236d4a3264b424b2b7c5c0bf888c,Neutral,Neutral,Neutral
NEW_6567a0f5737ba7617e4122a2eee8f356134fefa067aaa387fb46b7a23e24e90c,Neutral,Neutral,Neutral
NEW_656a09c870b1fef6344b83a0328a9a5fcbb18da94d0f463bf10db2ec78ed1fc8,Happy,Happy,Happy
NEW_656a2163693e56801e5c51fc26a3ae5703b65f95489d2278671fdf35e62b391d,Depression,Depression,Depression
NEW_6572dc32724ad1fc39314540851c78595cb3f10a2f36250ad62e808d4662b00f,Depression,Depression,Depression
NEW_65737138433aa8e881d9837ed2739f61de2a086a09ee0741e15f9f0ce93ab7e0,Neutral,Neutral,Neutral
NEW_65743b80df32f65973b34b18dfe1793fe5c31564360eb94d24b67cfe864b578d,Depression,Depression,Depression
NEW_658700661b2cfbfe758e67e8655ef2d82bba65c57f1f471c80317da0214c8eea,Happy,Happy,Happy
NEW_658c7969a6729101ed8e17b6ff1f3dfb0420a99e3ddee818e94d65ef140a3e49,Happy,Happy,Happy
NEW_659a14a1d28c62808df887eced0fd9fb725660ce458e906fbeb8d7753f215a88,Neutral,Neutral,Neutral
NEW_659d5f274420c91f7897a591b526d572c7cfaa26c12668ef3758509f7c0cb765,Depression,Depression,Depression
NEW_65a08d63a85d66faa2016c33863c77e24afc53b4c5c9b6f18154a2215ada2f40,Neutral,Neutral,Neutral
NEW_65abc7e765968a9a8a919ae0acdea394ab39caf0e79b94f25c05dbc67953a217,Neutral,Neutral,Neutral
NEW_65b30821ad1e0d4fc51cdf7b061efe2e8aa9c23a6447b1fc24909ab9da6b3f94,Neutral,Neutral,Neutral
NEW_65cc5d85f14ab4fcc936e33dd5ea89dee8919366fa35784b00a80f16a8045672,Happy,Happy,Happy
NEW_65cd3f558f1688c313e6ad89c4e443f3a8f9f5ff5be9c6ceea5b85a1d44848d2,Happy,Happy,Happy
NEW_65d12fd6a84e679e5f9616cf23279282886440fdac789fa4319e69b50295cf85,Depression,Depression,Depression
NEW_65db6602aa6719ae3cfec6e916328d0825a33825c6fdfda413fcd4f6716d6ff8,Neutral,Neutral,Neutral
NEW_65e14ef5efcaf76c533bd03301a762c8ddf43038faac3f4431e77f61711c5a0b,Depression,Depression,Depression
NEW_65e6a4dd77e4ef97ed0f71f47082f9667acda98b22a7f260e7d85abf9691d8e8,Depression,Depression,Depression
NEW_65f943310aa9fd778f9fe6da86d31ee76a848fa01112b22c25df83a407b598ee,Neutral,Neutral,Neutral
NEW_6609bfe420cbfb8a1514f9549d1dc684757f3c6666ea042c11104655a601aa4b,Neutral,Neutral,Neutral
NEW_660ff92d35ad3461a923129a271fd16d9f30fdbf7075335f0bf6ff14e670db8d,Neutral,Neutral,Neutral
NEW_66181967fb2d15e19c5380c1878cd9d920bd772d46e5769886803f6ce7935399,Depression,Depression,Depression
NEW_662ede72b6396ee2c3a141589342a38e99ad0379f4e639e2fa68c393ad3feea2,Neutral,Neutral,Neutral
NEW_663ae8fa498f46a7405c5b39d62ab6eff777e15688b3cabad8252598f0d649d6,Depression,Depression,Depression
NEW_6640398ab7978e2f17d5d69dd8ae1136d51bf7eefab61dc392b91082b959771b,Neutral,Neutral,Neutral
NEW_66414883aa62debcb1f85b0da15e9ed2a888d40e20e3ac67f89c8e9fcdd3ff62,Neutral,Neutral,Neutral
NEW_6644848971b906527cd65c7141a0e91b20184a6d4ba1e24c9d74994a79484e12,Happy,Happy,Happy
NEW_66523ca1a5b381c9665309d97d27f45c698e7cb2b34498f4986f93339bcee096,Depression,Depression,Depression
NEW_6652734438781292606b7e600944c192027e6b723bb871d64f6545f190252841,Happy,Happy,Happy
NEW_665f4fadb60f9c9cc64ec76bf91cf138c0bec536ac8f2721378a9e2fab21d228,Neutral,Neutral,Neutral
NEW_665febca78a2641e42a8ea505acb941a234a52d6c779b7414118b6b3ddacede5,Neutral,Neutral,Neutral
NEW_6660488c76873b8eb98cf972e200f414303fe55830c7201ba03ff3177812e58b,Neutral,Neutral,Neutral
NEW_666a8d250cc1bb922a9ed24b0b3ce0a478f12686b6313a1603c4cc2a88677777,Neutral,Neutral,Neutral
NEW_666f622e95a079618237a73b18942ccd4ceb15a9c59af8c5ad7613427c6eae3a,Happy,Happy,Happy
NEW_66743ca05f76823fae24d2899f4ca726f1cf3268d35558e53abc53e9fa760a29,Happy,Happy,Happy
NEW_667d19dc9f791fe9a9780eb6ee8e40622e28fe55e5494124753f380bc04b640b,Depression,Depression,Depression
NEW_668382275ca062cb8bb72f6ec287e102d9699d6aff12708471635634d86b4e39,Depression,Depression,Depression
NEW_668e0c0302aaf37e3497fb77479b714afd3c97a795823ca24642b8ae551e3a2f,Happy,Happy,Happy
NEW_66a4d1bad5e067326646c677902ffb14af0420c24d637114c2c9eb0238534a22,Neutral,Neutral,Neutral
NEW_66b6fb07e94b3ddc962145602dbb7c1b90aa6f9357f6a34796d5bb981c6d0f5b,Neutral,Happy,Happy
NEW_66b8f78c077e2281c73014dbf2f83b51d00722edf4934ea54a694fd6bf0c3767,Happy,Happy,Happy
NEW_66be8f07dd0f0e31aa052492b8fc9517898bb25721f79728a5647d2bcdd882a7,Happy,Happy,Happy
NEW_66bf362e80c16bccccfc3bc8ad498e13e1eb174dc2337af8d43eec6bb5430783,Happy,Happy,Happy
NEW_66c18b645ed93a2e05dfb46e4808ee6bd6905f9c49bea2ab721a18deedfba19e,Depression,Depression,Depression
NEW_66cd3f7354c1352907223a734dc563d0c1fdc15d507c76b4571f72cd81976886,Depression,Depression,Depression
NEW_66d7d677b0743f7b30da9048ada8e6e0df6fa1f32c76cf5766db2bb4332397e1,Neutral,Neutral,Neutral
NEW_66d9fb0c3f63b394c670cac2f424f350553d5cbcd39f6eeba2e84cbea6d0fccf,Depression,Depression,Depression
NEW_66db41abc852755b514f0c3bb607ae754f33a95171b7911815675642ceb0a978,Depression,Depression,Depression
NEW_66e41afa68026d894e8bc0fdf29de70eac946f064cee027dfd3e61c9e6728cf5,Neutral,Neutral,Neutral
NEW_66e9233c9b3eee5ec489466d7ee56697c348c0ed5b09ada315a7bbf7597c5ce9,Depression,Depression,Depression
NEW_66ecbd94d10e21e608cfa76ed944a4f1dc1d7919653d6d8a27ab102ba9c5f46b,Neutral,Neutral,Neutral
NEW_66ed578de9de2144b8424682d6b77be54aa2c552c768d0727bc3c9977850ff90,Neutral,Neutral,Neutral
NEW_66efe4f661705bd7d9376d258627863316cab2d3c3c68b7734dcc75a5222bddb,Depression,Depression,Depression
NEW_6717ad8c9ace7e8c471933f3f10fb148491720da9407e6b2e2f5ca2d1bfcf0cb,Depression,Depression,Depression
NEW_671c16f1b7f5a134056ced3303438ded92c905e7f830369e670b762dbf6ea2bc,Happy,Happy,Happy
NEW_6721aa8790ad3a480e37eb75c4cebab81ae9258904ef24c732c72506e059dc82,Depression,Depression,Depression
NEW_67240240bef124527b3ef2f4c6b27a1d7186fe477c1a0db312e1b50eb4ec984f,Depression,Depression,Depression
NEW_6727b537b9434b8a1e7dc7f906c65568c149a55d9e313ecd1227093edbd71456,Neutral,Neutral,Neutral
NEW_672aac38f3a1d96bca1c72ea877adfb2fb737211291ee52cb7406c13666439f5,Neutral,Neutral,Neutral
NEW_67307ecd6796b95e68769fa402ffd24ecc346de3053189911948b0d5f8206d89,Happy,Happy,Happy
NEW_673679924a7ff440766d0d2eb2cb97d0d576cb4206117c59218f5e58619ebb68,Neutral,Neutral,Neutral
NEW_67388b6e911f175e6d5ca9916c8736ac4e469bab82035a20d91cfa416dab7c4a,Depression,Depression,Depression
NEW_673d66e4d31ed18a590cb914c29ca9ea4058c2cfca5a96122da11bc131ecc6c7,Neutral,Neutral,Neutral
NEW_6744157d237af26005fe6593100707cab1fe678385a4103dbe01c527c2320625,Happy,Happy,Happy
NEW_674c291b71029cd8acd8e0ba5d2d94f4bd4b79aa944f4e8e2f5f9d4e8aaab3eb,Depression,Depression,Depression
NEW_6759d76d80b6e43f0efcce9993aa6ae88df8af53ca786ff6fcfb7f0da7c83a37,Depression,Happy,Happy
NEW_676c8fffac6483440867a4e9ab34dab47e2863def4d478b437442871e4d28fae,Neutral,Neutral,Neutral
NEW_676cedf3bb302142c60a9b42a4164e619707b0e368e297444c8aff74f9b4f75b,Neutral,Neutral,Neutral
NEW_676d746e09a7d85d5d1b22305c733eb22ac2b4715f5d81b2f2f6dfa30c020f14,Happy,Happy,Happy
NEW_67718f91e4a2163afc7ca45ff8522c5746ce4b0b825267ce81ba9da8661e15a7,Happy,Happy,Happy
NEW_6771e76bc014eb911ab97959d9dc804249dfbfde38a287b657e48c2d9459b34a,Happy,Happy,Happy
NEW_677375f572fc3067c5fb3a8a624f33f79b4942ee04ca7ec03de557df25618a7d,Happy,Happy,Happy
NEW_6779296f137c801809eb50e89d1babcc3ac2d5fbd2d9e0d3d4769baba2327f09,Happy,Happy,Happy
NEW_67798cf28df5f63db47b20340cdf1d5129451e74997f62b893c16c281f4b0272,Happy,Happy,Happy
NEW_6779992b05c56908423725d7f6927f10643f2a51ce1c8dd14fc6cca58feb67d2,Happy,Happy,Happy
NEW_67810320a6877551c30d65126bb1c0202b75bf23fa9b1115ee3f1a5615fff60a,Neutral,Neutral,Neutral
NEW_6781eddacc62464416ae25df511afba1c77d74dc1917cd57df0a1397115181b8,Depression,Depression,Depression
NEW_67898590037f7f9aea2d8bff5464062e6b8bb7c1442c345248977af1210951aa,Neutral,Neutral,Neutral
NEW_678f44bf3d103ac17461774a7965c625734f399ba50475efad01b03ec9478d18,Happy,Happy,Happy
NEW_6790551a13b8149366fc8344ef93074d8aefc3695d5fbb0c59a738beccf43d59,Depression,Depression,Depression
NEW_67a554fb7901478a2d422b8f328ed5e6b240484843d9f4c2a240c0ce12065438,Happy,Happy,Happy
NEW_67a75e2e2a55d4caa9fd12d4356f13d7307fa4f08cd19553dc6a2e3b8e4c89c0,Happy,Happy,Happy
NEW_67b6eafdde78f905a396ec2440d6de91dd2e37ccaef7248dfa5ae46eaf190c31,Depression,Depression,Depression
NEW_67c31f4e78cf9414fa6ce995b36d23a5fd2dc3194ae92ef86707765a15517206,Depression,Depression,Depression
NEW_67da4b80d9341ec318aa9aaae9eda74a04d7944cf1ce3a993f065fadbcff78d8,Neutral,Neutral,Neutral
NEW_67ee79ca0802f469130429233a554cbd5c803a8381352fdcb4cf63e0e7e7d3fc,Happy,Happy,Happy
NEW_68043243fd34992c3028c4d770a7d0e965573ea72040b3afcb48a3dbfc9e0a60,Depression,Depression,Depression
NEW_68179270bf679bb149bccef0787683f78ff7a91e206767624eb4801b3b21f0ac,Neutral,Neutral,Neutral
NEW_681deb602fd6b228b121d0cd7778c782556355517d9c43c5987ce295bda6e1a5,Happy,Happy,Happy
NEW_68245a4315749d3676348accab687755d839f38c2e85fe166e37058ddc919aef,Neutral,Neutral,Neutral
NEW_682f72be727619209e7a22248ae49354df5f36191a238f27ecdfff6c24ae06c8,Happy,Happy,Happy
NEW_6834a5ba34786909a1caa470a95a9ce4452d654e75d7dcff6e8d392d446d53e7,Depression,Depression,Depression
NEW_683b698f5763cd2bce1ecb06ecde59ba8c75b5c4ff21410e96eeec03a6c3f915,Happy,Happy,Happy
NEW_684d0dbfe8fc4442e304153dfb1bd8d9e6f75c4b42eee2fcd4118b79a97835bb,Happy,Happy,Happy
NEW_6850d9b8b973f889ac04cc30a6cdb8c652ba6572e9485dfb73029b835b9d8904,Neutral,Neutral,Neutral
NEW_6850e940a95eb41cde2394e4359767954e5e8429f37f72b11a9258502a3961a6,Happy,Happy,Happy
NEW_685db752a401228d34b53592eceeed7163c5b2f322f4c115bd36c206d9752210,Neutral,Neutral,Neutral
NEW_685f563bd03365f4ca5c037eddaaf82d23ebd65658f8f0ebe63dd64b796b8d9f,Depression,Depression,Depression
NEW_68699791d70965b461874a172f3001c5375baf6a332851ec66c4a580e5435d40,Happy,Happy,Happy
NEW_686c886382c31ab41c43b7876bd22882d4a323a5c3ad2975f92c80ac9af137b8,Depression,Depression,Depression
NEW_687e82ddbb3e23f39f368bb2520009076ac6c36f00eb0ac17292901bd9e36dc7,Neutral,Neutral,Neutral
NEW_6880a138a73a87dbfd5ef44103f52900f933087d66592a59eeda933b270f4f2f,Depression,Depression,Depression
NEW_6883666462939e307cc5437e69ad3dd93f5f8c72ea19be36b602093b1a473639,Happy,Happy,Happy
NEW_689a658c61c48379c5bc96e1dc529f727350d386630ff18b3ad961517b43907e,Neutral,Neutral,Neutral
NEW_68a9c21980f491d2244f1a527c9e217ad5df1056ebdeca1795e953d42e0bb215,Depression,Depression,Depression
NEW_68aa2a612863f873cdde462bf00bd04efcd3b1acd7f51e4fb0816a5f803fa618,Neutral,Neutral,Neutral
NEW_68b52fa27bbc5b642f69ca6be661d5a30f70b7ad216a6e9ee34f86d7b338ab76,Depression,Depression,Depression
NEW_68c848377cafb74c5caf5be5c3cc58a2e56fe314e9ec6c31defc3df4ab7ab3a7,Depression,Depression,Depression
NEW_68d1fc1bdef50f742844cd95c666b8f1cd8dd0a6eeab5f1b3e7e05287fc28b76,Depression,Depression,Depression
NEW_68d323f13e759117584aa8a658efe8856aca0ca5d5b9fba957693a6cc93d9199,Neutral,Neutral,Neutral
NEW_68d40761a4db3df625c036bcbc50ec4caa0aa1a9101589629ce96e366e4f16ff,Neutral,Neutral,Neutral
NEW_68d557fe21ae368d0837125865cf2664d1aef5f7e8f8066229289013105469b1,Depression,Depression,Depression
NEW_68dcd8f57323eef20dc93e2439e74f7442195350512eb845f244611e054ccaba,Happy,Happy,Happy
NEW_68dd709ba1e2e492b5444103cbf00dcd0235a12adeccc71b659acc0aafec0400,Happy,Happy,Happy
NEW_68e0ae8162e0146fb196912b4a4f48e7409d45c7e71cb1636eebc7ebcbb343c1,Neutral,Neutral,Neutral
NEW_68e0eb4c6e859e56b95b6e58d62544faf887298b8ab18e8e78a58bd0db8c3ddc,Happy,Happy,Happy
NEW_68e507d19019a7d51f6db38605f214f366afcff9c92a8d9c203ad1e956361308,Neutral,Neutral,Neutral
NEW_68e63173339648c7c224301859d3f7f307b181f2eb7bdb32cef291d9bb8ef99a,Neutral,Neutral,Neutral
NEW_68ed37cb6d4ba1160d162f480c63a6da1a860df92f7af7765c761696962853b9,Happy,Happy,Happy
NEW_68ef890a5d92ae6118d8ea26320a7fbb557956aee8f4468582de5034925eebd1,Happy,Happy,Happy
NEW_68f3acda5cb35848b9620be093542f483fc2578786995ee38bc5219b7379d79e,Neutral,Neutral,Neutral
NEW_6915b3e1d05b0fab7b8904e592f480e39133bbe560f2d5a2b1bb6b4959062dc1,Neutral,Neutral,Neutral
NEW_692386f1868d2d7a61a70c37a2f0d70ab61cea49bd4079b82790a0de5d5f6a68,Neutral,Neutral,Neutral
NEW_692cb601158a976b5d3ea1b0f36bdd46b869966e550ebff8373596d8f06ce392,Depression,Depression,Depression
NEW_692ea909658878ea7f196b4b4f8e53730671274115d8a94670a43817dffa0dc3,Happy,Happy,Happy
NEW_6931b24f875050ad05f7a5ae33537920233f895bde3c9c76b6fc0b20dd3518d2,Happy,Happy,Happy
NEW_6933f135906b31ed35e200129e86c71d5395f3fedce8da1cc1ee8eae7f83f197,Happy,Happy,Happy
NEW_693bc3c2fffbbb54e8d57a401ff698af8715082bc9bb79ef610e33fa5d76153b,Neutral,Neutral,Neutral
NEW_693d4d8855617c3d1d9b1a3915d35b4d29c970e5268cfdbbf6eed5fd2675be06,Happy,Happy,Happy
NEW_693fe3628a2a5e7f39a09e710829a5642f6aef32e304b5a49aa73bdbb299dfc7,Neutral,Neutral,Neutral
NEW_69418d5166a485e8e61a61a66637a6a9397a03ecf7c47e43ba1b92df48443733,Happy,Happy,Happy
NEW_6943ce80f3fc004da989ff76134e5dcfbd2155d726cdff0fa134e3fe51c3a24f,Neutral,Neutral,Neutral
NEW_694b3a1cbc288705999c1bd39dc31d76564667e6dd22e3be9d5746e0a3cb9f70,Neutral,Neutral,Neutral
NEW_6955c6ffd932e0af797e093d8d9d807846d1b861e1fe14fe3449f91aa3263137,Neutral,Neutral,Neutral
NEW_69581780244109529c32688c47fc9680d62f0ce21556eb556ec99aab9b94b059,Neutral,Neutral,Neutral
NEW_695d4410bfb14ff366986da99748e567e29ab114b6b02f3833ac0cb6ed6b383f,Neutral,Neutral,Neutral
NEW_695fc92a5f77e9b51d0e080f97f99f9cb65f2a6c1d0dc3e94e139d04b620cc50,Happy,Happy,Happy
NEW_6960e1c30932cdb9247ef47ee3f6c554e2a13aca24e10e81adb69197f602cb3a,Depression,Depression,Depression
NEW_696f56f2b8eedde3be8ea043954bf84c5d64997dcbb289c408f5f9fb4ea27b7e,Depression,Depression,Depression
NEW_69997dc5b0b359fdcb99a4aac11b7d94209694bf69c18ddf3768e0c2966cbf28,Happy,Happy,Happy
NEW_699f0e8999a4a85c5db5b9c200b6795500cda4d133af269c7dbd1b7101d79389,Neutral,Neutral,Neutral
NEW_69a95347935f64117db3abcd014ff8670c76c37843bb60b5e0e94fa51ec2a7ad,Happy,Happy,Happy
NEW_69b48ea10fda5e21b9d4a107299b745eccace307b8dc24378b3873da03fb8052,Neutral,Neutral,Neutral
NEW_69b4ecd549311f17c6ffea68d865e997f83039c2e7d411c332cd0b7030639127,Neutral,Neutral,Neutral
NEW_69b6f489ca442419aee6cef261f0ce0b952b3a762f2cf3102b503fa7d75bf8dd,Happy,Happy,Happy
NEW_69b76b76d19c269dd21458991c61b7f0e55d6e433a2454a09d3777edb4358342,Neutral,Neutral,Neutral
NEW_69bd0ddc59e33077645e26aa5f7cc9f3b8033b1c212de3d96465939dfbd8971a,Happy,Happy,Happy
NEW_69bd615f75aaeb1865dd184d756c9a65da09426bae77a7ffc1bcf90978e0bb76,Neutral,Neutral,Neutral
NEW_69c357aa6e8b5ef4cdc90f7a4385d9802caa715678c7f5a8c8259ed4b27bbfdf,Depression,Depression,Depression
NEW_69c3d4d0cb29a3e6b47882db78022774e454a47a394ff93c0958eddafd4891d6,Depression,Depression,Depression
NEW_69c3ff41ece65e7d324e3f12cda02a4e22ba7be18281376fa6bd1ff1fc7ac018,Happy,Happy,Happy
NEW_69c61e9f0f8b352c6fb9447c3ef067152901b4972d4fa95d5eb1a643e6c109b0,Neutral,Neutral,Neutral
NEW_69ccae1af53cad8c262d917389b51fe767496a46752fe5cc4b0406b36fca7fe0,Depression,Depression,Depression
NEW_69d0f333f50e4d3d8df1ad58f5a14b108f56f0b1206d6d5e704e675eac5c4c0f,Happy,Happy,Happy
NEW_69d80485ecd72d484b49e91908216a54278bb038a855827e7801d74b1fed529e,Depression,Depression,Depression
NEW_69dc6a05d53cd9e8f14de7fd6f97f2ee53d12a7d5faae042fa56a68a1ed0de66,Depression,Depression,Depression
NEW_69ddb59a9f0e12a0dbc369d3e1859847da38dd2b3ccc6155919d7262fcdd88bf,Neutral,Neutral,Neutral
NEW_69e8bec2b6598dcbbde0d6053a13e4111b91a85c91fd134007dc141faec2eb75,Neutral,Neutral,Neutral
NEW_69ef69078d6f9f668e3df906086db1466b4102fc3b669d9e2ba965694106b9f8,Depression,Depression,Depression
NEW_69fb36121b72a51d3de9a10f58d6f173a8cc3f410ac823defdbdc8b9b5d0774a,Neutral,Neutral,Neutral
NEW_6a02d35247b0ef071ea144d43f3eb934ef7964921245960c00aa6d4730492fa0,Happy,Happy,Happy
NEW_6a03e1dd1f1bb5de5f143063337b78240572356d2424791a41e9269e1f0aa339,Happy,Happy,Happy
NEW_6a06bb718f1ae1b13c0f528a1bf3ec94f5207c606223689f40d77c7996890b91,Neutral,Neutral,Neutral
NEW_6a08dbfc52aaa0061b7a345d1e970be57790d08ccf0c29dc098afd2e49f11b23,Happy,Happy,Happy
NEW_6a0ce0531952a391297a48be2b6c33bca04dc34a7cecb90b6f83fa522ed4cd71,Neutral,Neutral,Neutral
NEW_6a14a3382b7249703aae38c815ae8975a4022c2ea0bc3e885ca8dc6cbd79e830,Happy,Happy,Happy
NEW_6a1839758eab07cbcc924646c159943f9f8fdae0bd338b6893a1256a1a6ca209,Depression,Depression,Depression
NEW_6a1c57354af4ee3c59816ac7168704e5350586d74a487a59a25c2084eb0a2bc7,Depression,Depression,Depression
NEW_6a1e1175d44b47a735ce74c26409cab205db6dd4cead890a2bd99260c9278407,Happy,Happy,Happy
NEW_6a23df8d831e66a62f74a281d1ced6fa3e3f43ae9309da81d4bae71692c466cc,Depression,Depression,Depression
NEW_6a288fa3ee4fafe6bea0bf84bd1db7604fa21b5b00b6f544a3ce32f1e612dae5,Happy,Happy,Happy
NEW_6a3936f94dcf9e9d35083db1c0142f792e918d9eaf18db129f47141af188586a,Depression,Depression,Depression
NEW_6a393b529c05a3a02e32edb1b9eca7e5b7870915a634e1d77315b8b462c62d54,Neutral,Neutral,Neutral
NEW_6a3c3af91da2e3afb9b0f739be6c1ccf1795fcfe9cc348201c193394b37ac2d9,Depression,Depression,Depression
NEW_6a42a6d58cd908f80f92243f274a518d62cd4c87f5f127acf678205f3c3d62f5,Depression,Depression,Depression
NEW_6a4a636f638ba3b7de8a19d49022e3eeb1708861938d1bc7c2b8977f8f07a434,Depression,Depression,Depression
NEW_6a54f8eee9622aec857412ac428b7353aa9d790b737b044be99230ff6384898d,Neutral,Neutral,Neutral
NEW_6a580ecab291a11bc3b0fdcde83cf3c7620acb8952a1b71ca2d73b549806abb3,Neutral,Neutral,Neutral
NEW_6a5b20c66cba19d84586aac2739a512cc8ada70f3be2ac8c2a070d8ca715dda7,Depression,Depression,Depression
NEW_6a62ab3d9cff4bc3637f89b7730a49f032738a071d71392602330aace7956c63,Happy,Happy,Happy
NEW_6a636e2704a4eab9069fc14a492dfa14d5e4141968d57246e665930d0f94cf2b,Happy,Happy,Happy
NEW_6a704231d2ab435bdfd409fcf4a8c77fbfc728d1c582baf350bba6f85da09e0a,Depression,Depression,Depression
NEW_6a7795d70a25048df394fed3b3d8849891b860cf9e6f1dfb26a860d0d51b81bf,Neutral,Neutral,Neutral
NEW_6a78f84774740c29e94e9e8c601b8cbe143cb24c7e7368e3c2a0868555c48320,Neutral,Neutral,Neutral
NEW_6a7bd03c5ef21203e9c75251aed2b41f17d8bf45340a2978f2418867926173d2,Neutral,Neutral,Neutral
NEW_6a7d02e00bf06969ac8519111fa9d8eb8b810ac46f23a3c2a310e3947e39cfdc,Neutral,Neutral,Neutral
NEW_6a7dc40f8a91de25fda53a3194d25396f9a28b09a892b9b28aab944911c96990,Neutral,Neutral,Neutral
NEW_6a7e076f94e11847596820fb7c5732eef04bb513ac2fd293f52a5a283446ef41,Depression,Depression,Depression
NEW_6a875b9c7b1e6ab7eb5c1d3c2dfdac1b22912dc0adc0a2b74153decb28c09ddc,Neutral,Neutral,Neutral
NEW_6a8de969c53854ca4705f612b9f5c021df1037836f5422aa2747cc9afbd0b4e1,Depression,Depression,Depression
NEW_6aaae73425e7004fd282f70b66658d1cf5c994fb096f55cc42bad4be8f066cbe,Depression,Depression,Depression
NEW_6abcec1b39e6c361749d0477d683d69f51dfae8ce12e57509e4751858795abe6,Happy,Happy,Happy
NEW_6ac1b3403f9229f4a65ba0053211020e1adf1b6a2a916b27653d97b4037c9df8,Happy,Happy,Happy
NEW_6ac1bef3823e2f536f31f86ecea9ed30d98bed9702b6ccc9fed8d0dbfdb947e5,Neutral,Neutral,Neutral
NEW_6acf47b93dd704afa0a4bf213d6a268b7d4798e12e4077d72c233de2f1d84a2e,Happy,Happy,Happy
NEW_6adaf838f96aab02f830977faa39a8e365f1a2c2063cec711307556cbb0e2b5f,Happy,Happy,Happy
NEW_6ae2d4d9ffe5398ea061b669241b6085da1c666a15244a11cfda9a515da54edd,Neutral,Neutral,Neutral
NEW_6ae384c500b3f7a691576c264297da34d1b58e3aae7d6b8fb2930c57a6d49731,Depression,Depression,Depression
NEW_6af71ab9164d69470f719a2fd7fb87376e38dac0e041f624a0723221e19b6368,Happy,Happy,Happy
NEW_6b0b76dbea07302e46f2cd6c78eccf07a680ae0e07d98b7cffaf44dbdd3a41b1,Neutral,Neutral,Neutral
NEW_6b0d15cbd89ca03a43350d53e55addfc77df2a79578df074271c070df491c2c0,Depression,Depression,Depression
NEW_6b0d79b59f79a274e1d720494038318564115a1e87ba466a3ee3f209de76e41f,Depression,Depression,Depression
NEW_6b135169ab15a9c821a1fb380164693d3d1d958191417d974693bb5ee6eb4cd4,Happy,Happy,Happy
NEW_6b19da029e48be30284ea8934200f6c56024721ed6613c45a58edf8e5d6b6eb0,Happy,Happy,Happy
NEW_6b21321a3ce0f6dc575fbd3e2c50b7c7bfaf908f844898de98fc099470191d38,Neutral,Neutral,Neutral
NEW_6b2353d43dcd841c33d95d8fe86027852dc7759010713bc3a28719aa10180e5e,Neutral,Neutral,Neutral
NEW_6b278e4df6c8389dc5251294b9a58c7f0641c111d4c8099213c03a453632afe5,Depression,Depression,Depression
NEW_6b3117683c37d2b32069c17edc9733d4ec216e4451e624974354ed1faa967680,Neutral,Neutral,Neutral
NEW_6b3a3454274b24284b4f7724890910a93fd1a101262495b4afb38d1c8d42d382,Depression,Depression,Depression
NEW_6b3d9aed2a969e893351030de81e7a7556e8209c9282d2665ffc3590650c59a9,Happy,Happy,Happy
NEW_6b5a0e22e40f959a0e92f03ea2ab6c0f42f910192784d19a156172f211783663,Depression,Depression,Depression
NEW_6b67ccb141b8bfe469f2d16e699af3aca72f06eb8269b509d86115cb5c46b1b5,Depression,Depression,Depression
NEW_6b6c09f2bb1df67e98a4ae8eb560b306dd02e8cc67116a0d7f1df900d7721a9a,Neutral,Neutral,Neutral
NEW_6b6e77ac8eb71c40bea7bed8d8f60f4c2612f732c6a945559dc1566508a77d9a,Happy,Happy,Happy
NEW_6b74f0976dff8a19c4d50b33aa9002869b0f85c57ce5c2b2c646e0502f1c52e6,Happy,Happy,Happy
NEW_6b7ecf92934fa61f5b76ad7e7d632d191803f056fe643c66baf9553bcb9f2b24,Depression,Depression,Depression
NEW_6b8add03cb98a14f02e22e5f75d735de31ee70364b184a9a06438192054ba61b,Depression,Depression,Depression
NEW_6b940d380197d069a680e41fb91650e21453d49251ff57be2b1ede612ca8f917,Neutral,Neutral,Neutral
NEW_6b96d16040b26c2cd2a68fec77413091e9f828219a5318828f80f8afee188e8d,Depression,Depression,Depression
NEW_6b9d1587a214d1162c296dd544b8fe2ecde98f72d29265591c864ee9d59d2c70,Depression,Depression,Depression
NEW_6ba1d81e622596d3f0e56e2c3d98c17c322d1ab7641b609ac6e9d0752cf5ba4d,Neutral,Neutral,Neutral
NEW_6ba6c0ac388aab593f18d51cb550d6eab8451813af5d626f07728747a0fa92d9,Depression,Depression,Depression
NEW_6bb266c7ec1e732385194a6a39196636d06abe84e222a39c2e52e83b105ad988,Neutral,Neutral,Neutral
NEW_6bb3457347e5b27e62a8061139de0d36723ea04880aa5cc8cb403b75b83a20b5,Depression,Depression,Depression
NEW_6bb49fda27645f91036c98e303bda3f194f5c6013adbd1c776369ce5e9a76f5a,Neutral,Neutral,Neutral
NEW_6bb4dce603924458c264927f185806540fd4bb97b30306588879b57dab269d76,Happy,Happy,Happy
NEW_6bbc440e474e24570197fda98ddec698c55f7a0f6e82c5085109c7c0e93fece3,Neutral,Neutral,Neutral
NEW_6bc7286814273a8321e3c8862f250f0d95eb5df94b2ef9c6b85ebf3e040f83dd,Neutral,Neutral,Neutral
NEW_6bde7aaa2daae9848c6bf4e5f6304a272c3bca1ba22de06564809f7b82574634,Happy,Happy,Happy
NEW_6be00b27be99f4f2f78fdb6867753c6d6197a53ddc55b0855e545b57a014acb7,Depression,Depression,Depression
NEW_6be8df20e022916b7629045872adfba6c0b7ffe7520239f9ec064939dfd23bbb,Depression,Depression,Depression
NEW_6bea4fc771a5176487fb4a7642d847ecbb64c7d1ffd916c39b1db0c23ddab707,Depression,Depression,Depression
NEW_6bf18cdcdb93cc379204e9c0a0912db7094e74d8fff26589e5816eaee6379449,Happy,Happy,Happy
NEW_6bf88417772e33e68d2520592297418da2240f77d188383fb00a1359411d0e3b,Happy,Happy,Happy
NEW_6bf9d9107f9ec1acee00be6f73eaf97db9bc6ff30cccb0ce539a88f884318ed3,Happy,Happy,Happy
NEW_6c0cc8ae70fee4e92e725b764389ad54851b2d959e256c2501257aeb4755cdbb,Depression,Depression,Depression
NEW_6c11fa9fbc311cd07cf6d2f9aa1a2097eb652378f9d212c10e5139c2169f3165,Depression,Depression,Depression
NEW_6c13eba220264f1e22598f74466787b6877cd802c3571e5b0a827675cd963e98,Depression,Depression,Depression
NEW_6c172bcaeaa7ed92a3dff36f25c7837fe3f279d1b590e85f859e20c830114343,Neutral,Neutral,Neutral
NEW_6c299812dd61302c29a53a95c03705087fb728a210d04f00a0e1dd5a55095d52,Neutral,Neutral,Neutral
NEW_6c3963038a4c6ea5484190d7a58932bfef1ef233f4a88bfd89910a834e7c2dfe,Happy,Happy,Happy
NEW_6c3cb2d609aa3116ecc6d4a6999ac365f5dcf0b8d3bc4d5d71707e0c570abe6d,Depression,Depression,Depression
NEW_6c444a1e81ab088221891d0beb6a4002710bf5d4ba8159430716e467ce788574,Neutral,Neutral,Neutral
NEW_6c4c88b640b813d8ee7f52f90659b14233784b6181fe6c6ba101b78bcd4e848e,Neutral,Neutral,Neutral
NEW_6c557169a2ba93972d8e8a16d5574c3ddf02372cc533babd98a38f1b68e1c0d2,Happy,Happy,Happy
NEW_6c566d1e101cda18436d20ed9386bd97083c3805153b6ad35122104bc4ccd3ef,Depression,Depression,Depression
NEW_6c5db1a7b01efc042dd1124e33a6c4802889d3cf9171728f4d100636b45cbbae,Happy,Happy,Happy
NEW_6c621cd31e36f0a41a48f45f1347c6b895b6141f57ac51d0474fb47b068debd0,Happy,Happy,Happy
NEW_6c688cc4c171fd5700b3466184d22c8d81393321d183556c0be58f72d6c867d0,Happy,Happy,Happy
NEW_6c6a188346f6da9e7a627f03005c53e95a8f0bbb4dd49853948d66ac3cde5eb8,Depression,Depression,Depression
NEW_6c6c331db2fc700533ee99d7d78efb1d78f55165498bfba675e25ce9796cf37d,Neutral,Neutral,Neutral
NEW_6c74201d61b023af8ca48bb400be42eaeaa36c6fd198f54d7318e7df14f4d798,Happy,Happy,Depression
NEW_6c8505630079997c21350bda47c8baddc429959a44e85602af2082b0f1f9adb4,Depression,Depression,Depression
NEW_6c8acf69ae973731964a4e6faadd051f9df77312c7e0dc4da903e716a9b89b48,Neutral,Neutral,Neutral
NEW_6c8fbc6ae675f284099908f0965029e7a98268fcbff85370598749b1058d63c1,Neutral,Neutral,Neutral
NEW_6c9699b27ffbf325db86c9d99d685bc564dc2ab8af72799fac053bef6afd2019,Happy,Happy,Happy
NEW_6ca170cea720ef5a0dd62d1f08edc6bffb987c2dff8311a52445b8c80bec0628,Happy,Happy,Happy
NEW_6cb7d808757e815de6a3c3f841f91c6fd77c3d46e781c840debf394bb67d65eb,Happy,Happy,Happy
NEW_6cba5de77590a67837b59be1f82a190b1eccae87b3322b9dd1dbf86cdfcc0c47,Neutral,Neutral,Neutral
NEW_6cbc9865ccd81ac3627d25df83071e033748d039647f94bdb578d39123073e09,Depression,Depression,Depression
NEW_6cc2d7dc3778bebc91507aac105f40c3820e0e58db7e5097022f8837647755c5,Depression,Depression,Depression
NEW_6ccb99bfef6ce91477f4ca6a3dafbd8de30ef79abf98ef56145b09aee43906b1,Depression,Depression,Depression
NEW_6cd3cebe204a19cb452081989872aa73105eabb413887b7c12e422dfa8b9e191,Depression,Depression,Depression
NEW_6cdcfa88de4b7ee4ed1216e7db5ebd5d83f59849b13d85acdd01e544ef2b29e8,Depression,Depression,Depression
NEW_6cf02eedb6c2bcf1315c913d73e86d4c3607e5740ee9992b1a9080ccab55d51c,Neutral,Neutral,Neutral
NEW_6cf57094167cae835bde85af65594f8cb62942a19218d1de13e53c1acac93752,Depression,Depression,Depression
NEW_6cfde123eaba3b52ea6928c4386c487bdc112a5584b44ffa49e4a4e82da8d6b5,Neutral,Happy,Happy
NEW_6d0032407922e9e82c11b94a315ef67653e5db0fe30389ba8fc3d23a788eaa74,Neutral,Neutral,Neutral
NEW_6d075058850399ece53c116fa3c6215bb5c27084f52ff617236beafb9c669076,Depression,Depression,Depression
NEW_6d07e9a4d66f8fa27cf3315b90dc5df1ccf6ade4e84597c5edec43e0a13e29c2,Neutral,Neutral,Neutral
NEW_6d2036fc09c78f0dd22768e54faebca759823e860295b04a99c5c9f73c7ade2a,Depression,Depression,Depression
NEW_6d2049d205297e46748896a2316f79b47183fad1b2a50133fda999748926e850,Happy,Happy,Happy
NEW_6d24764bf7190d94e9c03d4586e54057b84a0b59960502a28117d0be520fb6b9,Happy,Happy,Happy
NEW_6d3463dcd70f7d629cafd8ee57d356faa034a739dc942b9ed68a5194e959a41d,Depression,Depression,Depression
NEW_6d47239fff8d1d2b34267f839af6d39f14f50c120cba7ef232e0a68e300cb9d2,Happy,Happy,Happy
NEW_6d4b39b963933c9924cfb0e9053e4ccf69a1c87c577447e8693deddecdd5063a,Happy,Happy,Happy
NEW_6d4bb42f15083b036ea565837d2ffdbe73b2e88aa1621d3091e4a7356300a78a,Depression,Depression,Depression
NEW_6d4c248b758f4e8e84805a8c4c02a24f5149f0b0966c07534429344ac2abcacd,Depression,Depression,Depression
NEW_6d5ec57634d882f6e8778ad58017adbaea49f609077f6371e9bc0e471cd6d668,Neutral,Neutral,Neutral
NEW_6d613ff2381283d474a017ab718a4c73f0019be3ca5444726bdd1de9c0b36ce3,Neutral,Neutral,Neutral
NEW_6d6228b928a658cc7769649ce84dc96220d04898b75ed9d80ab6ba0802b538c5,Happy,Happy,Happy
NEW_6d672bd0fe556a7accc5cdfa6dd87489252e043dc8ca27f73af104c071109a5b,Happy,Happy,Happy
NEW_6d709d834f058c509a678bb23a21c74085df1441fc0775d39863c753592fa4f4,Happy,Happy,Happy
NEW_6d7106c59eb0e2be9f41f014d559c40f44f207f2c9bcdc4e5aba8f73495275a7,Depression,Depression,Depression
NEW_6d7ae6040c2a4de7a295522c63ec78c6c1a324b0097be964b02521dce97440c0,Depression,Depression,Depression
NEW_6d7c928f6f5e872170da2baf7e1594e9a9e8aa6fc2de8aa3e62347dfd39f7f46,Neutral,Neutral,Neutral
NEW_6d861a0a68c7988e104e39f7702848405b331a2d16e31208cad21de9421ff7f9,Happy,Happy,Happy
NEW_6d894ecd0d49e4e272aee64e77684ecdf65fc8557826e2e79f77e908a087037f,Depression,Depression,Depression
NEW_6d9b37be36b809ae4724bae98166f71df14ae56c3cecb9ed51d6be244f69a920,Neutral,Neutral,Neutral
NEW_6d9eeb3cae8c5d744580f853bcb0e0af90ea9f8fb22f365b7eb4aa6eec558e70,Neutral,Neutral,Neutral
NEW_6d9f264005b864558552effadd08bd55fc84c6ce8ec55d4f8785edf72ff0ec80,Depression,Depression,Depression
NEW_6da277d42798888f818446a8ecfe0f29fd927bc4ec924f730cdb9cd1b632069b,Depression,Depression,Depression
NEW_6da47eecfeb96af3c118571fa162fb82f8bbec187198574e276ed2762272f992,Happy,Happy,Happy
NEW_6da6375713f7176c91c0a1b58358bb30bb8ecf62ff16afb07fa52a5b3c6d0d8c,Neutral,Neutral,Neutral
NEW_6da8e58848de61b32e50f8299f543d55b9a51ea2d590428e4a25b30fc2f42c7f,Happy,Happy,Happy
NEW_6db3f3697b639741ea66941f9adaa7cd4fa64a5ec23d78e3cb3f180a7718c7cb,Neutral,Neutral,Neutral
NEW_6db761223be6c650db41acabbe323cd6ddc242abc2cece56bb01a789151a8a2d,Depression,Depression,Depression
NEW_6dc7dba0e0871c79f58317be04a9835c21857500d2f7b13ec569072f51d6e904,Depression,Depression,Depression
NEW_6dcd4a7a10a703c87e5e77f550ebed23a58c72d6ec666b8a84ab113b07fc7547,Depression,Depression,Depression
NEW_6dcd96a9c501d8f001cc7aa324851c77b47011e0a85dc91b64584f81674d4fa9,Depression,Depression,Depression
NEW_6dd19aa4ef3699871d945504e77e6f79de1e6b16fef924c89fe2c85093836512,Happy,Happy,Happy
NEW_6dd7f84bf2e655ddc754690fc90c4a0f62a75ccf04bd426aed3369695767d357,Neutral,Neutral,Neutral
NEW_6dd9aefa40cd417e857c9aa5cb8e3b371b8db36e18d90f073a57d78b6de60264,Happy,Happy,Happy
NEW_6ddd5d9679f1fe2df941dfb3a8df6776e1b282547e6c0449bc5757dbbc6cd927,Depression,Depression,Depression
NEW_6de00edca28eaf21fbae054a0391b016e6c58383bad133ae0993f0f432a685e3,Neutral,Neutral,Neutral
NEW_6de02ba09994398be7fe2267473d8d3eb09a4d0d1f6f10edcaaf9df392c31e99,Depression,Depression,Depression
NEW_6dea7ff6ebb857bc1b1e52bda25f1dfe4d298be78dc04424837318a1262b43d9,Neutral,Neutral,Neutral
NEW_6deee5f7fc0395ca1f2f33889370c3c0925107d2fc66b8652bf88bc4db6bdea8,Neutral,Neutral,Neutral
NEW_6df6b85ed91a38fd6a6abd148f04cbd725e307784dac1fe8d9d0722782200e55,Depression,Depression,Depression
NEW_6dfb4127c823bb990aa172f1f28c566f221953127d5988527be51f604ae851ef,Happy,Happy,Happy
NEW_6dfd407d6246b9eee09d36845fcf905df1a0a0be08cdac3fa4094d30f32ff3c6,Happy,Happy,Happy
NEW_6e0b33975985c0941be82cc61a132120cbd6cbaea96a7a57fbb94afe7f04d3ec,Happy,Happy,Happy
NEW_6e0f161ff58dd86908b7a12b3acd5753855d9c8164bb12b2f1508d46e1e38649,Depression,Depression,Depression
NEW_6e1ede0dac66255ed5a436f2d80ccdac0899f4f356ed826b2ec7b8f9eaceed1c,Depression,Depression,Depression
NEW_6e1f81a0de413a658ca03e111f6ab95bbe0a5c38defe586dfaefda2676f8900e,Depression,Happy,Depression
NEW_6e1fdbca96c5921185dd93a034acd85e40ce9300eaceda15c7ae6ab725f21971,Depression,Happy,Happy
NEW_6e2a30f4f9e772cea8489a4569308737f1b127edc4c6baeaaf73af6a8237c48d,Neutral,Neutral,Neutral
NEW_6e3c137b3fb9ba0749a057cf692b428572ca211a04c2f1e1e3fc7e2aa5a73177,Depression,Depression,Depression
NEW_6e414c96328c1d6e36570b446497ed42ec55594386d13ab23f2d33783413f43c,Happy,Happy,Happy
NEW_6e4467fe42b229fcd81640d4f78cb6e9184d99e1575fcafbab99a2b36d4c3852,Neutral,Neutral,Neutral
NEW_6e466bc2360d8d4e4251643226ecea00cc62fdf6db519db206f8239588b3565f,Happy,Happy,Happy
NEW_6e4e62d326b5c60e1e7c6a5e9f76da8c364c485651878de536a37d802e2abe17,Happy,Happy,Happy
NEW_6e523c227d2343f47c2bf22916c06c82a2b64ff5e3fd4cdd28f8dac15707de30,Neutral,Neutral,Neutral
NEW_6e56302a3bbf6fd07dce0785b3941c2706d433893fd7063b4f9535ef64532050,Happy,Happy,Happy
NEW_6e57bbd168ac33d73d04397b01aca2245aab29ee36853744744daaea9c2fa308,Happy,Happy,Happy
NEW_6e5ebc80756737de8e8c5ad2130e57eac23a843a765779b540fcb6b055baa8ef,Depression,Depression,Depression
NEW_6e6dddecc88f038c5b0c09b948cc87c01eba85e60d1e9a6e46cc1e7795b2c0e1,Depression,Depression,Depression
NEW_6e798736ff50bb93209f74956e553c9a3cc39f82a8a87f0e776ba27b7ae539d5,Depression,Depression,Depression
NEW_6e828009107f6041524475f6681d86be88b8555848dc7214dc0025f4928dbc26,Depression,Depression,Depression
NEW_6e831640bbd53cd824115140d9edc39aa8d8815e1d6d79a3b4b7cf93ecd09c06,Happy,Happy,Happy
NEW_6e8536d8d9e8bc3a3f5374b930d534ec7203ccd5118a65886f50f5c858482506,Depression,Depression,Depression
NEW_6e87eef7a200fe4639afdea9749621551d33658f5c25d7d83011241eed20efb3,Neutral,Neutral,Neutral
NEW_6e97334874532884fbe15bd5c5d0d8b1defec200f241dc4358bdfe1ef69ff037,Neutral,Neutral,Neutral
NEW_6e9a7a71d72b9389aef5280b64383fc2110f8670fb3696d179b436bab44adc2c,Depression,Depression,Depression
NEW_6ea7e84746b07e4755f264a2e82a1312d5095224549f8ab092eba91ae71c0b0a,Happy,Happy,Happy
NEW_6eac9669bcfb45ddd8ff18a129f50f156a25c5cbdbfb2426338dcdbd35d208b7,Depression,Depression,Depression
NEW_6eaffd86b8b00606df6cb6d8efa1cab9e901b06f3af1d25e26eae30743831c6e,Depression,Depression,Depression
NEW_6ec11190c0255e032ebbafa5fa398583e78837f03dc0f4939209b68648ad376f,Neutral,Neutral,Neutral
NEW_6ed13f144d66b3b7992907b2a065157fea0739b55846c4df4c62f31068ac5337,Depression,Depression,Depression
NEW_6ed39ee2cfbde1dcdb8ea82b8908d726a1347b7e205f687044ba4374d0059e6a,Happy,Happy,Happy
NEW_6ed7e7aeae23f66bb5fdf6173d93e3b386ba97e495b41c3837abb499d513ff63,Neutral,Neutral,Neutral
NEW_6edb22302922c521453db044c8e9e26f6371184056bfee06c170061010e2ac88,Neutral,Neutral,Neutral
NEW_6ee025ea9d4b704c692f94e5d0ddec66d3f727a0a89b5a5e49d81ed6a3c2a824,Happy,Happy,Happy
NEW_6ee63ead8e5a7e53c09436fe698f093a95034b76915548fae8fe0ba148dcb7d0,Happy,Happy,Happy
NEW_6eec431fe7f8142fe4053b0ac0858ce6e3acb818c6bcd51f9d1553bb8190efbd,Neutral,Neutral,Neutral
NEW_6eef52d91fdfa0d6d98cd0bca1f07fb8bd08e44462e7997373fd80cf56db6063,Neutral,Neutral,Neutral
NEW_6efa84ca207e299182f0805ef1d58fe4345612bd822b5b8f84a47e928e2efad6,Depression,Depression,Depression
NEW_6efff4c6345e3cc3ce81f7a7628e0051c0e39eb6d8565917da6eb87cf4fa453b,Depression,Depression,Depression
NEW_6f046decb3c73327e95766b96464999fc8a71cf0b4f192ee26c0bd32ba20debc,Happy,Happy,Happy
NEW_6f054cc6b3eeca1ff412645d1dee6a5b6dedd8c45ec00b492a9c4dba9799e23f,Happy,Happy,Happy
NEW_6f05ed748ed67bf763740a4940ea7fedf86b0944b29214216dd4dcd2417ddddb,Happy,Happy,Happy
NEW_6f073d710b491401166d148bed1a5316afb7ce8f1213c84ecd5f4e2b31e452b2,Neutral,Neutral,Neutral
NEW_6f0de379e7e01ffbf0601f87af0f6190f5baa535f8336a82b8c831036878a450,Depression,Depression,Depression
NEW_6f0eedfdde07336140bdc0ca17086b9c19f38b143d3a8335a3e7373daa13bbfd,Depression,Happy,Depression
NEW_6f1761c532154582091b17e7fdbab5fd114ae9740c1b1710d7d65f7f57bb6eeb,Depression,Depression,Depression
NEW_6f17860cfceced03274355d96f71970855ed98b227b87e8fbfb97fb61e6ef3fb,Depression,Depression,Depression
NEW_6f1c902d0f203bed1da560a4a83dca7eac40f6cd0288b284143964549b671e59,Depression,Depression,Depression
NEW_6f1e6559f323883e53d3145030d0d9cd3256ea3d69ccf864753ee519f51b84bc,Happy,Happy,Happy
NEW_6f225d044dba2f8adfb3680120b119e4f0c80034d1bf1d36ec5ddb3cb33bfff0,Happy,Happy,Happy
NEW_6f268b850823a3e34cb8fa0b65a999feb7d0009de81d6fc10d1495fc89e3c794,Neutral,Neutral,Neutral
NEW_6f272eaa1390e79d43e7a70990f4532e27a881cc5fc6af620e84ed0e7eaae3b0,Neutral,Neutral,Neutral
NEW_6f2c53873c60e872bbe6af863cc4aa714951f711a7c71907a0880c790d9d44e2,Neutral,Neutral,Neutral
NEW_6f3fc9c11707073d2bc848ba0729f96fa6ef2d7ddb8a38b6ab626468ef72e510,Neutral,Neutral,Neutral
NEW_6f429add7ef57f583d61e3f96413bbf6240a7268ed200d6cd551fa3aaa0abcc7,Happy,Happy,Happy
NEW_6f4f81ecf729b35c1424fcd0a077e0b12aa1beeb6e83d587cf4a1cde6057b3f7,Depression,Depression,Depression
NEW_6f50bfb0e7af4e9ee62b83c232a58fead7d102cef1fd551120fd09cc2ca72a43,Depression,Depression,Depression
NEW_6f53d87ce0f430f7cc87fbd58c9e87c6feb7e0e01ab73b6ea6d6b6de32967129,Depression,Depression,Depression
NEW_6f60295579a19db00974d5f8148368785f091aa34cb837b6fb495bf9c89a3c25,Happy,Happy,Happy
NEW_6f63d0165b80e722bb84402740106ee40e169e9d22e6ad4ce12b57cbddf83e6f,Happy,Happy,Happy
NEW_6f65fded87c3b644103a89e5be1c8fc25b24b0babffaad602cc7c45fea780121,Depression,Depression,Depression
NEW_6f788a7ceda89fceb9f83e0bc3f704f5156831fa0b870833ecc4e568d62c056d,Neutral,Neutral,Neutral
NEW_6f829fb9cf872ae2f70e62131fe6e5c166f4b3aee40cc826bae7ccd30ad62f4a,Happy,Happy,Happy
NEW_6f85f88d0a67838d8ed8cdd551fee6ec32d57852cc322739e78262285987f186,Happy,Happy,Happy
NEW_6fa7f0c5f352ad774ab02076144a4666104054c45e2aea9bf88992020283f676,Depression,Depression,Depression
NEW_6fad501968eec01f25067c8ba4f22d331dd232482a662fffaa19107b970b6002,Depression,Depression,Depression
NEW_6fba1370b71c9deda20e1163162ea38cd8e83ad721216abb285fed8af479689c,Neutral,Neutral,Neutral
NEW_6fc3ee71f1d3b390ff6610952811c5ca28bfac76f682d700f1f5098419b78983,Neutral,Neutral,Neutral
NEW_6fcb68a9a0aff8701f633081c2d2f5a3ec0c25fd947855221c7d58d118dc8954,Depression,Depression,Depression
NEW_6fd1baf65f8b0eeb53fba9517c5daabe32a6b17c8401aa0f383a50e594e38bc2,Happy,Happy,Happy
NEW_6fd74af8caa2c28c65ea12ccd8069ef6fab2850c4543f5e1d867fb2b224c2f43,Depression,Depression,Depression
NEW_6fdcc4c6c171af4141ba8a58eaa8971b7125a4ba71b9b716b6f10d2e06a4466a,Neutral,Neutral,Neutral
NEW_6fef58668980aaa6429a75e3a8eed942236becd36e707c10ea3ec33bd5624b3a,Neutral,Neutral,Neutral
NEW_6ff2418dd4b40774407765e2d84b63a25e0f5b74515a1a0261e888744b488dc9,Neutral,Neutral,Neutral
NEW_70022701559197fc4bc53411b9d16c0e2554001f9236daba848dd7b9fb0cff01,Neutral,Neutral,Neutral
NEW_700cce15e34fd2910c558095c814d47ae68bf04c0b9d21e106a6609f73269fc2,Depression,Depression,Depression
NEW_70367bffc9dba85108de908ded6ceb2ae88a5d7228a81d62654db0d46e8fe205,Depression,Depression,Depression
NEW_703ea9a3b4c68b6416ea30357a51c8b3be291fb1b59e70b4bc9e2f7ed37b2a03,Depression,Depression,Depression
NEW_703f6c8433792a6e3e7cbbecdffea814fa87d1acb0a90024dcad5d83e0199493,Happy,Happy,Happy
NEW_70433475dc960ed43004cf1fa6bb08ebfc0c8b3a6c461246f2d1140697a16223,Neutral,Neutral,Neutral
NEW_7046c6fdecb6074be0636a201a2563948ff5ec22b009c03ad769cae075334a15,Depression,Depression,Depression
NEW_70486ae98c754a8f1bc300b8869d07d6c89ad762ace1ab35dcf64c478c507baa,Neutral,Neutral,Neutral
NEW_704c300fc2c1ddd4685e0cb774edf8624e962edb1b0d6e6ec17ffa355253033f,Depression,Depression,Depression
NEW_704e4de58322344a004af7a3a2993a669005ba5c4954b8cf3e490843272b5af9,Neutral,Neutral,Neutral
NEW_7050b21b99945db351496c92508df60f3a437f9cf210337e350e7fef61e95880,Happy,Happy,Happy
NEW_70578c318852fdf17651627a4f0e944feb9c44d4320f1a3fa12f99fe578f1ed7,Depression,Depression,Depression
NEW_70671866ef5ea1fe8d5ab6eca7e1b5ed75193da6efb10cdc9a11cb1c59e970f2,Neutral,Neutral,Neutral
NEW_707250bb86293864957eb58187b4f588e01342ffeda042eadf7a492afaacd010,Neutral,Neutral,Neutral
NEW_707be76d2d3f9c1d2cdb89daa2bb5e0abf6f3816248ceeb91c1bc5a7393aff8d,Happy,Happy,Happy
NEW_707ccfb3ce0aaad817bab316ae299836054b917d9af1dcbb94007bb37b115089,Happy,Happy,Happy
NEW_707f9d0f38c902e954409d1b0bc225136f5adc3eb9edd631ec3d43920de402b0,Happy,Happy,Happy
NEW_70852e3bf17494798fa388a258cbda5e2b8e587ebf6a96c642cf25443d4a95d9,Neutral,Neutral,Neutral
NEW_708595fbb45fc5564c446bc32a832d2dd1db42cb1dadd614abe9f743a65e7032,Depression,Depression,Depression
NEW_70865081f19419640597c9edff697e771618121c6cffb2a63db954eb1f368b37,Happy,Happy,Happy
NEW_7088fcbd41a6c1ba9296138e124b25e41cfefd04e96071114951f9ad059d66b0,Depression,Depression,Depression
NEW_7090f0ea18adf892352ec0617d8944338e5052cb01f60e8ed4ce15620ab03292,Happy,Happy,Happy
NEW_709b0029ee8e7dec4eab569714e6dae6879fd8f49bf6f95d1e8fb14c2995f5ea,Depression,Depression,Depression
NEW_70a37c0035824b535b1ec504e5a06dc28f3d6e40c60e0cc191deca8789cf50e1,Depression,Depression,Depression
NEW_70a6450f00812f9e8045ab59c1625de06aa7dd27c3a99b46a3b44292c712e8c5,Happy,Happy,Happy
NEW_70a9c1f0cc9b38577bdeb4424e8a2a429026f8064264eb73e4df54d7788e13a0,Neutral,Neutral,Neutral
NEW_70ba80d3256e910cd4728ce233c844a8555089dff7fde4695a2c8817cebb6d17,Depression,Depression,Depression
NEW_70bf8fa6b55d19a3b643dc732d0fb35a4095354c594324eb7c86ccf056623611,Happy,Happy,Happy
NEW_70c328d708918033f4bfe9a33b44b39604a0efedae8df09f335798e3cd7a6709,Depression,Depression,Depression
NEW_70c42bb5d31eab6dd33b9a9dbd6eafff6f21717dd76c6ab5a620a7670e95b3ec,Depression,Depression,Depression
NEW_70cbc327541fb681567ac469990e5573ab7ce8ca8a294f0a652608c1983388ea,Happy,Happy,Happy
NEW_70d5a66fd068d5bbaeee8d74471f740ab3e2aa1295d5cdf32e9a562f220dd337,Neutral,Neutral,Neutral
NEW_70da74e2041e74ce00a401e49a4800a3b61225b6ac3acbda9e8d24c230b7e47c,Happy,Happy,Happy
NEW_70e0702d3e85b0251f289e7f52de5562bf6f3a3c1e2edea19f491cfee20e5768,Neutral,Neutral,Neutral
NEW_70eb6929ecec4094e15c4f73daf9f17d5063fbc7dd93a350a5bb50d081655a89,Happy,Happy,Happy
NEW_70f6f37f0dd92180669f69cf3034cad950a79c9976d5097010cd2f7afdcc2f15,Neutral,Neutral,Neutral
NEW_7103329cdd30b17af1c2a091baa29ff8a04b58d15149a447c46549af0da4e48c,Neutral,Neutral,Neutral
NEW_7111bcb6c9a7ae53fb97135a93b1562166885672b679c88bfec5ce2002e95284,Neutral,Neutral,Neutral
NEW_7116b02039cf457e36dae997b8e1c23befd0969b9b5700c0cc9f37e1f02bb851,Happy,Happy,Happy
NEW_711e3938fd8bcf317c8a0804ee908044ba3cf72d994353e3615f3f7b1bed5968,Neutral,Neutral,Neutral
NEW_71301f25b0e484e8b0819d360c66f18a891339359c5d55562d16bd43a41c0474,Happy,Happy,Happy
NEW_71369e03760227298df6d9787c1d37ec965826da7ed1259f73ca11284d9311a4,Neutral,Neutral,Neutral
NEW_713bbe9e2b8c8056f2f9425c81ba92529b005bfb282e2acffbb7d07574a74a20,Neutral,Neutral,Neutral
NEW_713c52bcd5ad914c326bd8b9bc38ba6dd06b8d7749bf2e265cd3f44bb894c59c,Happy,Happy,Happy
NEW_71431e432976b6b2cae226ab05bda1dfe362276243bdd44105552d2558bb4cf5,Depression,Depression,Depression
NEW_7143c2e07f21a583d4754889218c0aa9da06c94f621e01de7805c04e2b98aeb3,Neutral,Neutral,Neutral
NEW_714c353e4c1f05b4ceab6e4346c15ef8a64c378f423e648bc39475b3045a20e1,Depression,Depression,Depression
NEW_7152ccd61dec3673d94ca22fdaa7d72d45b51f72a399167dc2c6cd092052acd2,Depression,Depression,Depression
NEW_715907a1a2b7c0fb74417d66801782c29526c77cf15e71960d2ddcbf2ebbcf17,Happy,Happy,Happy
NEW_716684c38e8d617ffede5b0c5a9c24de3bd8843116ea7333c6c4ae3070567c2a,Happy,Happy,Happy
NEW_7170072f673b2f0dd349f4749bacd197f585298fad9e793a766e2c2686b32e2f,Depression,Depression,Depression
NEW_7170d389fbea48c1a99eec51e263587007c224a8b42e44284310b2de38b77aa8,Neutral,Neutral,Neutral
NEW_7180d45171e89392750e53c941f3fe320b028506beca9bdcbbf604012035e6a9,Depression,Depression,Depression
NEW_71937597c0e96b77364b08a4d6c8a3e82a8554c6a62f77260e9d50f956ce0a5e,Depression,Depression,Depression
NEW_719525db3691eddf41b92d668818b0c236e42883eb4c4549971cc8abf427f4de,Depression,Depression,Depression
NEW_719628179ebd6c07a09a31eec7b777a87361ffef91f81a329c62ac62ea36118b,Neutral,Neutral,Neutral
NEW_7199d54f42e29f603108518572788265c41c36cf5bf5b6c2fac13c9c328524c9,Happy,Happy,Happy
NEW_719e1ae80ad08a08cde364a4dc2d8515ed180720bdcd94fab9bbeaf74e8ae438,Neutral,Neutral,Neutral
NEW_71a6f7c75d23e9c9f8d175bc054724f3b7c7f106549c50fb1ee0ed28c2b7abc6,Happy,Happy,Happy
NEW_71b970b21c3cfdf4578abb8166ea9ff0537c888a019a273fd8c8ac8e2432e5e2,Happy,Happy,Happy
NEW_71c114eddda0ec1fb55e2836bcf6ce66d73fcfb6c74b9c6227424c3ba5ff17be,Neutral,Neutral,Neutral
NEW_71d12209427737e09abc985093586cadd98eda0ad9c150c88a94b4140a033931,Happy,Happy,Happy
NEW_71d1282e651262d49d242287bf116cbc854ada91db9915090682c9242200adc8,Neutral,Neutral,Neutral
NEW_71d20285cdedc3ce59d7735d78e065b33f65eaab26e11dea4174881824680ad8,Happy,Happy,Happy
NEW_71d566c69a61951588b9d49981f732241badfa6d0300904f3bed49cf0fd76ea8,Depression,Depression,Depression
NEW_71d731ea36a610bbdbe8caf76d8978f32ae8d9192f301036186eeaf921b5846c,Neutral,Neutral,Neutral
NEW_71d8d38b00dbf901eb93908bc31039ffb53d796724f60b36a1eefc255a59dc63,Happy,Happy,Happy
NEW_71f7c71171e80c622b19edc282cd9d4383d3517afe04771632707a131510c23d,Happy,Happy,Happy
NEW_7200624dd62ffdd694b39f34d1729bcb35d7f0c79667cf9edcff7480832a3bf5,Depression,Depression,Depression
NEW_7216d3b9e6fbc487e1339ee00dc22b49afd4794aa84adee7cc9a77d421ae010c,Depression,Depression,Depression
NEW_72171fbeb4c50fd728a6bdf21febe37f99dc1637e72985c38f038683fa56638b,Neutral,Neutral,Neutral
NEW_721b82107a673163dbc9e9ceb4e538b066f9ce95915f2c42c81756436331d015,Neutral,Neutral,Neutral
NEW_721e912ee0d99d5f8f4b53abd9dda77739676971c31d5ef8cf83c12ec99c10b4,Depression,Depression,Depression
NEW_721efb1bccd06835bdaa494b43ae65f63010ed5e39c83e638a96988af6849997,Neutral,Neutral,Neutral
NEW_7224903bbe0c8c3078f693f0604a239822963d0b6762d50082f3f85674b2ad50,Happy,Happy,Happy
NEW_7224f0b4ef16de7116efd1095e999cd8bc70da027ecb964b5818b2613c213df7,Happy,Happy,Happy
NEW_722c75bbe54e5b8707d6dced3100b8e82345a08e231957e524a0cbed2b0b49c7,Happy,Happy,Happy
NEW_7235f33b84edca57f06a4a0ef0fcc0a95f110255fcc96dfe05337a3ec2a7a1a2,Depression,Depression,Depression
NEW_7248698c6399731b63f6bcdeb8bd5e5877951d59cc1c375c170bc1bf7d30d511,Happy,Happy,Happy
NEW_7250e7e3af629e2b40d81cc5915e79c22d0c2889849713a8d3d03dc5608c8269,Happy,Happy,Happy
NEW_726d407b47032c397c3806043008a04fa81294d22f6f8b497b087b12a46771c3,Neutral,Neutral,Neutral
NEW_726fd4813734182cb139ae2ab10ab996391304f9b8b7ff47ee19c09f208c6cee,Neutral,Neutral,Neutral
NEW_7281dd354234358a71378ece94775ef872ca579824e22917d4cb11114975d99d,Depression,Depression,Depression
NEW_7289877430f03d572ebfce3484079c70bc105646a1f3979f654428fb0ca2bd3c,Neutral,Neutral,Neutral
NEW_728f323686572c98de75f74e7b0e6cd46fd7f1110c18f3f6bc595c0be23e2b27,Depression,Depression,Depression
NEW_7295ac6d2eedab1746d182b1b56c51b3f9a02f05a095538421541d7b6e0b0f7c,Neutral,Neutral,Neutral
NEW_729bd7ee931fd8ba6af42fe10849f6e146391ca4d21208668d1f47761f37f8da,Neutral,Neutral,Neutral
NEW_729c95b131e2853ef7838757e3c0a3ddcb41a176df8d70627bacce4ae09481ce,Happy,Happy,Happy
NEW_72ac55ab5a89447df5b446c2fb010b36feca13f0eca5e29fd2b4fb11dabdf5a9,Depression,Depression,Depression
NEW_72accbe0a88f743d57cf164ca88f9d64b7c0bc1abe0758d18bc6bb185e883bfe,Happy,Happy,Happy
NEW_72b72dfc9e540084f0b7c5ea8b22541a2a24d128b46b4376021423ef1fb10b35,Happy,Happy,Happy
NEW_72bdf8172d84bceae5abe049ad017ed181aef0a58551ab0fde0a46eb2d0e1280,Depression,Depression,Depression
NEW_72c08ba036340c3bc2d0a212a749c3327674ffa2e8380f128f2b3111cc6ff771,Depression,Depression,Depression
NEW_72c2c82b6488c08920f67b2aa5cdf67eefe971b04a31b400366558daf9534ccc,Neutral,Happy,Happy
NEW_72c3013f2e92246d37f7764a29153e4314c6f5898f425f513909db06b5932f64,Happy,Happy,Happy
NEW_72c4de2ce46822c7b36dea7a432cc001a818b7f920a18237c20cdea45b2a2d6b,Happy,Happy,Happy
NEW_72e5a921978a0af41ece4b18ed7f75554dc939b775d6f2859dfd473f45abf6ac,Depression,Depression,Depression
NEW_72eabcd57e8baf8a0bf84d6f346177a45381779e9d139db9625182d05d4114de,Happy,Happy,Happy
NEW_72ec46ff54ad57bb05bcde7bc7dcb3ff0b374c00d1322fa378aba1d352597231,Neutral,Neutral,Neutral
NEW_72f2afe06ea5fb2c020288507198b95e4ee4aaae24c37c04c5a1483e479052ee,Happy,Happy,Happy
NEW_730512049e161cef920fcfe253ba051118e7544bc483968266a528483ca92564,Neutral,Neutral,Neutral
NEW_73156bf452d675c839966afa6c39bb3439b34cea071a5c77df677bc92c31642a,Depression,Depression,Depression
NEW_73164405efb73c1c29e12327f66fadac99db61d2db680656940eefd432bd7364,Happy,Happy,Happy
NEW_731800782ba0de9f4069f3243c3fcd9c2d1b0667407ec763852f39589daf94e9,Neutral,Neutral,Neutral
NEW_7322acd6726fd186b8c127462e035a93dff543de67f6d5f0ddc81a4f68021684,Happy,Happy,Happy
NEW_7323b7ba4253f98b23c011e3451a06e864be1682dad72deb833180696f3e4542,Depression,Depression,Depression
NEW_7323e3ef20d3903ce1a41e2903cd9fc7ede9d356ca6735f5f72ab9af1f5a36f1,Depression,Depression,Depression
NEW_73308871f495a5dd4f998604835f11e3bc026a6e2b4434dd4d6ad4a4da0872f4,Depression,Depression,Depression
NEW_733738282309a249dc0172b84d684a5a53e53132e62a523aa2e64879795ae234,Happy,Happy,Happy
NEW_733b41c1c7f5df07cb0213d7621e93c8239d5d32d108a5d15ef410d83e6e5f9c,Depression,Happy,Happy
NEW_733f0cd642281de297ea6aed86bfbd063ee01db733051931cd4522ead0881e1e,Happy,Happy,Happy
NEW_734030756b1c60e9cd0f99150617fb08ae9f0ffe878feb6c9e71bf48e3be5e6f,Happy,Happy,Happy
NEW_736528e25cc87e5afbdd698aa33123cc615bcb82645f0b7c09b9d5de084c1435,Depression,Depression,Depression
NEW_7367545788352ff7b6a08a959113bce3435166a3611266d42a9f0a91b8f08ccd,Neutral,Neutral,Neutral
NEW_73691a6ec0e539844f61e774e8826d80209258a3b08b7b356c7c942c4fa76337,Happy,Happy,Happy
NEW_737743d1246f6e79b793847d398c2791c528f0d11f826ced7611a186207ac9ab,Depression,Depression,Depression
NEW_737a494ae5e88fe8687657fad60d84107c0b10028d4ceac07704c9f2a07e8947,Neutral,Neutral,Neutral
NEW_737bd8bc0a4bc5021239d9a97560298a71fc17f4d78254ed98547798699601eb,Depression,Depression,Depression
NEW_73832be929c0a2b557e9af6894f951f53ca338a1830b35d0f0d6dd732f23c463,Neutral,Neutral,Neutral
NEW_738e97dc7f60303e1f51ee3e2a12e65169e05fe3f283be603de8b995f6fd5e10,Happy,Happy,Happy
NEW_7395db6f0c80d730be9acdcbd10e1a28bf360afaaf31815b8dc1f63f495b0995,Happy,Happy,Happy
NEW_739910f0ad1c74b08a486cd3dbd1155098bdd8bb005ab477700b026d4d4e02c4,Neutral,Neutral,Neutral
NEW_739ab43510d123c66bb2b960513630dd6ad5f0332a1940f598f0ad55d9b62906,Depression,Depression,Depression
NEW_73a4ddcb179be6b75720f76c2a947cbffbf26bae21c80170ee6ac9a03be05487,Neutral,Neutral,Neutral
NEW_73b121e28a1699287ff53de0557660b599a543b8eb65f982bae4b39c372e0c86,Neutral,Neutral,Neutral
NEW_73b204dd1b2d26ab621f4d1005d027076a541dce32308c1bf6ab577208cd4a17,Neutral,Neutral,Neutral
NEW_73bc2ed691098efdb9295bc0916a348a57aa121d3ee5303b1941f8f029bb67c8,Neutral,Neutral,Neutral
NEW_73bf8c8e44df82d2d1d7f44ff803238b71a8f6e4154e431a4375fc7374c4c4c6,Neutral,Neutral,Neutral
NEW_73cf5b74eb1e8972083dd7b63f184ff15c582ff573ff24b42c08d11b70034e97,Depression,Depression,Depression
NEW_73ee65518bba4bfbecaf1109a6bfc6764d9e97ebea7532682e8e272fa6b9631b,Depression,Depression,Depression
NEW_73f149f15899b3718d7f1434c416a6378eea667280dbf9e867339979e03323d5,Depression,Happy,Happy
NEW_73f61ba24df22e25bb9da51156e05fea1a9a78effd87df4a797a79fd602ef4a4,Depression,Depression,Depression
NEW_73f7db8e78c331a1d57b6ee188e903cc65430008e0d0bb7227b6e241246fa89b,Depression,Depression,Depression
NEW_7411e63e731960df1dcea4a538a9b6c858407fe9ef18e6f471c4892d2d1c6c1a,Neutral,Neutral,Neutral
NEW_74139b88ddd9a15ac81338ca025e831266bff83f7ed0c11a1c5086d9393dff22,Happy,Happy,Happy
NEW_741fd9dcbf401f6b5cb6772c212eaf4377a3cbbaa9a2ef4862bdff9b4a43510b,Neutral,Neutral,Neutral
NEW_742a6a869380f124c2720b3404562ec5a2a575b37972263536dd238d02cdc96e,Neutral,Neutral,Neutral
NEW_743c8c7c5a5031bc9bd9c91803e5eb625dbf3f2ca9cf2883845cc3e33e965786,Happy,Happy,Happy
NEW_7440eb0468a16d1e51032de6f66126f7569458445bec19488ad003d08bb4b3d0,Neutral,Neutral,Neutral
NEW_74492a97f4318f531485312bdf3e4bb1797806d5bc6864ac69fcc5496ba99a6f,Depression,Depression,Depression
NEW_7454a5a50841ab6c5637c78ab144ec9428fe03af0b21f61462dcd2b6f69dacea,Depression,Depression,Depression
NEW_7458bc2743c0d32ab47f33d7e52963d9567e108b7601a588a7786164d448e0af,Happy,Happy,Happy
NEW_7460c437847a3c5f22dac49b77e0211bb877596a856dd5a58a873465448b522b,Neutral,Neutral,Neutral
NEW_74677d8a3f460ec349c6d6497ec8f5313d437f8d51fef11b31e1aac838233db8,Neutral,Neutral,Neutral
NEW_7469912b71f270586d64005574597e0bf6094f400a01849a5f7d0fb6793f48e4,Neutral,Neutral,Neutral
NEW_746a338f60c2ddb8f56cc33ed9db4ce664e0f1bf5650ac616162978b2b7c104e,Neutral,Neutral,Neutral
NEW_74713de476d141bb785bc800655a2dd62a1c11b7b5e37869cb8afe5377410b9e,Neutral,Neutral,Neutral
NEW_7476295edd5a76268acf96458508821988c1fa9c0014092368f009d1f2159121,Neutral,Neutral,Neutral
NEW_747c292161e782512f66c9b8ed1c4b11b7fa58d4347ccc116d1b673fba59224d,Depression,Depression,Depression
NEW_7485dd48f615c3d2d4b9d2d9e7421bba7e7b6ec286cca27d98df6469ef2d62a4,Depression,Depression,Depression
NEW_748c6121f3bd0e8963c5a6b231d4e2408b559fe4d2bdeed9dafa7e7472e51ce4,Neutral,Neutral,Neutral
NEW_748ca08b87a24184965482e806fce9b30653b1416c7f391e4710ad03cf5d5433,Happy,Happy,Happy
NEW_749304abf57cefbb46ba4b9351a5892f8e30f45e4caef4b9eecda84d51af849e,Neutral,Neutral,Neutral
NEW_7494627b974343af2cc6ca7e6c21da6498b65c093c08c61a2bd1dde431f13333,Happy,Happy,Happy
NEW_7499ede3b87ea8ff17bca18b2f42f354e471338b99bc2e89c96318a7290aa680,Depression,Depression,Depression
NEW_749df86a45654ad03e7f00846a4abd3188279b7c86cec7b23f7dacdb57391512,Depression,Depression,Depression
NEW_749f3986e23085806e6945148bd5c8504952b7fac220502704eba168d6d2b331,Neutral,Neutral,Neutral
NEW_74a53958d9afc3374a3d53e195502910d8f4865e1b8648eaf6bdd8f1d161f57b,Depression,Depression,Depression
NEW_74b304396e38c9102273f21c3a2abd0c9fd9e08d64f01b06ce7ea9f4f436809d,Depression,Depression,Depression
NEW_74b7b8e11b77e788415ee0cc94028969e3a97b19bb1170f2bace1afb0ac30201,Depression,Depression,Depression
NEW_74ccb63c0e078bf93cb548ac1c10706e57ac6fed428d16b296a7b4012aeb0415,Neutral,Neutral,Neutral
NEW_74cf7a14fc0660b6058c31bc6fc4b2741481f669f8114e3cfc55fafdaf7c3f97,Depression,Depression,Depression
NEW_74cfebdd59527b905e799433c7b5339bb347376cb04dbb800b600f6805f235b0,Happy,Happy,Happy
NEW_74d567f7c818f5aa09c89a66a1d71bac94905e728177205a1d29d8b5172017aa,Depression,Depression,Depression
NEW_74d5f8df33cf3d2855c63f23846b3fbad91e415d8fffeb021ad2cab98e5dac6c,Happy,Happy,Happy
NEW_74da2334fcc421b9c3d5c6ae9cc95656d613c8a254b1c40822134a32faaf4de7,Happy,Happy,Happy
NEW_74da258e23348e38fdac0a091910a26992edc0fe64c7399c91d4f521597cdc3b,Depression,Depression,Depression
NEW_74dc89b30cc0e3c57ea66370117e207afbeb2b7d70a5d15b828f74f77707607f,Neutral,Neutral,Neutral
NEW_74dea8c15ac2c40de262ad43f373e45d2b6959427bbe423413a015210861d484,Neutral,Neutral,Neutral
NEW_74eecf32bd5aea4209c123fd361f408fef72cb10c6d594913bf50fd4f96625c9,Depression,Depression,Depression
NEW_74f445e3d9b970e5faae1a85f155254ccaaef6f46abf2cf387aa9598f9813dee,Happy,Happy,Happy
NEW_74f8354f3ee550b6ef0f5cac5f848221cbe9c6199aa77240d326a44f5d8e8fe3,Neutral,Neutral,Neutral
NEW_74fc443cdd062764b5ba39a58b13b4c0ee542bdc50ff06ec3becd65acee11860,Depression,Depression,Depression
NEW_75016e70fcc25a6632c9acbd9ff0b7c546db64feec1c4860368300f845c8fb67,Neutral,Neutral,Neutral
NEW_75017b57a45d03908fe4cce45eec7d23ff6752838df8c94c9ea7b971977e3831,Depression,Depression,Depression
NEW_75018bdc4840d68ee04bf1126851a03e6b5e21e87289f1764bb16de42aa3a24f,Depression,Depression,Depression
NEW_7503e281fa19c1df3307723f0d829ef049560dc11350c75937ac7e4ee74adf7d,Happy,Happy,Happy
NEW_750496ff70df26d34a124a371f109960eef407aba2dbebd22b3e7e48890eacd6,Depression,Depression,Depression
NEW_7512dd49b39de1d68e714c146c034cba09e5618eda91c1945a276dc3c98f4671,Depression,Happy,Happy
NEW_7515db724b1208461cc91eedeb9aed6be002b16f70b1824aeda725911ffaaa38,Neutral,Neutral,Neutral
NEW_751d8c552aaed155a7e5d2e70680d2981979e1038fdfc5f6d032e4c74dbdefc7,Depression,Depression,Depression
NEW_752446415c1fbe6163352e03da514e8fe704dc131018549279ed2b5ad32167f8,Happy,Happy,Happy
NEW_7525131f3cb393f3b7ef4fee49bcdd4fc0c26888b1b9fabd13d3c07f0291e685,Depression,Depression,Depression
NEW_75257b1a842aec97dfad39a100c5ee7863861a01625ef38f4b5f69a30059acb8,Happy,Depression,Depression
NEW_752eb44a6f01d260eb7108a5c1097a2cb86fcefae070f0b488123937780d582e,Depression,Depression,Depression
NEW_75396b238ec00408bd4756f20bb1193683796d9679d10d83fdf663d06199abde,Neutral,Neutral,Neutral
NEW_753af4de2630ec253d6ec631db477e65df43244d036b816890395ebbc478e2bb,Neutral,Neutral,Neutral
NEW_75404f2610621e8dbdf65cc7b39480df4d37878c18e977f5157add2c105e8a0d,Neutral,Neutral,Neutral
NEW_75527995db61af2be49f39b89ce1ab7ca48e6ea54997ca39bd143c8084e1a062,Neutral,Neutral,Neutral
NEW_75594e0776e24f4fc2bda5422adb5372f91d66bb59557c142ae5f5d19f4707fa,Depression,Depression,Depression
NEW_755aabc50976c7969c344ccd00318a1015c9087fb19614c5a57a3a19922021d0,Neutral,Neutral,Neutral
NEW_756547ac0ca4d8b32723798a8146215964ed83004affe6e6f226da4911c70f68,Happy,Happy,Happy
NEW_75663022e1b19e699bf8ba27c5bae7987ab3a27313bbdc2d849bd1bc5ea996c5,Neutral,Neutral,Neutral
NEW_756fe84840dc9585053e98f2179303c5315994bb981021b05b30efb423f9242d,Happy,Happy,Happy
NEW_75748366250751e203a44ebccc052714918797a622445671643d4d5a6566bb5a,Depression,Depression,Depression
NEW_758800c6bfa5d29efb9f2fc7d2d3648707fe0591fabc0a900f328c8bf802246a,Neutral,Neutral,Neutral
NEW_758ae1c0658b87e5e1e970283cbc23061b5794919cd9c995f58d91251838ab75,Depression,Depression,Depression
NEW_75954ef693c6f74fa6223fe95050f4f24acbc8986de06f357ace501035f65258,Happy,Happy,Happy
NEW_75964c847b55f47827eb5d9d8ed31898ff18ef7b04afedb57d9a79446d10d791,Happy,Happy,Happy
NEW_75bca5b8ab74716fd495b7c39eca7876c0d56a1b1cf7e0bcca8c7be61ef89bb6,Happy,Happy,Happy
NEW_75c17c47a33825ac3479917d5a4ef4e2d4ef72677cdeb8e806495174a60169c6,Neutral,Neutral,Neutral
NEW_75cbfca2861f48b8a0b951a86f0cc995353e5e3072625210fa30b0621eb738a4,Depression,Depression,Depression
NEW_75d3a8142f0117eac2a6404e1465dccd38f3b99c15cdb236222ba756a8fb0648,Happy,Happy,Happy
NEW_75d963fd31930778f5b107d07668cb0fe1ee0a8714cd19d3a9cb32cc1f0aab05,Neutral,Neutral,Neutral
NEW_75dbfbd5099a838e0637da8123bdc40dfa11f4d421c4c3f154db366c0344393c,Neutral,Neutral,Neutral
NEW_75f154421f3aae3099b682f615abb8560aa9efd14e2d4cd5ffabe594f557e804,Depression,Depression,Depression
NEW_75f6cbd64f8184cf88201a9379df4299683df4eacdf40d0d994d213ed5d1b4ba,Neutral,Neutral,Neutral
NEW_75fe09cd98e8f1a4794b19c7db9f7db305e78a9ce987fdd24c3d27d7a9867b7f,Depression,Depression,Depression
NEW_761654592990f9bef114f21b95b42738c51bb13f65acd043624f62e793b050be,Neutral,Neutral,Neutral
NEW_762999bf7fbe38a6522699e67cd6fe5d6059c78d707049d85a49c77fe441bf65,Depression,Depression,Depression
NEW_763d78414c1b6517f8cef30bb43a834d02881fa31028f9a9ca10c9f9eb1178c4,Happy,Happy,Happy
NEW_763d85b5ae6f034f491787a322527c5b89c8b9aedd690166e33478a28591571e,Happy,Happy,Happy
NEW_7643924cc30b1a84fef2898ffd0c43f015bb6774e254fcb2f4551e6773e54694,Neutral,Neutral,Neutral
NEW_76472c8d10ed54a262d407417267cc311e55f38a2a371b5c2dad4b9a4e2bff74,Happy,Happy,Happy
NEW_764c7aa09f208f37075844360090c552c487d503f4da40d2a11d517d17e5917a,Happy,Happy,Happy
NEW_764d782eb7f99af8da825b3231e0ca74c37230fd39e20e07894a60e19e482789,Depression,Depression,Depression
NEW_766002cdc9063e732dbc5300daee5098b4fb53dfda5ce03f9498d81364af7207,Neutral,Neutral,Neutral
NEW_76792d1b4fb18e9dbb69f43c0fe3c0265abcf652c4effd358add4275b1594780,Neutral,Neutral,Neutral
NEW_76885f84727e40a46623ef46327b76618509b99f86ede57e51b199fb6e1e98fa,Happy,Happy,Happy
NEW_7692df1a93d94a066fd87a7877d2f89ffa0e24ae2c28d068c3d6d1d5aae83798,Depression,Depression,Depression
NEW_769fdae46578fb342c84ae92b4dbb4e268a82a266cb2561ae4840432947c8a6e,Neutral,Neutral,Neutral
NEW_76a1a227096ac99e0ce750da58a96b5ef40efff71763f53874c5270c007a5840,Depression,Depression,Depression
NEW_76abbf42285b158a0f132ab5bc4331ec2d99b7dd1fe9ad78ba1fad35abbc57a3,Happy,Happy,Happy
NEW_76b01f3ae02a11289b31ed155e517b3f4d57897f38afefcb58827032483933e8,Neutral,Neutral,Neutral
NEW_76bbe964c048b65855fddbed531c39b9e3e7c0d1dd31f68ac9792197d1eeb428,Neutral,Neutral,Neutral
NEW_76c2c830e31a329e4e80ba4eb8fb5a5f6d4fc770ad0fe63d9d523690d9182514,Depression,Depression,Depression
NEW_76c42fe1dd28ba85dc02d28ad7241415d6078796fd3d771ce81d0f878a64432f,Depression,Depression,Depression
NEW_76c792c2a60ffc2822e97ff8187536685781489afe66f04f607f95f91b4f3ef9,Happy,Happy,Happy
NEW_76cb23734e30f2ffb4a310f80a39190472b8fd753e806388219c26c19249dfab,Depression,Depression,Depression
NEW_76cb7262413907fdc15bc523d2e1a0c4808e5e7a343b1c2d4f6793fb1d179e18,Depression,Depression,Depression
NEW_76d22826f51e40bebc8cc8d217428855d3de6fea8febc7de75683ab8ef717d39,Neutral,Neutral,Neutral
NEW_76d22eaa0a07f6a1933be833f79eeff06174f4f9bbba98eb4857e1337b3b3d6e,Happy,Happy,Happy
NEW_76d4a8e9caf678bc0946ed2712336ded5c31a19a4320249e60dfe99313c51584,Neutral,Neutral,Neutral
NEW_76d64e10f48f4232c210d6fbd1b24736aa71eccd07954c13d275193c95d772eb,Neutral,Neutral,Neutral
NEW_76de0d8839bfa2181a80c6408d9543f8929692c1069ff6589508e1ff9e73e28b,Depression,Depression,Depression
NEW_76dfede7ef1d87f19cd014bd4067c3614adce479eec00800b32137234157c8d5,Happy,Happy,Happy
NEW_76e4e285b1133646e74c2132ee13da17012d54536b80fb7b2df04f6866cd964f,Depression,Depression,Depression
NEW_76e4f1bf1eddc2f3ff0adf35814b26d7fbda0b769f67bab218c1b4ef51637050,Happy,Happy,Happy
NEW_76f398f3a84fa09eaf6e250969bde85e0723c757057f4f1a1d5472dd1fecf357,Depression,Depression,Depression
NEW_76feb539bdee9fac428ccff5fbbcb2d106149d104dffcb01099e19fc90eb1b03,Neutral,Neutral,Neutral
NEW_771760dc66918fcc8716ff2b467bb0945f2bc07e893489334e426749cb311fc7,Depression,Depression,Depression
NEW_771cee1fb0e237066491f4f8cedc8dcb027b887d1c41d15fa0de324b764e0b9d,Neutral,Neutral,Neutral
NEW_77229e3b587a5070024572a80c23bb15e205a230f6da07930b3ca9b712d35b7d,Neutral,Neutral,Neutral
NEW_77326b86e0c923c0e981865c69d9d68b62d381a935a27f6400a1dd64c767f9b0,Depression,Depression,Depression
NEW_7736956a020665f3738ff5f19a5dafee3e98bbced5046f0baed75e2e63dd406a,Depression,Depression,Depression
NEW_773a57f99aa5c068291f1c91a86e354f4c83be2501555bc2e4409561b42f7c28,Happy,Happy,Happy
NEW_77496a3f1528bf8ca689430d7e84dbfcfa9fc04ca926996d8c97bfc849842da5,Happy,Happy,Happy
NEW_7757c27b5a4c9f3f742cb2dbfece41740f58d5b0468f9f8b0107bacfc7d98eab,Happy,Happy,Happy
NEW_775914ad85216f6cac26966a89fb9b3242bb7c8d25adfa8cbd624feee868d81b,Happy,Happy,Happy
NEW_7759e8082fe9a714896eaa8628cca0fa988968a1243b62330a74bfad14bab325,Depression,Depression,Depression
NEW_775a721ff01cd3809973ebf90b7a112208fe75e138210401c771de88d8b6554d,Neutral,Neutral,Neutral
NEW_775dc2e542f59d9000ef0fbb9b89b4dc96aed308c1a8471298db61ffecba908f,Happy,Happy,Happy
NEW_775e2d8ad726e2898f7826ea987204171642bd47e6fad61d1a343cc02d2d60e2,Neutral,Neutral,Neutral
NEW_77649add7bad59de4f46f6599e5f9d8e27f8071a39e02b44ca5fb0046e1dbe32,Neutral,Neutral,Neutral
NEW_7772be9fc9f6b527a5a705f6e14e882ea9ca480b1e987050ef35766e1845f1a5,Neutral,Neutral,Neutral
NEW_77742463256d5ef1eb1989d6f59e18a7b7ce927c7df929b69c6856a51d721e0e,Depression,Depression,Depression
NEW_777c5900c8fb2aece468f12a4abe44ed1c3f44d86ab7ac1eb8ac04b4970d83e5,Depression,Depression,Depression
NEW_778c64d1e314e1ce820ffd1d90cc83914d50114ca8af0aaadbaa607c3b603de6,Happy,Happy,Happy
NEW_779817af53fb55a6fc493be597efa17398b0fd58ad97c8e01c45975ce148736a,Neutral,Neutral,Neutral
NEW_779e9652a9c6d5bf19683eda41ba8ad0b7bc36e8eb9e67fa8897d27a0e8c0832,Happy,Happy,Happy
NEW_77a643b8fffab051e0319269b359ebc83a5278e91a334bfd35a97eaf78572617,Happy,Happy,Happy
NEW_77ab8ee95387e549a633b6f6224554d9a0ee466a670e472abe1595a1dbd8a258,Depression,Depression,Depression
NEW_77afd4b3588a6d4d18965b352e2f6eac7b5ca07548a9b10f2b5c845247ada826,Depression,Depression,Depression
NEW_77b0466da2c5528dc74da9ced43fa933155295385375483fe2f5ceb35d3d3c8c,Happy,Happy,Happy
NEW_77ceb7e695d9d9ffc4b4acbe61bc0f5d561975f61719b9b57f3c7b8c1df2a03b,Happy,Happy,Happy
NEW_77d58f12d0183a5e7c859d153c1bff3d5adec95a1ad815291abc10162a0862a8,Neutral,Neutral,Neutral
NEW_77e67a709324744883fbc58a35f30b4cd6337efea33e3aa9af772755b0f2bf3c,Neutral,Neutral,Neutral
NEW_77e928d8b03c57d88dbaa9955decc280d9cae49ab88360f34907f100c6f98694,Depression,Depression,Depression
NEW_77eb04778e177c5c03454046bb97cdeafa6ca2a3e1d44c2fa4d2b49cde9931af,Happy,Happy,Happy
NEW_77f2600abbb4c26fe955f6a3524e660aad02274efbcc9962616021ba1c7587c6,Neutral,Neutral,Neutral
NEW_77f2bdadbc02ba347476d5e996480c606389711e04422ddf0fb24aae11911ee7,Happy,Happy,Happy
NEW_77f5eb9a560aee41584bf80cf121bc0075b96ff8ce9d6b01371f74558afbdc55,Neutral,Neutral,Neutral
NEW_77fc5247e8fc7b8636f351e524daf8600346e270c0cfdcc44db5ce489061d082,Happy,Happy,Happy
NEW_7801626f37b707bbc59f9cc40c30c527a96deecaa2f479ba63c46a319ff4238c,Neutral,Neutral,Neutral
NEW_78071b57d51f5e2677e5621766af58f29f861f61b8bf45b2feee30a9e34856f8,Depression,Depression,Depression
NEW_780d69ae01de5a9293dd152950d50ae7a3e842fa95c2faa8e6b541770894f6ae,Depression,Depression,Depression
NEW_780d7763f764c001164161d8dd075651e239b3fa260168c7bd27ae8048a0dc3d,Happy,Happy,Happy
NEW_781a74bf5c43504431511343eb8f07be15b19343eac5a94eba01b9140e222348,Happy,Depression,Depression
NEW_781cfa8e034d42e0526e4ad53fbc74bca22567eb3c4f5e5ae3372029aabf25e8,Neutral,Neutral,Neutral
NEW_7826cca0d58c0e6ee0afb7a9e902e332ae0d30c69287d9da4c97b375ea8c121b,Neutral,Neutral,Neutral
NEW_7827263ad683f6029bae3458f5852172b0f2aa21d0511f4eda79f7fe017012bf,Depression,Depression,Depression
NEW_782e685b6bf2fe15b4b5a6665c86449946a94e604ffd018d8f71dea9c1adb6ef,Happy,Happy,Happy
NEW_782eb82d82a713dc36ebedc9fd2e8b28de6d9ac2258a2538e6ec38e87519fb9e,Depression,Depression,Depression
NEW_783183ab59ac5b99f28df5a79af6f51736ed5aaf3c19c2cb95085f4fff1900e9,Happy,Happy,Happy
NEW_783e292beaa1f46a61d66ff335679226c07bf859187152266c344f3012abceed,Depression,Depression,Depression
NEW_783eac0c9a8da02fc88d7553611a12e4b54f3014b0bbd650f2ad1484af779cc9,Depression,Depression,Depression
NEW_7843fce8842148c519d48197263758a776c1d456427c1025b9680eea7bd37709,Happy,Happy,Happy
NEW_784c3f7ae6da65cc36bc135f4cb6340c69a3dc406bba3b4bcd98df4ccef553e1,Neutral,Neutral,Neutral
NEW_784c8b9d2458e45431aec09c70d07f0579d9a0ad325ee7af799333f973be2bd5,Happy,Happy,Happy
NEW_7856d5569f2df2c0cca73e1c2439cfd5665f53e41c0e06b0eb756493a0035675,Happy,Happy,Happy
NEW_785c6358b98467b649b69ac9cba8853b574da9434088d0662e3ba081dcf4fe66,Neutral,Neutral,Neutral
NEW_7866f02859c425adbd880f54054cd6a9e88984c3239514d93097b662df1140c1,Neutral,Neutral,Neutral
NEW_78681d693515f50344fee3aae286611b91ad690d807f21b5e7f6d88d3a629ad3,Depression,Depression,Depression
NEW_7868f8977d196e1b6aa9aa4b289cc1c5ae527195805d5bc27d3338911255217e,Neutral,Neutral,Neutral
NEW_78721061d4be9d8cac9e77e38105dd6f7d414077e314c11ef8bbbb9986480a3c,Neutral,Neutral,Neutral
NEW_7877487dfedae82c2d393e5f391b392ec57317f7d9e6092a8bf1027fa571bfd0,Depression,Depression,Depression
NEW_787e1157ae3a74fd61abdfd6ac0dae499e294b964645f30a39490becbff5cab6,Neutral,Neutral,Neutral
NEW_7896d6340b09df4e99b06077bcd2829ff801d541e1f0add76769dc3299f08346,Neutral,Neutral,Neutral
NEW_789abd7d00c76548f7d8028683cd2c8e249a73b9509ed06fd2d28e86202da291,Neutral,Neutral,Neutral
NEW_789f69ec1ca53e53c1ce856afa808e4d2cc0c35f959690a58d445b7255b75395,Neutral,Neutral,Neutral
NEW_78b2def6619cbbc1a57dc0198bf206c5a1694102a62391f6d25182588454710b,Depression,Depression,Depression
NEW_78b375dfc9090143fec86282898ddaf8e974aea4ab018881382cd9a6003f4018,Neutral,Neutral,Neutral
NEW_78bcac15f28e7e7afa94dee23dd4ada017882a478406d3082adedede3ac52f14,Happy,Happy,Happy
NEW_78be965d448c46c214f637f8f69b273b5aaea1fd592eba73bd81fe090c259a6f,Happy,Happy,Happy
NEW_78bfe4c5dde0816f5a28f0f82117c4fbef1c099634dd3256ade116506ef91acd,Depression,Depression,Depression
NEW_78cb6eaeb20844ed0337e42777127930a8cd503a585746caa3f7fbb6a54f737a,Neutral,Neutral,Neutral
NEW_78d52d99e75a5cf1e6760a6942c9d301b3ae62d80c7107c4849e4bacb181de46,Happy,Happy,Happy
NEW_78dd60f5bda3b402f52eef55a5568fc347445e24699903c31603dd54592dabf6,Neutral,Neutral,Neutral
NEW_78de68cb7d60afdc7e41b01219f4dc1ff84124132ccfedf73a25c351b37c0a94,Happy,Happy,Happy
NEW_78ded5c6127631c6bb531c7f18f6c0ef8284bb9e393a5afa5b4564a408170b2b,Neutral,Happy,Happy
NEW_78df84c81321bbe76ed0d485f6ca9d144b1c76518b979470239d962e51b9a3d3,Depression,Depression,Depression
NEW_78e4447c4794b297efb539e7b9f18b5e4963709018de1fa676fb5749ac85afc3,Happy,Neutral,Neutral
NEW_78f1b5f5d6bc43b7fcefb5796eb429ecd87604914d29a7c4b13f3a2e3f43db4c,Neutral,Neutral,Neutral
NEW_7906af90a3b9ed5093819c50b665a7216eb59cbb3e9b567792d2a0a8f6bac3e2,Neutral,Neutral,Neutral
NEW_791c7df94caef1b5378af966837826c1c271aa360a6fb53e2a0ae770a6971df8,Happy,Happy,Happy
NEW_7920acf9667b6d3282251293832e3ff63f13a4b87cfdb4c0ae342260d54a5762,Happy,Happy,Happy
NEW_792531ca163f5abfae087defd4b7e2303ad68d1dfde028d5e3362167ede3e558,Neutral,Neutral,Neutral
NEW_7927b2ce4a6de553fa16cbc244f4c08d91bcdac0f47b74ac476ad68b7ee2aa9a,Depression,Happy,Happy
NEW_79320c6a0857d8a4b9bbaefe87fb3aa0018f7f69c685bf075cb326dfcd9ad060,Happy,Happy,Happy
NEW_7936a4b3d52fe48ef6c5afc93098f6d4340941f3417164ddc2a3432ba3ed1c98,Happy,Happy,Happy
NEW_79385f577e51be0f2f431af797ebbb5d488b748c17b86640b57d64db3f29286d,Happy,Happy,Happy
NEW_7942f9f0838bfa341760894300b301b2956531ca938e13958362b840fd9cbfc0,Happy,Happy,Happy
NEW_7943c31cbfb9610fd671a68229d3497a94b57e7135caf984e6aca5330150d8cd,Happy,Happy,Happy
NEW_79453082815b1a92bf8aa8e03488df3b0a833aecefa70ff1dc4b7d39ace1c9d2,Depression,Depression,Depression
NEW_7953c28519131abe9980d77aa9c50e48845944300dd5466b7afa009eaf37f7fe,Neutral,Neutral,Neutral
NEW_795b2d90b1e1137276e032fcb1f89282b5a12b14d25cb44e3cf64989b951840f,Happy,Happy,Happy
NEW_795c706e9681beb50e8eac237853d22590703754f3691d68e78dff75dadccd35,Depression,Depression,Depression
NEW_7967139322d9d93cb6e3df20286748716680f16e6e175ab0b8026dfc9e5fbd47,Neutral,Neutral,Neutral
NEW_79677fd9d8bd29a3d4aaa3d07edfb6cd593104c0ea3f48b18cf138c15ccb8354,Neutral,Neutral,Neutral
NEW_79729095ece76c4a662ff2aa2a4934eac3f18d68920ad9c9b75c9ebfa5a0ffb9,Neutral,Neutral,Neutral
NEW_7987c95eb6347fc6b6f565be8752d1299d050dfa3962ca27796d7bddea6886f1,Neutral,Neutral,Neutral
NEW_799019dd59a4eebd726c90183be5ef5cad02e599371b57fc96946b6166b9cc03,Happy,Happy,Happy
NEW_79915dc3f2887beb1607f132185b4b94862cf947ce12b46d1f8a04f313adb1cb,Happy,Happy,Happy
NEW_79919ce3ea8c4d346f7ed49d4e6238f2484ca228ac9f7c734e7b8939ea89bd6e,Happy,Happy,Happy
NEW_7994802f590d7f7ba3b1d147e1739e6d696a4c9bdbe5a99ce5e61886a5368868,Depression,Depression,Depression
NEW_799965a6d00cf7493e0791fe2c0a6a1e829265e323336e1155cadcf9f19536be,Depression,Depression,Depression
NEW_79a53a066081693c467c0a763629d00685c900c456128379eafe3097c3332a67,Neutral,Neutral,Neutral
NEW_79a894968d3b89fbf82539f24283af2096dd3d0dfe0166061e72d85d749b5243,Neutral,Neutral,Neutral
NEW_79a8d94ca3bf965bc1b56d66509840e0c1e400a14bb1202e0c4ff74fbda39db3,Happy,Happy,Happy
NEW_79a92d838a7c16faf07fe80cc697a78f7febf2fcd2d9e5c38cad30683b0d3749,Neutral,Neutral,Neutral
NEW_79aa89c4ab30f8bbdb867f8d11bd5beda7929e4c5864db8e88c66b4203b28ad5,Neutral,Neutral,Neutral
NEW_79accd19c86b56b0af5508fe7674ea781dcd074a6ed7cd37d21618995cad4708,Happy,Happy,Happy
NEW_79b09aa8e5633da1bdaebeea94e1e2907efa0243e966582ef17c2874a4b9e3df,Happy,Happy,Happy
NEW_79b1b42a4d97276b398465827065e81f391f8373b6f5bc635aba6913b157b213,Depression,Depression,Depression
NEW_79bcf272b1fb0fa4cc1a7f38c2e9ca748a0901ad7d4489ff7cc2862fde4a70c2,Neutral,Neutral,Neutral
NEW_79cd9e13cf457547367bfc244cce14a8c9f13f7bbf1c6a34ff7207e51ca7fdeb,Happy,Happy,Happy
NEW_79cddce175e5c2539c142dd628a5689cde87910548e3e46c3fc11e4457d53fc8,Depression,Depression,Depression
NEW_79d905d49f08f98eb06ffbcc13c6ff1764e52c8303cc63db63bcfddb8aa29a14,Happy,Happy,Happy
NEW_79da5d8ba632d50b0cfc34b9c0aa1490cec16af0dfa381e8685a6af42e1d3fe9,Neutral,Neutral,Neutral
NEW_79e6b13cbc11cea9a774e85498d09229b3fc0d2c5e46833835cf5ea4862e46d4,Happy,Happy,Happy
NEW_79e704a8ecde4a4fc5ecbbc7bbb2d06f6fa389c52c1d97ed3c6c230a2b25906f,Neutral,Neutral,Neutral
NEW_79e84395e7993b6856965390680df17156138f92c803bed600f7eb87be9f71e3,Depression,Depression,Depression
NEW_79ebcffd5c1edabc4a4a27fb7d48bea5fbd1eccaeb110d1d3cbda1a2b14b29a6,Neutral,Neutral,Neutral
NEW_79fa3d934f92ba1e382d85b16e9792708742c340dd58e4b6eda225c427d1a2d0,Depression,Depression,Depression
NEW_79fb685a56f82f0b4f2417c8cb383fa64d75c9726dd4e5c5f3a9377214caa6cd,Neutral,Neutral,Neutral
NEW_7a00e27c18a5fb136f49dd4fb5e1ce07967400617d893f712327f5eb82bc9524,Neutral,Neutral,Neutral
NEW_7a0dfd367f9e528c026faf83a56fe093358693a782838324ff2061a649532edf,Happy,Happy,Happy
NEW_7a21d8008238ba5a4c2e37780a265e5d476688e3a9f7f0ed534c8c8b3ff6cccd,Depression,Depression,Depression
NEW_7a28202fc5adbd0724ffc82dde2ea4a3acb7ac7f9bcd1abaa840a4e6fdc2ad77,Neutral,Neutral,Neutral
NEW_7a2b1fb473de931214ae42c2bcdb0338fb3f6b1dbe2e716d52c3482b22b638a8,Happy,Happy,Happy
NEW_7a374a17aa81584948584c21c4e5618a19c429c286e6a964678926ed5b2f2158,Neutral,Neutral,Neutral
NEW_7a4fa4eb27e04566c7cd7cee4029a63732142c8d85af5d16194fa3bd1d6aa1c9,Neutral,Neutral,Neutral
NEW_7a564dc48ff03b9f66d114fe6b54402ee78aea0ec5a2e211175f91492c894b8f,Depression,Depression,Depression
NEW_7a5717236b26ea8ec07184fe94448139aec2cbb518310d66f9dc71b033c18ea2,Happy,Happy,Happy
NEW_7a5c14043083643babbc6676d75d972b0ade820d1186391a01a3e6e3339a9409,Neutral,Neutral,Neutral
NEW_7a5c85ad1da558d3265fbb10f228807786d8c4f75b63a8433abe582c30815b86,Neutral,Neutral,Neutral
NEW_7a5dc2b0481d3328114a8f2021ab5e468eed6f7714aac8921448747d880637ce,Neutral,Neutral,Neutral
NEW_7a5f47773cd038f2b3d91978342ff2aba328f129a9da9408e9ebbd1d295f6485,Happy,Happy,Happy
NEW_7a5febcead19982198b323925cc9b7b936e6e6762756845e2719e85e0bda4dd8,Neutral,Neutral,Neutral
NEW_7a648ce1f658abce6f59fe1d8d0d96433d92fd987a2e1bdfb5ee46e2fb3afc3a,Happy,Happy,Happy
NEW_7a8ab78118a294811be0c564b230e452d009a9a16a228cf07bc6c1d79b7d2173,Neutral,Neutral,Neutral
NEW_7aa2ef9137163c5750b5b89494c73ddfe5de2691d903303a4e35f1f5e67afec2,Depression,Depression,Depression
NEW_7aa66fb12bd4091c546d56e6087396bc4e2d1815f1f4e908de07e0ed5c620786,Happy,Happy,Happy
NEW_7aaa316efc39521b2e064d28512ff3ae5936d318bfb6bb844ad8f6b6d3b6c308,Depression,Depression,Depression
NEW_7aaf2549532670c59fd4df6766c3108180db1ed44e0c7eb19ad23bf309b8a730,Happy,Happy,Happy
NEW_7ab4bdd8970a856b05ebd9c7aa64d4831dc2a6f23b566b9fb70525b587ecff82,Depression,Happy,Happy
NEW_7abcff16b20808f66ce4d9e86d8f841b88395cce3248266449c73d10aa1f03be,Neutral,Neutral,Neutral
NEW_7abe358b7b0e7543f8d35bd6aab50f177a35c02fe72b390a295a59e9b48aae19,Depression,Depression,Depression
NEW_7ac5b6cf2100ec18be90177fee3838545b160c2379b54a4d4bd96565faf6ff87,Depression,Depression,Depression
NEW_7ac83cf0d7e6e76dedabfb15a70df49ea32302711ddcc56d4a4c799f6d131e09,Happy,Happy,Happy
NEW_7acb164de809f48b049965c1446e88e248990714bdc32d8b2c0fb1f25537cdfe,Neutral,Neutral,Neutral
NEW_7acb482a02faf65f8e1715d0d73b09222e9d177f800db5be421488e0dc282edd,Neutral,Neutral,Neutral
NEW_7ad4ca78c53ee52de7e2b2be7480438f8244037d3ac60dba34f083fd07d5ef80,Depression,Depression,Depression
NEW_7ad97b04613767f5db08193d3ee81ee80f347e54d5bfcf76f99dfaec1764cf80,Neutral,Neutral,Neutral
NEW_7addda2ecdbf6094c39f95ef8d690af935e1ab7d41b530f70cbd063a457d9f8d,Depression,Depression,Depression
NEW_7ae819680bced47416f7dde906f8604f77d5f79e903227cc8e0130c64abd5503,Depression,Depression,Depression
NEW_7af8cf8fc1ef5607beb87775b2d3fa8bf1f10caaa3f1185f6a597a7840937af2,Depression,Depression,Depression
NEW_7b0184a387b78746f6332f54fa938ede8851925bd1faa6cdd11b797cc7044c1d,Neutral,Neutral,Neutral
NEW_7b032c0d2c8ea3f2a58ae827658c9f5cb8d3758903985f9aa722d0cc0459cc6a,Happy,Happy,Happy
NEW_7b0e34579cf0b775ca93d536f8fa23e437b65b921aacd326ba042d9c8973486d,Depression,Depression,Depression
NEW_7b10f63b22b1777764ac76e43d2b28294a952ebbd050d48283b3bf3d7246e677,Depression,Depression,Depression
NEW_7b123283e43dfd185cd1c07fa2cda8fd8ab8b49769dcd64f367c64ad5f7b7714,Happy,Happy,Happy
NEW_7b1fd0d48ca0355dba58b1cfabb8e67162ae1e874f57539210f2543d0705be8e,Depression,Depression,Depression
NEW_7b222107cace5d2adac5b2d7d02db11743a9bed5765d67f40312c29148bb78a3,Neutral,Neutral,Neutral
NEW_7b2828194a11c0292ffeecc032638bbf3cedee9d12ccf04dbf20118d96d47c02,Happy,Happy,Happy
NEW_7b3374164c36641d86526cc7a53f198c36aa59e339cc15d5523178b20942352d,Happy,Happy,Happy
NEW_7b399dce36dcb17dea3a2ee639ee6b84546c587090d8bd69ab86f18c76625aaa,Depression,Depression,Depression
NEW_7b3b6c54e586c5206fd60626956139ee8b87467a2bec339dcf2318899271b4b3,Neutral,Neutral,Neutral
NEW_7b3fe72d2ecedb90bdd198650e3162e0ad113631deb000b3fd1822b7512a5945,Neutral,Neutral,Neutral
NEW_7b529dca7b7a8b357e602421f324aac9a9cd58527a5593773c4854529620247b,Happy,Happy,Happy
NEW_7b5ec7b9f1a7e8f4b012e023c887151afb1a9c11fc5bb04c39fc08e404b3c0d9,Depression,Depression,Depression
NEW_7b75624b819b1429bcf2e9b61d1893615f73b5ed4579be801351ec893fb39a88,Happy,Happy,Happy
NEW_7b79c84c597eb028d097824fa62630f58841d20aeef94302dead3970251be7e8,Happy,Happy,Happy
NEW_7b7b6f65ee2aa2eb5c5c16dd1930bea87849fde8d69b739404d149a4ea0c780a,Happy,Happy,Happy
NEW_7b89c81114c1ff6b68f3845b4f324947b01a781f740c4c2a07cb430cdf6b1c75,Happy,Happy,Happy
NEW_7b9195992b3c171a68b2ec13843597873dcb387dec785e159a4ed3b68a698186,Happy,Happy,Happy
NEW_7b9226fae3c40182e7247a7ceedd86bfc5b3d643b11b376d9f6948d3448e5c21,Depression,Depression,Depression
NEW_7ba5de3c4038a2a54910e66448b8d505db5c42ec6bece361804f82e6384be1d2,Happy,Happy,Happy
NEW_7bab20e45b3ca202f2bb5e6250dbd071ad1d4a66c09760dba1c970eda745ba6f,Neutral,Neutral,Neutral
NEW_7baeb9f01fdfff29cfdcfa906f83fdc57d49168ccf181fb32bf1845587039efc,Happy,Happy,Happy
NEW_7bb70f4e62a83162522eea5cda5854d305762b6888f12606fe6261ea93f99c79,Happy,Happy,Happy
NEW_7bb95919e1c45eea28827cb1efd037cf64db9608bf13956d02ae75f9b3369c89,Depression,Depression,Depression
NEW_7bcf6a35fbd19086d12ceae3b1873ce091f471b949ed5513dc3ca0f684ed42d5,Depression,Depression,Depression
NEW_7be40758541f6dbb6dd64baedbba374ea3854138386a5a594c21992f03555962,Neutral,Neutral,Neutral
NEW_7be872096541691b663d96b348765eb570b8aa3b7003f232aa350edd63b9ead6,Happy,Happy,Happy
NEW_7bed7f441c0d25184c5ae8fdc06e397db338dbb51e892230093d112d81f87d9f,Depression,Depression,Depression
NEW_7bf0443e73ad8777527a3896c285349605f75ad7ad82272c52b8ee78eb2b39be,Depression,Depression,Depression
NEW_7bfb22099b03b299740be2edbc71b4ec8e5c954e7857b0b4194e8a6fe5a6102c,Neutral,Neutral,Neutral
NEW_7c00941f867464d1c67c5c5e0f049952ef6ce169290dd4a768082fa88ffe0be4,Happy,Happy,Happy
NEW_7c08bcba8a80c43f884719495cbaade3fb34dbdb1bb05082c4894465102d69ea,Neutral,Neutral,Neutral
NEW_7c0a0cd5df01e2fa7f95233cac4999476f0d1d597575b546fa48a29639bae40f,Happy,Happy,Happy
NEW_7c0b8ade93d9746a5f63e42e2071ccca85b4ce5d119a029f5e7f71331da96ec0,Depression,Depression,Depression
NEW_7c0e8bdb8f15e9e209583a3493e5033eb0142fc6e27960579e735d30f51179c4,Neutral,Neutral,Neutral
NEW_7c1805681f3bcf70ca8c4e2fe0177dc623eb5afff73edd7feaa05806fbfad6a2,Happy,Happy,Happy
NEW_7c183e2d68e16fd26584bca5c1e0f416c565725f41d68c3dd77556f5de6b5c85,Depression,Depression,Depression
NEW_7c209ccf1bee9d91f34aff1aa02bdbd4ef9d8f6d9e0dbce56e9d10d56c212c3e,Happy,Happy,Happy
NEW_7c2a49b7d4b4bd17e4547a01fc23fc2f71f511f9b0c074c8c1c96b30b358bc3a,Neutral,Neutral,Neutral
NEW_7c2ed7f2e7ebf18bd44531c8b5477f19d388279c16c853e2e27a8348cdb570f5,Depression,Depression,Depression
NEW_7c2f1d14eb4958fb68cdbcd5b3593e45c232bf2bbee43497e7eaa4a78a79d8da,Happy,Neutral,Neutral
NEW_7c31ead35cc5677c8a142c6da35e45c929ca797436589f77916a42137d4ebdd3,Happy,Happy,Happy
NEW_7c3973da0281ab178bf558547fc8f1a8966e8ef547485071d9a856bee2aac38a,Happy,Happy,Happy
NEW_7c39db8fe4dcea5692e903c6e5312e70f0c3cc320aadd95650d16957fc10b9d5,Neutral,Neutral,Neutral
NEW_7c3e9f9bd7fe12b9d4a1cec66ed525c22a88e5ec3c31e0de1e9c0f4436997f1c,Neutral,Neutral,Neutral
NEW_7c44c82f0730d1467292335d2270e8b8a8a6b3e5b046da4517fae7464774cc4e,Neutral,Neutral,Neutral
NEW_7c51fef40837d734a98bd48c233e146fdf039a354413e4a5ccbaffc016daa300,Depression,Depression,Depression
NEW_7c5523a4dd2c28dffa8462328b9ddea1500be37029c99918af86761ccf24857b,Happy,Happy,Happy
NEW_7c5ac49240162c0ed46991ce4c2723b1da40160a531b3176c791768d22575d9d,Depression,Depression,Depression
NEW_7c622a9620e4890543a3a6a3c7cd8edfb098fba1f707636050352efd6f2e40f4,Neutral,Neutral,Neutral
NEW_7c63dae606b02346ae64976c94ddcc2960a0ed0fd64a91d9ae3ad500a918a90f,Depression,Depression,Depression
NEW_7c69ae6daf9784d42814a1a73e3e78a0c03eb2cec830c15cc52d01a19c02a544,Happy,Happy,Happy
NEW_7c730c0197bb7129b62fa901c1a4d79fd3d560287ccb605cd5160564624743be,Depression,Depression,Depression
NEW_7c82d535bb3fd3d7ea0ca811e202d462daf86f030dc198928b0228c3592565f7,Neutral,Neutral,Neutral
NEW_7c9f09276badc8bbe9b363fbd9e5241660d5dff52eb65e8991a968c99562dd78,Happy,Happy,Happy
NEW_7cae99cbd6ba953e49d1e8d36998432c265f827e698648cc20e9c59860cf892d,Happy,Happy,Happy
NEW_7cb149fbe64edd758e4530a38e54569e64eb09eb557d82471d316737a0b662f2,Happy,Happy,Happy
NEW_7cb494c1d1b72bcde3859328d7129b9b51732d4fc9389b31a7b05e95158e8f58,Depression,Depression,Depression
NEW_7cc4b8c12e564321343ca1fbe3d60421273a985b73066dab0f2d56d0bd46bf8e,Depression,Depression,Depression
NEW_7cc8161b6f7298f57e9711748efc9efc89fc686bbc0a49a30d3819b127fe9583,Depression,Depression,Depression
NEW_7cd315ed014f3dc9692fd4cffa41f8e00a91e64499b1c2bc9f9c45209b5f2508,Depression,Depression,Depression
NEW_7ce050ddb30a41a94921d1c9ac24bd7284c725e43a4a385f0a0cea2dd81af632,Happy,Happy,Happy
NEW_7ce115423c3ed3a6b9b4a52ef91e5fd6b08ed0c028d3507e42bd58469cfdb8c7,Happy,Happy,Happy
NEW_7cebe31440c8a3f85f07b8958f476d4c921f239e5bb67873cd29c50608c2bb7b,Depression,Depression,Depression
NEW_7cee95dd89d0d21c412f353f9a626fb686d6f9ddbc3e81dc482f58ae79896135,Depression,Depression,Depression
NEW_7cf3a6037a15dacc88c34768f35dffa30f3b41744036d65f84aae82062a09963,Happy,Happy,Happy
NEW_7cf58b3f6c4f836c96d733ca27fdab0b301cc7a00181c4c59e93c4fe34c616b1,Depression,Depression,Depression
NEW_7cfa0ea5decec6ca7b9df0a72a218f9154d13822b68c9125b68a305c95225427,Happy,Happy,Happy
NEW_7d04173265e41c450dc6c825b3e52666ea94af92994b7bc8b77b96b7c7fed257,Neutral,Neutral,Neutral
NEW_7d05e380a500f7dde34bad7d7da2128b823edc5ea7fd121943e7b8d65e47a2f7,Depression,Depression,Depression
NEW_7d068560f25359218dd41fdbe27b42d8a59c162d5cc86cc6aa8b6b8f5a623b99,Happy,Happy,Happy
NEW_7d14121662deadc78470ff1c6ad94849e63566f2a2040133243f2df0651468b4,Neutral,Neutral,Neutral
NEW_7d1c3c32a3366ef378cd2e66f49e8aed2c98bd9559c6a4afd9b945a1f59ef8a4,Neutral,Neutral,Neutral
NEW_7d1ebae50d39e45c4484ffa4a02dd2fab477aa9d2ea3eb41b92519fba6084d6e,Neutral,Neutral,Neutral
NEW_7d20dc0dfadb0456a38962d3e0a2aea6946b2e79ce8b884e09d076604e2e86f8,Happy,Happy,Happy
NEW_7d21615fdba19cdff97a8b990da8d161d890d2d1b13f364a239ee10e99581864,Depression,Depression,Depression
NEW_7d2c6aea621479c254d887491b0ab037403a934e60d8918ffdc436eab2018c00,Happy,Happy,Happy
NEW_7d2dba8f3003233f45eff05c3153a47f82eab14041ac1e50497d0053a2426b46,Depression,Depression,Depression
NEW_7d3d0bb355c0d6486c6635774f4c24979bf8c539a1413814345515836216cb7a,Depression,Depression,Depression
NEW_7d3ea5ad65270f8879d2453c9df9b98959829549c26f132e9bb03ac8efb304bc,Happy,Happy,Happy
NEW_7d4c8bf33478e7de14ff0c25946dea551e27d0dab0d72bdf1c4f27296f7fcd7f,Happy,Happy,Happy
NEW_7d4cf13830fe8b187a06f0beddd2e5390dbc75c2b718f80316bf8d5f11673c01,Happy,Happy,Happy
NEW_7d5f65e1723c421647908af9bae30629db7a8a60bd9429ea09a9c67da4129457,Depression,Depression,Depression
NEW_7d5f6d76e4f0a81af60821315c7f0bceae4e36492b74491c2e3474833ed27907,Depression,Depression,Depression
NEW_7d643747681611bdd8f6198a6a4a7a6356af28a3a206a63d147f044c43230b91,Happy,Happy,Happy
NEW_7d7183650989e21fe9537d064d4abe11e60e7b4b28047054476f7ef647864992,Depression,Depression,Depression
NEW_7d7c997c38887498be22149052809ae52f9d37674cdb2abf71764d5ce9379ff5,Happy,Happy,Happy
NEW_7d8c1fdd2cd65fe847249db116159feeac027be357d0ac7d3d50ba9057768221,Neutral,Happy,Happy
NEW_7d90b116a2da4d4929801cc547131acc176295e4d61c5b3989ac10e76e39a798,Happy,Happy,Happy
NEW_7d913fc8f143af8bfd35b539e665e7ac2c7896da8605b3131a7f4adb09db9d61,Happy,Happy,Happy
NEW_7d920c0351dcdce5ad16101daf153ae119b931c23cae41f2f0d032993cb788c9,Depression,Depression,Depression
NEW_7d93257b6dd9bff3dfe2a794a965beab1496479ddf9c32d6ddb807b4f6d756cb,Happy,Happy,Happy
NEW_7d93f104f05f8965f026be044d9179ebaf4d3d37ce0fb491bef03f9e6e7539b0,Depression,Depression,Depression
NEW_7d957f8dcccb94916c3ec4e30d1f8519ae6cd1a4cc54b40df12a9ceea9064a1b,Neutral,Neutral,Neutral
NEW_7da329fdffbc8aab6981d49e0f6a55f9ff41229c5ec8c3e1ae2b747af48e0b64,Neutral,Neutral,Neutral
NEW_7da7a04b611e34bc54a1dbbaf31107802376adc29beb4ecd3704af4be80a15c8,Happy,Happy,Happy
NEW_7dae9363a9f5824928f23b3d127a22bf3cf00b287ffe154ed27d94280b49f3ff,Depression,Depression,Depression
NEW_7db07e7f71e1432503fac66255753dcdbd5332be1d50e1ae6795ed437335c4dd,Happy,Happy,Happy
NEW_7db70d7644b2713803e6350d74ca874e8cbf3f95f0e22f7d15d56c3cc4b17372,Depression,Depression,Depression
NEW_7db97af17b9fb166ca9177d56fbbff19e1a2f2144377164c4e70ca0f5c964819,Depression,Depression,Depression
NEW_7dd6c451e83c7dbd3e427403bed596f74b438d30a138fe310ecf300f05614d0f,Neutral,Neutral,Neutral
NEW_7dec50e6281ed3b9b8a27d5ef344e01369615ba2190abc3b715e722cf207e063,Depression,Depression,Depression
NEW_7dfcaec219f99d86ff36b5a3cab655e37f8797c1d642560388635431964dc7c6,Happy,Happy,Happy
NEW_7dff4195e37364018c2322ab64bd07e715e420f5f01d8c2fcc8ae4e84dbc063b,Happy,Happy,Happy
NEW_7e040996ca6733c840320a7d89f28214e502ae5c05fbeb75a53dcb015104b406,Neutral,Neutral,Neutral
NEW_7e0b64f6c49c106035927616daafb87bc88539b5418140a3689fc232ad32e86d,Depression,Depression,Depression
NEW_7e121ba5bd1e63f77d5d681daec1255c3068584c9205bdc9bce0400a7fa57afe,Depression,Depression,Depression
NEW_7e2632cdce6c44a570dbe8b3fc21533202a22f8fe2c3722233b5dd503fa389d1,Neutral,Neutral,Neutral
NEW_7e48cfd6af2316abf14637417b657ba0aee75be4c1643a00a27225d0dc3acf19,Happy,Happy,Happy
NEW_7e4dc1821cd3f686c2f301eedba3dd64e5c24a4756a7c6389bdcfb4ddd3a0ebb,Depression,Depression,Depression
NEW_7e606ba3cf570e0bf169c4f0dae0c5a089f95c444f36de22d4685c904ee1d765,Depression,Depression,Depression
NEW_7e6428e1c6d73a5e5aff08ba93221a8857338962d3c1dc0df6fecd4cc1de344b,Happy,Happy,Happy
NEW_7e7123db337c1601ea26391529776cad05f5b27ecc57ed23cb6ecdd243d30596,Depression,Depression,Depression
NEW_7e84b06575c23ad33e19a223e560c20f905f925f80a327a1fb20455a9d712b3d,Neutral,Neutral,Neutral
NEW_7e880019677008451f29121ab9f3159b0e0b7a2b33e43d05b82bc3deefdadda3,Depression,Happy,Happy
NEW_7e8e640c4ed9cf2e8d4f9081c1c8c7ee1c69e7057163fb7318196b7450900dff,Happy,Happy,Happy
NEW_7e9226c8b28c8def1a37c56d8e1f2b0955f8681ae9e566592e1a86bfe169e887,Happy,Happy,Happy
NEW_7e947da9e736d2a676a4f2f0b2deeb1867d52a69a01dbf0f8a92d6f7a6159394,Neutral,Neutral,Neutral
NEW_7e9a39a57839308ed72ffe9b27055c15acf572d83a227daffe959d4e28f65fdd,Happy,Happy,Happy
NEW_7eaecc2a0ad97c0abd39f4428f28d663f911bda4cf189b017ddd99aae5d4f688,Happy,Happy,Happy
NEW_7eb4a81477bbdb3a4e1b8d307016189605a96f295a08f7b9b669331f7d902551,Happy,Happy,Happy
NEW_7eb4afc684d3e27633af36bd28d59de480f027cb887d0a494416349f230c4277,Depression,Depression,Depression
NEW_7eba81cdd9bd6a96a3e3e93603e5edffe9e617f8313c2aa8567f7687c9f52e26,Happy,Happy,Happy
NEW_7ec39cadfafe47da769fd7cad91d3d9af17464ffb8e9c42e48665b308f19857f,Neutral,Neutral,Neutral
NEW_7ec5819ff163fdcff7266c4e7d3bef2c4bb193de87a3dd1fabf2093620a59e42,Depression,Depression,Depression
NEW_7ec9bb23fa1976819923fc37877a57b512d34fb1069066522ffe591b67e77ef3,Neutral,Neutral,Neutral
NEW_7ecc87417c98ea6d4d4e9d1f700f1acc6b9cdf6e5864c3364c4d174aa24b953a,Happy,Happy,Happy
NEW_7ed049f3012b30f74d065e39086a0f4af9c6ddc6a87257887799e12f0e0574ae,Neutral,Neutral,Neutral
NEW_7ed31d4c0c28cd0a67c4efc362c1f27990bbde735e137be47733e0a359e134a8,Happy,Happy,Happy
NEW_7ed521a04eea29a58df73c36ea909b0bcfe7865e9efd745ce974e506bc94f6a4,Happy,Happy,Happy
NEW_7ed7b1977a6394cb79252ee40ab08cc5d29895b4ff16cb7a7dc5695da30cedd2,Neutral,Neutral,Neutral
NEW_7ef02563ddb2d59655de60d6e6a0a80a4d4d468456bf09a987c76a6c276e90bd,Happy,Happy,Happy
NEW_7efa55735da35c421bf6e7f26490c17c732482319fda8426242f253f7676d573,Depression,Depression,Depression
NEW_7efd5e108fd1117542569181400bca307ebf7378247c614d6e0e13e31c3cb223,Happy,Happy,Happy
NEW_7f007eb62ba147c3a32a9163e4b0ad579a8b8d3008bd33a29f08444ac452066b,Neutral,Neutral,Neutral
NEW_7f02db70c3305aec47397ea9cccccf770c2560a0799bb6f37cb6e1598f168f38,Depression,Depression,Depression
NEW_7f1440824b0b6d365a3a9b74bf581f9588882dcc2ebb2b866e6e5453f9d2e8b7,Depression,Depression,Depression
NEW_7f17000d7f481a1ab87ed8b8a8df802d2df8453aacecffbe53b110e209ba777a,Depression,Depression,Depression
NEW_7f17a1e6922926e9c1213952ac2a990a9b5cde499ffe295d3591d248dbd78863,Depression,Depression,Depression
NEW_7f189d462590cbd7fe7274853470bca5082205a4d957ec6fcc31d279378013a4,Neutral,Neutral,Neutral
NEW_7f19cf4133616a51c5ba479592f237a3626f9def2a96f93eae94c5ed0958521a,Depression,Depression,Depression
NEW_7f1d5a964bab81f5c9b63795b10f22f356bbeb72894746dcfaea22cd045077cd,Depression,Depression,Depression
NEW_7f288d6d176a2a6b28d736b3ee6fdd6c390a0b542b8be4eb4a8047b6fd0da84c,Happy,Happy,Happy
NEW_7f2fd7fe1a5f1b5c4f074a1ea9a84754c06c14fc1442350d3198dcfe20860e0e,Happy,Happy,Happy
NEW_7f31a9820c30caed2b03539b41ec5d9b8fb74d9f7b840e6868e2fa76085de204,Happy,Happy,Happy
NEW_7f35f74373d1ecb01da0009e89b900c11c4a8b598c88de5ed6615cf45fa61050,Happy,Happy,Happy
NEW_7f36b562b69224d5c873911a1c5f92c7f0c3b1d65e1dc996207d90b90d407b98,Neutral,Neutral,Neutral
NEW_7f3d8e81ca99c8ae7df91324c4c8f8e52fce6e8974f993544954a4d920cb661b,Happy,Happy,Happy
NEW_7f4610edc98cb9e9aa7a54892c52ea8d9413bcfb534e61905043306d39cbc530,Depression,Depression,Depression
NEW_7f4948549543516bef7c106989455e00f24cb4f56c8c4faace01f4da77e6175e,Neutral,Neutral,Neutral
NEW_7f4af7efe358dcccc8b177bad93b656d68d583e4522f76b43a22ef7c6307a8c2,Depression,Depression,Depression
NEW_7f4b8a1b56cadd8d60144ae9d540e7b72e30c4812a4d6b2e5590494383a5f9b3,Neutral,Neutral,Neutral
NEW_7f5a3786765827d8e725b20f8e89a73bbe1ce65445d3ad2580fc0f8a1d815328,Happy,Happy,Happy
NEW_7f5b8be0ee94a4154e9174fd7f50647f48da415b526a69e1c5cb58c237fb855b,Neutral,Neutral,Neutral
NEW_7f5bd5411ac96c111203179c4a4aeae0b7405d7ea391c4929ffbe33d777bf151,Depression,Depression,Depression
NEW_7f5f5c024e265c6501c9d2a7ce0cbae04772752b6452884980973725514813ee,Happy,Happy,Happy
NEW_7f62b9c867a2786cd5c87a4430945b3616b9a1ab5070916dfbe2dba0bcdbd5ba,Happy,Happy,Happy
NEW_7f642de3c62a8fd2b9c132757fb7b1713a0eef39c57267f2fecf718a50b52277,Happy,Happy,Happy
NEW_7f644dc2fa04b1cd7fe4f21e0d9764626affc7376e6026bab8131bb3de9fa389,Depression,Depression,Depression
NEW_7f6711ce32cee37b53aa30438bfcbfa551e76f431f70be83ede13d58a2e46d58,Depression,Happy,Happy
NEW_7f6a8208d954bbcab1796882146cb3f3c5e35b010d2db93e367de4f5ced91cc5,Depression,Depression,Depression
NEW_7f78b698cd16ef471ee79814ecf132eff4263a5067b9cdaca6226c0f97642f25,Depression,Depression,Depression
NEW_7f7b7b6c9089bad4c065a8d0d2b5a2e2faa5144bafcb15ed694ead89fa61aca5,Happy,Happy,Happy
NEW_7f7dd84ce72e643bb203a57880c21056c80311dd614dd85db7d971dfdcc9a856,Neutral,Neutral,Neutral
NEW_7f8059f7d58031f8ae72f27d137818f033c840dfcfbdddf84a53743426a455c5,Neutral,Neutral,Neutral
NEW_7f85c98665a20c744c40150cc922405641bfd7fdbf2e415d73a40ff7ae82acb4,Depression,Depression,Depression
NEW_7f89747ccac31f5f1b6d5a58e730145e2196fe5cd2c05e51b5ae736d809bf04f,Happy,Happy,Happy
NEW_7f8a3b77cc29f6e6463d8136ca6f3cc5ca44e605820e623aeb6689e55959e0ad,Happy,Happy,Happy
NEW_7f92026467bee2ebdda552abc9353d243b15a41eeb833f55252c644c79d6331e,Depression,Depression,Depression
NEW_7f97fd7980e8bcfc1c0efcbd0a108cd76bca2efd360c1c469183ba143a369113,Neutral,Neutral,Neutral
NEW_7fa6f997713e5e6feb781a666bb2132f3e614b9c8376944d690b19824b2f0c84,Neutral,Neutral,Neutral
NEW_7fa890c6b6bbb5b75a32151b7dab192f2c42074e9d4c950a167cd2ac959e3849,Neutral,Neutral,Neutral
NEW_7faad080f89043397b040c8b79cbb9a707ea77b057d8b941d1b771c5c62d1512,Happy,Happy,Happy
NEW_7fab7c9234f7c93a8a4c1c9ea89bcac67422fce6edc57f34f3deb73e7f81b020,Depression,Depression,Depression
NEW_7faed7a08bccbe8db6c7491225ff5917e691a819e112c452b5734867d6b663e6,Neutral,Neutral,Neutral
NEW_7fbd07552bd60457c0fe241bc719ab8598a352ca25897485e578e4ab0cb05c2b,Neutral,Neutral,Neutral
NEW_7fc7000ea1054b93580a21cd470cae614f4b14440f1fdc5b36822efa0cc58976,Depression,Depression,Depression
NEW_7fcc25cea2b30bee3cf8b614e2c57d1056a642493cd177a4c23131ec79521103,Neutral,Neutral,Neutral
NEW_7fd13db92a6334f180abc7a524a2b88b545284a97860d1f3bc9eed1c88adf1dc,Neutral,Neutral,Neutral
NEW_7fd42d5ec90a4aad2f0175c11dc317a38d4b0d87965e2e466ee1d2e8e6033e85,Depression,Depression,Depression
NEW_7fdd2e7106780e177eb6df128c0dc544a105fe4b79f4c2f85181eb3cec08d11f,Neutral,Neutral,Neutral
NEW_7fdf4c9212327853d13c37ced74cbda5185054c1d5c96a586964fbe006727de5,Neutral,Neutral,Neutral
NEW_7fe3c0ea0b3322f317c70cc4f661508113d9e8555ede4b357eb30f3cae5a1fb1,Happy,Happy,Happy
NEW_7feb3cdedc91f4a611f6748be8d463322ce457ebf5bc4a8b9cd2bd5f071103c4,Neutral,Neutral,Neutral
NEW_7fecc902222895ee63c38172508989537ad690067cf5bd7f191fbc84759a0217,Happy,Happy,Happy
NEW_7ff027c6c94728497648ac7a794a75e1887a0884970b2088f774d157af271078,Happy,Happy,Happy
NEW_7ff23e02fef5a8adf722258c00e53c9d0f20b6150c54b949d25b4106e49cc7b4,Neutral,Neutral,Neutral
NEW_7ffc75acc0eb715274961fb8dbf6b53c53c33b09140afffd3ff2e3b6b36ed0c8,Neutral,Neutral,Neutral
NEW_800406534feeeaee19f7f232d150b230109d314ff9347d27fb0ac9a0573ae8a7,Depression,Depression,Depression
NEW_800e4322292832d8340a24377e54ac7aa4085fe61b69f92cf188e9ec8cb5fde0,Neutral,Neutral,Neutral
NEW_8012bb0e6e33fe4f17b20fe1de9b73a99a3677e67ba8f0d7582a0c3b30ec4b72,Depression,Depression,Depression
NEW_801727284f064c4729101ee0ff67e605c909dc1d223fb6126ccecb8851169b9f,Depression,Depression,Depression
NEW_802fa73926171bb6e19232f6b694d76f4d1b7446e95ca12cdc5a4bee0460ce58,Depression,Depression,Depression
NEW_8036b2d36c72527a3d078f97c5667b36ae225c9d8262c26ee8781a27765a56ad,Neutral,Neutral,Neutral
NEW_8036c683aed281066adb40a191afca5900f0493ff7d0afc6025c4eb031c00864,Neutral,Neutral,Neutral
NEW_80387ae580004370825e3f6236b5c863dbcbc38c1c4201a9466d122cd604969c,Depression,Depression,Depression
NEW_803b4ed6f6d5f7a0eb2f6f5f313e730445773fff6c8ce821092c9dd4285573a9,Depression,Depression,Depression
NEW_803db65e55531690237c990539cf778daf0deac61757ad2924642925ac011c23,Neutral,Neutral,Neutral
NEW_8042ca7e868dafd6e1d7a3505db2e594119e91784d2ef376480525142a0df7d0,Happy,Happy,Happy
NEW_80476d56cabc902bb350673f386d93139ced5a6986cf874cc08000625435a486,Depression,Depression,Depression
NEW_80493129ca418048cc7f31d807fe21edcbec32898c1ba6620b2a180380f71efc,Neutral,Neutral,Neutral
NEW_804b389fbd584cc3d8ead83973129c3f5fab8ab1547f43226f4d27121d75f13c,Depression,Depression,Depression
NEW_804c6feeb629e3368c4789647374a66b1d14058d82dede6e34d8da8efab01d73,Happy,Happy,Happy
NEW_8052d70197ef3c001c67660bef0353182529d81d26aa91b3ab15905b5f0fbf82,Neutral,Neutral,Neutral
NEW_805380fca3f670b2baa7295623c7d877cd2186523d36e7c5857cf984ee5cf29e,Happy,Happy,Happy
NEW_8053ccb436214fb75b902e774a67284eeafc385f5e9c0da4001d542c29507629,Neutral,Neutral,Neutral
NEW_8057398e0cb16bfef97cb42e44f2aab22ae28b0c41c28d3d131954aa15046e11,Neutral,Neutral,Neutral
NEW_805edaab73bfe145a3ef643404f9edd8ff8ec73f17adef89116d648e3827245b,Depression,Depression,Depression
NEW_806095cb25887561bd2da0180b6553231e07212d1f8789b792777d0344188cb6,Happy,Happy,Happy
NEW_80609ef10a19055a7a5f0b98b68ef5eb3deb4cf467197c3d3b9719ad29526de3,Happy,Happy,Happy
NEW_806263159f7f45217d74255eca9067eafc4840e5833bf93eb4228b01c3439d13,Depression,Depression,Depression
NEW_806bfcb5c49a86092bfcf55bd63ce2c4e8bbfb3e19d5b85455ca0628b9201062,Depression,Depression,Depression
NEW_80719309171aa7e2c03f23214de28a2b2ead91e79a40a110017b5d45ce2b6e28,Neutral,Neutral,Neutral
NEW_807a91d2f70573286937d4f6e55e10ea3d031769bf1eb6495ae5fe90c621fa4a,Happy,Happy,Happy
NEW_807ef4998fb8823b7d8f4e5b7ae7af6d7b3a8ad886528166a2ee69897ba8817d,Depression,Depression,Depression
NEW_80849faae538698eed060bd5124fb8730e0ccb12e5eefe0feae22260c37e2c33,Happy,Happy,Happy
NEW_808c0cbcff60d7a50c7708cad754d0858a883cce6be8a1e3bc3bcf8970e5ffef,Neutral,Neutral,Neutral
NEW_80976412bb0fb867602f625677ffe1a64999f8fd36abf701aafdfbba54b9d89c,Depression,Depression,Depression
NEW_809e9199138a8974686369641f8767a0724619275f155025006e847de4ebf633,Happy,Happy,Happy
NEW_80a691c945ace8255e6533f497a1112fef5ac90d1360df8263ddea7a9830d992,Depression,Depression,Depression
NEW_80a769da462f20beecff39726779947ce9b825ce1e5c7e30ea525f1eaa410e49,Neutral,Neutral,Neutral
NEW_80aa6349ab25f54a64a4cd73eaaca36cb7fcbe88215d80b39cc3a739c2b2ad8f,Happy,Happy,Happy
NEW_80ad1c0aef200b33e71b9f24fa24bb382031834a7697c5fc742ca91e8ecab4a5,Depression,Depression,Depression
NEW_80b28b58ba071c51947f1441dcf56da042acf51b939d2c353d1d0af012958566,Depression,Depression,Depression
NEW_80c043c765bbae39e5f5e1eb2a35d1ad53afcd82b1e1d4e477c18a6824179c86,Neutral,Neutral,Neutral
NEW_80c42b1f2019fc2c8ae18f7069812dbb4c3f30628943b3c1bb829f601b4eb22c,Neutral,Neutral,Neutral
NEW_80f7d6e08df2b7eb830f03ca79d2f16b48047e28f4a52a9e7f92c8192e9c9f22,Happy,Happy,Happy
NEW_80f8e533b69f8f07896ccf5c3076514ac71aa6ba6ac25d2c939ce2f88187f270,Neutral,Neutral,Neutral
NEW_810486add28e5cbc70b957bd2f9326f204d17b465327b79f1aa175790b98bc82,Neutral,Neutral,Neutral
NEW_810e010a28bd05442d9b87204e501677a1f24478ef356b3d3be7d75a1826cf68,Happy,Happy,Happy
NEW_810f62ed9bc608107b43545056efa28b8c64ff8ab08f367ef615f0c3de810ba0,Happy,Happy,Happy
NEW_81126b617a186e9a7d9c455b91488e7ffa6d0246049e28e8316af5326acaf26e,Neutral,Neutral,Neutral
NEW_8115560fffa805df39d5ce7945a188cc1caafbf0b0557a6ead1defcbf8dec875,Neutral,Neutral,Neutral
NEW_811ecd24b1f99743669b2e2a5faecf3afe4698f8e17e95293e3ca1bb9d83f2ed,Neutral,Neutral,Neutral
NEW_811ff599dc980d408906f2d3ea54bd5be58a05c1cfd089293be5d821d007428e,Happy,Happy,Happy
NEW_81261c66cd0ef54e9f761bbd56b874aace336e94a3e8755264040619fb754796,Happy,Happy,Happy
NEW_81267bfe52f22a18a1aadb91779283d105bb425c470c67b41bf50dc39bb097b7,Depression,Depression,Depression
NEW_8130e0c04a172b244fa4054a45c07e56fd405ce98d9e7db0f0f2276fd8384722,Happy,Happy,Happy
NEW_813d640ba6e416d03323acfde038a6909f8022fd592b2bbe434bb46d6d7cf456,Happy,Happy,Happy
NEW_813f488618130e540a42f85813f8e970678b75ac494e998b05d969f90df29c2c,Happy,Happy,Happy
NEW_81413daeb559d6d901ed937ca88018cf79280b6b9193ccbc92bfe9c4ada21ce9,Depression,Depression,Depression
NEW_8143c8e1114f537f4b4ebb50e716d5334ddf3b5cc09dcae626d06bf0010df9fe,Depression,Depression,Depression
NEW_8156eec7ec692a60cc55e13cac39ed000813432866459de6ccb0c44e05a66012,Depression,Depression,Depression
NEW_816a97bbe8bad49334604c02c18150b9be4d5d05963d8d1361ad0b003398d4bb,Neutral,Neutral,Neutral
NEW_816e684a39437919d5421e6db11471301c4b78baefafc5b511bef9ae86ba07bd,Happy,Happy,Happy
NEW_8177f50a918eb307cbed60ae1cdba2e558a55d5828f6f688694f1653ed351d52,Neutral,Neutral,Neutral
NEW_8180d0252badb97d5028b1fbf7c043e4b648d899938725901050a647f3755778,Happy,Happy,Happy
NEW_8187f73747cf8b95b8756229c2fbe7dcdcad30c0f492c248fc49089ea3b49463,Happy,Happy,Happy
NEW_818848e33455a066fbc7cf47715d67dcbc1be191552c544b3e173ef9d1affc4e,Neutral,Neutral,Neutral
NEW_818df6b37f98a709cf20cbab1c63d8026e1b52a45e9be2cf1fd99482bdd2cfa6,Depression,Depression,Depression
NEW_8190b39171ac2fd81f7393a5511d14c61aa80362d21395d3544dc4a3fdd5c8cf,Happy,Happy,Happy
NEW_8194cef100cf0a9da6897195bba6f48c4e2e2af96c780d8870c4b0b16d3397d0,Happy,Happy,Happy
NEW_8197c6defee545481ca67b7cc3394a7b63e2859eed40a0d6e99cf30f17304562,Happy,Happy,Happy
NEW_8198223095e4d214c4f6d6b34682b2a62b1162716676e6b00e62b57161908444,Happy,Happy,Happy
NEW_81a0523f6d7137856c282333da7c66fdbbefe4396b55d7ca5540776e99a9674d,Neutral,Neutral,Neutral
NEW_81a3453f9e00157e3d4b8c8b140d12c077c78b70ad267391f622648145f268ef,Happy,Happy,Happy
NEW_81a37cec4077a4922149dbf359aac8ad598f65ce8e92984d4889efbc96bea34c,Depression,Depression,Depression
NEW_81ae1c986b3970fe7f9e17f6a5c5f6dc7ab044540695a60e659396e595876d83,Happy,Happy,Happy
NEW_81b28d3ddf766a0abc70dd49d034b3e41dd265e93e0c84c9af51dcfc19494e85,Neutral,Neutral,Neutral
NEW_81bd391f8a358b67c0e3a52aa31b384a1d33331cb2f6743420b8ccd1422b74e5,Happy,Happy,Happy
NEW_81c361c78318e268c9fa3a83ef2f75f460315de5af3988d9909c771b2e5cc257,Happy,Happy,Happy
NEW_81c36ffd1d521d3289c997ee3240453654a50f965032da83ba998097230b0170,Happy,Happy,Happy
NEW_81c798fe3920ccc277c2f9e2e2b3d32ea1b252b21c8154acae437de714026ae3,Depression,Depression,Depression
NEW_81c7c1fbc96a60e6c905bc8e4ba851b909a6594d9ae4808057c8456061e4e628,Happy,Happy,Happy
NEW_81cd67e68cf8a5f1e553eb9d99e98604e680b36d2cd069e6d6d00780777460d1,Happy,Happy,Happy
NEW_81d333a73edef19e68376a2d9076fe1e911f2b419045843d26e01644034a8e35,Neutral,Neutral,Neutral
NEW_81d9efbe9aa28141c5b8e1bcb23a2b3e2e94ab049064e5939a9f8f4781247ac6,Neutral,Neutral,Neutral
NEW_81dc11d69ba902ab0b22005a0a04676b4d3f9165a5e8cbd035e0547d9631b9fe,Depression,Depression,Depression
NEW_81defeadb49c819587a372a48c0663a4dfc1dc594760cdf9bf48ab29826a2e84,Neutral,Neutral,Neutral
NEW_81e179cc685c7e7e5745cb506a573e80d2510f1d4b529a6997db56d9b9d38223,Happy,Happy,Happy
NEW_81f59d71370c6e9122f9621656de9362e8984bd7692f1cc08d07e055b0818410,Neutral,Neutral,Neutral
NEW_81f88d716000e79c80d69fd2bf3b3a12a3ac645d33fcd160101184d5bd890e78,Happy,Happy,Happy
NEW_81fb115ff7c734faae3668040b5599ccc8a311ff47bc1c5a03f2b02c33e3b49c,Happy,Happy,Happy
NEW_81fdad811d77a5ca406ae5e236b92ab003f9b2f6517f392d6c5c1041c21c88c9,Depression,Happy,Happy
NEW_8207947e13545d57e9ff9b1e5ff42e5e85fe08099c030f33a9734853cbdf64f4,Neutral,Neutral,Neutral
NEW_820f62ac7f944b83aadedb47bc1625b084ff6140af269ab0d8822472154a894f,Happy,Happy,Happy
NEW_8214f9470b0d29999d51c0664a25c55fbf2579896bc9c93d759b97252e1413bb,Neutral,Neutral,Neutral
NEW_82191d80993a3c1e2f66ae5d5fdc5eeb9d2d6044246e9bc402a15a1e7346f3fe,Neutral,Neutral,Neutral
NEW_821bc9363111e1c5b898d59a82a5a3f987da710005454c5804e3cec93f3abdb2,Depression,Depression,Depression
NEW_821bdf01522cdf64eeb9e4d7e6bc18d07f4b4d9c9af6829be79c370b675d5336,Neutral,Neutral,Neutral
NEW_821c370af89d740526a25e775a80c9b271c7e7fc4992f24203791dda8a000a03,Happy,Happy,Happy
NEW_8222fda3182573622bc8df09daff654249ef69b8cd5bcbb493ef6d29e7034d56,Depression,Depression,Depression
NEW_8230a2bdba4fef3c00c0f3e2dcfd01c01b21587db4290d90adeebb6ac24683b1,Depression,Depression,Depression
NEW_823537a0ac1c8a0d688b8435258f94cf9ff67d01c852975a5b22f5447fce44a5,Depression,Depression,Depression
NEW_823887ba3f104917a39fca7ff4747339909258183c91057b29673989cea612d6,Happy,Happy,Happy
NEW_823c56d9f5727f4fb27851a05d549adaf53b70ea0ad9ec17d218806a51106de3,Happy,Happy,Happy
NEW_8247523e3f3756a2ccf4047b15f6044ee232fed781a4138339bee2c8da5431e4,Happy,Happy,Happy
NEW_824a0e46405fc88769a15934a181dda206da55c1092b4c22a4dd70719540de24,Neutral,Neutral,Neutral
NEW_824bbfc8b8f6d66ee9e29c90c60b1f71b4c8a36f84fd89ea02e99701afc19a25,Neutral,Neutral,Neutral
NEW_825863e9e4b7b0f451984b1e7f4bef3202894b5ff192fc5001e5d6de7970fd60,Neutral,Neutral,Neutral
NEW_827eaad451dce3ad7f9437a380968edf8de42c77833219a45972f6012ed32476,Happy,Happy,Happy
NEW_827f7bb069be316574ba4bf63a0133fc8e28ed2aec7bd3dad7390859a36a4439,Happy,Happy,Happy
NEW_82842d59cbd173b0c3c7bbbee36cbcb2b48d65d29080534b355cdd17f6eba009,Happy,Happy,Happy
NEW_8284c1b3f631c020c3a83bd0e288701c7ce35de72f135b4de43221a798175bd0,Depression,Depression,Depression
NEW_8295e1de59c9339af188fc7c806012cb2336ec999fe2a25560fe62cd24008087,Happy,Happy,Happy
NEW_82961fe0bf3ba186bb5da1ff135df5a133d5e29c7d6407a042c86f0bb2420f5c,Depression,Depression,Depression
NEW_829627c5abb0b863d6f962b096fe0bcf869d61292ba3763fb7c963884845c27d,Depression,Depression,Depression
NEW_8296431eda010a3a9d4f8bccbf14a0a91e22325cc48b31e998fe2a37350c33ae,Depression,Depression,Depression
NEW_8296e9cd6c45ff4ad121c565d64f3076a82890b2111cfe0fc3c10d1845cd3843,Happy,Happy,Happy
NEW_82a05143d6dc38b4fbd46d5222b4d0f60e360709cea0edfc5eb4c1848e8d32da,Depression,Depression,Depression
NEW_82ac5117c9ecb4b6f1bb74cbaf5396c284270899c34a530424507cfe545068e4,Happy,Happy,Happy
NEW_82af3565f2d6bb308cd040f4e70417989498d455d1ff72ccbaf3666e2c439ebb,Neutral,Neutral,Neutral
NEW_82b3f8592761281a852d7ccc3ba7f3088b4cc54ad07bfda9aac7ba8f72eaf22c,Neutral,Neutral,Neutral
NEW_82b626b82a704a82dcd02bcbe3413c435fe4043a3e8999c66e0497ecabe8b41e,Happy,Happy,Happy
NEW_82c7b389023e7ac8058ca94f80c144071c88829401a2013287e2f6be26f28961,Happy,Happy,Happy
NEW_82cdc948414f1ed5621b402deb1060ec1b7ff059b2932fac16955a4d0de5ac97,Happy,Happy,Happy
NEW_82ced090ac8d7d69d08f988a55c371646f4837738c512767efa9c26b72e4cfbf,Neutral,Neutral,Neutral
NEW_82cee135841f5b330738b1c0e188bc912c1ecfd47d8de07cdc31f4651d6f59ec,Neutral,Neutral,Neutral
NEW_82cff3d164ac5dc847e6633986dc1eec7238fe2dfa566e11a7dd0768d4446acd,Happy,Happy,Happy
NEW_82d03bf7708b6615a635f8c20e834674108a0881449be0c190cbf84108aafb8d,Depression,Depression,Depression
NEW_82d327db14415b84ce0be41729c19dbb830fb0411dc9764ff7aaf894d48f6af4,Depression,Depression,Depression
NEW_82dbdb94032daf97813aad3138fdd3e8a030e280f7299432cf0adba592776153,Depression,Depression,Depression
NEW_82df39f6dbf941677de74bbc8d63bc6f079920e100f40a3788637d6eed5c2ef4,Happy,Happy,Happy
NEW_82e79668d047424635be1ff33cfbb8b07ef5afb7fef7035a7c7d024b384973f0,Depression,Depression,Depression
NEW_82fe93ad9f956dec11866f5dd29d5a822bad4ee76a3e2d53ff971e7f593d6d71,Neutral,Neutral,Neutral
NEW_8304b40bb72ea6ab237fa23ffed60a1908ffdb1bb8fec566605414a514dbb8e1,Depression,Depression,Depression
NEW_83082dfce0dea375866bb85eb676a79a2c551ecfde43d690dbdbaa53b38a181d,Happy,Happy,Happy
NEW_8311b4f21d49b42b98eb8ab1f2f507fcb1f71bd0e73eead00b884961257da18f,Neutral,Neutral,Neutral
NEW_831c4075f46ec84dc7f05770ed22ed865d49402fe751c05654bf6784430d9d26,Happy,Happy,Happy
NEW_832f9eeeeadea429fcac09ab9732585a7a545b35cadef2b1fe8bc6606aff3a78,Neutral,Neutral,Neutral
NEW_833d3fb3342070c7f9baf4e4b51c48df9c223e3418b2add4a311fed7bf8381f2,Depression,Depression,Depression
NEW_835418732e007ec4db47b8ec496f453eaaa15ce402f1bc01e2d67f1dcac6c6b3,Neutral,Neutral,Neutral
NEW_835cb870453a554db0634e4b7448391da4af0cc5c17ffb953bb173d944a8892e,Depression,Depression,Depression
NEW_8363316abaefa746b65e01feeacc172969cf581ce43614ad7cc6d1eaf2b745f7,Happy,Happy,Happy
NEW_8366bc4083b0cc5e1437ca801a8af898d7f9890db019e34b2492b5e5aea7480b,Neutral,Neutral,Neutral
NEW_836acb8251821b05f5e5b0f330783d3ea5692e593ceab6adaa7066c23ec50cca,Happy,Happy,Happy
NEW_837926a10afe0dfc6cfd328d7db5fdaec3144d366897074c82463e9975b44fef,Depression,Depression,Depression
NEW_83814efdfe18c6e9c8dc98d1d7725232855fdcfbd75a3810e1cd008b1918184c,Happy,Happy,Happy
NEW_838ada7b400b48be419b0a5e505be2d5ac6e534b740120d82b716948ca403148,Happy,Depression,Depression
NEW_838ec9bb274c5e9a29aa614cd43e140c0e1df6d367181004a65f6d4c713c8fba,Happy,Happy,Happy
NEW_838ef95ccb4791acbe86e31247641f63fc012115cec345b57ce386b44811f3e3,Happy,Happy,Happy
NEW_839143f794978d668465a387991aa010709502fbfa508275d6cc42463322037e,Neutral,Neutral,Neutral
NEW_83970b5d74b76dc89b1aaabfbe91e205d4aacd70db19d107070288fbcd746f9a,Depression,Depression,Depression
NEW_839ea78b0e1157f473c6451c6a5843a22d27e4221c99d8ca22e0647dfc5f3500,Happy,Happy,Happy
NEW_83a3b9e2d3e1bd7c2b5bd447a588990d3bf95103754830689972330bc7db7000,Neutral,Neutral,Neutral
NEW_83a9af8c3f35cca6349003343e1377f2fa15feb06d2f1e9594dbff74c52ffa48,Happy,Happy,Happy
NEW_83ba459b3c13857c9abbc6ae6c264e9bf5116e270b2f1faef1b6751d3f5b7fec,Depression,Depression,Depression
NEW_83bf267b9eaf4ad513479143fd71aecbbe6f744de4f82d8ebdff8a91de388816,Neutral,Neutral,Neutral
NEW_83c047bd021fa035565b26be7f6d6c6aee17202765152eaec0bfea2a39047e04,Neutral,Depression,Depression
NEW_83d333cbbe99516d24109e9e2c873ab25ae6992f57c4fe70494a76093f759a76,Depression,Depression,Depression
NEW_83d48d9a958bf95f4489f6faeaa79de6702bdd1953998afcd9e03c9677e135f4,Happy,Happy,Happy
NEW_83d951a9e60f169bc93d165ab19c1e8ee6b3b1241cb12f26e78aba744b54aece,Depression,Depression,Depression
NEW_83de4e53e0d2a96a2541cacfa5764ac26fcb56e4c6824c8bf745d7a89831f884,Depression,Depression,Depression
NEW_83e45139231778e45b0deadb698383285cc7b4643c1ec977e1b021a59510eea9,Happy,Happy,Happy
NEW_83ed169dd17368d51f1fc55d9b8fd38a5cf14e3411e62406b2e39877947d1179,Happy,Happy,Happy
NEW_83f5233daf062cd6a01b015ffccf28eebb552d2884c47161e4e53043f33fe4d1,Happy,Happy,Happy
NEW_83fefd009b6b5f4f82f7bc44e16d61c76494e6ca1d7feefb7d5d65debcd5dd2f,Depression,Depression,Depression
NEW_84011aeea1ce2e0a60238f4080c2814608d1984a9e51284d8ab416eb9de59dc4,Neutral,Neutral,Neutral
NEW_8401c37cd8462c48e2691f484acad7a16dbaed3ca25c7b0f1b040624c7b401ff,Neutral,Neutral,Neutral
NEW_8406e9071229d10e0bd542dee21b5923b0f563e3b5b3cef8e2c3061a5fc2dbe8,Depression,Depression,Depression
NEW_8420ed75cc8a26a451f9c6228d02c48380f54f6a6dc11a050b67f3285785ce22,Neutral,Neutral,Neutral
NEW_84237e8065b161d8203a85172f0f97896a3d93ca54dc6f1d198f91eebcdd9ebd,Happy,Happy,Happy
NEW_842b6c8562132bc014eb4340c6aa4046866f699a048d5b87a8fcc639791ff8f0,Happy,Happy,Happy
NEW_8436241777d20a0121d3d94671d9f095a9dbce5fd41c3238020f3cdbe47cbbd4,Depression,Depression,Depression
NEW_8438d388802639537de51993db9210eae1887bea8f37defe228aa177a3ff58b1,Happy,Happy,Happy
NEW_843ee9e78632bc378b95a3abb2b01f7a2e9d2f1b2836f746edef078301943a6e,Neutral,Neutral,Neutral
NEW_844588cabc679c3334bf6c20e95cf69989bb0a2d4d5a789e92d0b65ed66fa674,Depression,Depression,Depression
NEW_845ae85aa6288936c09e95ab335cb93d86128300f4a456e77bbb5f68ef63d28f,Neutral,Neutral,Neutral
NEW_845d03e8c6aae49b27f1195ef5c59fc5e5b276f7272b1c545e869237f8b2e584,Neutral,Neutral,Neutral
NEW_84620555f2dc03fbf37bc580051b6ff7a47b64a2acdae774a7de22044b5e8789,Neutral,Neutral,Neutral
NEW_8462e7d6f7a90e832e5a0bde69018fa95727a1cf85890b9d0072c161ea731150,Neutral,Neutral,Neutral
NEW_847162690bb56cbea20da7b3ac4451ba18ada9c92da2252152732d530ed824e8,Neutral,Neutral,Neutral
NEW_847250cffb7c70096921fad26e4337da2e677ff049a444c32108777f3d234add,Depression,Happy,Happy
NEW_848415db149a0caae8691af96d0bc4732ae5891ae0463afad8fe66ca0d4ad364,Neutral,Neutral,Neutral
NEW_8488ffa188b869bef3524bd4ec47e6e7e9124e18924536d0a1d1554670353132,Depression,Depression,Depression
NEW_8491fa672a7c732d4ccc9e12b04ace6ba353bc49ee8bd0d044adb34e7d15234b,Happy,Happy,Happy
NEW_8493dd3901340265fb8bc148495ec3475fde70eeae905a16fe90ff233e4414f2,Depression,Depression,Depression
NEW_8494ab97ebaf214b9fe28c17face7702860f8f65be925c634c3c8b89e159b1b2,Happy,Happy,Happy
NEW_84a2af34c60c13ab1beff050dd6d6b40eecea8accb6dd83013290154639e40db,Depression,Depression,Depression
NEW_84ac00690fe34cb301f9a1b4a19fa112662723f480b835e51f1bd64d3cf00efb,Happy,Happy,Happy
NEW_84acfd3e93defc63f22324d16859e9ebe9539549c5210b2cc828bb4d5e44093a,Depression,Depression,Depression
NEW_84b671f255b757a3660ded9c769c5f8becdf137ef47de392d85063e1689d3d8a,Neutral,Neutral,Neutral
NEW_84c0ab1b88a92f86fc0191b5dae09412ec1325ad7bb009971a2eedfaa6722be5,Happy,Happy,Happy
NEW_84c5d1e20918dac3f39bbbb258fb34601b44151439ca4c0ff93877964efcf0c9,Neutral,Neutral,Neutral
NEW_84ca3581d11cbe5287118bd5156cb0a433eecaff3c2ceae1e046cf8f855b86c6,Happy,Happy,Happy
NEW_84cc115aec638105645c858c1bf0e772f65c3f8e1343cb43b6bd067ed953c7c4,Happy,Happy,Happy
NEW_84cec3f8b242c8c20506918999008d6cae2ddf2fbb32157a16f30f0da38a1e16,Happy,Happy,Happy
NEW_84cf8e0580cd89b9e652fe10b9c0bfb420f043af1d7f546d17c4e4b00a3142d9,Neutral,Neutral,Neutral
NEW_84d15404dab1ec2aa266d30a226b8104be9d3b3ec1fc553b3af159414a51bf71,Depression,Depression,Depression
NEW_84d3e33f562de7b2a5893d65ef08de4e63a293d9e86545c3c6eaedc5339f1a0a,Depression,Depression,Depression
NEW_84d6f6ae3685aaa2400b556a1ebabfde81ebe3b595aa07bccfd02e767f254936,Depression,Depression,Depression
NEW_84eb7251f63509d625dafc9bfe857e3b250808b7065c6e8eb1588151d8ae9b46,Neutral,Neutral,Neutral
NEW_84f3724508be2d0f19a53a4aca4cde76218a4776b9a4b3ae14a1fb045fe06058,Happy,Happy,Happy
NEW_84f4843117fda51f83bf9b558d266cceb68d4eb61f7309e9309c56145fefbaeb,Happy,Happy,Happy
NEW_8500ab01fe7c888fe0dd7117f0a24d2eac53f8b0a178f0f207781f6e2585b6a1,Depression,Depression,Depression
NEW_8501a8a22f1c5530daaefb4a8130e2449782161042526e817c9b21e0745d5e1d,Depression,Depression,Depression
NEW_8518812d9126acd58eb4971c07a21c48ff1fa3fb8a9cd865f2ab17043a872c64,Depression,Depression,Depression
NEW_8526c5045fcd6fba507ac3b728f1268e5367906c04ae5086ed74f5c6f6495bc2,Happy,Happy,Happy
NEW_852acc72b234e0a7143998a0efc39f0bb9fea393e72631bb954606900e969bcb,Neutral,Neutral,Neutral
NEW_852ba3092cc10b0d2efaf3abfd5525cb5cf3cf9df6881b8769871bc268e78407,Happy,Happy,Happy
NEW_852d6bd5536ce3d51d2c425f8f2450d0b408dc6bb42a815863a6d2af50cc1924,Depression,Depression,Depression
NEW_8530e4581b21c2dcb73b640fcb45bcaaedac1fad8111edc5bd8c5f9ea102e609,Depression,Depression,Depression
NEW_8532b906716bc35db8df5f9dd11f37eb0f56caed2c9b7e6995831b1037d5ea14,Neutral,Neutral,Neutral
NEW_853a2c127e163f67920d13913fe04f4fbf2ebb7b97ba1c780e2c2795b5cc6273,Depression,Depression,Depression
NEW_853bbc1e811128cef81bcc843b4639d207e12453992071e3b05bf84b11768d4a,Happy,Happy,Happy
NEW_855b63381d837f0e2ec5f4c02a228f2166ed6ac4a6b7e8c02ed08faa6321ebf6,Depression,Depression,Depression
NEW_8561d30fa15d87c9e3798565bda674bcc5584472185342f10466a7394d499f4c,Neutral,Neutral,Neutral
NEW_856299e9c47de6099a7a093f2badbecd77ade09ebe23c397a307b8b983ae1d9b,Neutral,Neutral,Neutral
NEW_8565076a66af88c78c2b5b2dbd28cecaff965e552b9f6a2c6ea5922c59d47006,Happy,Happy,Happy
NEW_8566a28fa104861467cac4d092cec3648471d6270d4dbbb2c04cf04693f0d3bb,Neutral,Neutral,Neutral
NEW_857ed7f87d424a1a4d83d64d023d067cbd1cc5b1c2de63f6c175e974488bc211,Neutral,Neutral,Neutral
NEW_858f30a881bdb675832eca62cb6a8a3daca7f8f64751f8478f759e2597e97b7a,Neutral,Neutral,Neutral
NEW_8590e83c7242974a60667cef3ca4f2c8ed328bbd904df943039faa56cf523c6f,Depression,Depression,Depression
NEW_85935fe1b2fb6b70b73b1851d02369a99adab5e07125f36123c68e787e0e1515,Neutral,Neutral,Neutral
NEW_85978a2029606f7adeea2a091faedf1092ef2f98a2dfad119ecc3bbcfd4188ba,Happy,Happy,Happy
NEW_859829a3d9a29ebfcc728c5e96463a63373c62d8e28d5a2cbc466a91fbaf0598,Happy,Happy,Happy
NEW_85a0f0d3ced5dd8729bc62c3c140bf7f7c621304842c580d38206a3966a7b890,Depression,Depression,Depression
NEW_85a793e4fb3eb25ec27af193954e8af58e066f8b9883fd1fdec71365840ab80a,Happy,Happy,Happy
NEW_85a9b391e9a274e75e74025075130807de1de49f149bc2770552c84695976cff,Happy,Happy,Happy
NEW_85b4358299c50eb664d15449cec07b27b3d953b6c844f78e317d0842c1870edf,Neutral,Neutral,Neutral
NEW_85c5ecc952325b553dd4f8e48f1d8a323e4d500a1bf8aec7b23e25d97ea05b9e,Depression,Depression,Depression
NEW_85d306e32dec6eccb17fae012f55ac4717c80f8c9c6cfd901526cb56c43623c3,Happy,Happy,Happy
NEW_85d38cd87c1b4a10438a9b309f7635c1c4dd0752dafde88e0deac7272848b419,Happy,Happy,Happy
NEW_85d6374cdee456b2b4818f3e7a2ef7059c21dac8d9c755a91d979df335ac8ca1,Depression,Depression,Depression
NEW_85dd3c42f32cc8c1a68fbcfaad14ad4d71fa68a88fe5942678e67e78dac45b21,Happy,Happy,Happy
NEW_85e5a9ad68c769987b24b916c46b8212d6ba2e3179840229e728ceb0b7a08d19,Neutral,Neutral,Neutral
NEW_85ff78edb26f414285c8405df3fb3d9d7bd9d7a0934fff567e50dcc0e7e7e115,Happy,Happy,Happy
NEW_8600206e54d67b0572332d6d1393e42aa5cde57cefb1fe0a251ae0c10bfdeb1a,Neutral,Neutral,Neutral
NEW_860bcaf9926a86d2be585099f4e2d2931756f135d2e420cbeedc927940bb075f,Happy,Happy,Happy
NEW_86145f1c4df14d1fbee8fc24be11246cd197ac9fc33fee1f3c8770114f800e44,Depression,Depression,Depression
NEW_861b349e1f9a11ee6246acd97cea7b183870a7081ceffff0e856be6507d78cdb,Neutral,Neutral,Neutral
NEW_862373f1a2d6cc10278fff4bd643d0ec4098464a848fd79dd6250991f40e0d5d,Happy,Happy,Happy
NEW_86247e7ea65a77fd945eff1974952e113e44403325464b35ef29e947ee1ce347,Depression,Depression,Depression
NEW_86253cad787c5abe31c5438383803bd0d2f4c9fbc68826955231c68bb6118f1d,Happy,Happy,Happy
NEW_86282ee0ddbd7a5cfba724597f0de759db6037ef32d136bf1efe1da333845129,Depression,Depression,Depression
NEW_862b1383ffbb084ce2d9607eb4c124d7cdf6927e8ccc35e2bbf49066bb8ea9b5,Depression,Depression,Depression
NEW_862d78c3c0d3e83bffac184369b1e630c6b714f2cf14dc12b151173abf6b248d,Neutral,Neutral,Neutral
NEW_863cbc68a01c72e474fbdff8c5cd4d27fe026f49d637a80c928b1e5ae25a3201,Neutral,Neutral,Neutral
NEW_863e4d6cc0d3d159956084d5109ae0541febd1db871b5e997aff9d54038bd11a,Depression,Depression,Depression
NEW_864eba44d86187b62c1c8ece9fc044b73e726349f35943ff132d22858442cec7,Neutral,Neutral,Neutral
NEW_86550880337876a32a2760e4b013f207d6eb8f8097c2025351eb4802a79cd9cf,Depression,Depression,Depression
NEW_86605bb102659bdf48029b3e86d29893a5862988bef7db544ef7539575020a09,Neutral,Neutral,Neutral
NEW_867db3ef562d20903383321e6b4ac980409efa0b01a402fcc9caaefea5252f37,Happy,Happy,Happy
NEW_868135fa9e6d4390da651162ecd374f10e86cc05326bc6308824862cd983eae4,Neutral,Neutral,Neutral
NEW_869cd3a6dabc48b9af24c37fd1de3b92d87370d43b90286440d495904f28bf4b,Neutral,Neutral,Neutral
NEW_869fe801f2dcb4176f979c377bb1e00b8019e241b8f74f1f319c58e249d226a2,Depression,Happy,Happy
NEW_86a28cdc522da5b63952b0f362b1d8ab8f76d23bfd307c4e1b65fbf2d6959e08,Happy,Happy,Happy
NEW_86a2fadc3ebdf516e4b655d95bfb06cdf6b874599144c8b339d0bdca498fc141,Neutral,Neutral,Neutral
NEW_86ad81e77eb7c290f57b6fb742976230092bd281bbd85bd7d431b13a3bab2d92,Depression,Depression,Depression
NEW_86b298aa92c64635f22166231bd9b3ae23cc717e06b6556a34976f3f900427a7,Happy,Happy,Happy
NEW_86b4a776897543a54ec603e213fd257f28881baa688acf2ef6fc3776cba992ce,Neutral,Neutral,Neutral
NEW_86b80830a946980e7408016fdab10ce104d7902b7f9a3e8cfb4225c85e348525,Happy,Happy,Happy
NEW_86beb73f6ca843d78919cb9fbcfd15c85bd45ff0c8a005ba4b08d4ac615d863e,Neutral,Neutral,Neutral
NEW_86c83f284d45d7403bec6d6d84f9df0c71dfe82443731e1c5e69dbe1f35dbafb,Happy,Happy,Happy
NEW_86cf7e72f41361d0055f0600f4f9d2a1317530a31cb5c2436a6f03a3b86950e5,Depression,Depression,Depression
NEW_86ddc8aab0f9ee6d38795c072a3e7b20db95540df90231a85a5f96aa35da89bd,Depression,Depression,Depression
NEW_86e035578f13ea5d69b3159ca264952b08977956d1d75642db4d4cd3b7d111b4,Depression,Depression,Depression
NEW_86e1c2c1f8b8855a923b7a4b1a1b69bb9f9321675578d0f3ff7416890acfbd54,Depression,Depression,Depression
NEW_86ed98c3c8db651a34ab331ff55061ad9387be79b1a7cd6da56031ef3b36d2f1,Happy,Happy,Happy
NEW_86f7394efa6799090d2eeb5579b716f7edbb64ce8fdb6cc259259c43a3e8086b,Depression,Depression,Depression
NEW_870975ab9f2a3e465ee2de75ad542a3fbedce8e7b11e507012f6ea4cf7eedb72,Neutral,Neutral,Neutral
NEW_87156298864e691332aaecdebe037a18cae6cb0edfc1e21d71d1c367222e5a41,Happy,Happy,Happy
NEW_871c47a07bcd618d1b12510def0dc08c8f4fd757fe787c35b8a0029139c1d612,Depression,Depression,Depression
NEW_872f01ba39da59362444f36c55d07f74d088e7cf3956b0ba5e59a9ce0b027f08,Happy,Happy,Happy
NEW_873499ab5e190fa4e1b077f43b6b5117bbf438deb9b4825341dbe5064749156a,Neutral,Neutral,Neutral
NEW_87413c8bbc097b862265aff6385514ed761229f188911da6d664393eae2f7c18,Neutral,Neutral,Neutral
NEW_87442f14c7a8345f4ab58da40b98e60a40e079c69377598290a9622a2457fbd0,Happy,Happy,Happy
NEW_8754e4aacf78642caeeac4878d0b41f091483547522bccbe5cabce04d2264aa7,Depression,Depression,Depression
NEW_8766735d0b198d6780d8c4b138027727eddfbafad5bd0e6ba3f698c00decfee8,Happy,Happy,Happy
NEW_876d4248c1b214970e1370fa59bcc54a4b411509c7ac4ee302bed7cf2d3f1eff,Neutral,Neutral,Neutral
NEW_8771816ca090f22408bedbf36d6625f7c054e0fce8263ac6106e8156e255c1ed,Depression,Depression,Depression
NEW_8799063fdbec5294ab319e1412a2d440731a7e159b31d835de10923b43f5c1af,Happy,Happy,Happy
NEW_879ab67c372c03ee0b9cdc0e92d405e181ba92ca30e553ae93ae68fbeae229a2,Happy,Happy,Happy
NEW_879b2304bc9f55a167a439eec4952cabb8ac2a34f8872600b9036557cdfab1e7,Depression,Depression,Depression
NEW_87a9e79e8c5be58594a9d93462e110fce302a6e32ca31483f72a3127500df082,Neutral,Neutral,Neutral
NEW_87af90bbff3445cfefc15c80a1f04d5ed12efa851565d97b14ed04a18e1d65ab,Happy,Happy,Happy
NEW_87b44be45c7ad11cdf1fd6d3ac7fbfd0194420f9dcd7247398bf6a476bc8f8a8,Neutral,Neutral,Neutral
NEW_87cc677532a7a40d880224e8fbf5d2a9cf2cb4341300271d3c492e591e5c96f5,Happy,Happy,Happy
NEW_87d28a1dae02fb5c508674a9d420d450e3f842f0c46a1fd406b0431070805dca,Happy,Happy,Happy
NEW_87d677792556b52f924fca91de8768ecb129c4445fb8361dc8c5257032240d65,Neutral,Neutral,Neutral
NEW_87e1b04e70c9cf9876ffaa56dc69feeafceb1f76c0d904242bac63aae2b11408,Neutral,Neutral,Neutral
NEW_87e6bb173a1c0b0e012a72d3a58737ddf77f249e471f0db5b08ba291bfa6f823,Happy,Happy,Happy
NEW_87f1693248ea2ef28ec59017d698973eff1b14974b373eeda15c4fdba5f20bc2,Neutral,Neutral,Neutral
NEW_87f6ece5a0b15825a9d562f71e4e8eb25c0730c670d438a731821a51217aca0b,Happy,Happy,Happy
NEW_87fa446a7e9dde9748f1e7943a409a68d670f096b115aecee9bac428137c2dea,Neutral,Neutral,Neutral
NEW_8806bc2b898f277116a069adb109bea18cde8ed2bc9e4523cf9514684c9b3b85,Neutral,Neutral,Neutral
NEW_880b622ea541fbc778c0a3e891ea2e189a5cbd3117515ed74deb98ef26d28681,Happy,Happy,Happy
NEW_88152a15a14ffd881b42a96aa841b82f1ce88c083a3b5a4d0cc8d4010081ff3d,Happy,Happy,Happy
NEW_8820c82d5b97d8f12dba648d9a5a65c2f85a1c26ffbe8873aed2a941e4b66c79,Happy,Happy,Happy
NEW_8824bc60320d931239af503d084b31d71ec87b4c95c0650393f5a71452f87e3c,Depression,Depression,Depression
NEW_8825b0c806fab5b2a70048074b64270fbf0759e0182468d79571a264edf65971,Happy,Happy,Happy
NEW_882906628b1132c16105938e081f2db7630cd580963bc7d3112ff3c1936e8d86,Happy,Happy,Happy
NEW_8834f06bfc1820b166ac16b24d1209346d26dac5fd6b83be369ad5a85a6320ef,Depression,Depression,Depression
NEW_8837e64deaef6504815a3776b68048823d4cb873b1139fd71bc67c53528c1b23,Happy,Happy,Happy
NEW_883ce2c8022cd9f74a5a255788d1bb2f95f488bd8322aeee9d13e7c0cf6e9250,Depression,Depression,Depression
NEW_885252b21ca01cd0a8b3ba767181716a3a77eee8a37ddf27859d9ecc23090685,Happy,Happy,Happy
NEW_885767df905ce39933c8ae765e24c766e5f74472e235bfb7dfad9d8aa4500e10,Depression,Depression,Depression
NEW_885a73be1b970697beeb0469626b1ddd5faf3355595eaccd5ed357af43a5fc2f,Depression,Depression,Depression
NEW_885c55efec7f66802662d34c54e1ea9a4871650384d9e3ea8b8c71ab3b1cbb08,Depression,Depression,Depression
NEW_886223c1b6834f73c782d39315265997b08bd6fe488a0460c700f6a22254d966,Neutral,Neutral,Neutral
NEW_8867893857df59056d7cdfca1189a623a5546f6bf19d6235e0dcaeaee47cd1e1,Depression,Depression,Depression
NEW_88721656b29b0f621fd26e828ce0b26aa98163c67b1b0518a0367437437781a5,Depression,Depression,Depression
NEW_88725f5ab5f91a4d7e67cceef73bc767b199c908c8067eb8dfced759643d6f23,Depression,Depression,Depression
NEW_888cb55e51e6623524e83fe4525676af83e493075f505cbcb57328aa38736da4,Depression,Happy,Happy
NEW_888d3164d62395386c2d4fe70d11b5d511ca0482c28a2f4e7ef17c584ed6ed20,Depression,Depression,Depression
NEW_88bcdf74ec3d794dc729a7d9b8a18922ca738d8f24e4411f7b20bb510ea86e9d,Neutral,Neutral,Neutral
NEW_88c79dda765473c1131c56c2c75a870485993b84e64cc1b902683fcc0fb2eaa3,Happy,Happy,Happy
NEW_88d0a0a6b8b5f47aec550dad239646a9db306fe864e5f6cb13153667ddbac8b5,Depression,Depression,Depression
NEW_88d8dade420eb433bd5a1cc81a45f24af3e4f34a090fc95d125eafe3815ecb9e,Neutral,Happy,Happy
NEW_88d8f85e56e6a6bd982e46a9f7f564a688fcc28888f8a99bbc2875c7582f1e9d,Happy,Happy,Happy
NEW_88db322291afb52a2029fc4a2974bdaad92d6c405be09e5ff427793ba562f132,Depression,Depression,Depression
NEW_88e3eb0b5d46002336dba1129897f9c793573992070c7279b9196c93e7db60eb,Depression,Depression,Depression
NEW_88e51d01c15dc6ed49e86d390fbd1f6cf16e1258fb97d32f25002b3449ab3576,Happy,Happy,Happy
NEW_88e5fcf4708f710bbd5e4effcc6268bce2275d566717d1d346fca23762806359,Happy,Happy,Happy
NEW_88e8255bb64dbe3cc4ac374225622fb0ae8fafa086e82cef327d99047c5aba46,Happy,Happy,Happy
NEW_88e89b13fc6bc7bbfff815e149dbd128184df99529e158ebfb0898c5154aa23b,Happy,Happy,Happy
NEW_88e9294185394bf8f80c8026acd714f14491afd7ef503e8936f127cc2fa7fdef,Depression,Depression,Depression
NEW_88f02f9e36daa43bb3a0d22a05216a1172879a65b3ffd9329db56aebf9e60d82,Depression,Depression,Depression
NEW_890713380235f8d7877759c29a84b253da6d66ac8e9d7ed1945d70b9ac79a782,Depression,Depression,Depression
NEW_890890d06b3446d3df5d6faf9a602d8ab1c6f165f7678e10cb9e3ed5ced74807,Neutral,Neutral,Neutral
NEW_89122f20a42d8429cf4b1bed4da51e95d6143263cbaff09dd02daefa8e81decf,Neutral,Neutral,Neutral
NEW_891365d202eaecf63cfdd027a15acf97dd9c6ddb3ac8721e5c0fa3a4e36b8dcc,Happy,Happy,Happy
NEW_891715bd3317ee3de2fefa53f9747a2f8abc894e79c9718559b843726fb4b52d,Depression,Depression,Depression
NEW_891b2a58213e0400d153e53528484dceecfb3384aed3616146124a0fd7691b68,Happy,Happy,Happy
NEW_892270799f393c67d130da839669bed5549af8863110f08dd6ba3c69d8a1b532,Neutral,Neutral,Neutral
NEW_8931a9fc5bd49f01174a3be930e86bda0ed7a65d30c2059dc53e97b73b169b3b,Happy,Happy,Happy
NEW_8931c7c283cbbc8053069f513ea786535edc3a8768def2a08d598ec2eb201e5b,Neutral,Neutral,Neutral
NEW_8934afeb400a76a419434cc84661c15fa2f17e2781f2892414e9d572855601b1,Depression,Depression,Depression
NEW_89390478f52768b28e4059558824db64278970247842a9764b689a6271e58961,Happy,Happy,Happy
NEW_8943f5c6a478cf8aed2e1e6ac9264ae89d997c5a29e44adb7604e12da2dc0ae1,Neutral,Neutral,Neutral
NEW_894f6369ec1ec9dd703b9cbc4aaa79fea57d964135ad3f767222b71485a40c75,Happy,Happy,Happy
NEW_894f98ecb23cfd05dd2c36474d0db0fd27ba2b73bcc1766b131d4376e78e9046,Happy,Happy,Happy
NEW_89529bcbbe6bbef68632119ab1fc05069f8a767553977507bcbb2b51b723f7f1,Depression,Depression,Depression
NEW_895d3ec5f8cc7ffe0d1f1f501262cd4edfd5e7d84697c3cfaad79f786770b2df,Neutral,Neutral,Neutral
NEW_8964c5ddf89a397bb9ccd8f919bb75e5a1289d57e9343c63a850cb5690b2dae7,Depression,Depression,Depression
NEW_8969135ef95bb81154423c062a383820d879941baf25b0245bc2d8a86d0071e8,Happy,Happy,Neutral
NEW_896917ed459323336e6c40e03fe2757bea0113fc856ccf1bb8dc6b5627f0dc59,Neutral,Neutral,Neutral
NEW_896e46429dc31fcc3b67866979d6cbe047148e1be53a07886d3cd32e9ad81db3,Depression,Depression,Depression
NEW_898fe9c6751cf4bbc684edd235f9c38ee7c0b1cb5d1fe860c6ee37f7e4c46e24,Depression,Depression,Depression
NEW_8990504feba190890d0b8b65a78c3a3f49fe58e95bdd8bcbea1ab03bc5a234dd,Happy,Happy,Happy
NEW_8994d517f0f1787202776d159fb30cf6ce2b597cf9783d97c463119051a57a21,Neutral,Neutral,Neutral
NEW_89976c71cffb97522e01fe3eeec21be108d82c6d2236a6f58dfb0592031d56ea,Happy,Happy,Happy
NEW_89a1057afcd1117e620049eb350374724778ca04211ed86cf7b3c05d1a8bc956,Depression,Depression,Depression
NEW_89a87f2bae871f45ba52e8a2a1bd637e0fb582ec49e40a05e0802705224f7135,Depression,Depression,Depression
NEW_89b6437c5548afeac0ee60b8fe87767c5bff266f6b84b878c10bb7b0ffcfcd72,Happy,Happy,Happy
NEW_89cbd14446cdb76a7a2795a7730065317fc3018a35654d83de7320ca6de60e6d,Neutral,Neutral,Neutral
NEW_89d6231721109b95cff0707c0db2ce80b2cb7ac603ce0d0df75ac117ea1bcc4e,Happy,Happy,Happy
NEW_89dc9ea56027cabf4c78fddfcb692c1f935735069bfa3508afd0f463c88edca7,Depression,Depression,Depression
NEW_89e345139f2dbf542d1895181ae96e55ee54936c0b960ceb07aa432c8a48418f,Depression,Depression,Depression
NEW_89e50497302a1659e4af3f1b602df8a5731b68af34367e5b0b9a99d4f2d656a1,Neutral,Neutral,Neutral
NEW_89f0ced667481dd6c8e2b39f97d48ce988b451b852e7897dea74baeb888ad559,Happy,Depression,Depression
NEW_89f0f5c62eb5aed040568ced923629517d7b6c80747606085c02ebdc335222df,Depression,Depression,Depression
NEW_89f8d1f7202cfc53142d48995a34ba5e97b30d91f6c663feceb647216009fea0,Depression,Depression,Depression
NEW_89fe355bf736a013144fea7db60f9df902d594ca915b9f46c65d4edff84f6d0b,Depression,Depression,Depression
NEW_8a099349f0fda2cb3249a685dffb87a16479c66402aa70c3a29cbfc2273017a1,Depression,Depression,Depression
NEW_8a1168e667b5e9c47c54934e4cfa33ceb3b436e12f06a9c4dbdaa259b3be7ed9,Happy,Happy,Happy
NEW_8a1643ca7742710afc08da08e64f89270da6d8c661b3551c1831bcec0258c1b7,Happy,Happy,Happy
NEW_8a1a1df425c7e3dec5013267a61cdc4a76d2cd4086293ab18ba0e91f219e4b06,Happy,Happy,Happy
NEW_8a1afaf1eef957244cd209278165d870b03b4865f822602abf31188ad4866558,Happy,Happy,Happy
NEW_8a1db2f89e033bfda06557cfcb23fb5a3dd36f285b85914c821e7b0fef91f35a,Happy,Happy,Happy
NEW_8a25db5f9f433067013303150e5639feee960acb8145f139b55f5bce7abb46e2,Happy,Happy,Happy
NEW_8a306db890bc0b2f3fea552b603b4d702803f66a92746baf59a532bafe6744eb,Neutral,Neutral,Neutral
NEW_8a36175c20e69e7be7f1e1c323002172858e98a13a51c47d8dcc7e2b774c03fd,Depression,Depression,Depression
NEW_8a38311feffc9f31f24ceb5a48f946dc1afdd1d07484b4f93b11ef6bcc773d00,Neutral,Neutral,Neutral
NEW_8a44a6095fe52a397b539671f6ff90a002b600905556be52e7775824278f2164,Happy,Happy,Happy
NEW_8a453635f1af20846d1c8568c430c47ac2e29276e4d64aa38e8d25172bbe1b25,Neutral,Neutral,Neutral
NEW_8a46215a8e213632efc2ba428f8c4e44370fb429e2d6de4aded6a59896701fa1,Neutral,Neutral,Neutral
NEW_8a4ea604d6f7ded5a9ec4da4e1b242f4a879a511735189df014370e073969476,Depression,Depression,Depression
NEW_8a4f6bd2c41aca878b348392b0eecf007812af06511cbe88d6a4918605378520,Depression,Depression,Depression
NEW_8a56c4a5152b6d04fa927c12e09dc847bfa21149d42612a81fcfff34785d26a3,Happy,Happy,Happy
NEW_8a5c91f3be45a084190718b40dbbd62ac320cc93afd551a3bdfa9187414a12c1,Neutral,Neutral,Neutral
NEW_8a61a58c26e23155159f2b8ee12336e105f4555171d745ab077b987b4972a7d0,Neutral,Neutral,Neutral
NEW_8a6e308ed8b822f2633219f1bfa4ad6aceefa88fd1a7d74170bb5d55ebdd642c,Neutral,Neutral,Neutral
NEW_8a7fd55a9aa325034c94ae3ce9a289a6a5fc3ff8384a200511d706e2bf2ffe8b,Depression,Depression,Depression
NEW_8a8287291392a99b3abd5573c9bf549c18afdc0bc3725f5eba88c4f527c68025,Happy,Happy,Happy
NEW_8a8cf5b27f70a59465d72857a3f9e317244aea0dd92bf12a58bd063b12662499,Depression,Depression,Depression
NEW_8a8fe969695f5c59afd6db878cc3c6a44e4c80296489e51b5f230f2b40fd8d36,Depression,Depression,Depression
NEW_8a93a5f4649c156bb88311f40236be9bf06ef83e80b9b810fed052dd78aee7aa,Happy,Happy,Happy
NEW_8a950dd86e495aa8a2c2d09a9e31cd5be6ecd04763a79bf65128b1f84c62c658,Happy,Happy,Happy
NEW_8a9575797b3b95a908b17e8e95bc2e6940393aaff2abcbf40e7f978064d70ebb,Neutral,Neutral,Neutral
NEW_8a99085d1ca2543f8e029f6174ebee3cac302b3c1f0557060fc9dd839d01826b,Depression,Depression,Depression
NEW_8a9b5000802b810002ad136fbf6192776a7d3382d207e0b77b66fbf25fe42b6d,Neutral,Neutral,Neutral
NEW_8aa489d169003dfc6fd2ac7efb44baa975642245a8d3c54382430625fc5d9e5e,Neutral,Neutral,Neutral
NEW_8ab165bdf8d58b3b31fa9ce754de5065063c7129e819f2260fa760673dda453a,Happy,Happy,Happy
NEW_8abb9fcc0bdc9140b41ba2402f910349aadd8a809bbb34628f43d0ba1dc8c457,Happy,Happy,Happy
NEW_8ad75bb4fbe66789fba008aad87d07ec7b5018e9e7f7cd26b6ee4c5c03445921,Depression,Depression,Depression
NEW_8ae0039f3604f321e64b745c7d1c987441e2b3223de8d04be7496d84e35099b6,Happy,Happy,Happy
NEW_8af152208a2697bf39f722ecc5da94608fafb68ca22bf5d49f8058878ea19bd1,Happy,Happy,Happy
NEW_8af414002af49f5869e861aa262372d2c45c6622401c3a0fe159fad645732ed7,Happy,Happy,Happy
NEW_8afa5920ca9f1e1cd6adaac48385973b3b2176bf6cd6f2082143abcfdf6374ac,Neutral,Neutral,Neutral
NEW_8b055757cad5039df7e76c967ae6ded1d519f14c5fe6a00097eddf3cb1a56041,Neutral,Neutral,Neutral
NEW_8b06655e108248f1d76cd56ca5852cfd322d0414c4f04ecfda8f0ce8de22a543,Depression,Depression,Depression
NEW_8b0907a17a06a9de910d1f7b7e4e63c248921dcc1539e09c3fdf51cb098b2f6b,Happy,Depression,Depression
NEW_8b0e55aff9c029e63ffcae5f65ed40f3a0ad2ec02c08b943c9908acc0cfe6692,Happy,Happy,Happy
NEW_8b0f344234273c228102f2a6ea0b8a9ff7df20df9c00c79bade1c37cea95faa9,Happy,Happy,Happy
NEW_8b1e8a2c665a38461f87b3344fd33109f81a6f44f071d15f5071cd12e072e87b,Depression,Depression,Depression
NEW_8b2a1be1c88cc7f8df6050eac53cd028ae66f0f3b0e9572f0f1c67cb3add3417,Happy,Happy,Happy
NEW_8b2a3825bf910d23857f8bd0b544c8738c5d7026c41aac87a573fcdc254183c5,Neutral,Neutral,Neutral
NEW_8b2f4e15352a7986eff6cf91c0aa86c7fbc5ea0a51181ca66bd398ffc11c80e8,Happy,Happy,Happy
NEW_8b31b48073524766cf2e6ad74a6b0740839e3c44cc15dcab6a39fc4a98f667a4,Happy,Happy,Happy
NEW_8b465dc17d217db392861a5aed16e67cca35612e2ccdff708e08ef8170332245,Neutral,Neutral,Neutral
NEW_8b497dbd818e434b156a7e5ddda0d15f7e3deb2057e133a51d4393b35f7568ff,Neutral,Neutral,Neutral
NEW_8b5cdeac488c0a26dfa81350a8bb9e6a43d76ede6b389f2fd9c9f529b9588740,Happy,Happy,Happy
NEW_8b5eadbd7265fd465a183e43dfe0327e9321d523d4296a1cfb6247e6a02f750d,Neutral,Neutral,Neutral
NEW_8b629bc078eb885ef874454e72b64d4f513ddce80fe1551d7b72e08ebc64bebf,Neutral,Neutral,Neutral
NEW_8b6446591c8f2015b1aa42c4fb89f207415f097f7814869d093292194ca9f150,Neutral,Neutral,Neutral
NEW_8b6772ccef774fecfe35e8bf0b06ef36f97ba2feed7d3416013d8d0414f6c5ad,Neutral,Neutral,Neutral
NEW_8b6fe96176579b6ee031c583d9b6e79a3458e7e0824bfdad7b32c4d3d5856cc9,Happy,Happy,Happy
NEW_8b7b1ab59d5c5823e9c8f7c6b145de23e56bc11a263e859378712b52f5730f8d,Happy,Happy,Happy
NEW_8b813d014c2615c9175c0a63d5d588b22a9f4995e163831ed7f38b727067bf0c,Depression,Depression,Depression
NEW_8b8dc63a997f1fb930864d72cd497612350c8ebf174542cbfad22251eefeb8ea,Happy,Neutral,Neutral
NEW_8b9aed179af13d7f22dc24ca10fc7697b294e5b62d15d0c950762136da07d541,Depression,Depression,Depression
NEW_8b9b8ad780b507d95212b9f94de01ce2d34c4e1a5fd7d0ae4b8bd81dcb421396,Happy,Happy,Happy
NEW_8ba0626e3031abbdfd405825da45fe0bb76d05199cda4dc3e65df9a33102fe15,Depression,Depression,Depression
NEW_8ba5b542ee5f0e7368e7f6d43e31c28866170ee5c7a1bc1272115e3a04fcb3c2,Neutral,Neutral,Neutral
NEW_8bb3e4afe110ca8ef00fcd2622200828847b14e630521b4059e8a2dccd9d6664,Neutral,Neutral,Neutral
NEW_8bba7306dfd767eb006f398618ead154a64922ddf97e4c1140479439e094bb1f,Depression,Depression,Depression
NEW_8bbb219148254983085f694a4ad923408a15976c5020da53f482c508bfb34397,Happy,Happy,Happy
NEW_8bbbd800bb98afd0bf53d02d4c666a5bf91659683328e7df103db8a399499e29,Neutral,Neutral,Neutral
NEW_8bc2124086d35f73e4878aa9e5055bf7ef622824ad15c3103b0989decd7ca882,Neutral,Neutral,Neutral
NEW_8bcbe79073f2891bf83a2f45c657eb85a90b2d88d620a7d002cb67e52cc61f70,Happy,Happy,Happy
NEW_8bda714eabfe56bc233d41832dd16f4b145cc6ad341a780647641ab4abfbf95a,Depression,Depression,Depression
NEW_8bdb13f4948beea395abae8c79422c7aca3ce973eb83c820df3a585cf7ba00a4,Neutral,Neutral,Neutral
NEW_8bdc5f5954120f3ae11d8ecd6c6fd643de933f2c23b590e5d48c46f7cdb52624,Neutral,Neutral,Neutral
NEW_8bee4c63845753903279b51aaafd239fa37e0b0a2cdfecfc83276153bf792734,Neutral,Neutral,Neutral
NEW_8bf73abb9f4bf04e9c8d2942e1f90099bc69ece64294233c5a1895375ae71a48,Happy,Happy,Happy
NEW_8bfa75c62a5a8da4881469fe4a0ac8d61012e8f5007b5b11cc719a5d0ddc07b7,Depression,Depression,Depression
NEW_8bfc8a3bc66b16b26dba24a076b08b2a2d3100abdfabb787bb3fc14fe32f08fc,Happy,Happy,Happy
NEW_8c151074ae86a8dc0e553a887594c61b98d95f2120e6154d41635317ccff5eac,Neutral,Neutral,Neutral
NEW_8c1c42f663e726fb51ed2c85cb8bf969b7e65a705cdc0123e31a3d94ed389d61,Depression,Depression,Depression
NEW_8c1ff38ee12416552f5c3c1274260c700df4b4f264139d663c2f9c49f0ff5fa3,Neutral,Neutral,Neutral
NEW_8c2289e39748b2ceb8853e576db11c2ef85ffded03a11b20beda83fcaef0543a,Happy,Happy,Happy
NEW_8c23217a46ccccc845fc151f228c33212c4144f3414dd4fe5c84308e6bac15d4,Happy,Happy,Happy
NEW_8c2515ad80d8f736b826474e54ded481c6f29e6c67964242dda26574e8a3895d,Depression,Depression,Depression
NEW_8c28b19737d5c0250d38083dfb82f95e067bfca2c3da5826f7b4dbd0cfe87989,Depression,Depression,Depression
NEW_8c2988152318c0d8876d58703a38ebb4d269bafa0605edddb411a8d953a75a4c,Depression,Depression,Depression
NEW_8c2a535836a84dca5dfbe5d2e250575838401b8a96dc115d1625f0d5d0a96fd0,Happy,Happy,Happy
NEW_8c2e90e6f253136383a9d1833f6d36cc903abb2cd7cfcba9acfc596f51b0d125,Neutral,Neutral,Neutral
NEW_8c2f575d274231820d3281be608f1321defc5dcdacbb3bc085b7b8450608933f,Neutral,Neutral,Neutral
NEW_8c31362e81a122665639fc06c4bfa87688590dc575d2032d3f41d5d85e86d87c,Neutral,Neutral,Neutral
NEW_8c31ed24864f7505c07d90de13885deae4520cc16f09c0dd20cc69869d61a9be,Happy,Happy,Happy
NEW_8c334de9e70613685a1fc8bda2c00d1cd8064930bd75ec095b8730cde2b26ab0,Depression,Depression,Depression
NEW_8c33af8030e09adbc13f7d0e2b9c68a9b559a1ec4ca432e16178de53f9bc27c5,Happy,Happy,Happy
NEW_8c3b8bd3c7faee8da8cd479e17319fd38c97644d35f6e3c5d109bac3a1b49e29,Happy,Happy,Happy
NEW_8c3c5ddaed58bc38a9ca362a177b29786a280477fd2740b8964158b0247e5610,Neutral,Neutral,Neutral
NEW_8c3e2f560ab28e8a80ac9214382945224969289b4531638685e6f14b60e699e9,Depression,Depression,Depression
NEW_8c3e9576c06991a745db7e5e6a22ef9fd08432eea844b4bfad976f2810310761,Happy,Happy,Happy
NEW_8c416b7e1bb9e332192829f55a2a4687016b7d95590ca726da1c546417912da5,Neutral,Neutral,Neutral
NEW_8c445b62374865e001e716aef0908d176e617620d4a5a8faf738364f5127768f,Depression,Depression,Depression
NEW_8c4acaef689e57c0c69b6b91cea3fdf5ece0b032875470a3b31d3170876f7be6,Happy,Happy,Happy
NEW_8c63f2ed5596831ac2825b5bdd4bcd60ef2bd27572c857a98627caf1d799e73d,Happy,Happy,Happy
NEW_8c653dc49912938bb20b682bbd8eaa5427c6dc4a6a1fa9cd74cace7e8ffd7d69,Depression,Depression,Depression
NEW_8c667abcaaa6286142acfcffeae11da27a6e2e5e43c1edaa898cd24624f227a9,Neutral,Neutral,Neutral
NEW_8c67a9a152fb8469511774d65cb0c729cb70919ff9034f1533c558626c5f1555,Happy,Happy,Happy
NEW_8c6c9f17e41b1802c9f4d27e423b769dcc8ed51f80e2cd3eb94988dee858f950,Happy,Happy,Happy
NEW_8c6e594d48e6d7b362a0503b66479efbf11bb34bb474a9b8423164382bd9d094,Depression,Depression,Depression
NEW_8c70753b11ffe4579e3fd2591e4bb28b9bdf756388e53c74c32451ee1e3001c3,Depression,Depression,Depression
NEW_8c7e41d572d256ec071051a199ec827bed0277cffd6da34213f6c972443bd43e,Depression,Depression,Depression
NEW_8c81c079edd5841b04bd3f4937c6ea8b8e98bb444db961449a53efbf191935f6,Depression,Depression,Depression
NEW_8c89b5eef6990484cec39a61fbb243ac9a3a240592a43531029fba51a5949a83,Neutral,Neutral,Neutral
NEW_8c96c71a56a390045defb0bffc23e1d456f817d4b2095c773e1c6b94e403cabd,Happy,Happy,Happy
NEW_8ca65572afc1632e77b796ace40e2304df33680a51a3f4637c9059b3fafb4af5,Neutral,Neutral,Neutral
NEW_8caaf0374871b29a2aeb4ddf20fd29f28ce8a522cd2bdb960b5bf28a728053c1,Neutral,Neutral,Neutral
NEW_8cb2b4e0495146658dbd6bc1e4f048f409fca871f9d563a24a8526720bbdfe04,Neutral,Neutral,Neutral
NEW_8cb621d9c29e1bc6c64e648b666efb1d5f11c718cd9c8d9ff8474649ebb17f73,Neutral,Neutral,Neutral
NEW_8cb64fa6ba39341c70af98c22b17f0872d0589e67afc433ab580b2f258bc542d,Happy,Happy,Happy
NEW_8cc1676348ba18c9074c0a2f1541d236a5ee939e173f4ad2e7231ef9d69d2df0,Happy,Happy,Happy
NEW_8cd017bd13dcf5161aeba934a125142fc3b39688f61fabe0e2aeb03b878f42ef,Depression,Happy,Happy
NEW_8cda3e12316d9b2686686c7bdd4ec82d9a0687e9667883199ba10cbc3c9e3c0f,Neutral,Neutral,Neutral
NEW_8cdc826b51ad40402cc83b9d77642b68010109375aa40f2d7f836804236caae5,Depression,Depression,Depression
NEW_8cdda47537b069c8fe6a1cb410997f4f3e899b687100132b0d46f56d26f702e1,Depression,Depression,Depression
NEW_8ce57277d114103802d04d56ce638cd3b7ed61197114625110c0d309a62a0a24,Happy,Happy,Happy
NEW_8cf332f77c31989ee20e9150eb4ecc2d47ddfe58a26ad2c3b3f945ddb507c3f3,Neutral,Neutral,Neutral
NEW_8cf736649ce22d2a157574522ef1a70cc5e7ef47f2826ca8638341dcddd3ee80,Happy,Happy,Happy
NEW_8cfa7fa35ae74b835af448b45bcae7bfb71402d667b22bbb5a88e67e56423760,Happy,Happy,Happy
NEW_8d04190eb7c5a1369ca0595f4d5942b9d63b2e365a436ffd150950502dcf4d60,Depression,Depression,Depression
NEW_8d0a97cef5ff68577fd1e23fb84736f36098ebc21f51a8d24743b4d6d554b774,Happy,Happy,Happy
NEW_8d0ec66f40d30640e7069b575b2ac39ebba78ce080555d7dea5958913ed40a7b,Neutral,Neutral,Neutral
NEW_8d162a61582ce6412dfb13e12f78bf7ac62f0c7abd0b8fcb18ae9cef7fae2c34,Happy,Happy,Happy
NEW_8d26b2ce02e1eea6703922d89c6b7cdc2e16a06d978a95da7531f6230c96a5ea,Happy,Happy,Happy
NEW_8d3b2b2fd910d79ad52e44ff52baf6637c2e26cc0729a36d0d28e1f5eae71856,Depression,Depression,Depression
NEW_8d3c97f86ba6cc732a679757ac963be9606267c313735ca9f47ec3ae14fdbd5a,Happy,Happy,Happy
NEW_8d41ec38ca41d99f20b06fbdaec6370587a480a4e48a304cc85b3d387f4dac55,Neutral,Happy,Happy
NEW_8d4861c66c4769205cc1994e00d3a8fdf98df6bc0b5a0d6d9a8b067fd274af9d,Happy,Happy,Happy
NEW_8d48b7f53cdb0f8b6faacd51f141e61bbdd6e02c06e5f561e7aa85968b170560,Depression,Depression,Depression
NEW_8d4bcb4f731e904b6fe893f68b9abef7fa49a29072dc500c68d92dd333bbcc20,Neutral,Neutral,Neutral
NEW_8d650d6bbf77b42eea4f44ab85891c434877974419925c2f54a8c546c0ad7e30,Depression,Depression,Depression
NEW_8d664d790cb22ab3d3ca5172486d14b127d3a3222943ed0102ce380a91cf939b,Depression,Depression,Depression
NEW_8d70044918e2da15b102a0f6fc246d7d6ff6e609841bdd462bb78065069d0bfe,Depression,Depression,Depression
NEW_8d77ca05cde3ab0150ae2efd92b85f0cf4bdefc709a97e2325447bf735fea1aa,Depression,Depression,Depression
NEW_8d94c0f3f4256d9be14d854e02e9ffc257c330f9c55384fcd42549159d0950e7,Happy,Happy,Happy
NEW_8d9771f2a89a198ad86acaa04c45d2586ab506026350b97327989f9b65c3a7e7,Happy,Happy,Happy
NEW_8d997ddbb821cb033d4f69ea57c42c7b571fad3e172c61a921c74c6e604f091d,Neutral,Neutral,Neutral
NEW_8d9a7adb268c7a1d400487ed7f7eae94f8e18c65e4b636881f05eb8f89de6503,Happy,Happy,Happy
NEW_8d9b5df60f1e7db193345577e639f92481a262ce7ed75566dccde7876e6ea2ec,Happy,Happy,Happy
NEW_8db083a1e77d49b39b4285b87d9aeae8dc4196cc68c7b35137cff327c0cd2602,Depression,Depression,Depression
NEW_8db215bf8c84f9d9f8fec2ef5593a68b71d156de27513cf3294be56fd62678e3,Depression,Depression,Depression
NEW_8dbb41e86ee139f18cb870bce03f0fb27baad6c354b6f9bda41fd69e73f985ba,Depression,Depression,Depression
NEW_8dbdb1ea1ef8886fd1d822f2a81b4c514fe3eceb357e7547210fc5d5c52d21c4,Neutral,Neutral,Neutral
NEW_8dc020a93511fe48653e8dd1be876b18932c07263784cdca17e8c06257450f18,Happy,Happy,Happy
NEW_8dc0ac40c04392157760fa164a8691f8c2558ea70072f27a837c60756236b4af,Happy,Happy,Happy
NEW_8dcd0c8aa35866f6f89c346a093198aca7fe09d214430697301ecdd16a183a1f,Neutral,Neutral,Neutral
NEW_8deb07cb013b76c8d1064e81f21783ba10abe84d4352eb9de350691a9f92d7bc,Neutral,Neutral,Neutral
NEW_8def1534e2af4392ad1a0b2420b1a83424d74293eebfc441ec8d325da7f60c37,Depression,Depression,Depression
NEW_8e0a9c7a10af1be2cb9be45191eea65bcb248c3e033e8f5e38c38855088d2ccf,Happy,Happy,Happy
NEW_8e1175155da3b94d940238d50a2a05a7b9529eedff7c710be2536c11d4bc51ff,Happy,Happy,Happy
NEW_8e1687adba9af53cf0fde39a482c2bb2d7fd58547f9b2d88f1b562c6c6827cb3,Happy,Happy,Happy
NEW_8e17d346f10580529e4fae0bf5c6fd9e9c6da1f85a108af63f453442e5547a3f,Neutral,Neutral,Neutral
NEW_8e1d8fafb593c48ee826ea7b7cae6db34dac868edd5c891e95a46b2c2dee6895,Depression,Depression,Depression
NEW_8e1f5f1c7b8de2c73f23fcc4365ec70d86b96d2cf7f616b75b357d7c1e7044f9,Happy,Happy,Happy
NEW_8e1fd81b96ad38968e4bde1e0bd958d0d32f5d1d7e61de7da90545f0b76f57c6,Neutral,Neutral,Neutral
NEW_8e28e3d2ff938551bad630eeba32e6a90be4fde36f38b227fb9ac6df545938c1,Depression,Depression,Depression
NEW_8e32b936dbfdbc58d1e541cea2f25c2de24d6d4851670b6452b57c010836a723,Happy,Happy,Happy
NEW_8e36d0a97382742d1171729c0c63f499d652de79d0cdb583d84f72f4d233bf61,Depression,Depression,Depression
NEW_8e3ce7be0758e0cde678eaa5267407cb6793289312a011479bc21804bf360631,Happy,Happy,Happy
NEW_8e3dbb797b17d7d2669e0c88bfa4638fe11567f70d7429ad8246bb68b8256144,Neutral,Neutral,Neutral
NEW_8e438d0e6d5a6acadf813e02a90b911cdb545eeeed23a29125a60862402e3f76,Depression,Depression,Depression
NEW_8e4932fb601c2e1a56d2e53e3bcf5dd31599dc82337ca20ffd0da0b6ccf141c4,Happy,Happy,Happy
NEW_8e52981d63063ec60e2708df893972df2e5417b8566b6a257735862f5bdae09e,Neutral,Neutral,Neutral
NEW_8e5bf105bd8ded4e68a47fee4431886fa96d537ef31e280614aa841bd3a46256,Happy,Happy,Happy
NEW_8e6bf85f60b72402aaade74e1a4986a11e8d8f80df5081bd5932dd979e977ed8,Neutral,Neutral,Neutral
NEW_8e71d2939a63995ae986963164f2c1f559bbfab9c63a2dc3d955486060886b4f,Happy,Happy,Happy
NEW_8e79b8fd269e5628619c64852ceef17fbe6ed477a3f1d3ed600a8d216adfc49a,Depression,Depression,Depression
NEW_8e8aad209c19cf1406c690067e86b03a8c6ef774f169d181bf4941988b09d530,Neutral,Neutral,Neutral
NEW_8e98c9cb02e3eed9b037370568063aa800b61dbd41ac7cb84914e05c65dacbf0,Happy,Happy,Happy
NEW_8ea17372ae66780e5be7eee4077de1a5735b12b0c11c32f0fb78222aa2d25be5,Happy,Happy,Happy
NEW_8ea2021cb4ed040a14bc49b6e155cb617ff666a942d1e6aa35198dc5455aa2ce,Neutral,Neutral,Neutral
NEW_8ea737632397958edc600756de0c849321b831bf409ca7ccceb10294e2399e69,Depression,Depression,Depression
NEW_8eb060e4bdef10629d27f9b2d91fe3857599be2f3d74097fe814ae3e65f2f01e,Happy,Happy,Happy
NEW_8ebaab5e319b4e04ae0c9bcde30e1982e5475a3a1b5617aa61facbcd1f66102f,Depression,Depression,Depression
NEW_8ec0f41b348aa53d46ab16e5aad92b7487d93bea4ede0ae0594f27321ccd42e1,Neutral,Neutral,Neutral
NEW_8ec1774d6f891af8129ebd90ea26ba133ce57aacdd52573e3b41426b8491abfb,Happy,Happy,Happy
NEW_8ec650f08f10dcf298af5fadc125e5cf247e2b815b6b4cc29baa5b088915c9ea,Neutral,Neutral,Neutral
NEW_8ed079202ec6a7559bbc247eec8b2202c7c4be2f3f77ae8d40e66fbf9e762da9,Happy,Happy,Happy
NEW_8ed7b4129f63313c1eb33ee40e0e12b09d443e12b39d77405ac2ea5e5ad271fa,Neutral,Neutral,Neutral
NEW_8ee457d5a2f81fa0450b0f16c7840527b1ddd7a4d90b2310a89f02b4c05ac13e,Neutral,Neutral,Neutral
NEW_8ee8ded33d7a1dd1be26789d75ffd5d15b3f39527821ff99393c864fe5215575,Depression,Depression,Depression
NEW_8eed0bb9ae4abdecd377cdcd179aaa36e4c2962c251cff11f9004793d4573daf,Happy,Happy,Happy
NEW_8f017e781796fb766061db607bd93909505278672f9f8e83a3632af05f4c0f45,Depression,Depression,Depression
NEW_8f144f51703260ad602db9e12eca5f646ff320bfafe4c373fd79aaf5f895d011,Neutral,Neutral,Neutral
NEW_8f191f0616628b44073d5c4d0a22af20193b8d908a68397793c81c5fab7b31ac,Depression,Depression,Depression
NEW_8f25cfd770cbd70fd1b19e9fb2a2b406237ee45c3103566a18023fa832898c20,Depression,Depression,Depression
NEW_8f39ba253ec76806a739ddb1b729c33ebfb1e93c06a7ddeb8e2eafbda36b78d7,Happy,Happy,Happy
NEW_8f457186475c540e3d1309a2b78534b74cf42e5384fb73e5ee1b1098945f8274,Neutral,Neutral,Neutral
NEW_8f4bee8c155c1d742bba8e5519e0b0f5dfbaa0f734a49aefce9e4e62c7c3593c,Neutral,Neutral,Neutral
NEW_8f4e615bd8d94c9cc57b35b25970d1d8378e347414ab8758f9a1a0210569e7a9,Neutral,Neutral,Neutral
NEW_8f51e517bd5db2ae02e8e413385e199cfec937befb1888c7b986ce6e0787417e,Neutral,Neutral,Neutral
NEW_8f6930c06a6d2e0015ef39b79c5add67c70fef56708370efdcb819fcab533ce5,Neutral,Neutral,Neutral
NEW_8f6a76cbfb03f163b93ce28dbe42482839bf7cd3f45135300a13aa85f34d2ef6,Neutral,Neutral,Neutral
NEW_8f7948b0fc8173878557cf2054938c0e91d94eefde7b9cb0762c2b737206c166,Happy,Happy,Happy
NEW_8f7dad182bb7238916167b7593ad8d16eae69e9b229a734aa1b04afc9a853e23,Depression,Happy,Happy
NEW_8f8b75b491aaf5a6d42d5b385d31e02dad5280b31f1cf681066b1298d2ba0cb5,Depression,Depression,Depression
NEW_8f980ff880a0aa80fb33aa8ebfeef9d49c1facd4814dc2a34da91c3f46aa8ba2,Depression,Depression,Depression
NEW_8f996395d95bf88771767f22c9240369687383653324dba78283dfe2dfbcdc1b,Depression,Depression,Depression
NEW_8f9a30ab3f0f9b8665e2fc354f43e6d9076b9e881f88e8ab09b224f748bd71bb,Depression,Depression,Depression
NEW_8fa3e782188dc9db24de84d95fd3ecfd477e1796b50645fc16e4709e6abcf43f,Happy,Happy,Happy
NEW_8fad8ded221409842935008bd985b2bc5ed63a422abe2ef092c57fd6b91d2faf,Neutral,Neutral,Neutral
NEW_8fb21a7834fa659604428b45553c7a839f01dc490c5adc34e74e87987c894f33,Depression,Depression,Depression
NEW_8fb99eb5cb396c2e06bb035b1561d313af718801baf682c8d510663db09bf9f8,Happy,Happy,Happy
NEW_8fbc020aa01e8bf872820ad7dde1309e37a3d32f15d6e686090d3d7a899ee5aa,Depression,Depression,Depression
NEW_8fcba02cf7b4a86410a70ee0c850a8d70738feef9dfe4467650ac174707ad82a,Neutral,Neutral,Neutral
NEW_8fd580cdf215d1682eae7a8d9a38e7f6d4e07712665cefec16e79bef3aa37c83,Neutral,Neutral,Neutral
NEW_8fd807a32c67a58c406d89068c20a4d4287c4e3d5d09c03661dd2b7173fb4dee,Happy,Happy,Happy
NEW_8fd9d4cc152fa1577dc6c3d1d21f05bc79688112f3afd3a763c2c4f5db78edbd,Neutral,Neutral,Neutral
NEW_8fda17c57ec9b26341cbfd4f2901e68e05743605662a164938ec7ad5157c81d1,Happy,Happy,Happy
NEW_8fdcb590b03d4e04169dfe4ab50477e9747873351b70d074299adb78bc09ae34,Depression,Depression,Depression
NEW_8fe3a50d80b28006c475fa8eb093478e4b8379a127171994959a40707f624635,Neutral,Neutral,Neutral
NEW_8fe70dbbc3c7fd0c9a1869e7c01331b8bf3a3b8005d90c477f335595599842ed,Happy,Happy,Happy
NEW_8fec621dc8148cee0f70f2c77c1f7acc3d4ba6be53019c8d706316fb562ef624,Happy,Happy,Happy
NEW_8fedefb1d7d561800a6852a2a903c797fd4ff5f1075b78761862cbfdcec44ad5,Happy,Happy,Happy
NEW_8ff3cc71f9241c8cf15992e7d1241a4cab04ce71368dcf7031f64bacef4d3452,Happy,Happy,Happy
NEW_8ff76411ac893c10a4d87daa5b4b69a3f134346595f5a6e308cf26b8c65cdea6,Happy,Happy,Happy
NEW_9002465b527fd7a517524d37e8c5a36adaadfbbc9e17ded0a7d34411e5e30ac8,Depression,Depression,Depression
NEW_900a59adae20fad09320e7b3b0e57a035c484704a2755a0f381ebbbca750f8b3,Neutral,Neutral,Neutral
NEW_901cb9b3828f2d56843f80fcc0009428c013352d3e93e259d6275c97caf571dd,Neutral,Neutral,Neutral
NEW_901f27ea561c25b0b12ed97a4c62017598c1b96a2dce5190c7c9526a812225ed,Happy,Happy,Happy
NEW_901f7547aee43e3e95bf9968d06239854e99cc4fc3871c59c3fcb2e793ea9eef,Depression,Depression,Depression
NEW_902b4476529a7496d42e8fdc8b823a19cf1019c725f00c3449c21b9d3de08df9,Neutral,Neutral,Neutral
NEW_903e691d40ebeb52bcdd7391ce484ed3223dfa4bdc6b81c15bc32869cdb130fc,Depression,Depression,Depression
NEW_9044b5f16a4d029b5d741f6dd5da415568697afa8bb76c6f9d94129ccc5eca52,Happy,Happy,Happy
NEW_904551dc3b3dc49e60a47c15601a90e563ccbbb1f08b83732748293bdd3328f2,Happy,Happy,Happy
NEW_904b2108d04a04ee52b7f807d8976636832f660adb06c003f52923421728947a,Depression,Depression,Depression
NEW_9052f7fe90a8d8b74696c9fed98099998826b687a5e11003dfbd92a3d63192c7,Depression,Depression,Depression
NEW_90533b620dcc2e8e15ff40b9090e4016c35d7f434779de5ed0ea5241f87a461e,Depression,Depression,Depression
NEW_905498b47744fb787818306c2ffa024bb35f47a4c3e3e55f09a08844f97fc1cb,Depression,Depression,Depression
NEW_905b0b9b44d4ab77baaed1b59c7e18cbcef3418e77becb155009e266c30e90fa,Happy,Happy,Happy
NEW_906088714c6ce40d8668dbd8b9907570b485dd4db65712c6a9311da8f51f2815,Neutral,Neutral,Neutral
NEW_90620b0c7f30fcbb42daa6d29104709c997acc299173b3926f3e67fcbb448252,Neutral,Neutral,Neutral
NEW_90791cb11abb5ef7eb065252bb0668a6c42ed0aeeb1b4d807855208b90ce5949,Happy,Happy,Happy
NEW_90794293f2d1387e48611be288fe2bf3305220451a6bb41b49c25bdaccb23352,Neutral,Neutral,Neutral
NEW_907bd5ceb6f587eded7dadc0d91fc9eb90d8617c7bcbbe50ac1d4a61febfdf2d,Depression,Happy,Depression
NEW_907c4293b64734932c18145e79f67cd4e5db06963a137ccece702c8638bbfcb2,Depression,Depression,Depression
NEW_907c865305397e7cacdaab1a71a98195e03522e43ca679dc40c9e88f089c5c42,Depression,Depression,Depression
NEW_907dffacc1a655c7d6d1a66714dc41d6af72949161aca5fb6bbb1137c5840a94,Neutral,Neutral,Neutral
NEW_908255d3c61f335e26c2a830335cca4d97946653c0bb994fda12cc65e0cbf21d,Happy,Happy,Happy
NEW_9091e7d4d2fc03818982a5308e8e07426cf55e7ec7f010bf71974b5471875e55,Happy,Happy,Happy
NEW_909357a87da3e02db81ffc3317beeb094279fdefa48dd28c44bbcc5c22d9eb68,Happy,Happy,Happy
NEW_909f88df405a169e76bb2d8faf2eab4d4d1c67356ea843dc9de4db9eecaa46c7,Neutral,Neutral,Neutral
NEW_90a3b4dbeceb046750da39e87dec9021d8f6ee3a5749e3b6176cf634023d2e73,Happy,Happy,Happy
NEW_90a928da62bdad14984687d5b5b0d78bd702ce38106e1ba81acad410fc6d1937,Neutral,Neutral,Neutral
NEW_90beff3d89b8ace9b62d0d745bece1533bd8014366c1ab44a1c83dccf696f817,Happy,Happy,Happy
NEW_90bfaf53dd7b3cbcc0d9107b958599fed56e81e30f62cf7ad38276ee7acdb573,Depression,Depression,Depression
NEW_90c9cc1a72658d80bfe4e488a350eb76ca5f68a893cbe98133bf81ec3ea4908e,Happy,Happy,Happy
NEW_90cbd0d92621a42313652d9296d88c29c36777d4dbb9dfd5ccfe84898a3e1514,Neutral,Neutral,Neutral
NEW_90cd59be112d9eeef8dc3a712ef636a234a45abd8e60d5da30397d4a02b552fe,Depression,Depression,Depression
NEW_90df745b8d8f610106a2f796d958b3d1dc0306609c9420d3cb9c3a70de54c39c,Happy,Happy,Happy
NEW_90eb698d9cc2d6fbffed1ea535e1ec871e6e2af2e00f57ee55188e228afb3e3e,Happy,Happy,Happy
NEW_913048f26071ee048f42de603d3d22c8594003d3ffbc042c8d09d3528e08ddb0,Depression,Depression,Depression
NEW_91424e71c8a63b34c7c912e8a41b6deb9323e4957d372c090c1daebee8efff52,Depression,Depression,Depression
NEW_914b2f16ca28a1389891a758e499ad68e946d354cd126dccd666220f63dcb154,Happy,Happy,Happy
NEW_914b58899e9136e0e4f34b573cbc98be8e558c80bec78498618a26ec9bc3f23c,Depression,Depression,Depression
NEW_914bc457b36356e4de58618d696ce04713c58de238b2b0d4ab4b7524a605d825,Depression,Depression,Depression
NEW_9150f67e1a8c79f5b793627430a965331ac29fdfe9379ee3ccfa239acd461504,Happy,Happy,Happy
NEW_915e81d0606c290128b0aaa3f01a9236636af3ae8a7424389db4c8c0152c4304,Neutral,Neutral,Neutral
NEW_91685d1735eaf7212a7109e94334dff8c8f723b26f1bd1665d4c366d2c7aa719,Happy,Happy,Happy
NEW_916c33493f51beb090a5f2afb22c7595ca75a56c614d1fef6868f268e5d10682,Happy,Happy,Happy
NEW_9172bd438992f287686599651278fea963e43f143001108ab89c99c735d8fcb8,Happy,Happy,Happy
NEW_91837291a00d1b75e6b70ba3396121b552f545ebe57364cad4f1aadf47cc350b,Happy,Happy,Happy
NEW_918590b26045314a3fabbd46bc6df632655f3114595c43ef75c0b6615fd1099d,Depression,Depression,Depression
NEW_91879bb74ef00c95ea12993dd4cf7e09f4bd19b5c8636b4c8d38a9ec32194f75,Neutral,Neutral,Neutral
NEW_918cba69e7394c10823a8440bc3beea5b2a7489914f6beb88255e09eff2e23e7,Depression,Depression,Depression
NEW_918dc3925a27864dac15700bc28a309613e0230a6ecc941e59ed623d8e0deb81,Happy,Happy,Happy
NEW_919202303d7bb67db81c290f66e2cd94f242526ffa75f38b8ebcb2d085376c4e,Neutral,Neutral,Neutral
NEW_91972a30b525d661edcc243b46c18e07fcf53d8714877e550c17d8cdc9774c50,Depression,Depression,Depression
NEW_9199418e0311eaa5de9d782040272603493b2f5d3aeca74d0c39d6c4d1a3ab95,Depression,Depression,Depression
NEW_919ec467e3e47d111a86eb8fa69e59209b2e1cd0623072adbb9174ffc719fe6b,Neutral,Neutral,Neutral
NEW_91a22a25ff1f11a0edd060cd753b10975d316bd173c817123eea2f410b4b4d6d,Depression,Depression,Depression
NEW_91b32be4f4ed67147d13b679f12ceac5ca2a2036af9ff340a4c7084c0bb7028a,Happy,Happy,Happy
NEW_91bae604f294d553f085401ea07b44050de4cf92ae3a75ed48fd6c11bc6d32d6,Happy,Happy,Happy
NEW_91d046371aa53ab2b95e73c902184674dfb91aa7f3f8bd41190ae88da76e49a1,Depression,Depression,Depression
NEW_91d4a0a1b03aae9dd3bf53721d7d93dab31d4cdd924ab5f353827a1606da0e5f,Neutral,Neutral,Neutral
NEW_91e85d8d0869a5a30451fb7afb171195c9842cc92800f24dd7c4582684412833,Depression,Depression,Depression
NEW_91f00f7496a51531dc212c1d0bfec02357b3998853fa834de67e77d6b9adbf6a,Happy,Happy,Happy
NEW_91f9bb0dd0b4b7bc4b1cc623e71fe422162979efc92edab828accd657c61bc99,Happy,Happy,Happy
NEW_92032c797954036bfb1e5d7a485a193c0261c3a682a1cccb3057e8a461642f12,Depression,Depression,Depression
NEW_92047e53b036e7fef7626c621a346743a693c35742ad814d66d2dd8d064af358,Depression,Depression,Depression
NEW_921072db8b628420a0e34670474d2473cf34dfc61f9d4990a3da93628a263c4e,Happy,Happy,Happy
NEW_9213f1b7d6563a377e25eea4b66b555eaaffaa8fd69005772e1345b098d665d7,Neutral,Neutral,Neutral
NEW_9215529f920be4c6abdfa5d339485dc719608e54325d91cec291abc3b77432ca,Happy,Happy,Happy
NEW_92184cf756c715e5dbc2725448989315f7f54e0ff298719239309265858c108c,Neutral,Neutral,Neutral
NEW_9234a8af4f9a00c2d21319e7f23f014e5387eac6643ad06e6e82632caac6afc6,Neutral,Neutral,Neutral
NEW_9234abf9658c186621c0a0ac15483b6f6f327f5c196fa3903c103e305bc27c6a,Depression,Depression,Depression
NEW_9239cdceb2358bd614a62eceffee551a178706cb9fddfe4da50799b206dc9afd,Happy,Happy,Happy
NEW_923a58de5cad35124b1de3672237bd4553f00376be5bf1c3c926f2c86e5ef4df,Happy,Happy,Happy
NEW_92466a4a14f3787a271d16e4a14fb11a4187a375d02c7e2d634736c2b8df8093,Depression,Depression,Depression
NEW_924ad2b10f8ea3a8832ec39d0ba482756b3afb2407a286ac03c66b647bb1f343,Neutral,Neutral,Neutral
NEW_925e72a27c4c3901f47492a1719d03b04b2980463f449db9dd8c344afb5771cf,Depression,Depression,Depression
NEW_92612579a23891957489100b45af3023e9fe8a825ab15b358a45039f8aae337b,Neutral,Neutral,Neutral
NEW_9263b356378e8575eaf6496ec53dfc1344e6009230c82c05c4d80af043898979,Depression,Depression,Depression
NEW_926c1f31b9de4728b6c42652c05e371965f27286785c7410352bee9f30c04bb4,Depression,Depression,Depression
NEW_92778f77717ffbf1f0302c34ab359c1afa872f308f5eff4db907c5017b5144b9,Happy,Happy,Happy
NEW_927c679f161188e9f2c91765861ead6d05008b81a8ce19752f9516d8e7c0874e,Depression,Depression,Depression
NEW_927ede9b55bd0a9027dbdcbf3f003d5c6e1806718c121283edff08997b615350,Happy,Happy,Happy
NEW_928241847931c42f6ca7cbbe76c654a87a91edb1077c1a5c06a5b5d96c941e4b,Neutral,Neutral,Neutral
NEW_9284f85e152217a2238762709b9c9e0565d0c7c3149cf3fb1e4e1d38c56391e8,Happy,Happy,Happy
NEW_92988cf171fd5c4717316c868ef2df820e7d4ff07b55b827ca563e08beb9b7f5,Happy,Happy,Happy
NEW_929cc1cb54a73abab20876c16438d7d1e69665a88b82f8a3ba701d48b2c1dfe5,Depression,Depression,Depression
NEW_92a1bc0c028d1322acd735f4654b0ba8facd6c19c53a207ce55c0eefd225a587,Depression,Depression,Depression
NEW_92c18a83c3aeb71fd922aa8f93ec21c01b2435d72ed20d7df6fb234cb9fc902c,Depression,Depression,Depression
NEW_92c70cf7673dfa3742ab22bc5499be5802c8a9b015d2973249114d871d0c4c5f,Neutral,Neutral,Neutral
NEW_92c9a63fcfee564508a816d1e2679e447f2481a16a619243f966b50b105628b9,Neutral,Neutral,Neutral
NEW_92d05478fe468ed93f38e480685f196a70ca8ff9761f3e141b6ae2ea68b02edf,Neutral,Neutral,Neutral
NEW_92d10f285fb1d44959bdf14b2f4ee87d28bd2dd01d17295de4490514572b79d4,Depression,Depression,Depression
NEW_92dee7c60e0be33a38ea4d2018aca2d26d342822826e68835713d9573af20bef,Happy,Happy,Happy
NEW_92df7684d4eae9d6f0365ef202c12b2a1992c8bb51a984376fbbff10e6cec324,Depression,Depression,Depression
NEW_92f242d9e48a08078719e36bc0fb7dba434ce9c1ec59e949df90f77546291db9,Depression,Depression,Depression
NEW_92f8685329c07e1ea8b77735ec9d4869e0beb2faf8ab6e0fec2140311eca6b1b,Neutral,Neutral,Neutral
NEW_92f961c1278598b92c414974c21dbdd913ee521c14f262139f63f42219d3d50d,Happy,Happy,Happy
NEW_9304a87d3e5dc3d9d9c401ff47b5dd77a6de5cb36b2325d6b519731cf0766c76,Happy,Happy,Happy
NEW_931c4ca174f700c8a29c6cfc7c82abef06d6bcf50421d0de6d2607814f6f71d9,Depression,Depression,Depression
NEW_931fa1670baca492de252ddedb0d5b96644a3a65efe20cb899bc9f0b29ad99c4,Neutral,Neutral,Neutral
NEW_931ff61d66523f7f1947d141a0a1c0b6420dcb8adee25738774b32693e01c45f,Neutral,Neutral,Neutral
NEW_9320f2159602d62e989e2f7e2d3a0b8a24b31cfaea91407338b02494dbe68674,Neutral,Neutral,Neutral
NEW_9322557de8267db3a768ccb125b4d2c1ec5cfa774a5cbf9612c9a8bc50bb1c73,Depression,Depression,Depression
NEW_9328a9f598ccd5e78c8cf757740e926bd4190cd6d02a8c2c67a987fdefab9c31,Neutral,Neutral,Neutral
NEW_9329a2a63f5aec69eb3925a3794db768ac2e7072ade5bedfe91c6fd89b1ce8eb,Neutral,Neutral,Neutral
NEW_9330fb40a3b448365a00f4d8a26c59fef888aa34581e14bb98e7a85d5ee996bf,Neutral,Neutral,Neutral
NEW_93431a3a24279354e2365aecac227fa97790c07c13488cd8b9d650a33ab7dd55,Depression,Depression,Depression
NEW_93499517137578881af66c5f2f1c81d8021bebb9e83d67decf0bf3bab45c5c3a,Happy,Happy,Happy
NEW_9349f9f88754df93fbc137fa30583ca09c424ec0e8b2b371fef6bb58f56205b2,Depression,Depression,Depression
NEW_934bdf9105d78d60a388d63be9c7eee37d8cb7a4dc2b5eddc0de42595f888bbc,Depression,Depression,Depression
NEW_935a1f818025982741b138b96c9f6d09a014f264faf0d80ab5190564f4db1855,Neutral,Neutral,Neutral
NEW_935ac18183131ca4886eb76cb44c1d0adc6d1af547ca4a7713786028103fe6de,Depression,Depression,Depression
NEW_9364baae4c6ade30f6b648a44e891012e6e41cf652b1ca7a9ee54c82e782c54c,Depression,Depression,Neutral
NEW_9377d515deb0582b699853a1a9ad6b7526315c39db5ef9d369e7beddf868763f,Depression,Depression,Depression
NEW_9377dd936a8216efd38939cedcb0c324dc5ca8b47ac7b1dd6c21ad44fa83f528,Happy,Happy,Happy
NEW_9377de0e61ad27eb477cf2d10f49b827ba48a9dc094f72a8398ecbcdf8b9ba1d,Neutral,Neutral,Neutral
NEW_9378f7516d2733f7af9863bb0e1468050b37510d40bd08cedce98e3ca36a48bc,Depression,Depression,Depression
NEW_937b255f0984933451e3554f6c7f4747a1ad68359e6ddda4b6b41bb68f0835c0,Depression,Depression,Depression
NEW_93835f806ec01a10c71da4c99b8b6013055dd9ce4a07d28303c7ca8209aacbf3,Neutral,Neutral,Neutral
NEW_93865b2197392af89691922c311c71a723c6c0fbd95e60a94705b63f454833b8,Happy,Happy,Happy
NEW_93967fa6af75a959b72cb098e815d06915e618258875c40e07e95d1e45d05abf,Neutral,Neutral,Neutral
NEW_9397a3f4ea9b8939077cd960008faa27f2f86c9f2ec7140501ac524b79715737,Happy,Happy,Happy
NEW_939bc39666f2c3bc3cb691e63773dec9db3bdebdaa667aa5d1cc690ccae8888f,Depression,Depression,Depression
NEW_939bc5fd84718add25b01ab42f93bb57c047400dd91c97a0d91c7239329413f4,Neutral,Neutral,Neutral
NEW_93a0cd858ba7bba2058476f6ac9c45b3121d8c7107c14bbc24677a37dae507b7,Depression,Depression,Depression
NEW_93afb23b734ed195694a2eb17a099b4145411d67bbdc6b171167fdc9e9765993,Happy,Happy,Happy
NEW_93b4293c82d877c3fd7265623e7336f9dabba70e0199699ca030271d6929d17d,Depression,Depression,Depression
NEW_93b9019877a8d425c1dca7101dfbbd900689be2e6cdf7075651d0fda8293adc6,Neutral,Neutral,Neutral
NEW_93c056c4e5fb08e7aa80342be47c6ebcde13ba2e50ae4ef92a896a22bcb1a6be,Happy,Happy,Happy
NEW_93cc0abce833bbf18e273b2852138a43f1103e08b09e49cf86fd73050e39e0b4,Neutral,Neutral,Neutral
NEW_93d54c1456b5004760f20a9030d33efc48b5d327917ffa69f10f7bd892f71bad,Happy,Happy,Happy
NEW_93e7f1bafdeef60f63526c119094d4e995b4ed86861d5237a5fe74945da2a08e,Depression,Depression,Depression
NEW_93f6cc71ce0130c232e543f8d37a0741bdfbc0d7f61228ce867bbb35cd52f433,Happy,Happy,Happy
NEW_94031b0c98252ed67a4c370abdad2bd4607d12ef53739e8a15053cf1993325ae,Neutral,Neutral,Neutral
NEW_940901bc94b2d0a56956969f89246aebfa045eb96253b4646bad513da4922e16,Neutral,Neutral,Neutral
NEW_940b5ca9468a4ab88374f6fd050976a6d83e56c0326e910df9ed76b30b83806e,Happy,Happy,Happy
NEW_9413af7e82c0a609094fe08c3de99638290fa780b0f51da8dcd77df3048305a3,Happy,Happy,Happy
NEW_9426e27627c159f828855c007c274afbe8dbe7f5b4d6fc19b04d0472be879a43,Neutral,Neutral,Neutral
NEW_942b46e712f16d63f04ca4019a02a27f2888c728fe4070224773b3c8ab3805f1,Depression,Depression,Depression
NEW_9430b6f2f723ae56bf82b1c85d4db98a141d8f2315969a11d44eb4bffdcf4cbe,Depression,Depression,Depression
NEW_9432478ef8567d41442cbd0cb4016ab74da3d78963dd38b6c884b5379ff5cdf3,Neutral,Neutral,Neutral
NEW_94349853de6ef4f54c55b1880974ca321336e17d0d53dc2e3b779ab84af007d9,Depression,Depression,Depression
NEW_943a3e24ab4df0e993bfbcb04091deee02edc00d6e461a0fe22ac0271098865f,Happy,Happy,Happy
NEW_945070d0b24a60823ac9ea27bd43097d986fc8dc54cd56b3d12e7ba60105e98f,Depression,Depression,Depression
NEW_94569aa9678b6799b2f3c9f748b2c1ffae978ed41e844c28f14d641f86ab3934,Neutral,Neutral,Neutral
NEW_945859122b10113262ced489503f71b4262541cbe776a24eed7eff527851f98b,Neutral,Neutral,Neutral
NEW_945df63e883726b7853c0da1618c6a6124b47126d06b73eedd9aa936aaa8e70d,Neutral,Neutral,Neutral
NEW_945e699cefca2f533750ca33efef74da7510456cca14f93bdfb5d1e26cc6d3d6,Depression,Depression,Depression
NEW_94616305ba661365cf2081dd680f1aab71c3cc8387cddfc3b9b859bb5c65ff4d,Happy,Happy,Happy
NEW_946fd0d22bd4eb9d369f5157e37b409eb326428fce3896f924ffbccef3c149b4,Depression,Depression,Depression
NEW_94714d5ed08f16844717df0cb7bb6ae9b9056de137e37c5d13b5e5ca61f014e6,Neutral,Neutral,Neutral
NEW_9479ba25fad1e02057f4adbbc0c6628b7df5ffb3ad2e80bb669da36dfe29bab5,Happy,Happy,Happy
NEW_9485b0cf00f483838952cb0f9f3a462b2ad4a56e849986b1efb3e3f260f438cb,Neutral,Neutral,Neutral
NEW_9489c9a9ea5df3638f96a2261bc00eb1e0177e60d4d8301d88075b9c27686c9a,Happy,Happy,Happy
NEW_9491fd99fde1d4282db1a010a1a46040890bd15271d9aac6f805422be32dd516,Neutral,Neutral,Neutral
NEW_94a7b371682e4992cb23511f2542213d4ad4c095e5b3fa1f7d11306bfba19ef2,Happy,Happy,Happy
NEW_94b8ed22331319db7328a68ba522f977661d3eb3a816ef6295e475e913608850,Neutral,Neutral,Neutral
NEW_94deaf7385ae765b909cda43f5ccd0f37e63c9dffc1d8f91024bbac5cc43260b,Neutral,Neutral,Neutral
NEW_94e0de13b96665e58792b9b488b0166d52d076aec54404bc749c59bb7ad3dc69,Neutral,Neutral,Neutral
NEW_94e530fb7ab77eedd57977e727d08fcde786eda4c7a3d1c73bf93a8c0c577112,Depression,Happy,Happy
NEW_94e9bb5b8b6fee8cd3e31ed277d98b2e2c552e9c48550bc63c3a8a954553bdce,Neutral,Neutral,Neutral
NEW_94ef15da35c34422addba6e504799d6da9c423db37ab3e8cdd598dd30bd4a85a,Happy,Happy,Happy
NEW_94f1b64f6c2981f10ee55fc30949954f2b1a3e3a2f490e9665104305bf55dd80,Neutral,Neutral,Neutral
NEW_94f5825c35e64a7aa804b700f885b59a8fd8fbf5da2942f34a5af517e324e7cc,Happy,Happy,Happy
NEW_950213125bb398bf6533ab662194364329c8582b9d31af5d2cf38b5fad2b2b99,Depression,Depression,Depression
NEW_950799281d6779aa03090e6f76b1fce7ee2fdb0fce899114bf1164ce87e379b3,Happy,Happy,Happy
NEW_950b52ae3e74b4f9c5c3f17b55409bc7d7ec8ab6d1f31792ea1adeeb90e9873a,Neutral,Neutral,Neutral
NEW_950e8dc43cc807272bdc5927116e566d2a47282844cac981eb7ae2feaae25501,Depression,Depression,Depression
NEW_951e27cc6b4c01cc19e5711d985cecd65c1ec8334fd2042c9a847a4f57eb9e7a,Neutral,Neutral,Neutral
NEW_95205a617b67677ae4495b2e759984261e07131e348fba44dcd927e33302b9d2,Depression,Depression,Depression
NEW_9520ce21d440a646563209742609eb4c6347e34a1b9cbdefc2e267c2368f6b42,Happy,Happy,Happy
NEW_9520e2f736c8c8ea0e5221463250dda811b956875657a3b5387f966559320455,Happy,Happy,Happy
NEW_952c47ed48c2b5ac4b25525c32693eeaf43501980a1b6c72f1d4ba5ae9f62091,Depression,Depression,Depression
NEW_952c51731471fd0c1c7db4cca80369e7edc1276fb1363853f06eecca0803a3ef,Happy,Happy,Happy
NEW_952ff69556566b593985f192bc4e9f9a6acecf75c8ad5ba1f98f3a8b6fc5ca5e,Neutral,Neutral,Neutral
NEW_9535adabd251da5cf7be37e8f1b1ba1d63ef63bfc77bdd99e479561010aabc09,Neutral,Neutral,Neutral
NEW_953cb839a3c654cde6c55d47078674d497a4897439256d4bbcde0b2760ac0657,Neutral,Neutral,Neutral
NEW_954106bcf7ee6df82d71af17e44f91efff56b6808d62ac31563ddbeae0fc2615,Happy,Depression,Depression
NEW_95413fc66b12911255fd843f73082ff2e672574be52526c0f94910bc4876a947,Happy,Happy,Happy
NEW_95416ab5886b359a11c2b589c5a78f68663dbd5a2c59f9ca3f2c4e344196caa5,Happy,Happy,Happy
NEW_9541b623cbc7a05df6d8bb28308c4641144f68f2518e80d021d363d8e6a05caa,Happy,Happy,Depression
NEW_954880f5d873ca78419cffee54d8d24f4e2098c81bed1cf9d181354a3b0c6f73,Happy,Happy,Happy
NEW_954a1ef2c0cfcd6da4889945e3963c3b8015f0a6c164ff56e670a515978cc8e3,Happy,Happy,Happy
NEW_9558b16c3b7e537b48ca67db3789576448c9848ac97e4db6c18d5b4d878c3348,Happy,Happy,Happy
NEW_9564826e00fa70764080e15c4314ae9b9a0c0c6ddecfa90dcf28b54684796dbb,Neutral,Neutral,Neutral
NEW_956520116e115a237ced11169da0ff1afbdf226c2aab2dd61d2db7f673e911cd,Happy,Happy,Happy
NEW_956a68b5171d719897c39fb6aad5e9f99a85b12c2261cce47982f0b057fb5412,Happy,Happy,Happy
NEW_956a963b0044abcf8d049bc5ee30874bd2f9c02e2d07232b6b3c436603e9cd27,Neutral,Neutral,Neutral
NEW_957a39e1318573720fbe31b79de61e8d8c387e2dbbf42fb9de4bfc89edd64009,Neutral,Neutral,Neutral
NEW_9581411e998190b58422fd62f07907a4be9f95bf1f9ad84ba9eca01dfc812b7b,Happy,Happy,Happy
NEW_95864050c9ee9609d6d0aa9e51fcb07f24276dea563b978e4385c4e858365bac,Depression,Happy,Happy
NEW_959e53af0194efda5adaba6c8d1cf3d169119628feb63447086c5acb00087a33,Depression,Depression,Depression
NEW_95a436bca69bc8187538ce5b129b60e05036ec0ce2a182f8bb7c08e0cee90dc5,Happy,Happy,Happy
NEW_95a51275c7e1a511143f84e18dabe256b41c37741c8c05f8ad1a4b4c2184541f,Depression,Depression,Depression
NEW_95decd7efe316d3a96dd41cf39a4733fd3cc87d946be7eb76b072927953096f8,Happy,Happy,Happy
NEW_95f8904986b858e123544b4ad535c1817199623b90371425a0a3d49a21d1adde,Neutral,Neutral,Neutral
NEW_960c7b5274d1e7958a9fdff406da18103961988f10782a3b036898a89559ff0c,Neutral,Neutral,Neutral
NEW_960f7697a68893db82de058f1983dfcc67f608193a91fb37293fbae18cb21727,Depression,Depression,Depression
NEW_9618bcb73e80d665d0a80151a8f43af556e6c0b2435adebbbf61b1b49bdbdba4,Neutral,Neutral,Neutral
NEW_961ba09b4a423946ea1d18c34ddb1ec8a67703f6c0940434d80b2049ce6d46a0,Depression,Depression,Depression
NEW_961bd898e020a0bdd1ec9834856e93abd6fc2d5483a24564f920a87c0b5849b2,Happy,Happy,Happy
NEW_9623249c80119e2039e1f2b87158847687a4ee65c977f7286e8a93273bb4c52f,Neutral,Neutral,Neutral
NEW_9626b734ffabe524241fdf97c2cd3c73c008ffeb76eccc03f8850349559c86e7,Depression,Depression,Depression
NEW_962e3d074babd82e4b6d80f243780162c32e625e0e7d7329f315fa29f364a09c,Neutral,Neutral,Neutral
NEW_963439013c0bfc6d4b3161cc2c46a32e9390797792ee4d6f2c386e7a020ad627,Neutral,Neutral,Neutral
NEW_963b10bf9f9bc9612c8dd785e0b16e90600095898e916ca923f750b38b1899f5,Happy,Happy,Happy
NEW_963b758da11ebe60d29c162a3679b1cf5583a284550765a073cc0304f716c0dc,Neutral,Neutral,Neutral
NEW_9644aeec271f93c2e53a38abe1dd71c9da9116f66e886e6a7a1b9a8556d8f52d,Neutral,Neutral,Neutral
NEW_964e546eccda74653d3b36f59a55987b842d52c56941af97f1759d597169d85d,Depression,Depression,Depression
NEW_9661a4bd30432b11fef7c48a18a1a25acb4118978325e8111260c976e1c4f1f7,Neutral,Neutral,Neutral
NEW_966259818c2742d66b7cb4aca3c88b87d3f765bb44f8e9414b4fc6e2923c7019,Happy,Happy,Happy
NEW_966c16e256455f0c4cb0b440a0b9e2f44865c0bde048760c62787f8cd5a22fca,Depression,Depression,Depression
NEW_967315e292a616a4924adc7e9e7d9ab451410451361f07f26d04299a42fed865,Happy,Happy,Happy
NEW_967ba2a26016a80070aeeaa2a3d1db186b437193b9d0e813eb10094624fc89a3,Happy,Happy,Happy
NEW_967fb26021b71cc9b44b92cce29c0a7bcf9daf5cd5a1953977142555cfac024e,Neutral,Neutral,Neutral
NEW_9680ded1555a2364d3b53addceff8f9c55f8ff18355f4dd4299ba2c9f74c2d94,Happy,Happy,Happy
NEW_9683c82c51c0410df9b4e472d4a3918829d69569a83ab625fe68b1d2a790ade4,Happy,Happy,Happy
NEW_9692bb209375b82422c2aecc1ea9756efeedf9c31eed32cdc8bde047f515578f,Neutral,Neutral,Neutral
NEW_969a48256c254aaa37728ccd8af225361ead4a5a013e71d1f9cb5495d703a3e6,Depression,Depression,Depression
NEW_969eaecb6dcad49f84b51ba96dddb435b1c1a24959a71477b1d6b1789763c059,Depression,Depression,Depression
NEW_96b7908fad0cbfe2428c65d885c634e5d3eaf17639439c705c852b3728ab0c81,Happy,Happy,Happy
NEW_96bdaff55c01aa377adeee5230b1513a0bbf53adf242eae9c748e3af890ec9d8,Happy,Happy,Happy
NEW_96bf26820e3f60e3fea327ef1b125c2724c51dcf6b209972c137d2cd6a30471e,Neutral,Neutral,Neutral
NEW_96c0ccd65e262f1f9e559fbe16face6bed8ac0724f8955a75b6309a9cde75029,Happy,Happy,Happy
NEW_96c2663bae0eddda0bc964aeae2a64f19206e1b10d3b6935a00ace12834ba01c,Depression,Depression,Depression
NEW_96c73205a9b32830d196314819a3464fff98af48adc12f5591475d8e88d00063,Happy,Happy,Happy
NEW_96ca14e86a6940392124276cd231d89bc9f080a49001e989f44a990569095425,Depression,Depression,Depression
NEW_96d374d95ab5a6f0a406f38cbf96de461c45b4da167394c920c32f46809c53d0,Neutral,Neutral,Neutral
NEW_96dbdfbb91d2015410de7cb40492600a68872efb88f3bc1a6b30288d9f7a6767,Neutral,Neutral,Neutral
NEW_96eca76709075beda754685322da6e8bba1cb2486e9cd5c663fae4b38a0d6ea0,Happy,Happy,Happy
NEW_96ee4665a5f1a504812fe0d88e19a81ac864a28e0839de989672d2af782ff07e,Neutral,Neutral,Neutral
NEW_96f5ccf871e8fd5c3697a55f8a2d1c3f0fdd56e0dffbe87d28d3b4b48ea05dba,Depression,Depression,Depression
NEW_971626be22339cbcc697c87c5c2c62cbca929d9523994babaadfcd6f6976eaa7,Depression,Depression,Depression
NEW_97178bd3a57c103cebc6a384e3120bcec4b01af39e11f109cf8975337147a632,Happy,Happy,Happy
NEW_97195d5a97611c6c823d30bdf666b0b0f81f17537549788e8c819ce38c4cf26f,Neutral,Neutral,Neutral
NEW_971e445e2052825b52b77feeffcca33a2a4021503c97a6a028be7b35754666a4,Happy,Happy,Happy
NEW_97221d66e28458f3e1380f41aeda03c3d4c5fab94720cedbbd4cedd0b2eeead7,Happy,Happy,Happy
NEW_9725304baea3053b5f2f2c611afe4df9cfe55baa555c00cf6c2ad02b5667a541,Happy,Happy,Happy
NEW_972e588ea95b39e62183686b034bd53971b4da17fda930a5e3faf13a0fd62c2f,Happy,Happy,Happy
NEW_973b5c011a24e0fd08860c0054eb982dbb00566109a3a1ab9ce605f4a2ed1be1,Neutral,Neutral,Neutral
NEW_973b907b264f013df59f0e24bb744cd5edd07b4aaeb01f74dc980a2068d42faa,Happy,Happy,Happy
NEW_973e629a39a718c1954d05688c1523f07322451593b7bfb4723065ebdcafa7d6,Happy,Happy,Happy
NEW_974bffa43658f100ba9f5ff033511ea71aadc23c893bcf11fe39134dd83f5251,Depression,Depression,Depression
NEW_9751faed90742877d071d654736c2f42cd670aefb92f00aa71910b0bc81fff27,Neutral,Neutral,Neutral
NEW_9758d28a354975d5a2f627c8da84ecef012117f682599ad9b8cd6cb24e73b990,Depression,Depression,Depression
NEW_975d15d25d6ec5047cdc0955bfc05ff81f495dc48002c40aa5e880cc93028df2,Depression,Depression,Depression
NEW_975d980768c09c4be02007fb46ed84f1c85fbd0c1a5c5b3c9833fe1135a2bc40,Depression,Depression,Depression
NEW_9765a22c86237c7b5e2fbb4d71501076a9a1e196278cfd42e0ef1a2734220690,Neutral,Neutral,Neutral
NEW_976d42a5593719e063977625f36e10037f8cd73985901f13f77fdd790fbb7a17,Depression,Depression,Depression
NEW_97787384f0f786672e0b7642a3d420dc3580b5dfdffe42103751c91cc342bc2e,Depression,Depression,Depression
NEW_9785857159e7cdffdf1c07343c404bedbf08c321dbfcc6123c086a8fc6d58f59,Neutral,Neutral,Neutral
NEW_978d9c89662e219e2b19b66ca374ff74693a017e4417c3d96ed68938a1ff69ce,Neutral,Neutral,Neutral
NEW_979cd143b6a35635ce20be59a6fb7cfd69aa1cef20b274c42f5bcf84e4319dba,Neutral,Neutral,Neutral
NEW_979d60e1d954174351af6af22920405149dce021a0bd509f9f007f503678f08a,Depression,Depression,Depression
NEW_979f84ebe2589bd131174f578eea6e654735a31b7f2a9791d8af0bfab88de46d,Happy,Happy,Happy
NEW_97c36d08dc2d15914c724396c6b878408e0399533dd42a876d5d9826e051514b,Depression,Depression,Depression
NEW_97c388f0e7bf4f8da667a70f43f8ba2c65eabe385d0cdf2ae311997d11982783,Depression,Depression,Depression
NEW_97cd74db8d6f3ef10888861b66912e9bfe6b96ba346d48c112696f79074a5003,Neutral,Neutral,Neutral
NEW_97cee2aad76eaeeea4335a8db7c6d06dc641a723deed55c341a9a1fd327a5d66,Depression,Depression,Depression
NEW_97d3dbf360ede5bb7663e7c66a7bb6b50d22f9007f42302a12e6d53b8d52b024,Happy,Happy,Happy
NEW_97d8bc85a47d16cff422744ad870dba02bda932a68e53edb20c3db60dd817993,Depression,Depression,Depression
NEW_97e50c10e54442f5226507847946a9089e3ccdf2d95c5da73040505d77683849,Neutral,Neutral,Neutral
NEW_97fbe09fa640c553a1a2791791186ad4154a9ec5353b0529a5d841f701ad844c,Happy,Happy,Happy
NEW_97fcd4856449558ae4f34dc5c487e80473571bc53121d92d3eae60c2fa9f1feb,Depression,Depression,Depression
NEW_980bde51b98207326b853b39920dc49d802e053876df342d33e80ab0620ae8c9,Happy,Happy,Happy
NEW_9811c229a3feeaaad4c9d8b6504cd1352c63bd2bdd7a56db126cbce62ca3bf55,Happy,Happy,Happy
NEW_981756d1df1865ebb826bc771ac8da6ca95af70978a85e42e49a3be0daec25ec,Happy,Happy,Happy
NEW_982848e3f8b86f3dcf444d961907aeb2afc55c0eedac0e2f2433eb8a6432dc92,Neutral,Neutral,Neutral
NEW_9828c818255dea65da85a92abb8f4875fa6e3a00e7309cb05bc37183bbb3f17a,Depression,Depression,Depression
NEW_9828e5e2396967b888e831fa30cd8300a654b5ae7b8bbe260c6a333bf3a0b186,Neutral,Neutral,Neutral
NEW_98360b7e998e339ecca0b77f44aa9e50cb7de586bac88e694db401d5d1280e36,Neutral,Neutral,Neutral
NEW_983ca6caf8e8213efbc5944f72b06e31e04ea029990be8cf037aa68ae36852bd,Neutral,Neutral,Neutral
NEW_98414299ad2c8f8a9ce18f467c293e937c16cb36059b672005311670e519e080,Neutral,Neutral,Neutral
NEW_98423be05421c6aec2d8fb1cd39ad251f2446ff12c9797eb0e961d4f6a6da394,Depression,Depression,Depression
NEW_984769e75c0ab88c7e219af1d1361aaf248a3201ee2cfd90abd41f1a5eb84bfc,Depression,Depression,Depression
NEW_9849713f2073547fb01d0558cd3ff0d9bf2cc3690a8b17e69f7fa5b62174a4c1,Depression,Depression,Depression
NEW_984fbcbe88e2e4deffdb5021bb13576d29f1ef257b0af436ed3b63e307df751f,Neutral,Neutral,Neutral
NEW_98563e5766f505edd4bfc1b4201671af7e6c497adcf2916ab90d26e034b558bd,Depression,Depression,Depression
NEW_985a37005d627dce54005ddc3f539df2dc06933e065362d0bebf8b3543170b33,Happy,Happy,Happy
NEW_986449d7a8070b325c37a78d573b22f35c8623bbc7c5cadb93ff37d88f7b0f9f,Depression,Depression,Depression
NEW_986888aae860c929a825994d55779d794438198b449bf224fcc1c9a862ab80ed,Neutral,Neutral,Neutral
NEW_986c49e18593456e02c722b9f87e0baf6458573776a13297a648b9053c5fc184,Happy,Happy,Happy
NEW_9873b4fe423cbb8fd745393c272f1c808ea54961de71cc789d616fc0abfcb2f8,Depression,Depression,Depression
NEW_987abe99ce8c2bf579cd177e698ba15ac008d8774049b7014eaac970ddf072f7,Depression,Depression,Depression
NEW_98875c17878786d56947dc9251ecf765244e68dc462b41e4d588f3fff5cb6c6b,Happy,Happy,Happy
NEW_9892e6bd684bd2408b305e71a8c33770236e5ff45339870bbfdc954811b3241c,Happy,Depression,Happy
NEW_989faaa15d2d06087103b8ac6e0c57b84b8beff4469e4137b21693fd1598a2f6,Neutral,Neutral,Neutral
NEW_98a03142322b8720a5f2251f06f22ad54cd8cea199cb50ff2e06711e266f230a,Depression,Depression,Depression
NEW_98b42a94720846f19c34d7411f04a9e5fd5e238c773e54b92b00b0489e433e71,Neutral,Neutral,Neutral
NEW_98bbc694407a37de09793ed593bd313d11fe1e7a813a5f85e4cd9e5d352d0baf,Happy,Happy,Happy
NEW_98bf4abe105eb5e36bc158018d9d8bba9529ebf414a2cce2cbc281092325453d,Happy,Happy,Happy
NEW_98c20262a286afcde90e7b36f4e1a4b25fe4a765d908067815e4c002b837957c,Neutral,Neutral,Neutral
NEW_98c9631681e07d419f3ed5605e9bf8826ca936307978d6382b204aa4d43cccdc,Happy,Happy,Happy
NEW_98ce60e1dbc3c94e77506b7ef553988afed85accaa5497f73c19c44abe240a50,Neutral,Neutral,Neutral
NEW_98d9a3e2b88ac31d4fe75891c7d1acdbfd83f301aed6fc6455effbf2071adcee,Neutral,Neutral,Neutral
NEW_98dcb1eae04ef5aee4f03df4864f2861c28674346f415caebe1c214a9c439da1,Neutral,Neutral,Neutral
NEW_9908587fe62e2235cf0f09ee963d2b3201e86711ae9663746361cfc5d5fb1aab,Neutral,Neutral,Neutral
NEW_991db36cef8d64292ab05262d203b0b6883c4725fe843739cb519cf4957986bc,Neutral,Neutral,Neutral
NEW_9922be19ae8a968ab3af75da9e1fdea89ae94e9a489d5ade875ff9a057e6f403,Happy,Happy,Happy
NEW_992901d66f7e4b6d31c1f54e92ab86b77dd6b252dc5e8483deae6221412b5754,Happy,Happy,Happy
NEW_99457a70abe55b537177091bd84bbc85011f4488e63b3752fa45581a9cf3331a,Neutral,Neutral,Neutral
NEW_9957bf9b4f3dac21221edc4e3c47196b81244eec15d8da7f73c558b4b80872e1,Depression,Depression,Depression
NEW_996346fad8f0f11ac0958980ec6886b0451081597c9206a216ae78191d7c5e93,Neutral,Depression,Depression
NEW_9966a2580c8c2aeeb2be9b0fabd28f928481b5d53454f40b7c08b3538d283168,Neutral,Neutral,Neutral
NEW_996fe01e3707eab50d662879808b51aa4fb0c83f36e23057103d33d87127194a,Depression,Depression,Depression
NEW_997658a59a63f28db0e78e029ba80704c444460720d29f06131f5224dd159fcd,Neutral,Neutral,Neutral
NEW_997abe76c96217745004d50c34a4b2c9362230b2a9dfd0ba41ac7697c21eb818,Neutral,Neutral,Neutral
NEW_997f061e0e079f8d7d29fc533d3ffbc55e1e58caae21657f32f0f3712ff64656,Depression,Depression,Depression
NEW_9981a56ecf92ec63943e122ea35ca0fb9ed75ea8820603ed273155702daad302,Neutral,Neutral,Neutral
NEW_998a38630601446d6803d8f19adc80cb5b581580e7776bfcfac336f9db3aebee,Neutral,Neutral,Neutral
NEW_998b6bdad551bfecd221a6794b0fe62236183d38248167d1b10b91da2ee92b1b,Happy,Happy,Happy
NEW_9991df63cc257b294ee7100e906022470e28afd2d309289a5c7636d88f602ed9,Happy,Happy,Happy
NEW_99a023619838a73dc13a5c243094f0c7231f8e89d3ff0d82887a7ef43936ce27,Happy,Happy,Happy
NEW_99a6df6093c28b078be3718167386151dacaa0a1ecdb316a45c91625fb50eac0,Happy,Happy,Happy
NEW_99b1342b4131fd1228206f16b7d1348c02a6de75a12236cdee0a94ef6f1ba93c,Happy,Happy,Happy
NEW_99c45378aec9b06ae84efeb1b25ba78f3e2b7ada6a3e1c26f0e5f3301b8b04bd,Depression,Depression,Depression
NEW_99c5074541cf73dc955e588618058ffb988590fabf6985e7a1efedeb9adefba3,Happy,Happy,Happy
NEW_99cd72ff30739fe37aaddd1a096f7091fdbf9a54fc4a50315bee4efa8fed7b28,Neutral,Neutral,Neutral
NEW_99dce9dfcddb2031f4cbfbef3a800effd73c685bd753442f7545354d96ea81f7,Neutral,Neutral,Neutral
NEW_99e2f010e6bf19ce8ffe5224a9cf6b89a5fbc17be3bbb8f22959152d85b53ee3,Depression,Depression,Depression
NEW_99e7511d5570e098cacd9648cc358d99e18c59687b0d4321c5988ea6e2056be3,Depression,Depression,Depression
NEW_99f1ca561a0ef71fcf394ee598a8a0396588f4bba85385dbbd14d0242d943119,Neutral,Neutral,Neutral
NEW_99f2739698462ab9b9215292223f41c7df3d2f325bc8b8736a8e4e9feb87aa6a,Depression,Happy,Happy
NEW_99fd590153217654b809d0abd170e99a0b35135b0ceb32d5bdafa9f2b07a22b7,Neutral,Neutral,Neutral
NEW_99fdcefe92c495ff784b553329073482d00e0c21407399abcc1a698c32e57aa3,Neutral,Neutral,Neutral
NEW_9a16d927d12edd1724a11a2ef75d2cfac00514cea888a5ae5c074c36049ec2a6,Depression,Depression,Depression
NEW_9a1b591c2b41f0dfb97e3edc52777ac771b0f33e5613e1519c8d1a1221246f25,Depression,Depression,Depression
NEW_9a1df6a0795907588d259067f32b55f171be702834b29d1a643c81b833a52c7a,Depression,Depression,Depression
NEW_9a1e20ae5f3d1e4896df6975143f7b8360ebe60cc91f72000e58f386c822e7e7,Neutral,Neutral,Neutral
NEW_9a21512f861834a91b21da781909106edcb175b8c2d62676524c655510144da6,Depression,Depression,Depression
NEW_9a24adc3a2e16b6c7faa5ab10d746480864664a09420522c0791d82610addde5,Happy,Happy,Happy
NEW_9a25add91c6198ac8f880bb9b393c2226341d14271e8ad2aab5e2589436af38a,Depression,Depression,Depression
NEW_9a28f965eb5e2ef922fc31da0b076b136e084fb62172f1e3382aac81ebe8aaf3,Neutral,Neutral,Neutral
NEW_9a2a7947f37baf062505079f23801be0158015f7d09acd048ea7c965825ca57a,Depression,Depression,Depression
NEW_9a2b5569998a1471ab7209d797bfc522d9b59e6674cf7c088796f2f7b97f2b24,Happy,Happy,Happy
NEW_9a3329c8e9d2ce5664d20b2357f804706220889364941f806c54d38772af7939,Happy,Happy,Happy
NEW_9a3daf263aca484c04fbc6e53bcfd302899a22d8d7f9da0245b884ab85e846db,Depression,Depression,Depression
NEW_9a3ec10b4836285cbd38d8af86d0da6e26d7daf8fa2e5a0d2952f749454c7f4e,Depression,Depression,Depression
NEW_9a486811e47578367850b48ee519ae44a903c7ea9c1179fccc54980e543f3ea9,Depression,Depression,Depression
NEW_9a4bf7d723cb8c2c5da7ffcfeb3355e6f05326b1773d15c43b182b909b841a97,Happy,Happy,Happy
NEW_9a60b42df4c26d91c98439ad758a98823de3b9bfb9bbca700811304a7deda656,Neutral,Neutral,Neutral
NEW_9a60f10e9fc1d7261ba73472a89c01f8cd4326c3d42e2469beb1e5322921d3a8,Neutral,Neutral,Neutral
NEW_9a733567ca46f220402d61a54fd2a90ca2d3b15c0dd41c22df710f6986e0500d,Happy,Happy,Happy
NEW_9a738a23cda0a8cb4fc8600636c11e1405a06dce5a6fb6c9934b39bcb127b22f,Depression,Depression,Depression
NEW_9a774ccbb483010d74714f914c285940c61000dde346f059dd31d254583fd789,Depression,Depression,Depression
NEW_9a7824e865a21323439ea92546a9ed42f64a0602f221d9921cb11114833c255d,Neutral,Neutral,Neutral
NEW_9a8342bc1b6ee85911c563fd6d6e901530131ca339b05572306f85e6f0922231,Neutral,Neutral,Neutral
NEW_9a8feed43791e3c40150ed0ca96bbe11ace7e85e41474104e8cbad2758a1ded1,Neutral,Neutral,Neutral
NEW_9a909fbe9db9c7637b4dacdea58619f6259a8333946f974a6c23c8f991e369ff,Depression,Depression,Depression
NEW_9a9a5b38803643801f016bebf3387cb9a26d46ced011272a5184e6383d9555a2,Depression,Depression,Depression
NEW_9a9c7ffc033a15fd5f29288ca683f3687838295e37f8c1e02d19ed58e05a0e21,Neutral,Neutral,Neutral
NEW_9aa490291bbb75958e3cfea4dec8f6bcd3bf2d7778dc9203891306a7c165fa87,Depression,Depression,Depression
NEW_9aaf429ec6a2134c12cf4c3c95a98c80c540244f7acfcd24ceebae12b5ed5925,Depression,Depression,Depression
NEW_9ab899ee02adc51b1b1b22d58292666f8d6fa765f05aab6c4297dad1433d08b2,Neutral,Neutral,Neutral
NEW_9ab981d8e1808d08d92cc0c4b87fcb88e5ae6f2797825dabd08b27e5061ac572,Depression,Depression,Depression
NEW_9aba48dd775ff43b514d321503b9827889a056a72de0590b742048124d50c834,Depression,Depression,Depression
NEW_9abb9f160dcc9b36bab622698f783541c1d87a6070682500197809bc612f8624,Depression,Depression,Depression
NEW_9abde780b66ede2be69e6f15b267c5cb37d53efba9b53322fb99325b938b988f,Depression,Depression,Depression
NEW_9ac0c5fb4940a18d508b2d819f63f646fa929ed04db8bae2fe18de611dbbdc5d,Depression,Depression,Depression
NEW_9ac30e04b19e4cafbcf403748c863d70ea708d433c422d3f9375bc9884b69018,Neutral,Neutral,Neutral
NEW_9ac35dbcd9e8db324525b92e730d3a152202f5275859c78f6df557d9d048684a,Neutral,Neutral,Neutral
NEW_9ad02bf7100e676ee79a06d870a6d70565f42dee134fe0b8cbc924866aaad1a4,Neutral,Neutral,Neutral
NEW_9ad68f294e18ec14ffce175c26f2e1557cedd6145f90b648397a0055016ef027,Depression,Happy,Happy
NEW_9ad8496062dfaed33bfb3c8f2d06688bb94e7b4714065b35a1c72aeca6a11432,Happy,Happy,Happy
NEW_9ad9d0059c24aa8eb9865bdc39529d81b28019349810247fa8f14cc6ac2be593,Happy,Happy,Happy
NEW_9ae66614aa416d87612ae34f66f644dcc0d353f22f366f99f4435f83d7edf4e9,Neutral,Neutral,Neutral
NEW_9aedc002bb84ad380b6f7149ad694802f9679df845b205719d92a36bea1af025,Happy,Happy,Happy
NEW_9af1b93dbf529339145a5ecf2f20381375256578a71c6f266f401c219458ac12,Neutral,Neutral,Neutral
NEW_9b0a374a89962bdf14b20ae52343fd5b9efb0f9e208bd91fc7ee41a6985c6f18,Depression,Depression,Depression
NEW_9b10a3c860acbf3795d30ec71014e355d60948184e998df50841f84a173f5940,Neutral,Neutral,Neutral
NEW_9b1b6558b933ccb048b6c26fef207e832fffed013e6ea7d1617014ea75ff24f2,Happy,Happy,Happy
NEW_9b1bb177882ed568b00848951579232ee2324467245c2d34866a9eb6572accec,Neutral,Neutral,Neutral
NEW_9b21b1d1ac93cfe8de8dfdb4ef6e1e0ce8c6e4787ce15afc4654bbe3658419dc,Neutral,Neutral,Neutral
NEW_9b260e9584d3d4a2c34d9258b128342a3b48b9f70a5376fd9b207ce5b488d988,Happy,Happy,Happy
NEW_9b42669ecc08d2377341f3f93feaa409df6f56f413744322017542419c9a352b,Happy,Happy,Happy
NEW_9b492d3082c26fa2adeee2ee2fa1f043e05c36146391baaae5331163d7d2c2d7,Depression,Depression,Depression
NEW_9b580a7809c1112f40702ed15a2583d7a7a4c2dbbbd0b4aaed670e1a09d97762,Happy,Happy,Happy
NEW_9b5dcedc6039d0705c4149cae3ab2aedfcedf331f5e660bd845bbdd069f9541a,Happy,Happy,Happy
NEW_9b685b96e27bdb94f7c35b991ba9f7f50135c5d6ebd68aa81950bf20b494270d,Neutral,Neutral,Neutral
NEW_9b6932b1062f6f508d6e810302f028300ae824c5def138c0746fbbcb3c09bd3f,Depression,Depression,Depression
NEW_9b6f28905f2875029004553e4be734c98c221b4e495ea43a0d5748dfe0b05955,Depression,Depression,Depression
NEW_9b7e377867322e5fd8169c218a6357f656662b2aadd321d03f993979ff0278d6,Depression,Depression,Depression
NEW_9b7f11e52e955eed0f9909527a08e4bb59621261fbe292bdb634ae22a9caf19c,Neutral,Neutral,Neutral
NEW_9b8819a1998881c0c042f478d531cc4d426d0c257e17ce1974c14c7034e03540,Depression,Depression,Depression
NEW_9b8b39e40ec3175d2bbbb97e8ae0a46764f6e52fe2dfb3444473952a3216b89f,Happy,Happy,Happy
NEW_9b8e4e9262f3a8de7db3681a61f2152b38150db4d65d147cd50cc8b732344f44,Happy,Happy,Happy
NEW_9b914e945072156095bde2ce7aa95aa6295d083e81d0e9731cb2704c1ef6b1d3,Happy,Happy,Happy
NEW_9b94c5df68bcd4c3c0d4a4dedc8c358438493e458ad66bc5ed711dfede466d62,Neutral,Neutral,Neutral
NEW_9ba64fc27a5879928aab5e926dad7cbf469c466d7766f09f61c2967ddf04ef3a,Happy,Happy,Happy
NEW_9bb62facf6c2aba6d3089f3c5adf878dd0073a5515a415028464a0743e69ff19,Depression,Depression,Depression
NEW_9bba27894f569b322b7eb1ecbd51fd52777c340ce1c4ff68b60c8bd9dab9da6d,Happy,Happy,Happy
NEW_9bc1d3b4861b846ab997df0fcf6f3918c9dbabaf9167cf818bd0c2ca43097ed0,Neutral,Neutral,Neutral
NEW_9bdf5f1f88e3b50e62f28f2fdf0fe11d7754e0926e8dd846dcbf7d5c3c3c6b73,Happy,Happy,Happy
NEW_9be3541f294f1f26a5dc2df97ff94fcf16a555655371ac27d8b822d13360612d,Neutral,Neutral,Neutral
NEW_9be7e60682eb7137853b5a2c3ed10b23435fac689ce659d53b8e1b7a9de2eb19,Neutral,Neutral,Neutral
NEW_9bf884ee359da1b28b7f6cf5307c04cd6d5ace0d210deeab75a53835f31607a6,Happy,Happy,Happy
NEW_9c0b07083891208099558f126b686aaaf097671ce1ae3fdd4a37a2c957aba96a,Neutral,Neutral,Neutral
NEW_9c0c87ebae7afb3b0a5f64f487783c273f0a25e8e0889827ba672b81f315fbea,Happy,Happy,Happy
NEW_9c1658687a5d1bb8d892e803d3947517cc36feb2b17c599acdd3ed8858fb1ed4,Neutral,Neutral,Neutral
NEW_9c179c0749455360096a636668506e51287d1d1a1b883bb0a090f4d3893a2bfb,Happy,Happy,Happy
NEW_9c29fe72f46ad9fff89ff2ec0e78b0088589f2b68ed8a36db9f511c64bc5655b,Happy,Happy,Happy
NEW_9c37f99c05a442bf17f4944e8fd403f4ee7db80e60ba1a5059f5dfe2c06ad195,Depression,Depression,Depression
NEW_9c4a1245721f358c1559a96e9e91e1559325d2afe4619fa97cec5fb77654b280,Happy,Happy,Happy
NEW_9c51c6d9ea90c51a62b8a428a69b486d93739f8424d3d4d0743af8289c570736,Neutral,Neutral,Neutral
NEW_9c5502e4e3d4d17e52d5acbf039438aa2fa933e0a9c9698b32492203b8d49207,Neutral,Neutral,Neutral
NEW_9c627b1f641d291a966731dbe7b09923c572f4add967aba9bc5c5fabf6a7f59a,Happy,Happy,Happy
NEW_9c632f6d21fe80e1e7f961ad3f9c103f061a2fbc6e0154f1be9495040d5bfe5c,Neutral,Neutral,Neutral
NEW_9c72e189bdb2576dc601cce1620a7548daa641982980b4437febaf41a898870e,Depression,Depression,Depression
NEW_9c78b7a6755702c49702c6d66204a94d83fc37abfc8ddff10cda5bbff1c1de4d,Neutral,Neutral,Neutral
NEW_9c7be42c9d95bd11788a570c0a9646b90a418d1bc424a34d00a01a93f464aca6,Depression,Depression,Depression
NEW_9c80a92fd1186151a14d3a3cceb74ce0418bc44cf4de23311543fb39bdedc8aa,Depression,Depression,Depression
NEW_9c83bc20c46f2b544f5f7d8284bd994bbb67b5d54379ed238bac641d2612fc0f,Happy,Happy,Happy
NEW_9c84bd29640d96431c072f0526b20663d382d1718c4dc14a70ecbd2cfd3c2855,Neutral,Neutral,Neutral
NEW_9c87bb61664f2681e455158c8dbe0dd86f5fcfdd4e5efedd0dfe2f57566b9cdd,Happy,Happy,Happy
NEW_9c88e75f4f12c11863e7e03a40e72fef82e560e1386d7340ad1834483bc7df26,Happy,Happy,Happy
NEW_9c8e1a0f16b3e66b87bbebd6d25263053ff1b7767fd9c72fb6c8063e3498821c,Happy,Happy,Happy
NEW_9c9852cb5120341217b96da0de9b8d90c06c4a7bce53d6217afa660160e4fe78,Neutral,Neutral,Neutral
NEW_9c995d0d1a6273185a0b4b0549840646e17e43de89ada1b0fb21267c61164c73,Depression,Depression,Depression
NEW_9c9d6bcbea1a630c344861689a6903fcc26b4e56c693b8414a6d723096b7da02,Depression,Depression,Depression
NEW_9caaa68009e23f34f95814442efdac5a6dde47e14b0f1a712d667ad5dac47ac8,Neutral,Neutral,Neutral
NEW_9cb2cfe75a156da1e828e319a2879e087cbca3add10efd591b8e68dcd0503058,Depression,Depression,Depression
NEW_9cb7ca0a7a47dbed61a368482ffa5565d7cb6e6e6f7e0fbff890970acedc980b,Depression,Depression,Depression
NEW_9cccadb75966565478e8c98cadd02156c665b31c9fc5af9a46d7b3ea65a3db30,Depression,Depression,Depression
NEW_9ccce18f3f4136c1fcc26d6d05f442c345b3a319f0c35d6c9c07799299a00dfc,Depression,Depression,Depression
NEW_9cd6ee31e77d85d04a69a0c9261e2d2fa9f7afaaeb864ea675c3aa834c261ca2,Happy,Happy,Happy
NEW_9cd84e36527ba0cc10dd28e5b8f0ff2cdc79a2b53abf1d377e20081f6be4d2fb,Neutral,Neutral,Neutral
NEW_9cdc7157de5bc48048a6ac306359999b8251011702e0c69976822c3a234a76f6,Happy,Happy,Happy
NEW_9cde56c6982272ce443b6a2c2667f70bdf15a37fa9955ec82412b14dacd5a101,Neutral,Neutral,Neutral
NEW_9cf3f892116254bfaac39b5b08445d00e71b37e1a00b56988ea12dab9891dec1,Happy,Happy,Happy
NEW_9cf651446166b22fe39d519f5a8b86b3168722732c1cef3b88b0da1ef3a9c73f,Neutral,Neutral,Neutral
NEW_9d0dc10a8aca4dc78915fcad6fafebbdec8a16edaa1b9409f8adf9bd7a4ca2ee,Neutral,Neutral,Neutral
NEW_9d0eabc0a7981c63ac6df52f62a5a466894e505c7c27fe852ad5923ac7d50938,Happy,Happy,Happy
NEW_9d1002252ce0e4d1f13291394ef1f8c4092ef06254939dff06d83178d71449e1,Neutral,Neutral,Neutral
NEW_9d10543a41f79a47e5f43479570c3a58ccdaddfa5df0c931c4f67a69078050af,Neutral,Neutral,Neutral
NEW_9d136a50d6360c754912ffbf2fbaebdfd1485a45a80b7df6365fab45f38e0368,Depression,Depression,Depression
NEW_9d16d717d18385ae2a51badf61b098d97db3ec01991f89de1c2c1c9d3365d054,Happy,Happy,Happy
NEW_9d1b302d223bcda70bae299118dbc6b4e0373118ab9661e6f9960b31ce083a56,Depression,Depression,Depression
NEW_9d2394fd57678825d4aa03eb5cc22a3e037a27689fefcde60c2191c13e798b2e,Neutral,Neutral,Neutral
NEW_9d28034749d4856d56ac9d3fa2d8613fbfcce4f30624d18ea4875f34c35658a5,Happy,Happy,Happy
NEW_9d294d7e9f092b5dbef431aa8249f5bb8805ec41c1e04029b0798796e4ae2808,Happy,Happy,Happy
NEW_9d30971c23f56e7932231c92a731bb9607f43c8eb0a35ad2b9d2ec6114254883,Depression,Depression,Depression
NEW_9d358f1790616c9d66c2f642a2fa17b7afeb193ccf5827bb6aacb7370faf3658,Happy,Happy,Happy
NEW_9d3729ae818d37ce33028c5214600f6811f3b7bdeba1f5aac574751996e01bea,Happy,Happy,Happy
NEW_9d39be9444ebbdb8c85f000b728452e5a73a74abebb509e85ddb3de7a0b84963,Happy,Happy,Happy
NEW_9d404ae29d468c66cd4fb274552ec51aa2ea089ed73f03db9c493a013f867a3c,Depression,Depression,Depression
NEW_9d433263f5f5b41e056ee3c081f541a21a7041710f6705fed1cc14f274662f0a,Neutral,Neutral,Neutral
NEW_9d43b10a5b56cd17b645fc4beb1baf4aa92b1df429ad1c083f3972e111c3daec,Neutral,Neutral,Neutral
NEW_9d5005749f3f0d9b6c550cf1d6cace8b2b35ed87480ec8fe2a25c30cd7023449,Neutral,Neutral,Neutral
NEW_9d67eb9e98803b6eeae73dfafccda948c5b3c854640c7be9b60b73cc1cdafcdf,Depression,Depression,Depression
NEW_9d70cf42eb5a7ecb6997ba4bbbe3120ed8bb435d92bfdf990e51b3d5bfbafbea,Happy,Happy,Happy
NEW_9d76a1332d3a377eede3735877fa313a98ecf874fa2695c00bc87b68edebc68d,Neutral,Neutral,Neutral
NEW_9d78d6651d0a35096f5825e105abb0136a7c72c563c689750bfcfeebda6ab80f,Neutral,Neutral,Neutral
NEW_9d802dddec824d50ea1ca0d20b7ea74f37d759c58814a5a6d0c7124e444cfef9,Happy,Happy,Happy
NEW_9d9266d60790bdf145a6d1027ab682cc485dd67dc51bb68dd5791815a17bb3e3,Happy,Happy,Happy
NEW_9d9fe36416c5650e132c79ea225b5a4e2c6862ca57b058b3c0ceb0c1ca445882,Happy,Happy,Happy
NEW_9da1468d888a1a471f53f51a4d877485a46f9f3b33a2e43bc7615797044f3fa8,Neutral,Neutral,Neutral
NEW_9dba331e349e56b39723ad8f89bd8dd9987595d5140a69505cd4f981e8361db0,Neutral,Neutral,Neutral
NEW_9dbaa0055603cb899938f964e9fb1a7cf1e2f1557d93fd57f24bcd661e07165d,Neutral,Neutral,Neutral
NEW_9dbd393847304a60579e60c5e312b78afbfe1ab129b19c5e01e4aad9c6d5284d,Depression,Depression,Depression
NEW_9dc2e1a52f4f731661f31311aad2aaa2eb041b23698d4e09a192f174b1eb5a35,Happy,Happy,Happy
NEW_9dc3f32563130ddc88d208310ba5706293c406e35e8007a9ccd97be6071fb6fc,Happy,Happy,Happy
NEW_9dcaf0f97d76a8e7b7e4f13497cc4fe3b75edfc81efe8dc01cca9945a08270ee,Neutral,Neutral,Neutral
NEW_9dcbd69e095108ee894fa3c51f3edf7d5793be6218b3157f303487001eef6a7f,Happy,Happy,Happy
NEW_9dcdc8bc38d2c4538aff2efb8feb0f18d3c19d7a10368741a24fbdbdbbcb99cc,Neutral,Neutral,Neutral
NEW_9dce1fbfcb981693655c440a767d1e2e6c64e55d9de548853b3faa606aeb569f,Happy,Happy,Happy
NEW_9dd5a58c60cc8d56eca646be020be172b35d391831b15cbfac5cdccc258a513e,Depression,Depression,Depression
NEW_9dddaabac2832988064fb6d920709b3414122df248efbbdcb9dcf5f4bc83fe74,Depression,Depression,Depression
NEW_9de0654a14041882461c5e13ad16eed5e6e5860f781880c46ceb5295c8bbae28,Neutral,Neutral,Neutral
NEW_9de9246831328e50a386a34185a2e1c5b528a98a55e7c0b5562b218447796ed2,Depression,Depression,Depression
NEW_9df665d6f54ba46c6591ed1ddcb823010ac9239652d1a9d4e99444500ae7b95a,Happy,Happy,Happy
NEW_9dfb3274952dc8eeac1a6b4415b212623fd54fe3dd3550c228d87e95c9e8cf3a,Neutral,Neutral,Neutral
NEW_9e0330dbad31e3b2e56b9bf6b1bb9373067c90f5e746c5244eaa49e93278c224,Neutral,Neutral,Neutral
NEW_9e1efa0a5e61b5da64840aae76b9af7b2dc229cc141a97d03616892875d44d4e,Happy,Happy,Happy
NEW_9e299584b5b516d8a2c54561cc7737d523121389dfa33d0a10d43b7ec566ef8f,Neutral,Neutral,Neutral
NEW_9e327847de1bad3661e4009a12a6d80180cdbd8187fb18373e61fd83b7dd8ad7,Depression,Depression,Depression
NEW_9e379110b3008a6d4d3d18969706eb7a0f4f491130fa1b9ac1697bc51a1ebb48,Happy,Happy,Happy
NEW_9e390f6ba980281c3ddf0c82a3956f89469e0f0a6059bd5ec50e2017c74a0470,Happy,Happy,Happy
NEW_9e3bbe85a361561ca516c5926439a47e15a5e583fd94be3e70c41f567f31b1f0,Depression,Depression,Depression
NEW_9e42d1ad7bfb35a10a4049197fa41a7c57c698af584fc62faa3fe3b2336a5274,Happy,Happy,Happy
NEW_9e4fb29f6879764c2b2dbf410ad05210ca0acbb9f648d20751fdbed453237199,Depression,Depression,Depression
NEW_9e59603b5389106efea96edf2268562f3b5e900eaa760bc456f578dd80f794e9,Neutral,Neutral,Neutral
NEW_9e643ba160c223248eb7628d3a490dfedaba4a1810cdaafbce30e84b3a19a0a5,Happy,Happy,Happy
NEW_9e79a925ae0fbca6ec6712d553a3066bc494e8b46fa226a15dd6e6f4dcd3229e,Neutral,Neutral,Neutral
NEW_9e839f7c5ca86d35e6c71df44bcb10e05499b0def11bbe4753278156a63b8ce7,Depression,Depression,Depression
NEW_9e8dc6c32b64e12fdabaf85766705636611cd354bdefca7b07e7166d307fef14,Depression,Depression,Depression
NEW_9e97f4196493df47732f7387f31325599d7eaa66028f3f9a4dc6c0405ed0b7fb,Depression,Depression,Depression
NEW_9e99e16e6b03a6349b17847100b458e15f89ae9014d9f76d9792ddf8dff461d2,Depression,Happy,Happy
NEW_9eaffce8b3ad0aef6373742321e62dfa9db132884a0e79ef46bf431c1ce067e2,Neutral,Neutral,Neutral
NEW_9eb651e77141baae31c3afe387e0bd98e377f6fcf10a89a3af1190028537498f,Depression,Depression,Depression
NEW_9eb8b62a67ad972891a43eb2cab95ead8c81a79a2b22f84994e5777b8c01e6fe,Depression,Depression,Depression
NEW_9ecfcfd50077d99ffe506610947c33a24a44e9d7008be0d89e77d5537ba84abe,Happy,Happy,Happy
NEW_9ed2f1d82ee8a84e7d269ab8566fa5fe332798b55ca6679667ba7cbdece95dc8,Depression,Depression,Depression
NEW_9ed92b8440103603a596ec3aa8416cd4e9c8ebd1f1b08a823357ec299f5c4b33,Depression,Depression,Depression
NEW_9ee6e42e0d5d1e69371255f6a2266092c07ede2253bdfc9c31ab5ae0451d1712,Happy,Happy,Happy
NEW_9efd8332c1c1d7c5d7a91699b0c5a97d6a946b2618a69a5ba2cf161e8f3ee9c1,Happy,Happy,Happy
NEW_9f11c6e882db6d671b4a2cc5168b05c39c0ff1ea259b77140372cb5dbabb84c1,Depression,Depression,Depression
NEW_9f14ca1a1bf3e096411576c2dd50518335dbe3e7d1e19b51dc3b63a4a4d85095,Neutral,Neutral,Neutral
NEW_9f1bc6d6396a1c8c0f7a714c57269abd65b5c238d08083337863b54aef6817d1,Depression,Depression,Depression
NEW_9f1c91824566dd321e6431175e45b4858d67c8cf0b1863e3b1e0a73c84c4fe91,Depression,Depression,Depression
NEW_9f304381a43c4175599f6f77ec6ed87b376ba9cdac33a0bc70b4d34c2705b80f,Depression,Depression,Depression
NEW_9f3492608f235d9a00f0f8b389a7325f3330db52798af3bbf4f09a870768ef77,Neutral,Neutral,Neutral
NEW_9f349bb9748ddd539376bc111a9a91a7ea9fa8e67e0f474299cbce539d89fe34,Neutral,Neutral,Neutral
NEW_9f34c5e31b772d2a7a48b560c1fd7999df2f41ce621a12c7c3a09ba71aae2842,Happy,Happy,Happy
NEW_9f42411d93321a8f346cedaa86de4609a1e7a12ac1fd34dba54b47f55e823ee1,Happy,Happy,Happy
NEW_9f43fd18ab388c0d930be791e15a0d7bba5894934e39887d809d5480df633787,Depression,Depression,Depression
NEW_9f44ea56a765d6f649adfd149d97e4f3eee73c7bd0f7c76359e01d9d76762c9a,Neutral,Neutral,Neutral
NEW_9f57e5f724f1a6bc1baa8c1ccd30483447d530d59f2c11d5b5e174f3cd7c7963,Happy,Happy,Happy
NEW_9f5e2121d7ef667a32f676a6c8172f5015f380c9324264fcb52a3b470a6e3946,Happy,Happy,Happy
NEW_9f604efd0e2d0858358eef2d0302c76ddad0f225e9f3ef28f7d047110639d8ef,Neutral,Neutral,Neutral
NEW_9f7c1f284e81f36e0fcb11a77ba0f08685c25caf124ad29ce52efb967162f003,Depression,Depression,Depression
NEW_9f86b3f96617d4547739b8a4d8ed88afc7e8ebb982fcfd3ada34a84f23899f57,Neutral,Neutral,Neutral
NEW_9f879faba7a47b269fd362c36c98b867f00417bbe4eeb1fcf073c2333bcb57cd,Happy,Happy,Happy
NEW_9f8a088f44268702bd91d300747a7eaa7b0936684f9fee4ea4d64290faff5ce6,Happy,Happy,Happy
NEW_9f9bd7d228d743fcd0adf9afa8ef57157309c01dc8b0ab679896cc6be466161e,Depression,Depression,Depression
NEW_9fa974ec9813577caa7e48656d7101706d6d2d2bc6610c3e3c0de1674a25e1e2,Depression,Happy,Happy
NEW_9facbf6deca864490e8e717537d571aee330adc0e46249cbf5f6f31dd53be111,Neutral,Neutral,Neutral
NEW_9fb20cd9fc013f77d0baf873b570ead8cb940fe6cf81df074c1b60a4d666ee14,Depression,Depression,Depression
NEW_9fb5d486a23861956a8a881e38ca868b09cc98dc0e5108b68bdd5af80c004cba,Neutral,Neutral,Neutral
NEW_9fb63847616a0d31028fa58da560ae0c85d49cfee6bbc4c66b4d3cb917b4f5cd,Neutral,Neutral,Neutral
NEW_9fb94e635ab1641da5b4a5a85068f94490b0ff8b9e57ddb5f25abfe6af663068,Depression,Depression,Depression
NEW_9fbb786fc058d942acf7dc4e2675c44fe1a392012d173bbb17bc6266b2893231,Happy,Happy,Happy
NEW_9fc723848c4c052cdbf15561eab83f001c1b9770e45b4e5fc4f7309ac034f187,Happy,Happy,Happy
NEW_9fca205dca69bdbee9f26b4d4b7e8aa5a12314b1afad63b25f522e98e220a7d7,Depression,Depression,Depression
NEW_9fcc6127690d0616df1a5110581ce548807c20715b076e000500015f5823f335,Neutral,Neutral,Neutral
NEW_9fd684589f8da6bc2d1550d17c80232e81a5a982553ec5a09c8d91959d4bba93,Happy,Happy,Happy
NEW_9fd80942b74a02da0b3c2817520b959e5bdf357cddddb9ffa8d6fd3b077db5b3,Happy,Happy,Happy
NEW_9fda2c9f1b9accc7ab0b0afc8350dbc19a33015022431412bfb02f081afc4d5e,Depression,Depression,Depression
NEW_9fdadea37d016632ef7c01aebb44718a1a3087763f22255fc9cc084215ae8faf,Neutral,Neutral,Neutral
NEW_9fdc3d286d495dcc9b1cc9e747af0d576f4feeb7d170ec8cc16ddacd2bf336b8,Happy,Happy,Happy
NEW_9feaf6837b39cde5db0b515198778f338e10822698e6ea2ce3e689220e07f1ba,Depression,Depression,Depression
NEW_9fee6453e94457831c85e7c38b6eab9c708b1335061bc868824e3053bf1f3e8d,Neutral,Neutral,Neutral
NEW_9ff751e90ba6ef395886cc5a3f1b4c5c52eb4a0285b57431cecb02398da3eb37,Happy,Happy,Happy
NEW_a0081fd4ce719907a7c1115ae39f6673fa203b103ed25d8774eb7a745326ca9e,Happy,Happy,Happy
NEW_a00862ab205ec38f4dbeb0c7aad4b5d4e16f557bcebb33624507fbc79c8775cd,Neutral,Neutral,Neutral
NEW_a00a53a66fcac93294470fe9ceb02dd248af99ab5a29cdfcebb2e689f91d2f83,Neutral,Neutral,Neutral
NEW_a00bc950363ca2117ec350809d9ace266e23adad55a7a40ea25491ff735f1f83,Depression,Depression,Depression
NEW_a01d27109a0573bbb625ab39ee0eb2cdef29a586623caa738f386f68c2710dc5,Neutral,Neutral,Neutral
NEW_a01f0690c5be86e7ceee6167587e9c70545d4c542d00c17d606f87a90d93b7c4,Happy,Happy,Happy
NEW_a02a60cbe30331bed74bb03caa20263e096b19902f8aa9942a2be0308e06fac5,Depression,Depression,Depression
NEW_a02f189268bc21c3bfe71fe621d7d70e1038a5ae60236907eac494364008fb63,Depression,Depression,Depression
NEW_a03224804885a2abaf975d0e0bdfd60b657d1467d49690f84c09135ae1d9a563,Neutral,Neutral,Neutral
NEW_a0327e60dddfe1ba70099682c56a2244e6424d675245daa78382d19b1aa0daf9,Happy,Happy,Happy
NEW_a034fd79d0e24bf7f2a8659f5a2fbaba769a1bd614711f11e3d222bb038997f8,Depression,Depression,Depression
NEW_a036ba9c3f12a2097134e28ceab601587a8c6bce31481a14eb97c9fe09d5f7da,Depression,Depression,Depression
NEW_a042484415cb25b50230db7a7f9f22255ccfc473a5737819840f7aaf9f55e83c,Neutral,Neutral,Neutral
NEW_a04376e7a838ccbb89c45cdf3a2550b95703d37f19adaa2bad903539e75acb63,Depression,Depression,Depression
NEW_a051e65508d805f1a2763302d48530d68d802f474ba0dd786e632f8aae912080,Depression,Depression,Depression
NEW_a058ca361e9e60f6dc4de0f0c70b9551c150dd0b1573ed5bda14d08615623f89,Happy,Happy,Happy
NEW_a0591a6eb5c63eae7bd776e22d9f222d6a5e261d5b240d71b9c161142059c278,Neutral,Neutral,Neutral
NEW_a06dc50b51f95c470bbd4972a02c567aad56774d94dc38bedec7a9a830a019e3,Happy,Happy,Happy
NEW_a0967cd9028d22a6254c6b965ae56dbd87351c8b8686b2ce7e95bdc155783011,Depression,Depression,Depression
NEW_a0990c50bc7da75da62f2745cc2b197d28abb12051f20a939f8a15a7f056435f,Neutral,Neutral,Neutral
NEW_a09e648f0c9d5a801d8ff1b81db3f7e858121b4f7fa2cb0e6ed8ccc3247f18f8,Happy,Happy,Happy
NEW_a0a14f28b0c5a612e9c27f7f90685b5b49962ea5a87b68c41e0e58529b9e0470,Depression,Depression,Depression
NEW_a0a1954f642506ec17fb4de5fe23b81826ac888157b7b4bc5020a07e143e5b5a,Neutral,Neutral,Neutral
NEW_a0a8db8e99b18421c7ad1210f24d9b2a5316f02bb32821df0c398a5d5936a520,Happy,Happy,Happy
NEW_a0b5e52692391588f097df98413373ee7ba2da877909da54e8c3a67ce6b770a9,Neutral,Neutral,Neutral
NEW_a0c62804ea9ec4d7e0de7f6afa3f6c655b26b8442fbae323b1042f469e012600,Neutral,Neutral,Neutral
NEW_a0db563ac9f188e5491269626b7e0bf4a2e65064c6d094da280b3633d158386d,Neutral,Neutral,Neutral
NEW_a0f140e955306192a791738e62b3ba9c317d0fdd906381112c8ddd0c8952f5c1,Depression,Depression,Depression
NEW_a0f81c0bafb8f8dd0c6affbec6eab60216856dd29d0e29b8d6cd7813fa2253a1,Depression,Depression,Depression
NEW_a10346bca6d8f1752c1dbfceada5b9450ac71e0c852955006084ae5446c02464,Neutral,Neutral,Neutral
NEW_a1091cab0ad42688b90b03c80ea5998b7078f2805271cddb25fe4811008ecef7,Depression,Depression,Depression
NEW_a10dc280c4aac06d866f74e94f2e026f8fa943ceb57647dfe2e7523ae4cec9a7,Depression,Depression,Depression
NEW_a11ae15a24ec4445145f0bfdd3357104207584c72397a34b14614f49e867eba8,Happy,Happy,Happy
NEW_a11edf9bc7480c723ae05abc2fabaf67ba10954cae6a61dca64639c1c5823bb8,Happy,Depression,Depression
NEW_a11f1b5462c7b9f03a0e422eab67bd958b6bb3efd4a83797cb4bdb7cfe8a6dd7,Neutral,Neutral,Neutral
NEW_a11fe0890bbbcafbf22a8ed959d6301d388a1afa85eb19138e1c398d7ca792d7,Happy,Happy,Happy
NEW_a122d43ec9689f62031cc58fff40a0762e976e409fcc5665d30afe88a72e3568,Depression,Depression,Depression
NEW_a12592e0251b4793337dff8097622fea18f821a55157759719afdef96a39d100,Neutral,Neutral,Neutral
NEW_a12656eded5280ed3d6e0184495d965b055a0fe4bc2386417b8f884d4dcc3886,Depression,Depression,Depression
NEW_a12e4d0e64f9fa876f019024a4a890bb0492a35c5c97ca3a484e9ea2e14526c7,Happy,Happy,Happy
NEW_a13ca951ba35cfb1d6bace11e22befdd3ecc560179a51a2c84e74d4f13566f31,Depression,Depression,Depression
NEW_a13e1853cd8935531e7ec4b0e04a1a1b4319820d68abedc906c116a07c6393b9,Happy,Depression,Happy
NEW_a143a74827db2b1db283180d930387cc101c4db6e9590b6b5ec45294b3028000,Happy,Happy,Happy
NEW_a143fb9725c151d37ab491796644501b47e12a55effcc7f7e312cdd37a91194a,Depression,Depression,Depression
NEW_a14ad5c0945042677813b2c3ce503d793538445f2db06fd7320bee0a05d35c2e,Depression,Depression,Depression
NEW_a14f8c5aca42619dde500cb3a7b81dffa03d06813c4f10375c7d0a7c225bf06c,Happy,Happy,Happy
NEW_a152f0c196024a0b681da7f7d31ba71d5f41135d23918c6de4e52274e7a18c95,Neutral,Neutral,Neutral
NEW_a15a91506427dc4718cbada4790c179d6eea33806e5fcbaaa8b68bd2bba94b17,Depression,Depression,Depression
NEW_a15aaae686eebc5281e8ee32793808100588552b4c7cc54ad3bb359c789a904c,Happy,Depression,Depression
NEW_a16499ef32c03040ff5ee5647765ec9407ac89ab55b411af4f419c898406bfb0,Neutral,Neutral,Neutral
NEW_a167ec0cf2c615e7f0341296825c7b81a8aa965c0f5f3176f77b86eea3d0d250,Happy,Happy,Happy
NEW_a16a65a5f8c502a99cf7962d73783f9dfeb3f67cc10cc44d19da50d3cb42b224,Neutral,Neutral,Neutral
NEW_a181c5b1ccb23680bc404f4055878dd56d04b653c9c1bf38bd57ecd13c8fd4e9,Happy,Happy,Happy
NEW_a18911110c7ea2461d3e18ed1292c3e55961db97834c4a10e262ac99f0f6d01f,Neutral,Neutral,Neutral
NEW_a18a584c819e46064a24457fd2070afb16e2d4f139585165c82cb4de2852fac6,Depression,Depression,Depression
NEW_a1911f0f2c826635d9cf6825d474bc70c86c63c5ab445290709f901856b69601,Neutral,Neutral,Neutral
NEW_a196bdc6b1b04e6f41ae7211dd845f4570beb05535143d754c80f2464acec17d,Depression,Depression,Depression
NEW_a19b6d93b7a7a39e246e48724fec6b49a9d17e0e72ea56b707c973e8de7c307b,Neutral,Neutral,Neutral
NEW_a19ebdadf42c29e4a8358aa2efebccb22aab70e02a8dfc070b8a555054fbbf0c,Neutral,Neutral,Neutral
NEW_a1a36fb89ef425053f4c4a0dd6eaec4dab5d76f4385740e77b342877ff3abf21,Neutral,Neutral,Neutral
NEW_a1ab14af9ce85958d2ebf128d311cd408430655d0ac45f375cff41be1f3133bb,Depression,Depression,Depression
NEW_a1b050aac9e0ad7f1b05eb37875e6127d81c966cc7d3ac315eaa10668c8f5b7f,Depression,Depression,Depression
NEW_a1c1bc61760d5d61564aeba36a56ba3043fc824c5af4eaa42f4e1fc10e3ce9ee,Happy,Happy,Happy
NEW_a1c4614d73c3c9418561f24ba89548a9c04a2a3d51c0f607543ea464cd36731f,Neutral,Neutral,Neutral
NEW_a1c68ceb3d22eca8d71af2050c00c375b4a432944fbfc5e273a58288bf830c08,Depression,Depression,Depression
NEW_a1ca15e69fd01b264ac9871f381835016a8dcc6641d06bcd193707c189d64b8d,Neutral,Neutral,Neutral
NEW_a1ca7fd6b1540cd74a325c602d0d745803614ba9d81ea3ccb82cf2e9ee81e172,Depression,Depression,Depression
NEW_a1cc78725b5b9d08eae1a07f3415c33a39064628987ab6ea5c019cbebfbdc036,Neutral,Neutral,Neutral
NEW_a1d10fb32595b46d09d449c3f747fb6793d754b8e07bd6323a4c4e72a94c9a23,Neutral,Neutral,Neutral
NEW_a1d6f40e862b020cdb4fc2c72a55152125daccd50047b3bbed182d7081a0f15d,Happy,Happy,Happy
NEW_a1dec78e2e458c2228c71dd5a45e16cf4493627b313d8ad509cb0a12d104a49e,Depression,Depression,Depression
NEW_a1df4a6031e3bcfb314de0678628557c1db8ba7667e91a59c662a9f92fafe66b,Happy,Depression,Depression
NEW_a1e3c95456ceefde2b3f865f65a221d7420c5d7c1f2c86da6f846d57e28c3a3a,Neutral,Neutral,Neutral
NEW_a1ea7baf361b130376990f03d6d2a6210c6d1d7f5feb598165cf81ff0b395b35,Neutral,Neutral,Neutral
NEW_a204f5cfddfc766125c14a01821519f1200abb9a47da719034b6327ed56b8142,Neutral,Neutral,Neutral
NEW_a205a71a9f2396f0c973fba4ef33154a05babe919ec26969d2dc61133cc9093a,Happy,Happy,Happy
NEW_a205db0bcfb9dbfdc9eade25903be4d59d87c2bcbd086041c2a5cfb729116090,Depression,Depression,Depression
NEW_a20da6a59a51d3037812c8315308800ad2e7fec9a3a922563a582fe70d32d01e,Happy,Happy,Happy
NEW_a20dbb752ca957471f7e4699e390536a70b2d63e699ff1663794159df9984421,Neutral,Neutral,Neutral
NEW_a20f1d5af184040c53f4f1c0550e0177d9c71e5f69a65a5401d9b47b4cdeb1d9,Neutral,Neutral,Neutral
NEW_a239350db30fe44d3c26390e98f5dc3ed626680cb980a0deb2cd9b46904d7fe7,Neutral,Neutral,Neutral
NEW_a2443ea3d3cda8395193bb7cf2b397d35da04993b5b2591ca148167c3acdfee4,Depression,Depression,Depression
NEW_a25da61f302352113095251e1a2da45229702f37a0e59deaf5b511cfc1a0f8ac,Happy,Happy,Happy
NEW_a25eb9312dc99e9b1664afad18745536250aaaac48e85f53b74713f3ca98ce3e,Neutral,Neutral,Neutral
NEW_a265ce0af27a9936f7c3714b8b9e956a0c11c1739946f9b9692d19e420576d8a,Happy,Happy,Happy
NEW_a27287becedf5de9d6749f25511f2e3b5695ca778069c47924c6f869c58098fe,Depression,Depression,Depression
NEW_a276efbfb1e54e97547706b639a002d7ddcd12b653b475a29ef4e9175651716f,Neutral,Neutral,Neutral
NEW_a28ad3ecd7cd3b0ef0f0e88465733d97fd1f7c5d3717ea9c32af336468015e29,Neutral,Neutral,Neutral
NEW_a29037f60c77bd27619bf8dad36d9b50dd193090e06bed8947472a87ca347361,Neutral,Neutral,Neutral
NEW_a29b2fab76b2c551f1c5594fe5860685b7ead72fb15cbfc52489a1a101cace25,Neutral,Neutral,Neutral
NEW_a29c815933d07c8546caa446fa36c026e806cd5fb489f76708e965a53403b83e,Happy,Happy,Happy
NEW_a29fec9f7c28f9f0932dad30d5621ced0e424db635df297bbe43902481673f60,Happy,Happy,Happy
NEW_a2a41de081033dc1ba83ad54244a0457bb556718b2c1a889635fd254fc15be00,Neutral,Neutral,Neutral
NEW_a2bd20b0e5f8ba72950a408684872c7d55746388e6ed633d701ead14308dd70c,Happy,Happy,Happy
NEW_a2d0fab24aa0673ad579b69faa16585095696b1ca1a652d780e0017714f5b1f2,Happy,Happy,Happy
NEW_a2d324ea505fa411b7ffe18fbe6aeb957ffd1a8b87a96d9f73af127e67dcde57,Neutral,Neutral,Neutral
NEW_a2d9e171b854693d896941aa2917e0cc08c2618780cb7ca5f8630fcd9511fa78,Happy,Happy,Happy
NEW_a2e183f83f325b85ecd4ce73b0279ed5ab4bf28a9e2a914eed145ac5ccde45e1,Happy,Happy,Happy
NEW_a2e38dd0e5b9ac2c1a2cd5ffe334add2e154377a417b45addc3a12839b641116,Neutral,Happy,Happy
NEW_a2e43030412090b8c47b125c93cb7e6a059b497c248bbbff33f5a9c57bc82f6a,Depression,Depression,Depression
NEW_a2e70eacbb9e9cfc599142053d5cd79878e0ff4c6979bf0f2b0819ac6ae5e122,Happy,Happy,Happy
NEW_a308c38d43921ffa3d646c121ee296c1bf7f987e0bd76ec4697356e93a55d884,Happy,Happy,Happy
NEW_a30ecf74560443e2dfff1fa8e6d0723e558d7c50062285a614a91588be8ee8da,Happy,Happy,Happy
NEW_a30eecff97cbba94957e00788eb6d361ff725b6071ddb65883e8832f1d2747e6,Happy,Happy,Happy
NEW_a315d226509f2fb80f889c0fd65af6d1363250903a25c2eafb188b2e3f58380b,Happy,Happy,Happy
NEW_a31610bd58e287882ad58e83e8274a14a9e03a1a443b3754021345206278f0ef,Depression,Depression,Depression
NEW_a31e5d3605900fad3db36d9bbac860699d74df8db46c6204f5470d43b0f1e5aa,Neutral,Neutral,Neutral
NEW_a3385ac3f100d260893c7a7a4f22d1ef03c43a34103fcb028489a573d7cd2c1c,Depression,Depression,Depression
NEW_a33bf782b963f732819899ee725c9342e7cf1daa0229754ef3e4327ee26c23ae,Happy,Happy,Happy
NEW_a33f9309664b8c03e9ff57c935f5d6dca1855a76d0e6715de24c539ca4d663d2,Depression,Depression,Depression
NEW_a346b81a1c6d4f0bb6ccca327cf2920bf89ba048db2b0d278367bd633573fb16,Depression,Depression,Depression
NEW_a3472c220c5304e4c3625b3cce916ce8d5356a359e1cf645c42fa1fbba8b8e78,Neutral,Neutral,Neutral
NEW_a3473c1b7acca72b2e4e77c7a1edf4d90b8e890fb3e8b4c6ccd1fa4a586f3d60,Neutral,Neutral,Neutral
NEW_a34d1915c3d436578938e328062b4371c81d674270ebc59847256df66694c92c,Happy,Happy,Happy
NEW_a35bc98daee615f9b7f2625bbe4651ecd8c72bedde44b8aab8c19ed1ea079531,Neutral,Neutral,Neutral
NEW_a3698b74a5208b213e59bbb6f5bcac94a18f590d23356d7fafaf37c7f5ea89a4,Neutral,Neutral,Neutral
NEW_a36ffccce8bae2fb6ee024918715f0dc02322322d62c54e4d428576880e22b66,Depression,Depression,Depression
NEW_a3736ab6f2a7a7afbf879bb667e74417ef094a858873ea571ba4fcf891c9f9ff,Depression,Depression,Depression
NEW_a381b56e00f845548bff04f74fdc0cfc889c3efee1443b0ec0aabd6bff0f4307,Neutral,Neutral,Neutral
NEW_a388c075acfb4d20186b5735c96b00491a811e3ad7d7965c1dd8b2f3fbe80be8,Neutral,Neutral,Neutral
NEW_a38d9c0ee008748216bfa4e8e1ea58cab89c0ed9dc3ede20f1b8102b11d50956,Neutral,Neutral,Neutral
NEW_a39a06b3a78c57f8bf499591643f189cc068f8008a719a98b7442611d31c97c9,Neutral,Neutral,Neutral
NEW_a3a3e30780da59acb62f3ce9ceb731a05f9008ea12465f1c75db3413e4beabe2,Neutral,Neutral,Neutral
NEW_a3adce9220029ad9998b0cad7c40cae9bf9c04014332f042897d44af55752606,Neutral,Neutral,Neutral
NEW_a3c1d56eb4bfae8c5ad84fc6d1fdfa726664dd73ab29ffd7de9376da388e57bc,Depression,Depression,Depression
NEW_a3c930bcf277ffd22162453d9519bc3c1fcac09232ca48ab2889d783c3fbc969,Depression,Depression,Depression
NEW_a3d3abbb9462c6a6731c0b6b7f1ab5f005dec4c5432e16e1a38e0bcb80f74fe3,Neutral,Neutral,Neutral
NEW_a3e8966bfc527ad21814665acce4e229b767d69ec97349118aa7456cc8802d9b,Neutral,Neutral,Neutral
NEW_a3faf6e1d2c1d7c372421864948efddf22c5296b3cc4619ab206ec2609847275,Happy,Happy,Happy
NEW_a3fb8a54df0bca2cf3c250fa2634dad98ce49f990a53f619de98151a9de28206,Depression,Depression,Depression
NEW_a3ff74dc86c8260533e50f938d16390aabc2b2f182f54887af0b8af31a4ca6f2,Depression,Depression,Depression
NEW_a4025648d6e1f54e709a628e4e41f0e9f3e322f7a661bdfa5f900a59adaea0ca,Neutral,Neutral,Neutral
NEW_a41c1fdd48f951b6974d24b95589271bb3de559234ea873a0f1f910dcbce7205,Happy,Happy,Happy
NEW_a42e4fab38476d6bdf180cc2210e3225256e07d34794d4ee3b2de591e30ca7c5,Happy,Happy,Happy
NEW_a42f94477bf9af11a3381b061d1b243715f1a938c11c8b76e54f15e3721eaadc,Neutral,Neutral,Neutral
NEW_a432a07a99279a210fb1aae7f7944bf3380e1fb4df7b29190db2629928ff544c,Neutral,Neutral,Neutral
NEW_a437081d03ee6db2a6b142616faa8db7dc99aef287a0946ca988bfe5e3bb8908,Happy,Happy,Happy
NEW_a45e7973d48ec0cd7d8f7ceb8877774655d6a309e8cfd3b467a88cc845eae09a,Neutral,Neutral,Neutral
NEW_a45f1abd8b1e1f261a3688d125b7b51a79954492198942ffca89f46cc1e83105,Neutral,Neutral,Neutral
NEW_a473e64a36d21de8b89554d77e548395ba83c2c045a5babf1cdea9845bc13329,Neutral,Neutral,Neutral
NEW_a48176996acbfd5ff57e1716c2b9edbedf37cf1f00e763f37961cfe593d25ad0,Neutral,Neutral,Neutral
NEW_a486da82f96544729085d24247e7b682a9cf71d70e5fc32ad5ede71b58e415c0,Happy,Happy,Happy
NEW_a496c85fb787a6803280007714c75f42d084db05c3bab048c61cbe609c84c031,Neutral,Neutral,Neutral
NEW_a4a744df9eed7f28a02e2bd018215b321b560168f6ca8c4c88677cba444011e4,Happy,Happy,Happy
NEW_a4a7f4a16fd2581e1c357043cb5967c8a1a4e58c6c1f59d2e61f1d654496c873,Happy,Happy,Happy
NEW_a4ab9f95915860f13dcdaf1be092a49360bc5d3beae6ec0dc8fca7b534aa29fe,Happy,Happy,Happy
NEW_a4b019ed6285a8de6af1a5360c02d7a6b545aef02c5ce10c9eb2baa9be3529eb,Depression,Depression,Depression
NEW_a4b81fae010b46f58194a2ec7bc519eb5cdf124da6b125c4950f3257b3f911c2,Happy,Happy,Happy
NEW_a4b824e3e2722c58ccba6d3d625bd7f79208c85bef65962ae4a7805bbee3831c,Neutral,Neutral,Neutral
NEW_a4bc943c8bf92f2dc37ca55a26e3d94f46065838aef6babfe152d1762e5407f2,Happy,Happy,Happy
NEW_a4be9652cf43f7838be111cd78905267740cc6125d62b89e2435c2e37319f5ce,Happy,Happy,Happy
NEW_a4ca0e9f130760a7876faac3e02b0ebe8f4219d14de6f75e36c40503857339d4,Depression,Depression,Depression
NEW_a4d4fdff772ee3906f861fcfa28b0a103362e17a44b0db697a617ca7e5042e89,Neutral,Neutral,Neutral
NEW_a4d96bd88f00e24b16a732e714751481299f8323cf63c4c4b6f8274966ff1ec3,Neutral,Neutral,Neutral
NEW_a4e1b159ff410351c695c36b37a1e86623a96504298c8e7d5dc0f844be23744f,Neutral,Neutral,Neutral
NEW_a4e4fcd6e06d73e2743e20e52e21385e66efeb3e5e9c026c9dd09484c723e750,Happy,Happy,Happy
NEW_a4fb8b94396edeac9b2ba0ea719f9572b49e03be31b6f64f5e4c4cfda88d3a9a,Happy,Happy,Happy
NEW_a50017fd6b0e77ce732b08da8c3bb36988ddd526a32f7e1bcb3a7aed792b6927,Happy,Happy,Happy
NEW_a500d5b6ff6eb33a4c21005392b8addf55c9376b3ec5dabb17eae034fb0eed67,Depression,Depression,Depression
NEW_a50278352adb862f4aab426f9769984df65d61009c89047be2a80c7c53aa6914,Neutral,Neutral,Neutral
NEW_a50315e4d301992804a888c903221525623d6e66f5d4df396b939e2167165e2b,Happy,Depression,Depression
NEW_a513e83adec5df9905719d45ff82434b688404b9dce40b1406f05f825d820ff9,Depression,Depression,Depression
NEW_a516a4ddae6e2e258af483bf23491dda6ea24f63e62b915e0859fe016b9fb300,Depression,Depression,Depression
NEW_a51d2576bbabed6a1cadf2e842de0b32125e375297a2441f8a8dfc8b44f4f7ef,Depression,Depression,Depression
NEW_a5290871d3f68dcac4f0a42fe316839dbc492051e156fc617675a9ebdf88b1c0,Depression,Depression,Depression
NEW_a52ab1a24dc04d68e9bc33e296c675ff2d1168defa86c63588db501d4595d3f3,Depression,Depression,Depression
NEW_a53777816de678749414415b25b0afcc6f705af6543f83937461e735d8c2cf14,Neutral,Neutral,Neutral
NEW_a5378b96b5f6abd036a7dfd2d1a1e110804b7506612a3118bf41f8c56e6e55db,Depression,Depression,Depression
NEW_a53a34b0186a47310ae0445ee6575fb3e7ec760a7ee947b8a967dde4b97a1900,Neutral,Neutral,Neutral
NEW_a54442fdcf8f1a063e46702eca197c7932735da9cf65abbf7620f12f1527412d,Neutral,Neutral,Neutral
NEW_a557b8dc0b3fb702e19bda2b084c5dc3c7bfb4de2f1f708653bebb1bd57ef188,Neutral,Neutral,Neutral
NEW_a562305b7aa7f12e103a3d719e0f5a000f74d99cd22715b4504acc9faacb3466,Depression,Depression,Depression
NEW_a569aa2870f9183acc26def1decb57338cfe1f095f313c8dcaffb97a2844ddc9,Neutral,Neutral,Neutral
NEW_a57182348b6ece103f664f16986db14c7abbfc6ead7df05872ad6b27c8f9f47f,Happy,Happy,Happy
NEW_a584ecd992529b416b70c84fa8070651127bd9c00bf9ac0ab648976031bbd0ea,Neutral,Neutral,Neutral
NEW_a5886adf786de921b3326aca6701b0e0d02a1e635d0c192ea5e723f408c3494c,Happy,Happy,Happy
NEW_a58b6d9a99d8c25cd89a4b8cf6d1812a5e48deb17d1bf227b56743b17b90b4f2,Happy,Depression,Depression
NEW_a58ddda774838ffd20ffb3ff26e88fd38a278d5691e7edb3bbea3be87acd6709,Neutral,Neutral,Neutral
NEW_a5918fbde3c9a5a32869631872a31142dddba5ae0e6f4c8ab2aa09b87492d1d5,Neutral,Neutral,Neutral
NEW_a5932fd7c77268245a884217699fe08f35efef9c2286f6c59009645229034675,Neutral,Neutral,Neutral
NEW_a593ef8b35ac4fd104f09da01d0e7dd7317c658c9caa02a86bb53af97d506a08,Depression,Depression,Depression
NEW_a59cf5575ec84f42dfd1dd74524739bba1d76eb6fd650f2b55e65f650979c2da,Happy,Happy,Happy
NEW_a5a4822490cd349fa4b49181004faeb0bb5512c9e89260f08f6fbf6f2401af3a,Happy,Happy,Happy
NEW_a5b20cc618ed72e3ed9be48bf5183e7831e04283becc4dfc71b8a77335091159,Happy,Happy,Happy
NEW_a5bc789b6e88b223844f6e8482749335f32202335e7482ef966f37e6b4476c82,Neutral,Neutral,Neutral
NEW_a5c43837288e16c38590a1158c46fe623c4403cec87a2f864a3d0394c93c7a4c,Neutral,Neutral,Neutral
NEW_a5cb7f569064bc1631d834b64add49befd841550b1567c96401edd7f8407ea83,Neutral,Neutral,Neutral
NEW_a5cbe30abf1697942dd5fa3f379aae7427cde2bbe8281f5ddbe80aa04fdbebb9,Happy,Happy,Happy
NEW_a5d384ba5d12dc3c9f2337cbbf0605ed97d61a21c5038623954141df91908017,Neutral,Neutral,Neutral
NEW_a5e0263ba4b8e179a00e4eea9ca02f184025ea6bc15f21564c2fa18dffc26892,Neutral,Neutral,Neutral
NEW_a5e9dd142a8d51d9a0ad3656a8b10b68fdbf38ec9a56d966941ca33f78f920ec,Depression,Depression,Depression
NEW_a5ec89d9297367f1cc1d9307cf785a401916c6a32961d984d66fe96fa0e7a098,Happy,Happy,Happy
NEW_a5fb7e1ae82390ecb5cc8aa92d6e9d44f65ab6ee54dd97f90b311deb3491fd64,Happy,Happy,Happy
NEW_a6045f1ad91b628fd93ff0a5027ba42ecbb152d36b9e91f7d90e56c4eb473ccb,Depression,Depression,Depression
NEW_a60cb2c49f29fc6182992861e1659317a3b2da3b2e1b3527ad3db981b9c5f6b0,Depression,Depression,Depression
NEW_a61ac132c1c0a48f7304fd6a24a02f0cb58db2cb6daba5e9226ca4d8df14f93d,Depression,Depression,Depression
NEW_a622c72260f35d86dad65dc66f462eeb85b51231f450739d84874d3d2ac6dec8,Neutral,Neutral,Neutral
NEW_a62deaf13eefef64908ba1e061a051761e67eb646f44eba2cb06b6b80fec387c,Neutral,Neutral,Neutral
NEW_a63477a10bab4ff275599a4f5c8a3d4916bbeb872f110ba6bf791eccf2824dac,Happy,Happy,Happy
NEW_a63e1daccd4b9880b3d4134fb5c04a3b398457967c1e817e2b4617a8e1b61660,Depression,Depression,Depression
NEW_a643ecb919c270fdb663e656179fe7ad3165c400c8dc582a011886be1ba9954a,Neutral,Neutral,Neutral
NEW_a645582a76beac2a7ee379cfccb141bbde12189e324a0c8cd1d21dca3a3c36c3,Neutral,Neutral,Neutral
NEW_a65228d461b73b5e15ca3ed7eefddec237f7a7d7bc279bfdd08548ccb92a7414,Depression,Depression,Depression
NEW_a65444f43362bc7678b88ae8beba03501efb840b9d9224f5f26109d3600c3435,Neutral,Neutral,Neutral
NEW_a65b01e2eb00830c48541c91a5e5d7ea7b7c550f8ce588b75f41da2d340cdde3,Depression,Depression,Depression
NEW_a65d5d12946aed3433a50a6a3daefac63e8ffa18becb1b9d6197789a8bd61636,Neutral,Neutral,Neutral
NEW_a6673d4fcb7f2d0e6ac0c1fae75e22db33868308cea04a270afc487c6e137c2c,Depression,Depression,Depression
NEW_a66a726fe639948677390cc45a4fe6be3ef0c481003af863ada5c9e05d0cf291,Neutral,Neutral,Neutral
NEW_a66bda62993d5486d18373952e603028de787837622f9e04db7299dce2e56711,Neutral,Neutral,Neutral
NEW_a671a7ce5844f13130e0e242ec8b344074d8a20eb3e1cfea84621f1fb0e651ff,Neutral,Neutral,Neutral
NEW_a67bfec613544b55163d7ca266c936239cfd50d2b429771bef4edec54875a8b4,Depression,Depression,Depression
NEW_a67fdc7e41ea4dea1ceab745130cc2174b43444eccf2210de2805704f104dc2c,Neutral,Neutral,Neutral
NEW_a686a50afd2bda3f5cc05902313e5a5c0617e8079222061a0ff18b08a63cb915,Happy,Happy,Happy
NEW_a68985055b89864edeef41d715875f3520d31a1aedad5e80982e2c65b991b141,Depression,Depression,Depression
NEW_a6924935f6604a850f5cb03d4d307eb5c8f18630d70263ccae0e79c242f57363,Neutral,Neutral,Neutral
NEW_a69638bcb60b5dcbbc21193dbdef7c757509537f76490334709cc46edc80474b,Happy,Happy,Happy
NEW_a69d34f8e42bbaf7219621a61b414255e18b33cb834981c55c2919eea6b59395,Happy,Happy,Happy
NEW_a6a370cb49a6a5b9eeca11d382b498d6851968bec99bc59b8c0e7472c1b66369,Depression,Depression,Depression
NEW_a6a46fedc18b25e314841b7b8692ca98893ee4b863078d8d6b0c3f0552f5138d,Depression,Depression,Depression
NEW_a6a9145ec4bd7c2e233c1dcb13355ee99436b4c94e035f9eadbac2e676bce5fe,Happy,Happy,Happy
NEW_a6b72359e08c477381df5e55eccb47b2213c7db4e512525cc78f0342a8622fb8,Happy,Happy,Happy
NEW_a6b9a0c6436f9f1a98ad6d361d82551243c80fde7976944070417e72c4538bf5,Happy,Happy,Happy
NEW_a6bb3fd922d78a6ad53e4ed6c9f2ef16fd16056366acbba05eaa9746996e57b7,Happy,Happy,Happy
NEW_a6be4f3acc56a4b5a3451ce3eaaf90204ca29d28af3ee32306490fa4a76ce7d1,Happy,Happy,Happy
NEW_a6be80f92a02c1b2bb1383209ee08c8cd4ac203d5e6a39b16cb0d8ec557bfa7e,Happy,Happy,Happy
NEW_a6c8acb79b9bb6dd75af8aac5f727e7a53969627a0d2777ac5839f85036345b6,Happy,Happy,Happy
NEW_a6cbd48ae82e8c0e4fa83a7be3bcd838bc3443c29bc6e72eaf79ee2ad6687e0c,Depression,Depression,Depression
NEW_a6cc896d97dbb63f704d92b1b1017201b3675ace3f9d4dab4a3e404eb41946e0,Happy,Depression,Happy
NEW_a6d18bd79766f7973cce2774fde2055978a2a7322ef79e28675839ee2625f619,Happy,Happy,Happy
NEW_a6da47742b925268a3d1e64132c7d8b5ce2cb0e05faacee74d7c1697147ef9ec,Happy,Happy,Happy
NEW_a6e0220f01baef32cbf135a593eafa6ba345133dad6af8b4bf210b74f518e5e2,Happy,Happy,Happy
NEW_a6e0db905d363bc66c9a4e38d9aae30b29cbc33157bbeae33f9385e530a05e8a,Neutral,Neutral,Neutral
NEW_a6f06914d82b685d11dd49cb7ef976995113e1c8b699c84d811bd0201f19bffa,Depression,Depression,Depression
NEW_a6fbf7cefbf1287c83d5c84a1259585b38eb9d087c51340e736c66639c20e46d,Neutral,Neutral,Neutral
NEW_a6fc0d80f1b36b91cebb0007ee69530231d4cfaa33f9157821c936dee32590a0,Depression,Depression,Depression
NEW_a7081f555f8ecc32ae5727d13216bff4766c761d7121942f7fed5dbc14de357e,Happy,Happy,Happy
NEW_a709e83995bde3096c31d5b2446129485d5574f43d33a79ace4e043133718892,Happy,Happy,Happy
NEW_a70eb8fbbd3d18fb50dd659954137bb5bd1069fb296cec176177a840a6150052,Neutral,Neutral,Neutral
NEW_a711708d4fd3ea389c7a24c340fb6b75025d17e708a201e7f8f49efba3b1df4e,Neutral,Neutral,Neutral
NEW_a71465f68341ebfb60f7fcc6f70a117761ffc37e50c8366f1a7c96afe43fc0c4,Depression,Depression,Depression
NEW_a71f13374b0818986e37a61ca77e7786f16bd434daaa4b1d3074dcd110ff7e89,Neutral,Neutral,Neutral
NEW_a722f6db117129cb97697b32d95c1fb22ed8c5560ae80067716a3fb98d4a7d7f,Happy,Happy,Happy
NEW_a724c8c12ab968a271c37685370e94440eaae78a921c501272b02a837aa0cd51,Happy,Happy,Happy
NEW_a72efb7db55e9cede751c51594998b12e25272c9d7300e66e50cd4a7071c2721,Happy,Happy,Happy
NEW_a74326cf0aa5b7dc8a634a31a3c83e1c9d9634fd0154fa9667e54c83d38ab9f8,Depression,Depression,Depression
NEW_a7480283edfe01f953c4e7eb92d78ddd685c8a32178bb4eedd3ba674e5c96629,Depression,Depression,Depression
NEW_a74846e1ab48eecdda6463c0b07507b437f6bf01b341e0ba7930b3c593110e44,Happy,Happy,Happy
NEW_a752f2905a38174c6aa02370a38ffd7cf3defe337ebec29699385cd46796ee37,Depression,Depression,Depression
NEW_a75364a4b976a8fe952052cc168eab9206101a1b63083701314ea9801a61b89e,Depression,Depression,Depression
NEW_a75a54711e68f0f09db89b373de1eb930141e96e83b439e869fa0170ef04a25f,Neutral,Neutral,Neutral
NEW_a76ae14d534933dc1e584d6b313a1f500e91754a3ee25ac888f035a1b0c27d60,Neutral,Neutral,Neutral
NEW_a76af182ab0653334648339a6886a43b3f05e8dc02578701bfc12e139f302d22,Depression,Depression,Depression
NEW_a77858f521f7a2329f7aae37e3a79cdee50d85f84281a5213ea8f2fd2030dbfb,Happy,Happy,Happy
NEW_a7821555530f130bb98b32078d556f3f68772c10e6f9ed4b6edf4190748e8fdb,Neutral,Neutral,Neutral
NEW_a782acbb524eecc113e6a074065b0bd4f260261d604c2a9104171c784eb03114,Neutral,Neutral,Neutral
NEW_a7890a6c3ce2620c32871e8c2c96adccf3470eb94cad3dd7c6496caf17fc852e,Depression,Depression,Depression
NEW_a78a17d6cfeb80052e39dd737d7d8377135ac0cd1102aee4106ed4cbfe562f9e,Happy,Happy,Happy
NEW_a78af1cc5d6aa84409c4cf23e1ca59145a3c4ee1f4dbbf7fdcb732d969473f92,Neutral,Neutral,Neutral
NEW_a79c0eae8654bbea35e3d1e59be5ef5c9ca6ece0cb2d2952c5be857483914c0e,Depression,Depression,Depression
NEW_a79cab0e728949b51a9fca3d2c8beeee8334d38ba09ea1e467c05f7c0aa10172,Happy,Happy,Happy
NEW_a7a3898f94d5ec4aea0bcc6532d3f7fb4ae8fef59bd1983013caee175335a8e2,Neutral,Neutral,Neutral
NEW_a7a9eb1c1c01b2292395078d1d3739b63624379af326dc9089d367a88d3787de,Happy,Happy,Happy
NEW_a7c645a1cf40f22c9a9cccf909385ac245ebb03b5559a33cd2e2a7fd91222433,Neutral,Neutral,Neutral
NEW_a7c7202a479e04fbc9e75d09e3cf65f75b7951c1d04c1d208236fb0d08882652,Happy,Happy,Happy
NEW_a7ca9b7891da98e50d519870dc63b6b504833a61309230333e5c0776d8a4dc77,Happy,Happy,Happy
NEW_a7cd70e60d11e7014f68ddc04337636fae4efc1190ff605812ef96a917509ade,Depression,Depression,Depression
NEW_a7d6cf63d6e7c170660812754cd1741eb3bc4bb8a60a1f8ee5f371e0a4c28e37,Depression,Depression,Depression
NEW_a7dbbbf43a85a59762f69fd92b8cd6a3c3eb9ba58ab3c1b23b5e66d529b97fb4,Depression,Depression,Depression
NEW_a7dc41ad65edc75301efeab05797d017f42f3c3e6a21b0e67120d4c6e2f3ff0f,Neutral,Neutral,Neutral
NEW_a7eac51d208d8f89b0cf22e69d2386f5fcb120817f5db1e1357da4dc8d0b00f9,Happy,Happy,Happy
NEW_a7ed845249769fdd06e21e4242d28bce8b75c5cbfb005f9dee7ef33d307186b5,Neutral,Neutral,Neutral
NEW_a7ef797a3609b1bb8eb204a4c64891964a01f0bc9f44a5554d16270cb6ee40ef,Neutral,Happy,Neutral
NEW_a7fa9011b8e6f05013fea91d0c8936ce954b4507b71431222521115b0e82754f,Depression,Depression,Depression
NEW_a8027ea186b7cda58a611009ed8fabe1eaa318ef107bbc6e50eca89ecd542b57,Neutral,Neutral,Neutral
NEW_a804b08a756642a78e5688463f0bea005b4e594afb88719402060e2a9f4fc535,Depression,Depression,Depression
NEW_a806497737bb72ed269dcac4666a84ae412fd7d6178356395355dd98f697bdff,Depression,Depression,Depression
NEW_a80711e865d07dd80465212317ee8a2c16b4ababf82eee9eccfb5e8492c2a481,Neutral,Neutral,Neutral
NEW_a821250e786fc3c6f2d799015d2a081caa349dd1ac4b32d0ff36abed516bc62b,Neutral,Neutral,Neutral
NEW_a8283c740bcafc380ccbff80cd57f8697d44bf9172762e7216c380860e47685f,Neutral,Neutral,Neutral
NEW_a82f13999150a514dffe517e950864d27743d48ab9ab26a425bd8faece2540f9,Happy,Happy,Happy
NEW_a837b7fdc9eed5647b9ad8ecc3bb692155f815a7baf57fc3c5617a59c15ef3d9,Neutral,Neutral,Neutral
NEW_a83dbafa21d9c00f38f523841694ae71e6e49ec9836fbe8424b06990da5747e6,Depression,Depression,Depression
NEW_a84678e70ea47b3be51c74280373f566f2e21e4f068f59050c1c6f33b62a60e3,Neutral,Neutral,Neutral
NEW_a8470e0c6fea36b42c7a40c7b84717ee4950dc539b47b9c2dbf9f7874ca3b79e,Happy,Happy,Happy
NEW_a84725f3d3088b862781df33fc92e21c9b72f20a23e433db14e0d24c36b96ad3,Happy,Happy,Happy
NEW_a8483201a5b0268ed80a198de52f3704e612190857dcbb2d30566fce8d5b1126,Neutral,Neutral,Neutral
NEW_a84d3a4176e47011f63d6ebb27e9ea98fe1c8fc2f7b55b225d9dca10ea13e1cd,Depression,Depression,Depression
NEW_a85fda44e6babcf39fdf8feb45a500234df9f3a3e4344792e70fa29a447049b8,Neutral,Neutral,Neutral
NEW_a86ee39ecc56aa072c445b2df620d347d2efd7a2ab58ffb5f6943286dda9316e,Happy,Happy,Happy
NEW_a878649753f803a80da5674798d6c619a2f362cee83dd8cb5552a8ef637c24fd,Depression,Depression,Depression
NEW_a87fdafbeb071ebabb6caeccb02a41bf3d1a8cddf644dcd46cd0564ddf158c0f,Neutral,Neutral,Neutral
NEW_a882fe7eec335ffb7f78d1bdd2a6cbb11f6ebe2170c61d01d62dd9e5fe5e52bc,Depression,Depression,Depression
NEW_a88a5e1e94fce069ed9e71206f8801dd391244c96f2ee294c837f9cba8331ca2,Happy,Happy,Happy
NEW_a88ed2aab488f50397658091d4d2c195e8da49f29ff893082998dc74bbd55827,Happy,Happy,Happy
NEW_a8971b42922933f80305ca257579b2f1539e237dcbef11a0298a8237adcc595c,Happy,Happy,Happy
NEW_a899d54b56fe7dd3103dc85402253a8ee1845d3eef0ae34f382935aad48782d3,Depression,Depression,Depression
NEW_a89dc568fd0e5c8f78c8c5ac55dd155357b26d762b069a192234a7b4b13010e1,Happy,Happy,Happy
NEW_a8a3f63d5c48dbac1d12aa9baf69938843b75b82cc4a11b9ae09018648428dd8,Depression,Depression,Depression
NEW_a8aad1fa68d426cdedd31eb6d63a1afcd023f46908477ca006ca73ffe6a2a052,Neutral,Neutral,Neutral
NEW_a8b6e893c08307cc6e75e4df7b4a69e8b23cc19f304b35691b145db0ad28e657,Happy,Happy,Happy
NEW_a8bce4dba8a967d9cf8fe68eaba1922c5b0a7f700b00267f25bce8e0cff6d9c0,Happy,Happy,Happy
NEW_a8c161234f11c6c46b7b9564f72d0283a820b26c5bd7c4b9e737bfb6591e5f7b,Happy,Happy,Happy
NEW_a8d3b0927437dc36fbabce5acbe9411c2b1a25a41f1e64111e9b91ad2a34f2a7,Depression,Depression,Depression
NEW_a8d5bfeb3867a1eb921a32c9696dfb69d2d337618b0193c5b8d2db25b528c9ea,Happy,Happy,Happy
NEW_a8e49adcda7efa64a018df2e59a6812c4f52c2e80d72faebfa1a0b7205b826c2,Depression,Depression,Depression
NEW_a8f46da4daa8f68175645ae46a2558f23834d8600b81124af5c5c248b5decfb2,Depression,Depression,Depression
NEW_a8f7f997c29a9b0a3b4d8bc079b071fc3343057560d69860df871aff710fe4c7,Neutral,Neutral,Neutral
NEW_a902d082c8204e47e5eb8b35465a5d51326ffaf62741a9dacec2f6545a2ebd9e,Neutral,Neutral,Neutral
NEW_a915c136a91c26c8acab5fd6646e094a498f046523614b03df0e71b4b39ba321,Neutral,Neutral,Neutral
NEW_a91e8c6ea4df6267456ffad523e62fea5ba703a5580358b008f063b3642693eb,Depression,Depression,Depression
NEW_a91ebcdbd8e2d4ef5ce089cd910d635aae5729dbed55ee30117669e2e58413e1,Neutral,Neutral,Neutral
NEW_a91efd4b34d8ff7bc4eceaa24987ca1bdd33938a005cbbb1d62104b314b59de4,Neutral,Neutral,Neutral
NEW_a92218db856b3c7478705197d4d4872f6a6d93044491e540f19cb3cd519fb2ab,Happy,Happy,Happy
NEW_a93e19abe20cee00e537fa0b7f630857a009dad7fbf7ec78b4d97b0754faa876,Neutral,Neutral,Neutral
NEW_a94726aa220b716cb7c739603d9943e5568fb5aab94f60383c9961513e4f01ab,Happy,Happy,Happy
NEW_a94f6aeb698b964ac49813e0b95cabed0a3c92dcae1d07ba31dbf53f0d2eb031,Happy,Happy,Happy
NEW_a952b383eed6ce3fbb5e1a72911a7195061564b7b167be94d97893896d69bbfb,Depression,Depression,Depression
NEW_a95716c09a70cf5b9ce4f869d40de9f95f3d1262f113416c4e8f78b313d17ed2,Depression,Depression,Depression
NEW_a95b039410d625756b3fb7eb9321f38b39bd81d8ff4017dab4169ca4dbe8f1f6,Neutral,Neutral,Neutral
NEW_a95e3f464c52d045990327c5d8411bfd63dc4a2883a0f86f60a20c2781628e49,Depression,Depression,Depression
NEW_a96570079464cda0fbd2570a38e12f49905043020e5ba2fbc0ad20a7704158e8,Happy,Happy,Happy
NEW_a972ade40c11652486189268dca95e589b2162d844d236c326501fd20acc04e9,Happy,Happy,Happy
NEW_a97683d79d98bc79531af9877ab59b31c454592e5a2338831c7951bd3869e621,Happy,Happy,Happy
NEW_a9779563ee935b656c59d02fd93565a3617f75e749e353b9230d0bb7f089dd86,Depression,Depression,Depression
NEW_a97b27699d107e458c40d95be33c2621a1333679d04fb12b2ec63e3b36f80740,Neutral,Neutral,Neutral
NEW_a986e4abfbf9fe49d64a67346a3d422199fb04d53189e56f0fb6b37aba92b128,Happy,Happy,Happy
NEW_a98712936619d1aede2e4a9fb1c17a4ad36de9dd03807877eaa4f8b04e2c3d08,Neutral,Neutral,Neutral
NEW_a98a1b6dd0232708a155ae764588e3cb391d701594d9299c3d933747e7e6d6a0,Depression,Depression,Depression
NEW_a98d2057355ae09ddeef4d46d2d3bae85e486250e234e3bac3cea43dc7182384,Neutral,Neutral,Neutral
NEW_a999dffde961ba0aecde822638d0fc270b5e7cfabee09f37d4e12f3ed606fb44,Happy,Happy,Happy
NEW_a99cefe3a6ef8e887a03e2a1e1e4042b40dd91d78633f0e2c01c56d7c0a8caa8,Neutral,Neutral,Neutral
NEW_a99dbd99f692377ce9328e8fc9519d638c398c00409c4bd69fa13409f4dba6cf,Happy,Happy,Happy
NEW_a9a27c4c9e6cce801b574074040221767a3ef6018fe77a1cb4b3ea3b12e0a6c1,Neutral,Neutral,Neutral
NEW_a9a7704daa1ad96470c404326528eb7eb4c9ed381fae4a0631f924b7f714a0e8,Happy,Happy,Happy
NEW_a9af86c8164e4b5cb27d9b1e4d7b20887e91875bc7b339f10691df5fbf631b25,Happy,Happy,Happy
NEW_a9bb50c400f0280004fbcd788d9ea53f68a0de58403e5f9f4d7f43de6cc35cc1,Neutral,Neutral,Neutral
NEW_a9c345fb27f7dd8ce82e34188ceaa20c62934da34fac99ae11ba54eebb63c481,Neutral,Neutral,Neutral
NEW_a9c575a900757927722072ad7ffc862e3d1265c0f63febe33d5fec5166160fb5,Neutral,Neutral,Neutral
NEW_a9c7c76755a4014aa2caf1058fc61969d0b9388c4e96f862c9eac936fb96aea6,Neutral,Neutral,Neutral
NEW_a9ccfd7d47e95c26fcda271566c43f21f61153ca63592a65079d9d6b07c2e24b,Neutral,Neutral,Neutral
NEW_a9cead023fbb5a1a53a0539a863449c64676395f41c84d3fd0b78a46fd5e4ebc,Depression,Depression,Depression
NEW_a9d0f6f7c3f02dc6e5e1e70e3065d0d64452df5a330e9868fdc46e5e169c821b,Depression,Depression,Depression
NEW_a9d57fd35ccd930115386c8abb6e95a386336e447913850e327ce28eb0ca7ab8,Depression,Depression,Depression
NEW_a9df55053b39fba89df3fa6f7a294b080418ac61e696d69be460d04e026845d7,Depression,Depression,Depression
NEW_a9ef6710247fbe99a83f950a32ce9ec4fffa4acd7665f8af4340f9aead358e20,Neutral,Neutral,Neutral
NEW_aa1c5a146fa65aa7b9832e9c618878b9f3a9641b383ceb17d33f8852f766668c,Depression,Depression,Depression
NEW_aa35d7e462697083155ebcea03150530c20a94fce0af70b8ae12ff1466e274ce,Neutral,Neutral,Neutral
NEW_aa3e09d98dca3fc5739757e801034360d68970b2f7d48b37a61e0e4007136673,Neutral,Neutral,Neutral
NEW_aa4043ee11c39b56f7c29f22337a290e8466fa918cca40ba7bb62fd291219d04,Happy,Happy,Happy
NEW_aa45fbb71fe6d7c22c0a727ee7b55887d501f65c112b1d1a46a8dc832254b536,Depression,Depression,Depression
NEW_aa4ac60ff9c4c43c1665ac707e3b58505469524f955164957249095501f35551,Happy,Happy,Happy
NEW_aa4b56463843e5df78473851fce4529cdc2169d27c3cb046f9be458c53b0e36d,Happy,Happy,Happy
NEW_aa52b16c60824fc95504738ba6291373fc51bc82baedb8d3ea56b167f0faf5da,Happy,Happy,Happy
NEW_aa686e8936fb73108203204c0b2c101f3b53e01afdda3cc9b5f9c83d4bffe24a,Happy,Happy,Happy
NEW_aa6b7093570cf7481d3a25fc13be03027d358f5750a8ff7e55c46f7d1acd6501,Happy,Happy,Happy
NEW_aa6db60020207e01699d20f312dd244da8d6035b4455889d6e01cd3e8f7b6e69,Happy,Happy,Happy
NEW_aa6ea3f4cc98155a6d292e968ea16971cb545557bfd10f0311712db26885ebad,Happy,Happy,Happy
NEW_aa70633814ade91139983dc410be13040989914ab1cbd41f10d6245134cf451b,Depression,Depression,Depression
NEW_aa712060b1544daa95019a70243c16343a6e2464f6c855dbc2fa38a31b44aa81,Neutral,Neutral,Neutral
NEW_aa7bb66b13ff4af9471e77f2e6c2ffd84066f322d2dd4d071dfb2cb733061548,Depression,Depression,Depression
NEW_aa847bfd9b0d18c856857987d141265cc3092c45a691da08f9b008388c515fe0,Depression,Depression,Depression
NEW_aa88937d20b28852aa7e29235d12fdf2b6967eca9cd8fb5a6d9a42e440db50f5,Depression,Depression,Depression
NEW_aa89a2fb65a80538312f0de9e623eb2daa2e23ba72e41ed6d79830118bf6b3c5,Depression,Depression,Depression
NEW_aa8db7fb11d530e35fb965548e60f2e53a0c272bf365fa7b9d25f9c728965b3c,Neutral,Neutral,Neutral
NEW_aa8f01f68b1c850d5dd1a3542174132365f566be5683cf921b31e76fc4173d54,Depression,Depression,Depression
NEW_aa994ba689c964d44ceda2c256103c337d85bf25200609400c9ac0e4f8e77eab,Depression,Depression,Depression
NEW_aaa0b54f0618d3664631c9b537e91693fcb899591495e6e072f0a67b0940b6c2,Happy,Happy,Happy
NEW_aaa7bfa4b93b2449a575ea4bfe7e954b69c9dcf154c76d03e92226e305122c7d,Happy,Happy,Happy
NEW_aabc2270ccae4bfdb4e5c13eca6719ca7355f8b98d0f94ab78d257cd6db59c36,Depression,Depression,Depression
NEW_aac0f95264638aec4b86b6f9ebd5b12ef255a8e126ba48dfebe34a52b7f7ec62,Neutral,Neutral,Neutral
NEW_aac1fea316870da9c0511e6751394719589fefd87aac7aa0d68a4fe7b7d71556,Neutral,Neutral,Neutral
NEW_aac5ce8ad89c7f7bbf305ab6250ea5e79b11f880bb96e601221295aa68bfec57,Happy,Happy,Happy
NEW_aac69457549d6e53d0c9fd885887e38acd7a297c181c602453eccc6017cd5ba9,Depression,Depression,Depression
NEW_aad9a1d7bd8a073291d4066463bb95031717bcb47cad94edcd0c6f7fa6b41549,Neutral,Neutral,Neutral
NEW_aaecd04a13257a396e42c92b68b19014d8f31b547fb0827b45571c774bbf8ceb,Happy,Happy,Happy
NEW_ab029994291fb0cc7282a1a61f9cfeba995e106fc082c4f6650b9de5384e32ae,Depression,Depression,Depression
NEW_ab049d68d515d43002aeba78194f75112798234ad30800adb92e30eb436ff9fc,Happy,Happy,Happy
NEW_ab1043babf4d81e6edbdf3d01bfcc3961376c1fccb80eea2415bdaa31db65248,Depression,Depression,Depression
NEW_ab117095fc93c1ec115dea7dff73646f129db4dc2d8fa96d8177b1e0632daae8,Depression,Happy,Happy
NEW_ab142cc25b282cb1e5d14ad0fef661b83149a0fbdc2a2daf1b33fad86c1f5d5c,Depression,Depression,Depression
NEW_ab21509f51a48dffeb828bc7e0a9f6937d20d1a924b2a1d9bb50f2dc65da817f,Happy,Happy,Happy
NEW_ab2226f144bd46e5d7f2865d4026129b7c36c5aed1280ff2c27a513164ea24af,Happy,Happy,Happy
NEW_ab228403237247ae024b746187953879c6a943183e17dde9421da79649e6ab6d,Happy,Happy,Happy
NEW_ab28386d143537f08374f19c44c480eef7cf461f5096f23c830f3b684dd5c60c,Depression,Depression,Depression
NEW_ab2cc157b91ed897775e6ea90e42cf6919c1266c623366c40890d95c45cb7f96,Neutral,Neutral,Neutral
NEW_ab33fc351c0a6b94921072f3b5d741d15879fdcb9df1ecf3987ffc2dec74b9ec,Neutral,Neutral,Neutral
NEW_ab3aa3b741e11392ab9f716083435ddb4dae56507f9b0ce77f75eaa02e839e4d,Depression,Depression,Depression
NEW_ab4738698da998aa167e67e60bbed22483792bdb2ed30db6a34ba6b95c803ef3,Depression,Depression,Depression
NEW_ab4a47f8140613f190b355ca307761720086746202fb29c3d4a9df84639486a4,Neutral,Neutral,Neutral
NEW_ab51b67ef276685bba0278d29b3a281fa18db1ec0822e7340609622f5fc08b65,Depression,Depression,Depression
NEW_ab534c5b3b295758ae8a6108eb49bb50314e59acfd75bf368cc305b207a25728,Neutral,Neutral,Neutral
NEW_ab5454c3da18468aaa67d7a7d792e4d52c1b779ef722ad170474068b22a682cf,Depression,Depression,Depression
NEW_ab5b2e09722fb0ec14eb1e7f2dafaf1455becf1f4af7d81bbafe00aec0400d74,Depression,Depression,Depression
NEW_ab610c336bfc401655e6b65224e7377be1737a285f866a9e58101348af737e6a,Neutral,Neutral,Neutral
NEW_ab656b3224baa2992158beec05e6ec2f791411d1306d510a03129ad6ae7b25d4,Depression,Depression,Depression
NEW_ab67617777f6818cacdf2625247b1a0bc6d42744287fdcd01b31d8ce18e0604f,Neutral,Neutral,Neutral
NEW_ab76f45f6d82a696ccd01856bbbf034c4e3c58a463eb087208dd5825d8dedcc9,Neutral,Neutral,Neutral
NEW_ab7a148ed009ae735756c7eeed8b2912b063576a5634803ae2afa1c8a19e1fc9,Happy,Happy,Happy
NEW_ab7a4b073497efd18cb01c15e73c3840514e8d35858cd434471c168de38e7bb0,Depression,Depression,Depression
NEW_ab7fb0abb45364fdc6527a30553fcc1e8f11d9a36af8d50e6fa5b75c6da5c6b6,Depression,Depression,Depression
NEW_ab815687a3476425db35f1aba53716f664908fa182757352d10cf0ba932cbeb1,Happy,Happy,Happy
NEW_ab85d5787318737f5778d57d90e8c93304812c3bbab735e4e77ba02185056633,Happy,Happy,Happy
NEW_ab9e56473c17228888e33c4d39440ce9fad14a6fe7e3b9ea5556d623bf73e3bb,Happy,Happy,Happy
NEW_abaf291d69c72879a9e5c6b6384545f0aaaa284717cb31373f68af7109c4c507,Happy,Happy,Happy
NEW_abb0b2c4841ec35a5252c116cc8aa4d6b0b3e96163c2f4a01e57d8e732eb2d92,Depression,Depression,Depression
NEW_abbf0a2f887e6643c9a90f4510bb7a6fc5a34f0da75e2e0bee99275c04857466,Neutral,Neutral,Neutral
NEW_abc2f62481cc03d700cb9d1e4701d4077aad1d0a917a9179e365caabead62250,Depression,Depression,Depression
NEW_abc4c2ca6e962b897b08267f14632f9a41d3b34b6956d2087b6ef823a2b326c1,Depression,Depression,Depression
NEW_abc7b3655b705331305b26fb3bc1e72edc1190ce530955b81326f49be607b2aa,Happy,Happy,Happy
NEW_abe8438e34d29e9c71370d7218033cf8cba2b5aa550f7a8b1fb174b6f6c6e487,Depression,Depression,Depression
NEW_abfd9cfd8e582ef0d7284044940685cbb29af8f93f73d7cfdbf82ecab5dc2353,Happy,Happy,Happy
NEW_abff57346c3fd9d6116dba55c7ac84d2f5da7924e1c1ae2398989b4253178b4a,Happy,Happy,Happy
NEW_ac01f924a06a30a9e98c961abae4573de008f706fc333082779d20d6a8439d35,Neutral,Neutral,Neutral
NEW_ac0d4306346318235bbaef9dd98c6011d69b852c718ee63388162e07dbe664cf,Happy,Happy,Happy
NEW_ac167b9b602b7f4531bb8d3da7f50527c381e696f6a8a5f7b2b8e8788eb786ee,Depression,Depression,Depression
NEW_ac1bc75f766dc8897c1cddd243ef5b5d86bca3552329a5a4f4053a414f58ba26,Depression,Depression,Depression
NEW_ac21042331fae656afce0954a767c36ee8a57e00a1253a93686334b6b6d4c603,Neutral,Neutral,Neutral
NEW_ac263b25d64ecfe9f7306690e5081cef65b6743c7be8bf344198fd44f8df9ccf,Happy,Happy,Happy
NEW_ac32a92c3371eeaece1470fa87325699ebd1de23b42f48b777349d9fbd3b6ee5,Neutral,Neutral,Neutral
NEW_ac3bcb69d75d3ba07025f2e3cba455973f0c51184d7d6287b8c97d6c3ebb84ba,Depression,Depression,Depression
NEW_ac3ecdc7829da997a0544a571b2fee79018e59957498b91e80c717b6a6ee1b60,Neutral,Neutral,Neutral
NEW_ac5df19cdba390af828b408d4fe314930774f3966635e57ed43825579d40944d,Depression,Depression,Depression
NEW_ac60be312efc82d3173fac4d5fe45b5531c207a779bad2bba0aec1c5d649630a,Neutral,Neutral,Neutral
NEW_ac64a4fcf3fcebe31140680e39632a69e3e198cba688c0a8034f3a450dd47b06,Happy,Happy,Happy
NEW_ac68104804be20e31ae9902a8f3128eefd75f772f30d9053d8c3cf2342cfdbc3,Depression,Depression,Depression
NEW_ac738db9308b136d123b4c8286d34b1637a1cbfc0a4b39b3244b045a46827c78,Happy,Happy,Happy
NEW_ac76e2555f6cd4e215c9ddb17014a430081421fe7f9a3eae8803f934ed8fbdd6,Happy,Happy,Happy
NEW_ac7d5d877dd93b7d81158ca3e1e55fafa3bd05f6581460195ae31ba8dfd198e2,Neutral,Neutral,Neutral
NEW_ac83c64a482c56d074dbf41a88268419fcbed281735a313edbe48a531cf2ce41,Neutral,Neutral,Neutral
NEW_ac870d6de3784464f364213664e748721244b7c3c6b53ef95056356cffd388d0,Neutral,Neutral,Neutral
NEW_ac97733f27ba9300698cdf3f40c77a97b17c876f2ea7fb44d55a098302f332d7,Neutral,Neutral,Neutral
NEW_ac9a00954c839ed1189ad3573145d60259a68954478efd3bc3be49204e2149aa,Depression,Depression,Depression
NEW_aca61c3bed70f840b2451c9e9de29d1c84513acbbcb1ffe27112a887da949fd3,Neutral,Neutral,Neutral
NEW_acad79998006415ebea2d66872c5474ca79943033ca48fdf64905c3524d332f0,Depression,Depression,Depression
NEW_acafd8dde85ca05d121d5dfc4e2ef378dd4ded0f46a7260116d9f500323dd6da,Happy,Happy,Happy
NEW_acb0557c6a74db5044df471ad90dd239deb5a4ae3133e48acb49b44333b1ba60,Depression,Depression,Depression
NEW_acb46fefb6c170451595120a515a00dc44b1413a8b0e40580cb2f96837fc63d8,Depression,Depression,Depression
NEW_acbeda90ac5f7413cb91a2a4554a676a6fc41118991c0e592cbd095845d94154,Neutral,Happy,Happy
NEW_acc2cb12a8ec50d181c0d8aa9a8998ff66be2fd9538997ee26877487206d7b9b,Depression,Depression,Depression
NEW_accbc093decd662f1dd75aa85edf919fef34b59a6ca7220fcce74e0874d53e83,Depression,Depression,Depression
NEW_acd0fb8dcc8af9e10bc62d732cac321fa46cf07d1937b912e6bbf452bfc3ce97,Happy,Happy,Happy
NEW_acdd2495431c61153937f5585ab05b270baa4850ff8af69b48a18a277abb432b,Happy,Happy,Happy
NEW_acde93db78faf9f7a8ac1ec5b50bf646f9a08235d5f3287033eccafd3d599b67,Neutral,Neutral,Neutral
NEW_acebcb53365bd3278a5c8dc58c60c5b9bea9cae2119b7e62ddd765bbb3a47feb,Happy,Happy,Happy
NEW_acec856d09d399a71ddfe6dc9ea679fc4e07b455931cf86027a6ea81f2752b42,Neutral,Neutral,Neutral
NEW_acf5380eda481b610876f213abd4ebeceb4027caa26b0cb91c4dfd286a51cc12,Depression,Depression,Depression
NEW_acf5407232fda7f57207af6f13a39caab8b4c547dd2b9bd2e2a756827f346804,Depression,Depression,Depression
NEW_acfad02538133d22e9abc886e6caaec420b03a7c44bbefd250bbe7ff24bd74e9,Happy,Happy,Happy
NEW_ad09203f4126f9b8cbc9d0617ed26f480aa72dbd0868496022fe139b67737d1a,Neutral,Neutral,Neutral
NEW_ad0dddc9e84e8692635181e2b3275984053500e5a6041bfad635b1f3be5e50e3,Neutral,Neutral,Neutral
NEW_ad1a1b2df15dc93641a8e11ef8ec5dd0bb7ab92012ff2d2526f036c68f7dac29,Happy,Happy,Happy
NEW_ad1c3c924e54827bc5348ba1e5e1a681fe00ed40339e808c18e87633dccc41a4,Depression,Depression,Depression
NEW_ad1e140e1de734b2310c47fa9dd33e8ef5200053bec16463a8bcef19bd5ea17b,Depression,Depression,Depression
NEW_ad2fb78c425e9e980f9e2af36ea427c715da96ebb7e52fed532637d012434499,Depression,Depression,Depression
NEW_ad31642e73a0d2e1d41752314fb72fcc765e5e7c26cd4a8c026f03cf5756db63,Neutral,Neutral,Neutral
NEW_ad34e56350607946abbde2eb214e6d58d1b20cdad32360a2320db8b480e00b8a,Depression,Depression,Depression
NEW_ad35c5c889f901ea133658e6ce61ebb6f3df698967c7851cd5d1ee9b8848a8e0,Happy,Happy,Happy
NEW_ad4c3fab26ea68acf7ea4cb218f227d94dd6a97c26a00b6ec400314c5d99541e,Happy,Happy,Happy
NEW_ad54dcd9b00cd61787e6978b26588ea1e2ff90f9a1e79a67ac8831bf28a2cd1f,Neutral,Neutral,Neutral
NEW_ad6a6e6154225aa672522aad9107bb0354af00549ac6c61fdd3f5477dc55cda2,Neutral,Neutral,Neutral
NEW_ad749dbfc1e98373dbe47cecb885e4ec7aa9148909a9a8291b51e14a32f7faa2,Depression,Depression,Depression
NEW_ad805db10d0de3aaec713928c2c0fef371b1cbf607311039efcb4994779e1a04,Depression,Depression,Depression
NEW_ad88984095ff678f4c8679a229c2e8a7d37a9f089d6a2562e6d7d7bfb864eb87,Depression,Depression,Depression
NEW_ad946ee926021241fcd3ddaa37f33390b79ea5fbc3bc5c271f69ba113194f943,Depression,Depression,Depression
NEW_adbfdf11a0c681a1138a16397c7aebd1c9ea5034e05a8cf542e018e7c7c3f32f,Happy,Happy,Happy
NEW_add71a489462c5995553f469e6a48d75fb8fe110a517453570a370024c1b9e56,Happy,Happy,Happy
NEW_ade18dd332a7b831a42a0740ec6ed9ee55d73026aab56a616ecdbf431c550b57,Happy,Happy,Happy
NEW_adf0cb6753a208d5351063fd97a9468d95c10031c27f82a09d050045270faea6,Happy,Happy,Happy
NEW_adf8d5b7210c13493ac514915262d5e96ca6f5623930eb4382cf986330e730fc,Happy,Happy,Happy
NEW_adfd49e28942d95d665c28881e052797e388caa0840cc44123f6179b410ee502,Happy,Happy,Happy
NEW_ae04293945c88fa7526ba954f2524c91002a03ef93c7d765d65a7f8a6ae41da7,Happy,Happy,Happy
NEW_ae0de40f0cb265c56b17a170ac0b87c44ea386fe018df3ed03c73b5de63f9243,Depression,Depression,Depression
NEW_ae108d73ff743f92b899de2cb33e966988a5bf822164279ea424d65d9665d2a9,Happy,Happy,Happy
NEW_ae327dd105f56bb363a36c31d67b09e4059bac67a8f34078d661f5d1a54e55d6,Neutral,Neutral,Neutral
NEW_ae489da2959df16dc7c75fcfcc395c2a870df0c3f0cce53c22f395964384f2e4,Depression,Depression,Depression
NEW_ae491cbbdd014295dfe50a1fd1b924b7d789aceeddbf14a5762b42984e4f3eba,Depression,Happy,Happy
NEW_ae49db2251311bb3670d99189d1b019db204530efdd63f90951f58f13958fb15,Neutral,Neutral,Neutral
NEW_ae53d66df1fa69a2664b1c3b9060d015a3e0c3c552e69fe8d6e93546fc5039b8,Happy,Happy,Happy
NEW_ae5cdf9f050681cc0d897804c06b329ac71f2757b97f8053f68d68c28da8050e,Happy,Happy,Happy
NEW_ae711ffb9c15cfee26d4a4bee5e261c506b020eff4c0319e8edf818180a08891,Depression,Depression,Depression
NEW_ae7356ef3ce5f8aa065123531bf8cbd937f41268f02b32d73b51098c4297e377,Depression,Depression,Depression
NEW_ae8ed14b4854ea222b0778ef73278b7a80fc1d5db00cede2ca7dc124219d42b6,Happy,Happy,Happy
NEW_ae90a010a1be5fc214c0624330f58d4f74b3876df0f29513f1f0e28a8ec0d226,Happy,Happy,Happy
NEW_aea4a9da8967b01591badeefef2cbd2bbd03f6a10de7e38d67f0991a809a5ae1,Happy,Happy,Happy
NEW_aea95100fd758c8b7bf56c0e206743fbf2740bc01628fa34933f90b8f07fa9fd,Happy,Happy,Happy
NEW_aeab6b1561ae999268a6e70ba74db38c0acba594bedea12e40321b10b16caa8a,Depression,Depression,Depression
NEW_aeb67548c0e95e57a5df1be255c2688837456faae03bfdbfff458a159e282aed,Depression,Depression,Depression
NEW_aebc43a9f20d0fe6d5d9b22c9aee5b2c5f60e53df803f0de291cabc55e63fb91,Happy,Happy,Happy
NEW_aebf690e0afeeae2360daf1647fe141f4d21d858a2c6a347a72d5f86785e2d75,Neutral,Neutral,Neutral
NEW_aec55d666bb6fa0ccd37c05f09b0ad48d576756aa71d379e94b5e7bf8a5605f1,Happy,Happy,Happy
NEW_aed10d4fe47b1bdcf3fbe36eae31539c56dfe5eaa99b21d94cdb756e372c77e0,Depression,Depression,Depression
NEW_aed1e381e3fa93ecb454c248558aa1028f3d4bc82b1c8f7fd50ea308d2c81faa,Happy,Happy,Happy
NEW_aeee7afdd76162b3abcd1a5e189c79e3740c73f89e5423e6cda0a535724199ae,Depression,Depression,Depression
NEW_aefe7ba1d2dc18ac9ce6bf7880a6a013406ca890bc86a9a96b46f8d4214b1523,Depression,Depression,Depression
NEW_af0b7d8a2d7ee9d1638aefb8bfd2460cecec4d9d79f2e7d5463c7021df6ab887,Happy,Happy,Happy
NEW_af17adfce9519110865f58485ed06757a24ba965e3ce292181dec3611766350c,Neutral,Neutral,Neutral
NEW_af1b7ad66bb5dc18f593ea69e1c0d49f761290882ab306fe38a523ea6e588fe7,Depression,Depression,Depression
NEW_af34424490f3597e7aaa1fef8e45704dc2d3ba0a648410c88f319f305e8e1c09,Depression,Depression,Depression
NEW_af3568015ec66f18b41a854d32437e4eed047ea9c501036eab9d3adf56021d67,Neutral,Neutral,Neutral
NEW_af462faa43d8f61fd79745be225a3048a9efb79ffad92e8d09617b3860cd87ee,Happy,Happy,Happy
NEW_af4a9d24debfcdbcc4c800a2f1e994c3e6bd8ad6100993f7c2a7f6fc1ba2f2f9,Neutral,Neutral,Neutral
NEW_af50a1e4a24e951bfc7f05dbc4f5dd3d804c7b138a376e9d94c29e7ac364e96c,Happy,Happy,Happy
NEW_af52854ef18996e9c94804cbb9bae3579d69affb484f27445ae8536255e4be76,Neutral,Neutral,Neutral
NEW_af52aa2cbf027a908e1434fc1ce8cc4809122421beea8119fa344d35cb687be5,Neutral,Neutral,Neutral
NEW_af564e700b2cbcb60525f44127bef642a2cd8bd2d75e5ce31b173054e1b5e914,Neutral,Neutral,Neutral
NEW_af5771c9b8a07dea5e395a71c1f1342a32aef461cdb84da01c1762dae1137556,Neutral,Neutral,Neutral
NEW_af5837af6012e0f919c49de4c1398a42fdb132dfca287a41e42669e2133c3c83,Happy,Happy,Happy
NEW_af6120357f4cf99058b6a51d9b493f78fffa1f5cab3f193a030b38a96bd8a5a7,Neutral,Neutral,Neutral
NEW_af6ac99213a109a7c9bb17d7c26820a8a319e96c1d89bc1cf42d77835a93075b,Neutral,Neutral,Neutral
NEW_af6c50283bfc61ade78c78b57de94129ba3c4b60de05cdacf3865d7c1062e365,Neutral,Neutral,Neutral
NEW_af6e2d6d2936bd71b2dabc7d769ecba592978d09bf82a604c23662ffc87c8148,Neutral,Neutral,Neutral
NEW_af6e3cb2e9cae526dc88a782a37924c8744fbc0b3031669b92144ed8a15e166e,Depression,Depression,Depression
NEW_af723a4aa60417a0d48f3d3cb157de6440ccae7db40c23845b5fdca27596db36,Neutral,Neutral,Neutral
NEW_af73e6f925e22b7672484fac856aab9ff0e732aab372b5a17d92e58c3d9b495a,Depression,Depression,Depression
NEW_af795f8916115085886a962dfd9f396a4a71d346d1c93b82dbab826cc0d175df,Neutral,Neutral,Neutral
NEW_af94f7e6f693edfb6648cff4705bb08c9bbafda3325b4694221ca236a5ba72ea,Happy,Happy,Happy
NEW_afa10b0902bbb919feae873cbb1597de92725c1700fe02346604ff799aa3afb6,Neutral,Neutral,Neutral
NEW_afa4d0ba9295864079d42a0635fc3be32c8c0267c4e6c853a92bf95097391e7f,Neutral,Neutral,Neutral
NEW_afb4c960cb07b1b0dbc75be2251af5fcef03878a708f66ab7bec8ed03bcfeb62,Neutral,Neutral,Neutral
NEW_afc4d0afb6b5550de4bb5f9c9573a8b3d3f3c9e4ab79c301d23cc316c10e9ccd,Neutral,Neutral,Neutral
NEW_afdba4b6af2bcd26a18382bd7e77eb2920d267e393d33b6cf9f28af78c3fe6ed,Depression,Depression,Depression
NEW_aff872ba0a20efa834152ccb7583bfd9a6882edf2bb8206a2c7d2a95429c8614,Depression,Depression,Depression
NEW_b002fa67af8ca0865cff21624f1eae93af50ee6d03795b46c62ccef4d1b97928,Happy,Happy,Happy
NEW_b005b31b2269ddda183dd05a8a4c570eeca1f3b37780f14478224617e0ac9058,Happy,Happy,Happy
NEW_b0069dfee1f1977ee9c55df83ea37d9938194b6a7e7fefbce39501437aebf61c,Neutral,Neutral,Neutral
NEW_b007754588a61001f085d5ee17470cbe5222f2da7e8c1d34e445caf24256e7b3,Happy,Happy,Happy
NEW_b00f683b2c651bf7640c96d9e83b54b2e2858b3aee001939cdce3416223c34c3,Happy,Happy,Happy
NEW_b0141a14f1a652492548555b6851c6987180d89c7337d2b1a25126e18da4540f,Neutral,Neutral,Neutral
NEW_b014392a8c665b3726ac066a969be3e5c87e9ef4f147af9917aa2874d1435527,Depression,Depression,Depression
NEW_b0165ecc946182173e9f004299fde62303879db6b607c54c4d8034d95e14354f,Depression,Depression,Depression
NEW_b017c1cb0d50a34fa8565c638023005c43d7e1cbb8cbbc84647ff166e39df4ae,Neutral,Neutral,Neutral
NEW_b0180922886428ad58876483366d198f81276c38353b2ca24e2c39fcc6d9c470,Neutral,Neutral,Neutral
NEW_b01915f735b6593bccab916cd080581682214c321af733d4f543510cb585a0a2,Neutral,Neutral,Neutral
NEW_b019416c5a5f2602cb7f3d7002a80a4b91faa25b13b63e34d286c0a79896635d,Depression,Depression,Depression
NEW_b019bd1ccb748e6f8c248ada12bd6b2e15d8eeafee51d5c3b66dab9478fb9771,Neutral,Neutral,Neutral
NEW_b01d3364414f8c976a5d4d8999d9c3ec844ba1461f8ebbcfc5b3e3820d1c514a,Neutral,Neutral,Neutral
NEW_b021f74910c5dbe11cfe14de0ab86edef85723d1fb337db720b7e0bf9c97b934,Happy,Depression,Depression
NEW_b02fc6d0a55fad2187d97c6bc59dee2f7c729c4fb2bfeb967fc4465123a07528,Neutral,Neutral,Neutral
NEW_b04b5a2d136a116ca5830c2e6752f7c1818b7754bf78771f44769e6aedf9fa7b,Neutral,Neutral,Neutral
NEW_b05712987e4b5f0d605278659e870b78a95f81277f15098ea08b8a3337bd7922,Happy,Happy,Happy
NEW_b0595ce0b6e431b0f0b4fdfbdc397296de1651383625a4751befb518c987834f,Neutral,Neutral,Neutral
NEW_b059abaf81cf3f684ca2cd0e12dfb0feb6ebb2fa80b625b030b65125dca5270f,Happy,Depression,Depression
NEW_b064ff4c90351b93063ab2101336f34bd2aea276fbc5533f17bc095ba0c300e4,Neutral,Neutral,Neutral
NEW_b06ad0f5c3036f0cc1df41dd654cde27843b20c0b3d41d6aae8a5c45bc100530,Neutral,Neutral,Neutral
NEW_b0772320df3730855db0fb0231cc35428108ef854b9fbfd866e4530018d9308a,Depression,Depression,Depression
NEW_b07862d312858b1ac45b652cee4d69424f80c899ab166b4c9eb0c2b35fb2808c,Neutral,Neutral,Neutral
NEW_b0814e2a8b92385e82b13219ad79778aaa029c88c36f253ea520294a8caef431,Happy,Happy,Happy
NEW_b082fbc90a786d58b27b0f1c94c509d4350fde0cc6420a1571318ec7f7f8d9a5,Happy,Happy,Happy
NEW_b08a3518f730edaf0616d4eba931b0358cdbb6e5095c3f57dbdf9458d2e6d4f3,Neutral,Neutral,Neutral
NEW_b0964d0979818911075a5d92507b93488eda52d658a1996b9cd66bac2097f68b,Neutral,Neutral,Neutral
NEW_b0bb41b499b5c8264418e3d2ae3acf43e851e8ebeff2edada034495f5bd2d8bc,Depression,Depression,Depression
NEW_b0bf19415bdf1abcce82cdd081527b742d5f1161a43ce1ba46031abe30481915,Happy,Happy,Happy
NEW_b0c13dc16ea8110fe34e4b59d4cc6f9b16529aba22ce6f5831ba77d61cbcfb4a,Depression,Depression,Depression
NEW_b0d1a8d7311b8cad0478ca362f34b33e3a2144d9249d206dec4d615bd083be52,Neutral,Neutral,Neutral
NEW_b0d4b1954701d50637ef40b21269697ad2e1af4870fb272966aefe9f70acdb49,Depression,Depression,Depression
NEW_b0d4d0a22dac811cfcaa3a2bb50e5858d1e9d9e340de116899bf54ae35ccffcb,Depression,Depression,Depression
NEW_b0d9d273a60215d10a0346383205e5fcdbff7dd557b6b6423f775c4c9e7e6704,Happy,Happy,Happy
NEW_b0dacbc76d1697ab75a8c085a267ede06ee52371d12b175fac4cc5eccfdf49c2,Depression,Depression,Depression
NEW_b0e27e4f1590ab02aad49f3844b7d9b56267d38c4b8e5257502e65cfc914d3d0,Depression,Depression,Depression
NEW_b0e2aa6e6a30db3656565f712f20238df6f17c4bbafa0bbd6c74719acefd6281,Neutral,Neutral,Neutral
NEW_b0e5d7955a40db78aa5f55f2633735118a6a8dffe8256985f606201c1b59689a,Depression,Depression,Depression
NEW_b0ee9735fc665ff60c31649376187084da4ae5c55f626782503953a657269ade,Depression,Depression,Depression
NEW_b0f8e7091e84f4a006ffcb46e836a9ee52975f457cbfb38f83070b64271be296,Depression,Depression,Depression
NEW_b0f90d66a582ce47f747a875bbe46e19e623d215e25545a594fa5e07c858dde9,Happy,Happy,Happy
NEW_b101a98f9bfa2e2c5b59e31840101e3e1f2e05d7fb2b9b8faa6f633f553f5d47,Happy,Happy,Happy
NEW_b101e553a618ff928bfe6989909c0cb3f6d69db7b5113a5d5ff20418e161e6c8,Depression,Depression,Depression
NEW_b103f00d668110240b7e1c453e580bfc56ba7680e2f53404822fc5130bc2c1b9,Happy,Happy,Happy
NEW_b10a083c7c3e30ad0614e9643ccadacb7020a6a9fa671d86e58943e94f5a6d46,Depression,Happy,Happy
NEW_b10dd3d6793da533d32378405268a92c575e7958c0bc200752586dc0e83b44b1,Neutral,Neutral,Neutral
NEW_b114506cdc4e1e89a14f936e065177f857e93d3deb128466923ca86120078e01,Depression,Depression,Depression
NEW_b11c30efd3dbd9e163dbd6fb5ec720c56766ea5191a87be0b31e9fadbb6498c8,Happy,Happy,Happy
NEW_b134e00eb571c506f74c42a272944100b5b69c15e86c11eee610a53dfa54f6d4,Depression,Depression,Depression
NEW_b13a92dc7eb896f7bc507c8528e6219211579049d0167652f97b84eeb067e203,Happy,Happy,Happy
NEW_b1467101bc4976a7a46bc0ebfcafd86f56267f1603116cb2cc1aad1dd1e19d1f,Happy,Happy,Happy
NEW_b149497edea3548f4b6c459a1ca7b48163b7fbac6ec814228ca1db3eecb2ba91,Depression,Depression,Depression
NEW_b1507a8c072c695f7ffa68946c3753ed3ff7dc9e1a13fe4087a860e37b0d8876,Depression,Depression,Depression
NEW_b16551c9054b77529a711828e6883cf72a562d9ce39ad62102e5d5760b7a1004,Neutral,Neutral,Neutral
NEW_b16645c33466dd05078232ab14c64af62d30ec814b69cce6f3995d09f419c550,Happy,Happy,Happy
NEW_b184717bb53d4b92f2cb409bbada73c6ba918412e66a1dd8165ea390563eda38,Neutral,Neutral,Neutral
NEW_b187c6ab9b9831fbfffd00c0049b6e330a94e46c13fc89b8e93a1b92bc889163,Depression,Depression,Depression
NEW_b18c807e3046e3cf8bd72c1883aeaed761017f91392ab2a838e2ae2801b9fd82,Neutral,Neutral,Neutral
NEW_b19a95540310b1970300a4f721a92e98118bf41fc667e8f00c9376dedbf31c3d,Depression,Depression,Depression
NEW_b1a9d5ce4e5a9ebe611655fa39bba5522aefd8f89e59cf685b332bb89bcc6bda,Happy,Happy,Happy
NEW_b1aa38b042b14f5ffee053463e8d3d6c455f2bf9ac2fa269bf3657b6865ebb0d,Neutral,Neutral,Neutral
NEW_b1b01c4046f46bfc8448ef322caf10e6019a10c2c73120b0233bb12c040ba4b9,Depression,Depression,Depression
NEW_b1b0628da3dc6b8b9b1712204c06944fe0c70004597b53c7819e731f7deda434,Happy,Happy,Happy
NEW_b1c397797d30a233d383aebbe2cdc495e19edfffa969c7f6ed8d9cbae7fdc053,Happy,Happy,Happy
NEW_b1c8bdd2446cc58b038003ce73fd422dfae983edfe4017feed52f40d75d65ce5,Depression,Depression,Depression
NEW_b1d03ae2bc11917be4c16949ef72430e6eef3f20fe9c41eb672bddd9e340e6af,Depression,Depression,Depression
NEW_b1d450331a74b799baed9e7fe93e2cb132e624a0d666b615f78163947101e047,Neutral,Neutral,Neutral
NEW_b1e6dee10412a00b1b6980dadf27079af857f92265ac88ea1e698ef5e184f311,Neutral,Neutral,Neutral
NEW_b1f83936366796a7960f987985f340313918aea341af6df056e026ffc381e263,Depression,Depression,Depression
NEW_b1f9ceb1477db8deed3ef464243040ab92f7c13e84a691886b0036f6ecaa5792,Depression,Depression,Depression
NEW_b1fa29654c927b8ed5427e69a91e9ed393b527ae5f6617743546ae864f30e16b,Neutral,Neutral,Neutral
NEW_b1fd5711cdbdf0495cbc47fecd77ab23985918e2679fefd72474d1c23e81baf7,Happy,Happy,Happy
NEW_b21f5c1dbea330c9224e688126520f0f0885b6c0f60eea33b79d4283d64d37c1,Happy,Happy,Happy
NEW_b2258eebd66755a97ff4537eb969fbd56c3cabd28eeab1fdd75cd9c9efadcaf4,Depression,Depression,Depression
NEW_b22590eeaa67d9dbccf48386991e17dfbc68d38a05036cb8b987b4c1cda46fe9,Neutral,Neutral,Neutral
NEW_b232ce5ff966d738e95d9b536537a9df93b1f0e7c0ea1848768b69a1f9d2a09d,Depression,Happy,Happy
NEW_b251fb57e7ef47dc7f62c9315077c3162f2343509f01f24f9eeef8349ec00cb4,Happy,Happy,Happy
NEW_b25de6b0b51f2ab439a437793fe4fc41b37c9f197a19c972ba7d0a41845ae63e,Happy,Happy,Happy
NEW_b25fcbeae9f9779c69c6ac4164ae1f54f624f53fdd5bf22fad8146f497c5091e,Neutral,Neutral,Neutral
NEW_b2699edaca221702a4033064e91304ee762b68e016bc9cb5669954f7d32cbbf0,Neutral,Neutral,Neutral
NEW_b26df5a4991391ee9a8a408f8f4e3aad9012e5dccbfd2992f7b28b99fd1e8243,Depression,Depression,Depression
NEW_b27099545c1a268664d45e9282f8010e39b3d6a8b4f48548bde6611b9cc73e3d,Neutral,Neutral,Neutral
NEW_b27a71c3aa7595febaa21c4b40b65e72a7111d57102e000709b41d921febf804,Happy,Happy,Happy
NEW_b284154596e56c9d739c9a3369c91460def5fa19ebbdd2419c3614a0944715f8,Happy,Happy,Happy
NEW_b28eece496f73874058041e4a7474465127a049ae63f6a9a75cdeae68a6bd7b4,Depression,Depression,Depression
NEW_b28f93beb1f4a8b132471dbbbc3e9bba098d270d6f112a3562a2334b01f29fee,Happy,Happy,Happy
NEW_b2967661f79859ea54640bce9d27c2db0717db3e97a640f87cfb88c043da52ca,Happy,Happy,Happy
NEW_b29a41f0f2989b2689ed1974b955c8126f85bdcbe9eda35119dc12e0a7fa5427,Neutral,Neutral,Neutral
NEW_b29c8003129e7192a3548120fe851bd2ac3109ef5ed519284f4dd0dfd4067794,Neutral,Neutral,Neutral
NEW_b2a6b3c28ae3b3cf24188531570b47359aba3618ac2f1cf6122986b84a4b6d0d,Happy,Happy,Happy
NEW_b2aa6caf2e274d13f6e36028676af8d28ee48ca65afd79b1948bc9625ef8527d,Happy,Happy,Happy
NEW_b2ab3b8700f77c5a6780662bf34b5e89d5f2994fc95fab33b9207fcfe8ce3ee9,Happy,Happy,Happy
NEW_b2adab35d05cc2efab13b695f6c667dadcbdd46581f57d3ef702d50250fdcb5d,Neutral,Neutral,Neutral
NEW_b2b40648eef5a020685d8513af467f46d62a2a569155328d7eda6c564fedbe3a,Happy,Happy,Happy
NEW_b2b94e2200a19d9e6184e507cfb97cbc348c52ea24ec3d7f0793636f2b8e3daf,Depression,Depression,Depression
NEW_b2c7c624c9fccdb2ec761753468616371216dd74aff838cb4ed2bbd521df92e8,Happy,Happy,Happy
NEW_b2cd1d1d2f53bc9054a8df3847e37bb786a1b74a95dbb2cf8df08f6f3e7fd393,Happy,Happy,Happy
NEW_b2f173d5291957fe340490ad4cc4800115890709da4dc7f4a437ec02761b3e64,Happy,Happy,Happy
NEW_b302e216e1779c87537988b1e2c52f424304d93df1a2eb75da424a13ca13ef39,Happy,Happy,Happy
NEW_b3050c7a85f9b15b39876ce9843d765c34fd9f9b12e36cb500cbed7f278f635b,Depression,Depression,Depression
NEW_b3067b1d3b3f8f459d3d2e8b74ddb39d96c6d55ba177eae1971724eb9d9050ee,Happy,Happy,Happy
NEW_b30f73e86b6e35dea6454cbbf7c7db7550e6bc080e7cc394d193b2205de62bdb,Neutral,Neutral,Neutral
NEW_b313bdc2e9378cf19459740d5b20ae3f4441b8d190beec8457bc90caef8d622a,Happy,Happy,Happy
NEW_b315d28b1e564a0d11d35afcd74c833f6aa4d201c3255310281a74554d0d5eed,Depression,Depression,Depression
NEW_b31ab8970663e69f147606659a38c9b0e01bd20cd5b835fbb00fab7780674d41,Depression,Depression,Depression
NEW_b31b048cd5c61167826957b335edec3ff03ff9c4415d0095c7b286b698c3c10d,Happy,Happy,Happy
NEW_b31b5447597f6d52110f6688363d3bf8ac5c31f29ae8d07239dc8d8ac3e2d76e,Neutral,Neutral,Neutral
NEW_b3243ed8a50e77debe92acf068f4faa897321a365ac9c11a5f6ae4013bea28ef,Happy,Happy,Happy
NEW_b32deafe4626f39f5c68b7b6e4e706da4d3377542d8eecf211f31539c5129479,Happy,Happy,Happy
NEW_b32eb88219b75e29743f66564266745e1caa9a07fe87bf1f8601879871c0554e,Happy,Happy,Neutral
NEW_b3389692342637572215e570a7b6131d77b1a6d0a1cab29cec1028986c8e0a03,Depression,Depression,Depression
NEW_b338b394a631c5e81ddc88e9c010394fa25725411b8e1d4bb0bbaf3004a9cae5,Happy,Happy,Happy
NEW_b34b35fd7ae209cda3dd1b309e64a581aac2d63c939b29083c6fe8a9e4da1f54,Depression,Depression,Depression
NEW_b35564a8dda34396a088ec80b83f21fc11b92558f5bf1f884ab41d072fa26a65,Neutral,Neutral,Neutral
NEW_b35886cedd041d22008894aba552a209f338f9b368eb6ff7532240ba82abc2a8,Happy,Happy,Happy
NEW_b360dec09568314df22f6df5b6e54c285f3bd4bf49c66aba687c3377e9039969,Happy,Happy,Happy
NEW_b36b71eae6f4f8f0b6be3cd9152fcd7c98a64930e91247ac7a0812684bf4f505,Depression,Depression,Depression
NEW_b36c322e408e9f2121c09cf04613ffe9211c3999a5b8ea5019fce9d4b766de13,Depression,Depression,Depression
NEW_b381bc73a73a7702a9863a2cc0e983360b9788e1877976ca780e6c40afbce724,Happy,Happy,Happy
NEW_b38730ecd1d0cb6a64c952ce04988f2a9c680859d6a22130e00b944177790cdf,Depression,Depression,Depression
NEW_b38ccc6319cdd933d3dfcbc559a37d90d8dde1f6badec26791446e1cf0225022,Happy,Happy,Happy
NEW_b395dd0bda3bbc37da57b3cec5394d44e0482f7318f9461830c450f9b1897106,Depression,Depression,Depression
NEW_b3a611919de1c0115e562e7a58338618d42204dc54d46bd4e75cba98e22278d8,Neutral,Neutral,Neutral
NEW_b3a828ea916e70d0e7bd567e83b77c326f83023f7adfdd6240e0debb1263456d,Depression,Depression,Depression
NEW_b3a8812dfe59a7856b6e7f095269d1f8b1f9d78cda3247655f4efb6f9c5536f8,Happy,Happy,Happy
NEW_b3bc1543d50105b880444a00e729baa99451d39cec78482117addd0a585edae9,Neutral,Neutral,Neutral
NEW_b3be1967f2bb3401c2cdddd3816f8c746da318b5cf80e40df994a21a1dfb2586,Neutral,Neutral,Neutral
NEW_b3c6e08821602c2aed8372bf0b9fcff296b447b257911a95103437e830544f67,Happy,Happy,Happy
NEW_b3c9e35413abe7db9fe4f5a970124e5e0e9918c1a25e0c0d4b51f188baf17259,Neutral,Neutral,Neutral
NEW_b3cd171fbe46d499a6c34b243b1c5d0f5830d80012f23d4d1edd6ceeb8dd6393,Depression,Depression,Depression
NEW_b3d9300a7b180531ff3e57941fd9910f222fc50d58fcd76132195d4360984916,Depression,Depression,Depression
NEW_b3e6149d7103a003c587ed876809e92e3d3548b09cd38722eed6dbfb1694e329,Happy,Happy,Happy
NEW_b3f78f48f39b2deeaabdbfc35c4c698590e3f083cf43b79835a9d21c75bdd74d,Happy,Happy,Happy
NEW_b3fb8499c71d7034cd4b3847c95160becbb9ab0feee5717f6bf4e4d00ffdce74,Happy,Happy,Happy
NEW_b3fdcf8920be5173bda72d6b077165d59dee1ac41cb50036eb32b4bfaec60bd9,Depression,Depression,Depression
NEW_b3fe9495ed130fd42343d23f02a6e1f53122b6b07c7fe669718bb6df9edacc10,Neutral,Neutral,Neutral
NEW_b4025fab2c2d1d635eda54acede86ec7818740f0b64e25f450e8facce533d066,Depression,Depression,Depression
NEW_b4055342c1270a4141af49a9157f6e63f1b044b9df8cc61117143ba16a51dc2c,Happy,Happy,Happy
NEW_b414af2fae877388b47182a692f939d519a008d5c7718829c813445eed333de2,Depression,Depression,Depression
NEW_b41b74c60bff51dd2cbe6685bec34ca9f39d58a7473cf154cda17c184a012c36,Happy,Happy,Happy
NEW_b41b917f2013243b64d7fe579ffa133f953979e8b99400f62cdf00e29dd41293,Depression,Depression,Depression
NEW_b425f966cd000f3e8a14fd2a5943dbe558d5be3be3fb9ceff251313381446f4a,Happy,Happy,Happy
NEW_b42d5ea85b43fce745535ef5e0b1618f23b31e02668580064bc6125d280a6285,Happy,Happy,Happy
NEW_b43662318e5e52e1e2baa1519e0aa572d4badcffb44ab1f0f9ade8389e5cc20f,Depression,Depression,Depression
NEW_b447721290cdb0c68926330900369a1cf7fceaa8a096cb11675613b4e2ee7408,Happy,Happy,Happy
NEW_b45221cc1fca66ff5730f3e0ebbbc4e7e187e7267a682c6d30a1b686615574d5,Depression,Depression,Depression
NEW_b457804b6cbc8ac27b947a5e6bb0977b564668e79b9e1b77f9ce6d6635e40388,Neutral,Neutral,Neutral
NEW_b46a407890d7b4496e9cb363e5988f126631b0c1fffabed79c416ddacdda88ae,Neutral,Neutral,Neutral
NEW_b46f24baa87b290790972b9c10cc23d6a7e8fc5db048fafce09a6428a4b0517a,Depression,Depression,Depression
NEW_b4732b3981962ad2cfbe4a93f41e6462bf4bd77235bfe1f76d81372bc3126b20,Neutral,Neutral,Neutral
NEW_b48f4455c9762aac3fa5522397f560777fcd0597f0afd87dc7b219a755d48b0c,Depression,Depression,Depression
NEW_b49b349546ec2e74cfa3cc4690a8b09ad43e26a49333eec22d0203942b7ee92a,Depression,Depression,Depression
NEW_b4bc56fc163b02be4f8d59c846a6f72bef98981a72cd8b72de7584cf53a26e83,Happy,Happy,Happy
NEW_b4bfb3a8a1b5c72f502389e7c7d5fb2ad7eaf92fc81ee6690b66be31f670bec0,Happy,Happy,Happy
NEW_b4c8362a0273fa36462d9ff96872e024aabf382c4e17b66f59d251a048c8d703,Depression,Depression,Depression
NEW_b4cf038951540014821b3d415c9e56588b0ad1018850c109f4c79e558bd088ca,Depression,Depression,Depression
NEW_b4da255d2b985ea11ff2ef1af57d3be08c100f56fe9078b03f43ecf9e73940a1,Happy,Happy,Happy
NEW_b4db5f42a0f5de32366a98542411c7c23eb049d4b32bca3e9e81fd45ef50d9c3,Depression,Depression,Depression
NEW_b4e093f01a914d286a031198d96470691b62b96c3af5ff95e9f9be54ddc64bd7,Neutral,Neutral,Neutral
NEW_b4e77e138b1fcb435aeea92fc865973b1f7b13e442bf1ee1e5f057492d764e46,Neutral,Neutral,Neutral
NEW_b4e9d2a113caadec011fcab4907c7246dbe1c0caa893a9ba0d417d5e66bafe72,Happy,Happy,Happy
NEW_b4ea2129fd5b09e7ff6d02b78f9b02d0d5395fd8b6a54fb578f783ec6999937a,Happy,Happy,Happy
NEW_b4f06436be04ef6fce8f8b6893558b1d4744a87104a4ccc218efd19126504df3,Neutral,Neutral,Neutral
NEW_b4f49b2468d25372e3198a4bdcc75b944e9ca09b2821d2da6753852a035c425b,Neutral,Neutral,Neutral
NEW_b507512ad29ab70efed986e680c34cfa5656f496d89d1d1b0ab9129d11159765,Neutral,Neutral,Neutral
NEW_b5088dc89f2f45361fbe8dde3a1710b66258b1a1e23fcddf8c8edca168a3053a,Happy,Happy,Happy
NEW_b51a3f360bbee83bee3af2414d0dd4d1854a6063d7ea030d14932332fe59cc25,Happy,Happy,Happy
NEW_b51c8e84ecca71b29da56d2a987d036fc84cff89b4ee0e67649dc012bd3ca3af,Neutral,Neutral,Neutral
NEW_b520a5154c00fc921b43be52b8e927f083d3a82dbd2ebed63471696bbe45665a,Neutral,Neutral,Neutral
NEW_b52677a91773e665ad98d627e6935df1a610b3a29aa45b3424bcec5fd3fe90a0,Happy,Happy,Happy
NEW_b537f519c15f9eced42f13afcdc817ab70f1dfa66dcafe63d4301409b8db839d,Neutral,Neutral,Neutral
NEW_b53985d06c626835558b2410c93e15e50fbff0709bd3bd126a9433c8f4fbf85c,Neutral,Neutral,Neutral
NEW_b53e0b7806030ffcb8b10af030577277ed7859bcadff035334ee54a581d76bd0,Happy,Happy,Happy
NEW_b53f92079e28166ea72fd38a4c35bd9b3d11840d2da218085b46572b7c2e4593,Depression,Depression,Depression
NEW_b53fc82c7a9894ae79dc702c52a420196e9cfefdd582b32446ad8b3b72c33053,Depression,Depression,Depression
NEW_b5400f2e4f30e6b425b57830129b58d78dfc945372d0161a033aac924a9ea072,Neutral,Neutral,Neutral
NEW_b543e9d67e439ee94bac6d359135838535845bc6630c78a6a275b1d636e676a5,Happy,Happy,Happy
NEW_b55b631e023412dfa98b5b80e677e351a62ff57fc9ab1e37f4aa5a5aecbd285f,Neutral,Neutral,Neutral
NEW_b5623b3e057af64d2e693540af73bc7d1f34dfffb24d7574f3a535876a113352,Neutral,Neutral,Neutral
NEW_b56ff1fd85c45af0c534f169a7ecb3ab6683597deea809ca78a2d1f8d75e34ee,Happy,Happy,Happy
NEW_b5712d84083d4277d0f7924ca2d842069936b57f16532e753df3109229b317ce,Happy,Happy,Happy
NEW_b5791317017ee72dc44f321643554b7b70d95180529eb3b313c0eea237c0bd7b,Happy,Happy,Happy
NEW_b58055796aaf86d2afbe8c99beca6bb71bccb691e99a7e936fb1a56357352f0e,Happy,Happy,Happy
NEW_b58e3582ab44a5fc510d10afc2389234f932684851fd451bc484ca1942e1f78c,Neutral,Neutral,Neutral
NEW_b59284da61078c8988b09f525b2824d319a868f7c2f776770b38b76f3511363e,Neutral,Neutral,Neutral
NEW_b59865ddcad8e1b5b5b6ab6c10602482fb34d837de4d566ddc638702374fcd24,Depression,Depression,Depression
NEW_b5a53e1716b74c39c5eafafde6d1dc8802b896d2318c54a6216191e68a252a58,Depression,Depression,Depression
NEW_b5a5844400fc881d69175459b4a112cea196fdb1253e423fb7cdf55dce7a0797,Happy,Happy,Happy
NEW_b5a5be1f1255d7ebdcba49795a3a5c98cbdfbc3e916ad7dc409528239a603dcf,Neutral,Neutral,Neutral
NEW_b5aa726ce2b6af4549d0f46b122d5847fbb29acdf1cff5bec5eb89064aef04c7,Neutral,Neutral,Neutral
NEW_b5ae10092df7e57eb66b3d4bc59940918b48705902c3e722d28832a9b8edacda,Depression,Depression,Depression
NEW_b5b7fad8685e352f327a7d7b8ea490e07ab03265920f1a7b6da3d3050b977973,Depression,Depression,Depression
NEW_b5bbf84f673bc3301c54953307e9348a5ccc4da4ad2b836bfd1680a595d0bbc9,Depression,Depression,Depression
NEW_b5c03490c78671b2082db2861b3d0ba2f379c92354a17e0c642760113dc53819,Depression,Depression,Depression
NEW_b5c858ec6ab499c68dfed7a171b69aba138b7c144afe0c8538d8acdc62c6f33c,Depression,Depression,Depression
NEW_b5d8a1fefd5e3f01b3528d2a9452dd9b52fc34985514f65aa08aa0a6c100bc59,Neutral,Neutral,Neutral
NEW_b5e7cf8d346e130a71ab94cb51e5d1e7a834fad03f5ee64c14c5fad55049b077,Happy,Happy,Happy
NEW_b5e90013dd10f5d512c92bd89cca42f44edde96281e889792559b90e22d73032,Neutral,Neutral,Neutral
NEW_b5f2fe73d57ddaa49c00176c5d0c4214b376bd0d1e12b29f67df3eeac3de48d0,Happy,Happy,Happy
NEW_b5f540959763fed51be6f18447a5cb8111872b2bc065bbdfc69be92909bfd9a5,Neutral,Neutral,Neutral
NEW_b601f4b289710c721267dd4825b71baa5f0c36a82ec31e226a4903db143daee1,Depression,Depression,Depression
NEW_b6084fdadfaa68d2b26aa832d7e863c07d30ff0b0dfed1e3be50f3aa1b07c0cc,Depression,Depression,Depression
NEW_b614e3528dd48394b1c9dcd79592eda91f56272ab62dc3d117793f1159af87b1,Happy,Happy,Happy
NEW_b61890c89fda6832d6f2efb2014bbb1257a51d128a4862a658422790176fca00,Happy,Happy,Happy
NEW_b61b6113543c923cadd195d7a1eb194c6de0fd31c3a945bc3e3e3ecc035ba01f,Neutral,Neutral,Neutral
NEW_b61f51feee35c8d7d7f8c405f15fcb07e775d94c959711790b3fbca66d58cf45,Depression,Depression,Depression
NEW_b624a80b69d2a86898280e34fc1a8928e416a56b1505898dbfc5ba7c3ffe5715,Depression,Depression,Depression
NEW_b6288994cb439c7aa26ce6a12c4267072a93e703dcf0b49aa7180dfc62981302,Neutral,Neutral,Neutral
NEW_b629df09cd78afb3a5fe05cf7d0cf34d192114e2b2fb53a16428c0a9ccf64e61,Depression,Depression,Depression
NEW_b630059bdcb8e7713debcd24abddf9f70b3da7e77ca623b523a8e695d2e4d0ba,Happy,Happy,Happy
NEW_b631f956c5dac69810bfe097263cca42c028b9cf21fd13033139b597f2f5231d,Neutral,Neutral,Neutral
NEW_b6349fcc6a0a559331e96d98e6f40ad9b19661414c7064b68bddd8063d9c01d7,Depression,Depression,Depression
NEW_b63bed5f9633f03129496a022bb368dd179a6b3dad9ea292dd41d685c9cc0bcf,Depression,Depression,Depression
NEW_b641b5c8f769f6444d2e7832bf332ddea1b6326fb98672894c4d4ffcf564122d,Neutral,Neutral,Neutral
NEW_b651ac7dbd31a38923b6f52aca90891a6b28f35ccca5c52fe57042dc19afaa1b,Happy,Happy,Happy
NEW_b653a469dc74a1034efcb43f00a112fd18622ff13f5d622264673ddd72e03904,Depression,Depression,Depression
NEW_b6599fb25846d410ec067d527bbb132d8485bed342a8b514cd092bcaf653e2f0,Depression,Depression,Depression
NEW_b65cfecb477b946bc595d80c6337d6c4ac9d8cf7eaec2c73e2ebd233bc4ea256,Neutral,Neutral,Neutral
NEW_b66ac7c53b698267d27055a6768eccc71df1551a12470895579051d8348afbc5,Happy,Happy,Happy
NEW_b674303bc5240395834c395f4fd102db4b026ce681cecd6ba383d5cbca62cf1e,Neutral,Neutral,Neutral
NEW_b681b15825b7b6ecf99ee43dba25e4ecd6d0c8afc675ae7ca311b704b75af3e1,Neutral,Neutral,Neutral
NEW_b68627144d5fa41fdb7e55097c74016ed31839ace0a3444c0a9f089da2ba32e6,Depression,Depression,Depression
NEW_b690d14518b774b61d91199a835e312267e58ddc56896893b9da067303e5151f,Depression,Depression,Depression
NEW_b691f7ae47268c272d35ca5a0ddf4d31256ca2eb2d4aab2206e401f5755b20b6,Neutral,Neutral,Neutral
NEW_b6970796bb2a224d3d73fac3a3d7dae540f781f316dcdcce4e8276774d540c3a,Neutral,Neutral,Neutral
NEW_b69c9fc1859d8f502b1d3717fc6990a04c03b834ad83e0f34e97e3ebdd7e0e6b,Depression,Depression,Depression
NEW_b69ecaf101a3d9034d309448d9490cd29660f5e02d5f80ee2e7c41a2de380185,Depression,Depression,Depression
NEW_b6a02d66bc0709a52be3ae021544c6b4fe03db841180baf844c3454fdecbb0ca,Neutral,Neutral,Neutral
NEW_b6b20f9a0958c11ab4968630405eecfe0833a0fa9e96fd062ff9e76d720367d9,Neutral,Neutral,Neutral
NEW_b6b7ab471f7b85afa8ee59a6240de2fce88b0fe0029270d7c54d11b45366eb7a,Depression,Depression,Depression
NEW_b6b8f609d52fae47fded581a44be948466379926348fbbdf6d96c8d2a7829855,Neutral,Neutral,Neutral
NEW_b6cf1b636b94184e01c3a616be6906601257152451897b563a87a61fcf58daf9,Neutral,Neutral,Neutral
NEW_b6d13ae01dbaccdbbf00819f7666d9de492abd223a0cfa5b95323e701d28f779,Happy,Happy,Happy
NEW_b6d4806ffbddd456e691d0bdc4ff5be3dbea42a55dc435f6502c07dd6a445efc,Happy,Happy,Happy
NEW_b6d9ea25982ecf5fbb3e5ab031933f9177fe4daa691f1164b7432030fa968139,Neutral,Neutral,Neutral
NEW_b6dd7f88515b6e7e8b2cb7d86ebb3a3ba77d17acd01b5aadeeea6be390144cc7,Happy,Happy,Happy
NEW_b6e45046ac125240b6224670eb8ca8d3b6ac45a67bbd4f0c1b346bd503d2cb68,Depression,Depression,Depression
NEW_b6e487ca4c05cffca91ba134cbd5f61ca1922b27456a7443dd7860208a34120f,Depression,Depression,Depression
NEW_b6eea0e48d6bb7500541678c8fa0978dca0fbfb60f73c54057fea66134719aae,Depression,Depression,Depression
NEW_b6f2939f5bbdfa872aaeccd49fa2a88e02f494b972c9b933fc35a42d4610c970,Happy,Happy,Happy
NEW_b6ffc4c99a5f0d315607db282b2939535a337909a10fdfa5802382eaab04e183,Neutral,Neutral,Neutral
NEW_b70282c4718cb7ed7cd7b7e433a0a263757828843c5268babf904af58a9d71d6,Neutral,Neutral,Neutral
NEW_b7033c49affe147a5cbff9d6b42e3e4f2df47d06e32bac749b0c2a5a0fe79798,Neutral,Neutral,Neutral
NEW_b70cc3d8e9290b71f516d975e4ea7a2289ca79eab8301f6f07ba0280179d641b,Neutral,Neutral,Neutral
NEW_b717345617a0e1ecf4ef659d6d083d256233cc8ea4882e58e21afb9fe84abe40,Neutral,Neutral,Neutral
NEW_b71ebfef1e5a5f9f2f7c60ca41233472e045b383b21d5f70e1b3e95076a0eb4a,Neutral,Neutral,Neutral
NEW_b72086967fc1351e706da99ded7beb61521b9cacf6840064172c0688717e000b,Depression,Depression,Depression
NEW_b7278df9b06a9ff77387a62c7cfdec0b0c8531bbd325d6f1c6f43bf24ceffa12,Neutral,Neutral,Neutral
NEW_b72e48e9cbb63d0b3ecba5f71327a56993f0512b9f0e8f65782ccc976d185159,Neutral,Neutral,Neutral
NEW_b733e16bd142d517be98a83b2099ce4871f2debdaf830c04b725b17e1fc09fde,Happy,Happy,Happy
NEW_b73c8cb40f4400e61ff89d8a8b1044c2b220d97edfd96e79b05218971bbc202e,Happy,Happy,Happy
NEW_b73dc87f092c622d5d0661221a52118b30b97b44618aa7d412b09e0da1eddd4c,Happy,Happy,Happy
NEW_b73eaa5217a5664ee236bd42ddf2438348e137fd424820d603c16e6eb1d285da,Neutral,Neutral,Neutral
NEW_b741f90031f4b8835035225c4b8f09c4eb815167cc8430f65d84d7b53616d2cd,Happy,Happy,Happy
NEW_b742e7535ba9100720eb4b84ce66a6b4a274e089b2f5bb9bd9b23c7646b3d8b6,Neutral,Neutral,Neutral
NEW_b74327023aaa98e67842f929a06f3dcfeae57fcf9a1536d04ce6c6d66ec59b64,Happy,Depression,Depression
NEW_b7515db312bba3b75e8381f5f1aaccb3d396345215995aae9435bbe36661be59,Neutral,Neutral,Neutral
NEW_b75683f0e3f5bfdea5d741f5504fd6595be60989a76c196f89f4d69aa61a7e3a,Happy,Happy,Happy
NEW_b7587ef7a5be89971942eb06283574e26838b603f77f2b7c9c3e02f99fc05830,Depression,Depression,Depression
NEW_b7752ab593a154a95ce85fc5174214114c4331e3ec5e8a4ff5c70bcb6a1d8169,Neutral,Neutral,Neutral
NEW_b7800870d15c091eedf4faae680a811bca11fadf28684bc67f96d21d956e68cd,Happy,Happy,Happy
NEW_b787ca903f1a2b632343e9c1f9274284f21b12ece432a75304118a06af3782e2,Neutral,Neutral,Neutral
NEW_b792a3079fbba358885aeea6d8515b7858dad559676ceb92943d3b72c1588cb5,Happy,Happy,Happy
NEW_b79710bed76a166a442d8d8bf88961cd923355c58e59ddc47c346f6cae6d47ec,Neutral,Neutral,Neutral
NEW_b79753f6ddf716c7d02723b1fed8872fb65d560eff18f3b150486edf4c0653ad,Neutral,Neutral,Neutral
NEW_b7a6ce138f559d26e7e5c24e319eba0ea51fe6317966499759e248d8ef4846ba,Neutral,Neutral,Neutral
NEW_b7c7802fb5b03b40efb7484e1d4e4abbe2b5efa245a87e70078503b1f927b957,Happy,Happy,Happy
NEW_b7cff8ff0bffb28d0d860603cc8801137a1dbcb23dc9c170734d9c31e650dc7c,Depression,Depression,Depression
NEW_b7d6a54cd0fbdeda8019939171242297e0136a86a72de8cc300d513054833f5b,Neutral,Neutral,Neutral
NEW_b7e29fdde3451dc4e35a00db9346d7e386f8454bdc12635e020e25393244fe6b,Happy,Happy,Happy
NEW_b7e51b2f910956b95819fc53bdfff51819031b07197acc930829b35a8acb1b9e,Depression,Depression,Depression
NEW_b7e8d5305855d71a39bdc8942b2afd2d18b276fca7d5c352b54ea4d1d0a57097,Depression,Depression,Depression
NEW_b7f5c394115ca9741a47b1d4364d4fbbfb23e73b4cbf17e887ec98a049ff1acd,Happy,Happy,Happy
NEW_b803e5f05d6d2a6dd0ffb953766d5422581bdb7115ea1eb0050106da75cfce13,Happy,Happy,Happy
NEW_b80d1fd5d008518622d376457649e260550ee7eca949e07ba3d24f47edca4ac2,Happy,Happy,Happy
NEW_b80e48652065b9fbc4c846acf30ab1f1a98642b4308625d5ab43389087ae26b4,Neutral,Neutral,Neutral
NEW_b8100602d0e30f5658acaf3f671d46fd2de531e78c2d56127124716be8f91ed1,Depression,Depression,Depression
NEW_b811ccbe3233009b7946c087d701dada6da238d4ecadfae526501e87bc91e8a7,Depression,Depression,Depression
NEW_b8165055493fcf55580c93a1386d145982e13c00d54da598a76b4272c7bc441e,Happy,Happy,Happy
NEW_b81874f1857e6cd42c3923f555cd7d1cafcce34e47db7928cebe8c8e73c27b1e,Depression,Depression,Depression
NEW_b81ab54d0e642101fc4020e0d2031072cd49c03c4fe5a4d0d775a434254533f0,Depression,Depression,Depression
NEW_b81e9d583e34f1762fb53b4da056dea0e59509e7e895eb3db08862796cb9a9fa,Happy,Happy,Happy
NEW_b81f5f6264907dec810f799244016f0523367f5625a35acaa209e6fb5653e7a2,Happy,Happy,Happy
NEW_b82a0fd333e53ae2c4636032edb0372c55a39168c05d9b86fa3088ce7ef31c67,Depression,Depression,Depression
NEW_b8338266efbb93edd98066b2700b218eb9b11fd6cf84352d4c93d955d647c130,Depression,Depression,Depression
NEW_b8458eca8cd69205cebe71318a50dbf5a7ccae3ceef75aecb9797b0592faff5f,Neutral,Neutral,Neutral
NEW_b84e9a0bfbb2007db60c475bc8277c7665771eff91d7ad248e4f726b003aa261,Happy,Happy,Happy
NEW_b84eca2b26079ffc9e4b66b59a71c1236d74f1400d76baf9579f7dcc72bd1e7d,Neutral,Neutral,Neutral
NEW_b8516246d8d1e3ad40399b0a5ebd506ecf5ec5ea106aadbe80543bf5e6ccd8b8,Depression,Depression,Depression
NEW_b8553c5d4f6e0c4edec2ed0cd6a6e5337ecd3985b095adaa58ddaf9805ff8872,Neutral,Neutral,Neutral
NEW_b856c66d8feeb786f67b1ddf82db4f8ebf61d1b3c9f8af2526c1907ba8311027,Depression,Depression,Depression
NEW_b857c68c5087042bd1c93944dfbba5d9753cea44cd3b87fbe217a41811f2df85,Happy,Happy,Happy
NEW_b8720c57461df85400bb676e8e5a43151f7480df314d2a996070314a104acb26,Happy,Happy,Happy
NEW_b873ef830ec1b672f285cdace7c80983ff36278994d69235b705cdf7af470e0d,Neutral,Neutral,Neutral
NEW_b8761e2f585b771fabe045c19e644926fa20116cba53adce006fcb41622075be,Happy,Happy,Happy
NEW_b877dfe66fae65cafb0b479c6635df1a3877328b02d40b768f4e735b2bc6815f,Neutral,Neutral,Neutral
NEW_b879ebca6f924f8a19574aedd6360c81ef5a40b74fa43fc45a80aa885935195e,Neutral,Neutral,Neutral
NEW_b884d814d2ed366bd9e3a3a9cab3416d75a59fa38366a2b3d16cca5370baa5d1,Neutral,Neutral,Neutral
NEW_b89120b6a22fdb15e6dd355b8be9ee9a4cccb291e716a7664acb0cd87d150a92,Happy,Happy,Happy
NEW_b89ab803dfa04b36b4efd740d32ecf4ad67b97acb6de7283fee73c018238886e,Depression,Depression,Depression
NEW_b89c3a41abb019a8d47090484be15ff3b9f28161c9de158567cfd77650788137,Neutral,Neutral,Neutral
NEW_b89ca3d43bbc4f77504328d18705c41d915b4b0e6f51aece4287871e226a9f0d,Neutral,Neutral,Neutral
NEW_b8a21589d6deec652857cf8d4847407b3b5fbe1b3c5e9cd52495c49209da256b,Neutral,Neutral,Neutral
NEW_b8a634ae9ff11821c0726b8d1a615976e745857e3d4701cf81a71ed6f1150329,Happy,Happy,Happy
NEW_b8b7906f097947a26923468030d0777e2ec4cb18d60abd97c474ace5c4b80a8a,Depression,Depression,Depression
NEW_b8bed7470bb40003d75fc9c29e6e7389d58775ef726f48fff6d2cefb33ccb6fb,Happy,Happy,Happy
NEW_b8d3e350a68bbb72b37adc488b5c87fcb11a14214ebfee35aa6b0c90db39b5dc,Depression,Depression,Depression
NEW_b8e09091b44484860c38ce6767cdaf5aafece1d471173be77c08b6c34300ac3c,Depression,Depression,Depression
NEW_b8eac9ec4a9df2d991b93ff0f45a304ae834fc4800286f480a701b9f9ba10722,Depression,Depression,Depression
NEW_b8eb94fc789e5cd6bf500b92dee5ca52605d759975894bd21bd95e602c48a3f8,Happy,Happy,Happy
NEW_b8f2fb32428cdc38921882eb4a783e603edb05931f524e1aa8501abcbdc7fc51,Neutral,Neutral,Neutral
NEW_b8f62a82c37c2f33f1affacfd7e56b57d6ea4dfcc9bfaf81f6b32c9dd8728b62,Depression,Depression,Depression
NEW_b8fb917c0dd3644e9c9dddfaa3da0887c124a4b59cbe9a66aca5a4fdf1c3c7ea,Happy,Happy,Happy
NEW_b8fe840edc816a914b174aa12d517ee1efb1ac7ca44d4632608a58b0a1946d7f,Neutral,Neutral,Neutral
NEW_b9009017fbfba8326eb55ad27224f3deefd1dafe853e9a7d3a9650ff68fec1b3,Depression,Depression,Depression
NEW_b905d63943bd96bb8baef17c3e3884c5900e0d579763573c04f9598d7396681d,Depression,Depression,Depression
NEW_b90795715e6b54d36b74fc42728c5cbbef3ec5c7999e8bcdba4d8201f62856f7,Neutral,Neutral,Neutral
NEW_b92c876b576ab88334851d00adfcdb657f23c10fcea2940420360315b99c88af,Happy,Happy,Happy
NEW_b93a722f9a352c61023c15da859a5ae923364f3763823fe0a3d9dcecd4ecac41,Neutral,Neutral,Neutral
NEW_b93ac6472ca1167cb7dcbedac786b9ebf9e8946d3f321b9630db0d501e0b76f5,Neutral,Neutral,Neutral
NEW_b9455500b44c1323af00924a2072146f454182609d8dfdb20e1c5833e08df786,Neutral,Neutral,Neutral
NEW_b9479acbbe871b88aa73018e5538514383b3bd64daca3f6acacf5ca9607f4dac,Depression,Depression,Depression
NEW_b9526351e640a14f4c8dd36ec3ea11891cd02421d7324d88dde4b82e01983455,Neutral,Neutral,Neutral
NEW_b959cc850f1e3e018c754a7e8ff0c35fc87b5e7f8e8ec39a9a033b784021ed11,Neutral,Neutral,Neutral
NEW_b961d6367238dd505d89f84a8d4b9ab1a9566c6af5220b044964bc54829cc631,Neutral,Neutral,Neutral
NEW_b9631928b21594c402872e792fcdc6c54517575753043883a5af6dded05cb6c2,Neutral,Neutral,Neutral
NEW_b966518b2939bf087cb2657125f980c7091574af19d7aca017a6f513115cdb91,Neutral,Neutral,Neutral
NEW_b967766ac0f8579d13231df3d610d33bbabc34eed6770c74aa0a75e532620184,Happy,Depression,Depression
NEW_b96a4dfbc01566329e2be95054e8cf555af3ea094a6a48353bfb88781b4fe2d2,Neutral,Neutral,Neutral
NEW_b96d76f75307966f9a45a3eed4dc674a56579588e91a539e242e601d9732062b,Neutral,Neutral,Neutral
NEW_b96e508d386b9a8493de810401a0572ccd983bb6f65449aeb5959a820b759946,Happy,Happy,Happy
NEW_b979ac84205ccb47dd121e8f8efaacfb1243fdb8d62995d2cafcd0418b8f9412,Happy,Happy,Happy
NEW_b97a6091d01877a1a20fc08dd61d7ab3f367a01a5947237f588998fc69268cff,Neutral,Neutral,Neutral
NEW_b98713ec4800c1224eed8dc2569d9536e517c753db0c6994993b1d322a9a4d5e,Happy,Happy,Happy
NEW_b98a0ea9d4fd6b4ea885e52b28e8bd26e4ce2645895809125af373476dfa1dcc,Happy,Happy,Happy
NEW_b98ce74083c0bdc6622d5833ef51c793adea325591219682e229d14faa9cc660,Neutral,Neutral,Neutral
NEW_b98e89df48f54c6e1e8feaf7dff369f382228539f8a41e9970895c2dd3e6ac16,Happy,Happy,Happy
NEW_b995a5489485b91cdaaad50ccbc06ba3c75ab8b4f32b5d41e636dfe6e256dfdf,Depression,Depression,Depression
NEW_b996ea5526eccd004e5b616dd8c99c7bba2aea01bbfab048dec6a3873912cf7f,Happy,Happy,Happy
NEW_b999fff5a5de4c9bea258499fcd477ad1e95f50e716c9dc1d150b070e4b0fa92,Happy,Happy,Happy
NEW_b99d3ebfe4900837a0dd0a4fa607e83434685d44230daddfa31de253f88a3b8d,Neutral,Neutral,Neutral
NEW_b9a02f73b96a5ffbbc188ddffab9ea5c9bdf8d928f579fd093a0d4429d4cd5bb,Depression,Depression,Depression
NEW_b9a046cbf3ed09f3d065ae8b47995d7e645c83307b210ec726433448b451702a,Neutral,Neutral,Neutral
NEW_b9a2c18cd03ea1ae7fc0a818ef7e1dc3d77ba516b73a80f348c884e34dc15878,Depression,Depression,Depression
NEW_b9b50b4a00383839daba15ec277a67163062042bafd4a4c98283a5375368aaf2,Neutral,Neutral,Neutral
NEW_b9c000ab9a51a05d95c0d463ea9e5951bf86b8c83253bb474c26d058d6beb4b5,Depression,Depression,Depression
NEW_b9c31e5cb836ab01ff9169523ed7bbfb5b2e8df810a0a15ac33866c6c8064366,Happy,Happy,Happy
NEW_b9c85bbabeb004e2eb82d801bc9a192f2d99674d784b710dfc1275d2ddae1286,Neutral,Neutral,Neutral
NEW_b9c976493cad16bdf10c047c0c5e61b07ac23f90a6cfd933fa26db93cdc51b2e,Happy,Happy,Happy
NEW_b9d8bec8d6d45440bff26125be9f9ad3d3187400e80bbbb0e49aecd8ce5cd4d9,Happy,Happy,Happy
NEW_b9ded891fe2f9fbf61cb4ce61d02253e07a9aba1522dbf6b7c5212ea2a09f9d2,Neutral,Happy,Happy
NEW_b9e8a1364004631e9de8a6fed4b7396594e82bc79c45d6e1677170ec39866d4b,Neutral,Neutral,Neutral
NEW_b9ff326752a0a24d1e776568d72d6e904a178f9b9bde52799ae1bcb127945e50,Depression,Depression,Depression
NEW_ba03060d00df3fa99f27ef1d18d897364a0737af0794ef5de95fd95c77791543,Happy,Happy,Happy
NEW_ba06b72059e5d02830d49c18fa0802ec12b0068d7d52ec573859dedcbe4b6cae,Happy,Happy,Happy
NEW_ba0ec9fad16c743b0dfa17dabbc5cf29dc97b517b491116d322cc4badb477dfa,Happy,Happy,Happy
NEW_ba0fe3ff456d38c1784ac71c13b98e8319dae2fc4fef91c777a80d1130ecddb1,Happy,Happy,Happy
NEW_ba143e04cf82fd7b703eb74fe7d9a3e92d552d3c135ad73318670d6acac8bb06,Neutral,Neutral,Neutral
NEW_ba19b6f47558eece47906fd8f5a338cc059986eaa67904cead53899f9545c0e6,Neutral,Neutral,Neutral
NEW_ba1a6b6f5496868b8ad8e0ad93fe4a231fa0ff7fccf373faa6899b378ef442c2,Depression,Depression,Depression
NEW_ba1cae336e08dd7c2781abc83555838582d9747e41446d63d2968f25097d1483,Happy,Happy,Happy
NEW_ba207b7f4dca8b267bcb4c9fa7deeba51d15600e7d07b1c225d5298712cc15a0,Neutral,Neutral,Neutral
NEW_ba28d2751b609d6e422aed920d55398ff2726ddff69de37006db634481a7845a,Neutral,Neutral,Neutral
NEW_ba38f253bdcc30add8bb97a3beefdd1c726e7b2cddfb4937abcaf92305ea4673,Depression,Depression,Depression
NEW_ba3926f38d98419a002e75adadd613bdeffd3c639faac012ab3a69acf00c23db,Happy,Happy,Happy
NEW_ba3eaf249809715d5c23f7340a588c335a0003952912792143eaa756bac4ccf9,Neutral,Neutral,Neutral
NEW_ba406c97a6780e865bb9cb53dda218b20e108d8fcff15ebb36d758a5147d1db4,Depression,Depression,Depression
NEW_ba4151605ffefd32d4afd40c907e445e5410c7fa1a52e9d696c23ac19a845451,Depression,Depression,Depression
NEW_ba41da16b83bd627b3ed13683b58aa2842c883e09843da9ef889b01368b95993,Neutral,Neutral,Neutral
NEW_ba44c585a2266b90cadcd977fd19902f929734fdd57faaa8952b49ddee078bf7,Depression,Depression,Depression
NEW_ba542288e167ec86fc91bed36eaea52330ce39dc906932a8539e1fc0f7e05380,Depression,Depression,Depression
NEW_ba64612678ce7c73c32a2e314face39bc75fb1d389922dc2c556412632fbd0a9,Depression,Depression,Depression
NEW_ba7014cbb2aaa3b227b8539edf1452aa393ed533f78d5468c4e7798378287d93,Neutral,Neutral,Neutral
NEW_ba777ea51cb2fff164daa2e5ccf5f368d513d36568ce679e08fbd17d519daa59,Happy,Happy,Happy
NEW_ba8469f8cc67f3e6c0d317d4dfdf25800a62d8040442252c995c7147c9e5f6b8,Happy,Happy,Happy
NEW_ba8a9df6b63fcc4cb0ae8ccb44054213ecf989ab49c35c551caade8b8df426f8,Happy,Happy,Happy
NEW_ba901c661bd32ffded2e53c8c414ec013915613605249610eccf60c203684771,Depression,Depression,Depression
NEW_baa69a5c5558ea8b01577b51783682adda63f7fbd2b269cc5a66061564ba0118,Neutral,Neutral,Neutral
NEW_baaff55873cfc03c002014f8d345977c1324c2804c395e29b4137441e66a4158,Neutral,Neutral,Neutral
NEW_bab91eb9d1738ffa6c260e0de1bb4c48378a4df67a1206456dea85685be797a3,Depression,Depression,Depression
NEW_babb9ea4407829a27f57c0276628d30ea0644642e11b96dbd9877b4887ab1a2f,Happy,Happy,Happy
NEW_bacdc1bdbc87d0201b56df1769ce9f15cf371683ba5b8a8c35c341218cc87f56,Happy,Happy,Happy
NEW_bad6a41f7205ff5edff2da37a32dc2bf73df64ef6ebf531a43f5a57fbc8a723e,Happy,Happy,Happy
NEW_bad8d1848d35ab6044670f0d805399ae17b2afc6be60c487130cd37688021348,Depression,Depression,Depression
NEW_bae1c90ccac4460a065e47bad6a12e6c86d87558f526b07fb7776e46cd0c02f3,Happy,Happy,Happy
NEW_baec03233296f97ea7f5943c249059c3ea76f5d939f1d5d81a0c446be9e2138c,Happy,Happy,Happy
NEW_baf3b72ce3849fa9f508002d2aa612c90276aeb9854ede3ad7ebcb50376ff887,Depression,Depression,Depression
NEW_baf45ba6ace609bb085af7b482d4e6ae033d6d6f04cb3ae47657a5da5980cc71,Depression,Depression,Depression
NEW_baf70c14e527c4f6daeab3ba971be09684a81ccee355cd4866e2a82ea0517548,Depression,Depression,Depression
NEW_baf776d549bae7428ebe42c3e3f381db3ea22af7c3f146c3f7cd2d53e31b21b3,Happy,Happy,Happy
NEW_bb0f0ad44c016d8c8e29c1d46365cda173f7e4334620a6925d51641d813827f5,Neutral,Neutral,Neutral
NEW_bb1136084b6ec3677c0fe47aa87fa2d6a73bc2ad091b501ac8dfde1c1ee0526a,Happy,Happy,Happy
NEW_bb117a041e3ed3ea3fff13109688433ce4d83516070824b02f18677a44448082,Depression,Depression,Depression
NEW_bb15138e02e22d3c03f7ea692d041a3eac2de41b37f257e819aa65dfb0091ba1,Happy,Happy,Happy
NEW_bb28408caf531196fe671e172ea46826d68c45597d016fb3f2fe2fccb2efcc78,Depression,Neutral,Neutral
NEW_bb2a1c70bb383a684f2f02bd96c2a953f5478be659120f34e6294137c333ee11,Happy,Happy,Happy
NEW_bb34bd3115e8b6087949d3c5574f39b23723135ece769ac520781ecbd9230a2a,Happy,Happy,Happy
NEW_bb3ce1d08826cea2dbb990f99750456362d90d10640e954870adb013a3310687,Depression,Depression,Depression
NEW_bb49c1e4835a09ce51e7dfaacd367318491eaba17673d62f03e36c6f47e69485,Neutral,Neutral,Neutral
NEW_bb4af222e5e202e5fceb9e0902558d3fa2642d4be7bb2d7c24d14f38bf500d81,Happy,Happy,Happy
NEW_bb4b49e0ee8a16986a3b82fed6d6ccfbe9bcd576fb68a582055e1a6f76b22442,Neutral,Neutral,Neutral
NEW_bb634fb233908e21e7ee7a70447ff77c1924eb8dc06f7a7166c375a4ced2eaeb,Happy,Happy,Happy
NEW_bb6380fe1a021a6b5580012926852c02055612e29ee2dcda529c2800c53f4166,Depression,Depression,Depression
NEW_bb7790c0e63301afb48c7744eb5270b936974fa0278c27b0f728eb801446b4c6,Happy,Happy,Happy
NEW_bb7b99b6621cceec08be55290c8aa30afc9572ca1104d64288bb6d33609e2960,Depression,Depression,Depression
NEW_bba026e0b07579719c821b96c8c4b7a4d3a9225b4cbdf55063a9859196b235b2,Neutral,Neutral,Neutral
NEW_bba105f49c52b6438d555b42869b9945c60aca7d1b99382e01d20e1821032c72,Neutral,Neutral,Neutral
NEW_bba3bb0bdf7dd6c10cf06c9c1f6ad129d198f4f344f5cafaaf05505c516b1940,Neutral,Neutral,Neutral
NEW_bba3f072309d216e31775b1af427c09822bc5f959e3f8f6903d3ccb6d519149c,Neutral,Neutral,Neutral
NEW_bbb24fb0ab846b356c763ce072e357c4802ed79af47711f2831228baeb7b2892,Happy,Happy,Happy
NEW_bbb5464075f25b49c50f811aa291ebed0d3b1ca75ac0dc49311128d606fd7aac,Happy,Happy,Happy
NEW_bbc0a79acad4b4229c52c9ab7a8f028e0412f0a6b3d3a76fe8359d63530d2426,Happy,Happy,Happy
NEW_bbcb852ab1ca5c7e7a4415c44ca8dafcd8735c2109a9d04e76169f726a5d5b5e,Neutral,Neutral,Neutral
NEW_bbcbcbbb63cef8e7ca2e69196a752e7c09164d87da911409eabe0e71eea1d3d1,Neutral,Neutral,Neutral
NEW_bbcd37fddc1a6f2f274e9a92187d0b25d0a36b565ca4ecd3d598f3f6981beb6e,Depression,Depression,Depression
NEW_bbd17abb175fef0eac163c68a08ea7a9b99f8c910fbeec6bbe4bb5e5e929034f,Happy,Happy,Happy
NEW_bbe7f9526d34b5f2db7e1693cd5e5ca1e1a759b28743b7a5feca11f5145bd9d2,Depression,Depression,Depression
NEW_bbebcdca0e7240fffcef15b9ddb56f180a27c8f790cbb4319bb92950b50aa0d6,Happy,Happy,Happy
NEW_bc01c3976e4143cbff6d1f4daf76279964412b1c0ce381ae56bdc855f1e380d5,Depression,Depression,Depression
NEW_bc05c1d30bbeb4a06848ed83bfebc50da009ba58f0194a2a7b9d8df0a85c2472,Happy,Happy,Happy
NEW_bc0c531b92cd0c83f6a57dbaa9b9dbe045f1121a43735edaaa16b8ef12192db2,Happy,Happy,Happy
NEW_bc39aa700783e15324ed0b28a755ee2e945d3b74c5e9065a416c7b4cc8a8f205,Depression,Depression,Depression
NEW_bc3bad6f1980f16701e2c448ed7241179f64c3489c2db92c72b83c5c5ccc457c,Neutral,Neutral,Neutral
NEW_bc3d166d20df65347db8f9eba96181406cf5146c33d443ff17ea5643f23afdd0,Neutral,Neutral,Neutral
NEW_bc46dc0eea28b0070248950d2c2cebf0dde5a270c0dd4a4732cfca3f32f7b661,Depression,Depression,Depression
NEW_bc480ad74d616acb689649a4bb3fad5df987bc86c1367b93f5c373da55f14555,Neutral,Neutral,Neutral
NEW_bc490b202e38e23ff33743fbe241820f5bd2f5034bd91f578e5cbc1c45ab2801,Happy,Happy,Happy
NEW_bc4e10dfa351afb7a19461ee4e6675d5659c25742bebcf9af6a7a96052cf349b,Happy,Happy,Happy
NEW_bc5908549d59f1db34143a2c25db8f31a40a5da0ec42e15661409d262fd6ea00,Depression,Happy,Happy
NEW_bc64fd576a29cb6b99bfcdd143fdde73dbd23b8f84c78f638b6bab5a70b94d4d,Depression,Depression,Depression
NEW_bc6586bd00302c420e1cf36078f0779bc251185c153a4741df907cb392d8c6e7,Neutral,Neutral,Neutral
NEW_bc68772489fcb78f66517ef7536037375b147d65fb681da2d018aa91a17d7cbb,Neutral,Neutral,Neutral
NEW_bc6d81576be37f4b75b506e92517b9474a638ebeb572e8ba445a845dba09555b,Happy,Happy,Happy
NEW_bc7722f9332a4cc2e2a60d5b3698120011093db0843ac2bc35e7892ff0b6273b,Neutral,Neutral,Neutral
NEW_bc7a1cb1efe407b4f3f5b369d1af5090495d088213209d5febe0b9dd338e9feb,Neutral,Neutral,Neutral
NEW_bc7beee406aa29876ebf782e61290e9c40878a174658cb43f14de44e11eb0209,Neutral,Neutral,Neutral
NEW_bc7bf77f65162369339ea7081d816ac6eb14bad3026a6a3b56ab1c1e6a2d35c6,Depression,Depression,Depression
NEW_bc825950b35c9e96bf80a0c5780bc5a5ec22e9b4db2048849e5425bea9c10ff1,Happy,Happy,Happy
NEW_bc8b7052335cf45a40c72380e8373ca56a60eb0f3d312761333d2af03a900fd1,Depression,Depression,Depression
NEW_bc8e92d01e4c5952aace0303c90a99b6b8bc3f1f019272d851a385c5946543ae,Neutral,Neutral,Neutral
NEW_bca6c560631ecf754f7c28fd0f61ac7854b12f65c2b8f9b3776f1e8b056b3933,Depression,Happy,Neutral
NEW_bca80d1791015f798cb5fc62c5603d5b6aca58b31f4159f932ca883a1e1dc978,Neutral,Neutral,Neutral
NEW_bcb5e9e056df01ffdad24140e773cbeb1cce5f962e286c827c4bec00d2619ab9,Happy,Happy,Happy
NEW_bcb695511b24182f182eff18dfb948f4465ed3073a9e60d60109643bd072f8a3,Neutral,Neutral,Neutral
NEW_bcbb647b43e6f0084bd40606d3632d371870347910f653461394ba5e1df9f826,Happy,Happy,Happy
NEW_bcbc04909ffce322e852c73a78429d1f1129ab31d81b58b6b5dd980862185df9,Neutral,Neutral,Neutral
NEW_bcc2cbfa95b69d7294bfb95b3e7057d6a8773fc69ffe130275a27fb92869c1d9,Happy,Happy,Happy
NEW_bcc7ceecf056a3f46a9f5ddd0cb662a0f619abae8d6dc410e6d3d90fed206f00,Happy,Happy,Happy
NEW_bccdb7ef390242c7a12ce1735ea02cf39a46cd3f32236e73b420dcc25110ff49,Depression,Depression,Depression
NEW_bcdbb8447d27780f0bbaf56876b3b67f79fabaca6ac844d64feb136927baf193,Depression,Depression,Depression
NEW_bceccf2532d3279ea06cd1fd4c959bf8e63e584cffde5ba2272983e7f27f5708,Neutral,Neutral,Neutral
NEW_bcfcff73cd5f84a340cc7b07f411908d93d65f1263271040f896e4f29e44b291,Neutral,Neutral,Neutral
NEW_bd01d2749fc62a312b9574aa340e613a5224de617c827c2fbc262f123995c34d,Happy,Happy,Happy
NEW_bd089d3aef989665daba15fcc71351247f6efaf1836d47de931c7caa8d128bc4,Neutral,Neutral,Neutral
NEW_bd136cfd4e3fedbfc6b4d6f96bf32f4affed5e7394335c0650378ff728c17a4a,Depression,Depression,Depression
NEW_bd1cde743d2f33bc7438807b84f56de433e822331eb286d7dbec663e373414f1,Happy,Happy,Happy
NEW_bd1ffc1c36677cf63799eb0039102cd0633f5a699b192e4897b59723b2ab8991,Neutral,Neutral,Neutral
NEW_bd209465f99c236ca21097e2253c2b0d0f500fe8422e3c2bebbf756a9bffaa59,Depression,Depression,Depression
NEW_bd2c5e8b09ac6f612b30820b580fcf4e8ba14a44642c14e8a9eac3a94ec19fe0,Depression,Depression,Depression
NEW_bd35150b7a3d0bb00a0dd3379941e06eb6997ea56ce402160ec4e090a720b978,Happy,Happy,Happy
NEW_bd46304011c0b3b885e4b15e2c296f675909df74f09f85a8f8f602ebc074cb95,Neutral,Happy,Happy
NEW_bd469f7ac4f71151b30c998ba00cf3ae8872c60c8ff1a2f6cf0ff4fd5b84f580,Neutral,Neutral,Neutral
NEW_bd50fa8403961b39701b5ac1f7f0678b5951b69f915835f6e740d5c1a717d73f,Neutral,Neutral,Neutral
NEW_bd57a0031556b80a714178a33ef6bb50b30afa4fae164a4f424c19080f7f3a91,Neutral,Neutral,Neutral
NEW_bd78642f326c3973d2ffd12c35a040cc5861be67a0138fba2f2361636b6ff335,Happy,Happy,Happy
NEW_bd89a6e88e41fd1e62300abdba7bad223ad4c303796cef03f7b30d16c2d03f3d,Depression,Happy,Happy
NEW_bd939921ff8159c8d595d39e78e778aa34267948efd67bb4bbb2262563691c51,Depression,Happy,Depression
NEW_bd9c47b9bf810f0c0574a6bd0cf509be793a4dc4eba4b47ca1fb970c88e7f395,Neutral,Neutral,Neutral
NEW_bda0d347e4611a8b1aee4ad34a34d3bf642e18d8f7ed0ad953866f353203a80b,Neutral,Neutral,Neutral
NEW_bdabf14ccf2625d1d5ddcc7de0accfc2560e617581ee9ccc7ece89a527e39e82,Depression,Happy,Depression
NEW_bdadcb475885eb4435a90c2b4eab0055e1ccd7b2957367f9c073138e16133504,Happy,Happy,Happy
NEW_bdb27faf04b215381fbca6ada13a7cccb5157d676d53ce8e7e1a2f6f27f93765,Happy,Happy,Happy
NEW_bdb3b1f68f601c695d5ce088ddb4ec283cede38045a6a7969bfbc19fd0cf2af9,Happy,Happy,Happy
NEW_bdb7291642b6b067a5ba50b523101562ed9f6496cd98378b2a2575c1b3f1b4c7,Happy,Happy,Happy
NEW_bdbe291e35d5ecb8f46812eb2dd4fd9038052cdbc6ea6ecb55d8553818b7a37b,Happy,Happy,Happy
NEW_bdc3bf7e3a4b6e1878e53c7d12b18a93d3c51f9c4edb7dc1908d36fc36aa22b3,Happy,Happy,Happy
NEW_bdc61cf15686ffe46ac01b3e4b490136bbd756ee0170ed76cc56471ca66d9ca1,Happy,Happy,Happy
NEW_bdcd4d969abf1a49e63af1cc6a8f1ae393827b18a1b564ae5e4cca941c87c529,Neutral,Neutral,Neutral
NEW_bdd0ec80a81b44bca4443fee88c53368231deca2d58b3d788519ce9f5ee42646,Depression,Depression,Depression
NEW_bdd43db08b6c2f031e77b352a8140cee0eabca17dd62255eac94f1311670d618,Happy,Happy,Happy
NEW_bdd4592fc01f65f43de33c553cf41597690fce41fe9c913a2c018d90386c8394,Depression,Depression,Depression
NEW_bdd4c112ad0e36a841ca762f385e257d7a4394e33450ce5d4b7f4bf14065b029,Neutral,Neutral,Neutral
NEW_bdd95315a3f4371a2c47cd93267683e1cd252983a02552482c10910becb5ac2a,Happy,Happy,Happy
NEW_bddbfe780e1184837b66f0e13db9b2932c5b9d40e8d1bb95fdb440cc57cac1d5,Depression,Depression,Depression
NEW_bdde2032dfe047712da37d6bad9969b84f5a3ef8293095cd4cfd60e03fdf1565,Depression,Depression,Depression
NEW_bde54ae25e7c22457d3712f489951d84ee8e6db2df6281f5b1f29a3a45167062,Neutral,Neutral,Neutral
NEW_bdee940483b1960f1abd61089c5b4fa29c0edd86171ab607c50fd811c41c2a36,Neutral,Neutral,Neutral
NEW_bdf04663d9e66279e98aa486629f6486b3dbd3e5d08f6f7289a9d9fb421ebb42,Depression,Depression,Depression
NEW_bdfa6b05dea11636cccb303c72cd6dc874d978036ed369f06daf9f145a9dcd09,Depression,Depression,Depression
NEW_be0f4edda42958e974d500ddb534beae8afd733f13f01bcfe31f1881139d8f94,Happy,Happy,Happy
NEW_be172576661bfbc18b29042015f225aa0e70a8ce9aa1cfac27e1a291b908fcf4,Happy,Happy,Happy
NEW_be18d2d3456da7fe9358cac109d89241b36659f7c32f2bbed230e5c03b2bc655,Neutral,Neutral,Neutral
NEW_be223585dc17bc134f3422f93ffc59e73a68e0e46d483d5ec7617f5f06716ab7,Neutral,Neutral,Neutral
NEW_be29fef358922fc7cf20e87bfad17ca1b9a77254295e1c05c6abda79300eda09,Neutral,Neutral,Neutral
NEW_be36375915f5eb65780f460f4f2efd6b1b1802ac26e264f649df73a84c332b65,Happy,Happy,Happy
NEW_be44661177460cf99657e8f236f8a6a999c5cf27800c0000c312469b116f74ad,Depression,Depression,Depression
NEW_be49c724afa755f4b71fe20a5b5a5d7fe95618d1bfc22e685abad54c2b396997,Happy,Happy,Happy
NEW_be4b2b058f54cb0fc122782434fad1669cfd47ef4a46299defe0e726a9871da3,Depression,Depression,Depression
NEW_be4c09bdd89e8ebcb6e113efbf3aa5fa0d47e1b1b035858fa9e3f894e7c1858f,Happy,Happy,Happy
NEW_be4cf8557e1aee6abc7ed842b9a26a9eae97fcc3ba99c590c6d9b5737b4728cd,Neutral,Neutral,Neutral
NEW_be544becf70e4b6d5b9eed0c8922f397a211c2a4551552c1cb0a14dc97c0c807,Neutral,Neutral,Neutral
NEW_be5a5c17ff396836aa92654e28238ef5ae0c649ec67c72c23f1ff7f559e0498f,Neutral,Neutral,Neutral
NEW_be69167f15ead489ee937f1099a51ee02cc80509eee0258f021a8311cde19fb1,Happy,Happy,Happy
NEW_be7961f3c949b6dc218848bb4421abc6d08ef91b4d18f2ed6dff3132aa6ae4d8,Happy,Happy,Happy
NEW_be7c3a41549144c7e1e22a6cb8bc8331c4330566f6fcfe1ca18561118f651d9f,Happy,Happy,Happy
NEW_be7d62660f7d7ef83607b033da9ead07635eb8743e30ef8f053a2eba18bb7ee1,Depression,Depression,Depression
NEW_be81a65f07597a3d55c8794325bdffe5e8da9657ce105cd40e99322dc623a4a0,Neutral,Neutral,Neutral
NEW_be8573ea9d6afea92e0e8b1ce2136797501694145d23ea3a22615a4c979b2c97,Happy,Happy,Happy
NEW_be98414724c14eb247a5c191a593b9bffb8dfc908b87e125305fedf20c003113,Neutral,Neutral,Neutral
NEW_be98d3111ed920b7fb80174bbb48e64e1f4568b1a691262a88da1f3c716f6465,Happy,Happy,Happy
NEW_be98f5e95bd8d873fbb3469049127b715fab6f2d42b9828c36a4b8ec4838102d,Depression,Depression,Depression
NEW_bea3b1fd2c27189ab834d0b03b26938b77d170344b8f3821b62312811e0c7a3c,Neutral,Neutral,Neutral
NEW_beac6b03f4434887c941a99dd49447147bd1bab3435d24532ada6d16c4567d60,Neutral,Neutral,Neutral
NEW_beaf9d7b5e0b4e65b54d9bce54d79324279d160c0692a7afab0f0f00a23ad3d4,Depression,Depression,Depression
NEW_beb017ebba5e9c7305b2002c93332daa550ac15aeb3b49c15908b9b2259dd700,Neutral,Neutral,Neutral
NEW_beb352f27dbc4099a8f52ed0581c569fe34586c11782a4425b4e91c75415feeb,Neutral,Neutral,Neutral
NEW_bebcac37364beebc7ed9f0fb45fc827dd783b45609c77192e99938b4712290d1,Depression,Depression,Depression
NEW_bebf7ce83886b5dd4144b63047960a082f53dbfd02d79e275b9305431e184398,Neutral,Neutral,Neutral
NEW_bec017488d6ec1050d0d722d610563b059e93eb3fce7bcc55dd5881104fca3aa,Happy,Happy,Happy
NEW_bec53bf3d80d52e2c9fd4d45ff5317b6404ccad6c6eda0963bf12645ab8e23e3,Neutral,Neutral,Neutral
NEW_beccf77d55ecd6ebcf29ecb3f437846c70a9b22cb654576250397f6a91a672f9,Depression,Depression,Depression
NEW_becf772512c12f7707d070d6482c4c95e4c4d00b9b4e618d7cdefd2930c68ea8,Happy,Happy,Happy
NEW_bed642c651021b8b2dd7d295ba8b50f81d9270b5f7bd86d4ae4348063cc5e338,Neutral,Neutral,Neutral
NEW_bed80e48577aa4ab8aedee9d1a66f37b883c416b4da5cf98237de4c4f18b607b,Depression,Depression,Depression
NEW_bee12b7e7316e8848292f2f4058312639bc9039410629eed37ac66f1f31889a9,Happy,Happy,Happy
NEW_bef0fd51abc2d088264fa53eb98fd69160194007794804621dfc120288e45914,Neutral,Neutral,Neutral
NEW_beff0e48493698e286ccaea6a1e2da11dd61d59f4eff826b59e6951ee13c5db5,Neutral,Neutral,Neutral
NEW_beffbd0650ee182edcbdd3d36ffb907a426f1aebff31f5c5588e2000ba3b94b7,Happy,Happy,Happy
NEW_bf0ceb12a7c7ac1be6f75923ff886688be9d9140e22aab6d32a8be35556e495b,Neutral,Neutral,Neutral
NEW_bf0ee3c770abbacb274342ab440da1be78ae2d8b0ffc4e82144f8165cb0b9a54,Happy,Happy,Happy
NEW_bf16d690cec94c90b7bf15d78b797c18f325a6b61dc8b3c0e546ac09a4787abd,Neutral,Neutral,Neutral
NEW_bf24cd070012825aba8038d78d024e39f45d742220655645c08d8af9dccb5e46,Happy,Happy,Happy
NEW_bf3e0f5df55ca6971f1ebed12f8d9ac20ff6ac0599cc85f1c575ebe73d67ffb1,Neutral,Neutral,Neutral
NEW_bf43515e6ac9f19400d538ad35f59b1b22664439fe7df53a6c20705ebf34f857,Neutral,Neutral,Neutral
NEW_bf45f1f63930668815b88672dd23e96e3e6aea5783b5c1fc915455e33ca6a9f8,Depression,Depression,Depression
NEW_bf46ed0eb37d708877721ce44c9c0bb227b1af4fc4c353952fa4ac8406d4a53a,Happy,Happy,Happy
NEW_bf47024e66e10f9dba06e27670357cbb714908ba8d1007961d87d2b2a09aea9c,Neutral,Neutral,Neutral
NEW_bf50cc086eb6220d712100dd2fa4241c14e328d4c494f1eaa5bdc966a21af25b,Happy,Happy,Happy
NEW_bf578fe749b97c9a8335f0671075b0ef4ae1f2adb57b33ba3dd4dca31d13be19,Happy,Happy,Happy
NEW_bf728bf5c8e8bbdc7c0531adf1010dd5928c0e72d1dbaaf849c1a635fc652118,Happy,Happy,Happy
NEW_bf74c37d5ee15be5807debdb8d9455c95fb34f2dc17fa7cdd9a2b9299517799f,Depression,Happy,Happy
NEW_bf82d0340f05ccc5cfa19ea25c0a32ce318d4d8cdcfc2cc42c204b1fd75a5cdc,Happy,Happy,Happy
NEW_bf8703b1dda134837a7956ecc98831ca6eb2a58fdd1f303a57b2d354e8a45c95,Depression,Depression,Depression
NEW_bf9331a7acf859294676926f9914d0b0d673472e213b2c208f396d631d2c8586,Neutral,Neutral,Neutral
NEW_bf947e1dc455fd2299756d0912c4142ed3c93cfa9a43a306dfb857bf7dcf29d0,Depression,Depression,Depression
NEW_bf96030097a48b88eb4e1baeabbfc1133630d303d8c4fe0e047c84d1c9b5de2f,Neutral,Neutral,Neutral
NEW_bf9bfaed572dc8cd690f88ce6eec9258246279b392a2986c76df8647036f2561,Neutral,Neutral,Neutral
NEW_bf9e639906b494d37bf91b46433f04182247f0a146f1ee7752be649b576ff055,Depression,Depression,Depression
NEW_bfa53f8b6eab5d2b9cf3759bd5571aae766cb7272f5e1988fc581e41db879ba7,Depression,Depression,Depression
NEW_bfa5a1f7880c5749403f978d55008d271d74b9a3677515719eb236a4229f1efa,Happy,Happy,Happy
NEW_bfbd1d8661e42cce41811c425c4da49cc7f7a58f8a3c8263947338043a6f3388,Neutral,Neutral,Neutral
NEW_bfc0f7c7f2143df4f8af54a1bcf93dfa9ded5ada680f40b974fba6d59d67bb99,Happy,Happy,Happy
NEW_bfc512e45371011bcdd103ffe923b5a1b4d92eece26e10ff708cb74de008c20d,Depression,Depression,Depression
NEW_bfcc05437a8c75d7de4c25b7f2ae1f4914685554a487bd9279f2396d85dcc6d3,Depression,Depression,Depression
NEW_bfce5e0a59c86b54bdf3da046de0c5e7418a90af0023a8ae952110b1e7efbd67,Depression,Depression,Depression
NEW_bfd1330e5d5ae3d62e09ac020365c2ac57940d04e6bb8f85df8856fc596ce049,Happy,Happy,Happy
NEW_bfd340d9e7f6024027c415131bdc38ce3740b39e22207ae257309b6e9d9baf68,Neutral,Neutral,Neutral
NEW_bfd5566b7090b367f85da0878550f459c3c2f0c3668b3fe0bb1511e8067123b0,Neutral,Neutral,Neutral
NEW_bfe84e633fd15492c7d15efb17694c06f21340abe7eb6eaabf3d5cbb65d2e6bc,Happy,Happy,Happy
NEW_bfe9e9696f3f9f8da2cfb6963acf88b41ff6fb8e84657c6c7a974346eb4d6c2e,Happy,Happy,Happy
NEW_bff0f84481eb817db91a8ffccc778b3671b44820d7eeae354f7d5bb100a9ef37,Depression,Depression,Depression
NEW_c0017297b5d68ed58ed4f6b64be2e332a85b2492250f0f972819042fe76ef0b3,Depression,Depression,Depression
NEW_c00c57989927107bc5e40fb177c6cec08e83128c825d981416847a745218f7df,Neutral,Neutral,Neutral
NEW_c01538a5104b8f74677b447bc9e8f4de360fd4605ad98ccab55f9142c7173872,Neutral,Neutral,Neutral
NEW_c01ca4b0a4f4819a866b3c30ac79f20cbf8a885425e6b44af224459d8a5a9c43,Happy,Happy,Happy
NEW_c021a78c8884310df8951a959444ef08e1095d6111488843823e867cd9234acc,Happy,Happy,Happy
NEW_c02e2dbc1dde6c2011955dca307b99d5d345aaedb98a15aa78d08ac05cf8ac8c,Depression,Depression,Depression
NEW_c03edc6d90c0f881566499031590651b47b516b4b8cfa0ee52932368cc04c753,Depression,Depression,Depression
NEW_c043ebc2d21f737fd975d4938282eb7669df74447f8418f2746bfbbc16e4d2c7,Happy,Happy,Happy
NEW_c0492806b3036d8c8f3b03853e6aa0bcf24580a4190316ccaa6695267e99fbfa,Neutral,Neutral,Neutral
NEW_c0521f32ee2d25f472481cd5ebc07f609e7bceaa444c153dc56e45f694e36120,Neutral,Neutral,Neutral
NEW_c05347ffc6fa1aaf96be24db9bb3f57304868a58803a56384341ebc74f98775f,Neutral,Neutral,Neutral
NEW_c0576679950c41ac82be402609006890611bc85b1516f63a5062a34abb75ac8b,Depression,Happy,Happy
NEW_c057b90885f1e9c521cc174c3cff8d96c7cd60f26478106735e0892040f18132,Depression,Depression,Depression
NEW_c05b20d68a86f3401a7c55fcd975a0926e3282e479df6f34ea23bd1273873a5e,Happy,Happy,Happy
NEW_c05bd0a556c6ea0eb6ef9e4a69b32cebcb2ed77463bb4e9d58873f9220e8f8da,Depression,Depression,Depression
NEW_c06914d67024fe83a1e8c195e7f99445f4b80bb83bd80211d88479a20f868271,Neutral,Neutral,Neutral
NEW_c06c8ac08ebfcadbfa86eb7edcd3fc649c44086cc5336f296a8410bf1d3bba27,Happy,Happy,Happy
NEW_c06e50ba389150a43d31841596617b8b19ea22d2f65a0144be2c08fbdbb7f7d1,Neutral,Neutral,Neutral
NEW_c06fb11cd548f6f74ca84d5b7decfa980df108ea4d28a6e7683b694d0c2a61c9,Depression,Depression,Depression
NEW_c086b418d233343a8f944c68f77b95de581d58ab366d7cd7c7784a0a25d6a276,Neutral,Neutral,Neutral
NEW_c08a7b955fd4d3273950bc149711c0c792ddfb700ba810f3d642b7ee33eeacbe,Happy,Happy,Happy
NEW_c090e0144f779f35f544409a7c67e31334701c3bb530cf2b9ac256cd176995e4,Depression,Depression,Depression
NEW_c0a6b45641ed57f9617d119f521d08cc23757f47ac469288f5d54dfa138e20aa,Depression,Depression,Depression
NEW_c0b46ea276ff581b5dcce320a799d77c882e32c4af247d14680684955c3610cc,Depression,Depression,Depression
NEW_c0c126a4faa7a90a305661f9ec931314795fed37430737d6fc21579dc63b3ed4,Happy,Happy,Happy
NEW_c0c9ab29dfe77130793840b8c127d099e14ca21210ddc29a4d51ee244362cdd9,Happy,Happy,Happy
NEW_c0de2c8129aaf9ade90602e25b5639dfce14d9a472ec2516cc3e4164d3de55c8,Depression,Depression,Depression
NEW_c0e83c59a6390732bfd9ddc5dc5e15d9bc1dee51cc5ebafcf15cdeb65fe87db9,Depression,Depression,Depression
NEW_c0e937271c26941c62aacfc94995023c7e5d0dd18e36b3ab9737092f49064042,Happy,Happy,Happy
NEW_c0eb2d6ddf0788584ea9cca5f6ad2793abb0c8e308632171e6bfc02dd4be278a,Neutral,Neutral,Neutral
NEW_c0ec0218298c59fd9ef9b3f88121e0c10d143281ad528d16825eeec3bab3799d,Neutral,Neutral,Neutral
NEW_c0ef42e4885cec304979134d0af43fe4c77975e0bbd5706067e6266eb76673ee,Happy,Happy,Happy
NEW_c0f20fb7c0b3ab2803c33cc001f655751d671c9c850a82b23e83ec5a79bbdcb0,Depression,Depression,Depression
NEW_c0f4755cadecdcf1821dadd2f21f718253789050f3f0abf872d938f55e9d4323,Happy,Happy,Happy
NEW_c1010d3288f1a86e0d1dd4b6867b2db1f3b1a96bc91d2b83ac837e4d21fc6da7,Neutral,Neutral,Neutral
NEW_c119348e62c6e8f91e9e14d7e5f0dac2f40bab7b642f4c6c7df118cd7464d88a,Happy,Happy,Happy
NEW_c12440724219c02ca80cfad5f3eb06a32f5eebe4fb5a1c20daf79d0dff43527d,Neutral,Neutral,Neutral
NEW_c1270fb9e4c9a156bb96cdadaf9dbd13d8d8c40bd63ed92868c74284cdf8afc4,Depression,Depression,Depression
NEW_c13fdd7c8fec318903d9e730087222e1ed28b6085c2f74ead554ad479590c1d6,Depression,Depression,Depression
NEW_c141d35fd0003137c8bca0e91dd83a598058195ddd8213094a88368a1ad3ddd6,Depression,Depression,Depression
NEW_c1456fe152518af003042383869a77e7365a05fe72df572250e1b2eb1807b18a,Depression,Depression,Depression
NEW_c1473c9654ec2027e45c2659b19d855ecd2bfecadb999a8b01fd6070ba29c8b7,Depression,Depression,Depression
NEW_c159d24a819b949204e32e0faf6ff261c247851af5d47092fb54efead66fce96,Neutral,Neutral,Neutral
NEW_c15c025800f7856dd19d184c33400a8fcfebf2b749a5505125e34af71bbd97e6,Neutral,Neutral,Neutral
NEW_c16efddbec9c5f35161158a04311690ed5f3ee366d0937a7c3724ada88f884a7,Neutral,Neutral,Neutral
NEW_c1723ce72a71192a6772ccebbcaad0b6db1b2f5bdd7b646c1db1fd4f9b25c2d2,Happy,Happy,Happy
NEW_c17c3a31f237cf62e1318d98b51003b732c8c8686ba33f39a3494b6a1264d6e2,Happy,Happy,Happy
NEW_c182e60f25cf9949b8b9b827c696bf63b2b947c8721d111826ec239d0386c306,Happy,Happy,Happy
NEW_c18549dce3f0891a3975f7bee07f34008e0886cb4edb5a43fe5c96a87f16ea30,Happy,Happy,Happy
NEW_c1929380e63b6c74f6af6a137346f580ced536bf246a7deff36ebd713edfa502,Depression,Depression,Depression
NEW_c19bce3657595459d70286d4bee9b3d63cce9083868ec025b9bc3646318df35f,Depression,Depression,Depression
NEW_c19d22f1aa2402957a4a791da54d89f34160327f048e1998814ff46e254d9de5,Happy,Happy,Happy
NEW_c1a4e4192d9c2b6841df1908807467c57047ddda7787713c8ada9708ae76f551,Depression,Depression,Depression
NEW_c1a83594aa4aa88f45cc29402638f88a718bf49b057b42393b80395b3031dd7d,Depression,Depression,Depression
NEW_c1b96e7d19e8cccebf1f6782606ac9efb263d621df5fd090f0ca12b44cc051e0,Happy,Happy,Happy
NEW_c1bbc130ff5b939deacc8b442bd72fa964d7f87112291f57ef950fbc72985f72,Depression,Depression,Depression
NEW_c1d0e35b8befcb340badb4c9a45ec1a5884f97c667e6a3c6810e3fa4059c2cae,Neutral,Neutral,Neutral
NEW_c1dc6e6c03b95445d9c9e7831b7f293e3d9527dcd57d6826538590b9300dc291,Depression,Happy,Happy
NEW_c1de7a6aba29562badfb1ef4ba2cd341e8f9dff18190ed6d65f18c7b80cffbbe,Neutral,Neutral,Neutral
NEW_c1e23c69fa0938bcaf02ef2251b4b31abdb147d30014e2319f69197d3059992f,Neutral,Neutral,Neutral
NEW_c1e41304230f45c688bf196e19c5278602d45ba6b5920143bdadf78e0817663f,Happy,Depression,Depression
NEW_c1f018f34b2208a2bc63cec5a37e59b0e3b250b00c15ea14dcde3f5b76562d7d,Happy,Happy,Happy
NEW_c1f02d2d4e3153dfe3e4fa21aef9f8ec506ce570d19aa383aeeccd34e7e9e7fa,Happy,Happy,Happy
NEW_c1f6025647d2cc5ab8bcc9cc19f1d2c8d70c23a3802701a3229ef5c1d758c707,Happy,Happy,Happy
NEW_c1f6e855d9caf86d86501fff1093408cbfe7f82ead9b21d2f39e19b29265318b,Happy,Happy,Happy
NEW_c1fc0f284fc08dbd039ded16eef09c2affe066b5a848d42955299025e3bfd1bc,Depression,Happy,Happy
NEW_c20ac0c6e953c9b8583e0ed3ac95bb0661b78e100d4f169b78747a347e37fc55,Happy,Happy,Happy
NEW_c21e7f9a0f55d4b23f89ee8b2bb7bdaea3e158aa873b70b6552b191f73aff9df,Happy,Happy,Happy
NEW_c223ca70c6416fee15984a245b0638f49cf365300fe321a3346b27bae77cf6ea,Neutral,Neutral,Neutral
NEW_c22404f472ebd64df9d0f03cb68aaf0c6469f70b8427c7f4ee4172b3e264c72f,Depression,Depression,Depression
NEW_c2288990e251eead93e9fca857d56e5627df363a554fcb84703d3d101df887c2,Depression,Depression,Depression
NEW_c234d1c313e503b00fec0a614aa7e4a1296a669872a5c49239993e28effddf46,Depression,Depression,Depression
NEW_c23cafa9b92032afac10f4898acf65cd822a1d3111fbaa8abfce5c61881ee143,Neutral,Neutral,Neutral
NEW_c24558d9cfa7146fc0309236627d23f7b565a269f55967340e5c5b60808a4950,Neutral,Neutral,Neutral
NEW_c24864aa48a35ad8269d2e9daffeabc30faf8c365916673a3b22175e761e197e,Depression,Depression,Depression
NEW_c24fa299c1bce45bb6c3af2dbbe79849d9acc6edca0609f2aa2aa91ee1c37d57,Neutral,Neutral,Neutral
NEW_c254f5be68d1f5b5cc5f9b7cf4b719a16159bd306888f32eab026aa78d00963a,Happy,Neutral,Neutral
NEW_c2672fb1d85822efb40dae3b6ab7e1422511aab2fa4855d1ea93ab364dc6ce6c,Depression,Depression,Depression
NEW_c2738ee0125143e39d13cbe758ef5ac390f6447a3d5b0d47d377b9fa9f1f662f,Happy,Happy,Happy
NEW_c274fa3775480471d75b3e92ec23f6577ed49ac595b0a94dfe30d645d765d021,Happy,Happy,Happy
NEW_c2996e88fb4a220bd0529255f83361a1cbf943a596bae46e2312c49b2733f907,Depression,Depression,Depression
NEW_c29a2f8d04783011f048992f2e6bad6bd63ab5300e2565dde65d7f4c37cb5b1b,Depression,Neutral,Depression
NEW_c2c2851d7d8192860e4e2ad88cf69b27369e5f1957f7c437450bf91a7dfee4ba,Depression,Depression,Depression
NEW_c2c944d7bf21d5b4102a6ee2b0f969bb7c0889ade9f4ba962e7f438fd7f1aca2,Happy,Happy,Happy
NEW_c2eb49c49d42a72455219a8457cbdbdd2e5e80d8fa8e764e834b2789ff13081c,Happy,Happy,Happy
NEW_c2ee7442ee6edb4d5b7db2c8fded33ecf9b75bec9a8069056f74112a20d2f16e,Happy,Happy,Happy
NEW_c2f1b0962f462b666585f5e1e7a33d00453bf356b0f49165dda228287c6a9849,Depression,Happy,Happy
NEW_c305ff5d481365dbb0f94bb936f733139dc1b4a0377ac0a4960ae1f0563e57f0,Depression,Depression,Depression
NEW_c30ae8a48e6cd98f86a20bab503f6cb3c12e323ce09747c209a6b6b662c2ebc4,Happy,Happy,Happy
NEW_c30e85771271fa06fa04cbad1b1d4f409cf8d17a61cf3c2575aa1475fa338472,Neutral,Neutral,Neutral
NEW_c31874513272780207c81e3a482fe0d19217fab9ee399d3675aca0caa7b7ecdb,Neutral,Neutral,Neutral
NEW_c3275d372dd8cc018c9e0d5685a3a9b5c587e14939862143b282d84fbc5fb346,Neutral,Neutral,Neutral
NEW_c3326d483015edaf330bcf62821b05c43af8013dd1b78d493b00794458777ed6,Neutral,Neutral,Neutral
NEW_c33c7839785583ab3a6bf916fd7dbaffdc46ae03338def08ba7306c814c1cb6c,Happy,Happy,Happy
NEW_c33fc28601e0e4ebb22ea11573daa9896f27c611bac07acb4be549f533883ce5,Depression,Depression,Depression
NEW_c34e0c1e37f4cd57ffaa9bf973db304b61fe9a60a1ea638692be045cbd8eb212,Neutral,Neutral,Neutral
NEW_c351588d67fea5602804bea4679850b928c7cd7b968feb17ba4ad883e199fdff,Depression,Depression,Depression
NEW_c3550261702ec6bf25daa45fd76e797e98da7bb611227068ca8089787e362d4d,Depression,Depression,Depression
NEW_c355fe86bc8b91dd5c04c4a52388a3917f95c6e8a779169c9f4e9f39a7a7e234,Neutral,Neutral,Neutral
NEW_c35cef0f7f20c6a4b83ef4c506151a6cb11dfa76f5bce0dde9ded9f3b1e0d7a4,Neutral,Neutral,Neutral
NEW_c35d8c71ef24834e36f9ddedaaee2660e078b2724c225dcb054d64ee77aca2ee,Depression,Depression,Depression
NEW_c36a2898b1cbd8c7ba3dd554bff741f635b48b2d0fa5afdcae2239dc7b52e49e,Neutral,Neutral,Neutral
NEW_c36bcd76b7a8f1ba068da0c31c23eb00bf0b6aba12672d27db7ecc77a192fc0c,Neutral,Neutral,Neutral
NEW_c36dde148372f6843103c6553841147408d3f1ca6f5e746a01b226e3a5a1ae9e,Happy,Happy,Happy
NEW_c37c395a95b6d8e6dee1cf707607c59dfb1afb6b0e3d3505db7f0c1de03c82a7,Neutral,Neutral,Neutral
NEW_c3850cac049dfd595a83bac89495aae13552c74cd339089936c0f1d993fd4569,Neutral,Neutral,Neutral
NEW_c388eaeeb0dd58e714eed416eb56e955986d96db4005802eb2f2530c3355e924,Depression,Depression,Depression
NEW_c3a10b09b370f1d089da7ef385bdf2c95447a65d55777a076de4b5ed97e5a41d,Happy,Happy,Happy
NEW_c3a4b3843fa6baad8645f2a8ee77770a5b10e452f268dcb4c445c8dce14c906c,Depression,Depression,Depression
NEW_c3a4b9ec934d6ce693a8947c418acc3bde57e30367955341563acbb82da650b3,Happy,Happy,Happy
NEW_c3bbfec4088c4a07ecd484f79dd8faaa0dc6cd39e6608f4760c16adcd139fde8,Happy,Happy,Happy
NEW_c3cd135fac8e0c5f7d5706f56535a6077a33d4ecb6d1726398ad29a42ca3d351,Happy,Happy,Happy
NEW_c3d33faad57edda8b33628870228b818881eb5c377bd94fe7f5b1ce49607df1e,Depression,Depression,Depression
NEW_c3daaba18a4c33bb9c93f816dc7560a18cdb392bc4ec78877fd8068f210d4d19,Neutral,Neutral,Neutral
NEW_c3e844264c7385cd8408ae44413ce2f336a27fd434d8fc5ff6214ab5b5c05a85,Neutral,Neutral,Neutral
NEW_c3ede0a1cb1bb52c7d86f5d942c14ddbd91c91e81f83cf8bc8f34b7ac040a7d3,Neutral,Neutral,Neutral
NEW_c3f60fa5cdd95d024b0e3585437e7d1c913d6a4caf54bae9afe99c3246612c28,Happy,Happy,Happy
NEW_c3f8b321f7a987c83244f31d2f656de2c3d3fb9de2c7ab40d4163289d741fd15,Happy,Happy,Happy
NEW_c3fd52fdebbaf1f9da7396cc8ab1bb6bed234ff4e831edd4f36acb6aa2394d85,Happy,Happy,Happy
NEW_c406a7728e5acaacacfed5ab44753ddcf23d1d67e509e2358b8fb1c67c6f7b54,Depression,Depression,Depression
NEW_c4099416c0b1780d74a8aeaf753ec70a4db464a4f0fe608a59b9c28424c2f304,Neutral,Neutral,Neutral
NEW_c40ccce19ebdfd9f0454d2d404231c37c0ab0521e83c34c0ddd419d240ca6855,Happy,Happy,Happy
NEW_c411887f38abd03d07efcc00b2eced18cd4b0a2d7793a511527d0dea1cb1c386,Neutral,Neutral,Neutral
NEW_c41af5a12e31bddf7314471e3e670223127f15a553bb34355419a98b657bb5ba,Depression,Depression,Depression
NEW_c41fc060a062a486337fdb049146732dabaead51967d15f4d6676e43f4153ffa,Neutral,Neutral,Neutral
NEW_c42ed41e442f0d700b922b1b7d4fe27fae515449061891a8f074b905b0b8b078,Neutral,Neutral,Neutral
NEW_c42fff6489932faceca277d61bd12d628ee54ff80d2325a29cd4564deb3697ed,Neutral,Neutral,Neutral
NEW_c431f149b3b8be953f448c7332d0327cf17e9ee4e1bbba6e9a233aa7b5a223d5,Neutral,Neutral,Neutral
NEW_c437590afd8f8aec311c4e3201906a96bd24eb2a53d7a4c6700fe74ebe98a5b3,Happy,Happy,Happy
NEW_c43dfce438d84717a4bbe074d36befc6776b46be08c6c36a30b094dd4aea5520,Depression,Depression,Depression
NEW_c45666d5d7071048d46ec09da2f3604cc459ec0e93ddd216072d990561d4da92,Depression,Depression,Depression
NEW_c46b6a8fbc7858710a81e6897bfaf5db18b99becfae7ed9930f289f21bedfe50,Depression,Depression,Depression
NEW_c46f695875cdcef59b08ff00ffad28ac06835d8d5e05c06583623bccce31de24,Depression,Depression,Depression
NEW_c4734f08654535a4d433c37a65e158fbb836663fe86a29c897452881a4820deb,Depression,Depression,Depression
NEW_c4739c12efb5fe576db0b8257f2461fe8fa859dad6f574b90421f0038ca240ad,Happy,Happy,Happy
NEW_c4743a5e8805fa217ba6b5cce12124b03d28f81489dff3641be33053a20e148f,Depression,Depression,Depression
NEW_c47efab1dce07509b4768eb72076149889e12a67f1ffd69de40b6f901d11b562,Neutral,Neutral,Neutral
NEW_c482112862664623d9d5de96a0e912ddbfca681bf00865d63a6c52f2aeccda40,Depression,Depression,Depression
NEW_c4884bd9a9618b046465b5fda7ac7d2e644b8fe846470419638cf191e43b8479,Depression,Depression,Depression
NEW_c494afff3d8eb5cbedce36950145a69f854aa5d63769e417ec06106995752683,Neutral,Neutral,Neutral
NEW_c494fd0c687c19045ae21ee6f8ef6e8dd2598bf4162724083cc1d4d0cde7bb42,Happy,Happy,Happy
NEW_c4aaafcc99eaf535926bedc7d2e61de0930ab4f817fdb4b599d5391c64dbf461,Happy,Happy,Happy
NEW_c4b3d80ec4b346c1fe1bf96dfc0fbadbef6f918b3d2137b53f3b601cae9a39ab,Depression,Depression,Depression
NEW_c4b7d72bc1662aa7feeb6b7c5d901da492b7c76737c3475855b1ac513e3fe1a1,Depression,Depression,Depression
NEW_c4b8e948bed64145e552c2671436a4889efdcca46866f0d7d43eeeb068e56011,Neutral,Neutral,Neutral
NEW_c4baf440627477302018fd503232aeeb5a507ccb91ac5841fb74892497a1ab99,Neutral,Neutral,Neutral
NEW_c4bbf9626a1b1c4fe5b2dc43dcd75f1ab7f23b3d932aac25d5ff21dc0cafea1a,Depression,Happy,Happy
NEW_c4c1a3932087778f6194d01748fb2829be6558b5159e446dfb3ed14010eaeb9e,Depression,Depression,Depression
NEW_c4c3ccf3b9e3ae567596fb60578aca256be7a16cf3c77df71142bf71103be6d2,Depression,Depression,Depression
NEW_c4c697f1b189aa62ba301c032b36181bda8691fe2fccd53cea24e332cf467432,Happy,Happy,Happy
NEW_c4d5d153ede9894de6acffe248ac56f2d85dba89bbef0ee3742ddb509b5b01eb,Depression,Depression,Depression
NEW_c4de1f93ae0ea82406995a81d9f9362f55e5fabf7c1dffac14aba7118e1775a8,Depression,Depression,Depression
NEW_c4eb3c19b2b8ebcd822feaba8ac75c9deda0120bbb227347c4f513bae35c5546,Depression,Depression,Depression
NEW_c4faf0dbd02056f41282ac584c634eacb095be0c855ffb6ebb5bc9e2a8fc6cae,Neutral,Neutral,Neutral
NEW_c50751e68c1983c50ed237b9a0cba735b62343da02e6b5ff56608aa6bae95034,Neutral,Neutral,Neutral
NEW_c51761fe8a481a6901ace7f17d6067bbc6783f6f3c170967bf62008d7e279e20,Depression,Depression,Depression
NEW_c547881ac1b70ef9a2aacfaaacef2cc33e8a83f52ccef6c82384f634a858acab,Happy,Happy,Happy
NEW_c548a71edb29795e7ff15c1504493f6e88def69b769396010fb696ff09dc2e36,Neutral,Neutral,Neutral
NEW_c561b1c0901b7615566c087a4e32879d1c160704513fdc58be935612b9e55bd5,Neutral,Neutral,Neutral
NEW_c5692c213adc3a2fc38631bd81d0452b184688c394cb7dd8f151b1eaf0b5e307,Happy,Happy,Happy
NEW_c56aeaf9c3a650163f3bd9036ee64bae0929a2c561aa4eaf5dd4ab9c03c4a746,Depression,Depression,Depression
NEW_c56d4e820d5d04c663670d183d28c36b6d58cc0cd037c5663ce80292bd3704c0,Neutral,Neutral,Neutral
NEW_c571f73b490d971a57ac4e4836cd5a85a4e9501c6e5133e2cd4ecba3e139b325,Happy,Happy,Happy
NEW_c57a1cc911419e0a92ae52f5eecab46316cd0f2bd5b654adca142f16f0ef7dd1,Depression,Depression,Depression
NEW_c581ba35c03e0a5034c878fa6153faf5cd635a4408aa8da451abc64db416ea05,Depression,Depression,Depression
NEW_c5861374d15c82184f0bacb2ee0f7a08827aca5e2568602b3a1e62c5be0ed844,Depression,Depression,Depression
NEW_c5906592fc6dddc77ef35ce85b4e62a4ad3fe6a90e05e5c4dd6bda5e0626652f,Neutral,Neutral,Neutral
NEW_c5a19f80ece402cab4a5b834c16dc84ec84532fb82b848fdb7f65d9c321002de,Happy,Happy,Happy
NEW_c5aab164f47789dedd5f2bb15314d9cc72dd799964baa400293e73768201619a,Depression,Depression,Depression
NEW_c5b9e74efe925e861e0972c0aa5be331d0d1c1d99cd360ddf6021772915cf2f9,Happy,Happy,Happy
NEW_c5bacf52971e8fc559723f99eb105eb8809ab9b60629e943ead70dac853d9a1a,Depression,Depression,Depression
NEW_c5c377b38a39a0e59f1afbfca12ffa5f10923323ec30914f573562d4834837dd,Depression,Depression,Depression
NEW_c5d75c50d37faea784614ac5590ff9c09861bfc636205f19c898b841a593985e,Neutral,Neutral,Neutral
NEW_c5e1c7f699df362aba6843a2341540f462287f7f7a588ba2e90a317dcf6f9121,Depression,Depression,Depression
NEW_c5e7ffe68b4cfc97b943a295aebe53450a0b6e2523fc9aeb704a8ff2bad09e5e,Happy,Happy,Happy
NEW_c5e8382d786e7e0082efbbe73610bfe4c1bb1a4496b27cfc9cf1cef543623f6e,Depression,Depression,Depression
NEW_c5fd0960992785c31de64a0d257fd813b253ba41f15f2bc87340e4efb403fcc1,Depression,Depression,Depression
NEW_c5ff868daaaa09fc713fe6f9e8d9cc8748aa44f4ba4adfbff3406cf5fdaae9f9,Happy,Happy,Happy
NEW_c60893bc7305c55a5f30b6f9e4c2f2a3271ad6bf25d7f42d14d8c4803a5dbab6,Depression,Depression,Depression
NEW_c60f4008c42619a547525dfa9837d5d57eac40e522392e2f371f6deacc4df90d,Happy,Happy,Happy
NEW_c6272a677c43dc3ff2d20fc265907583494107e4d0b2d2e2fa267f9c8c396079,Depression,Depression,Depression
NEW_c63fb744ea65441ad53e39dad8054e53aa642d5514a99b409b42b2141259a1a9,Happy,Happy,Happy
NEW_c647c05a3a209697ab0922e33a718da1f4c1e15da65099981f75c4671f06308e,Neutral,Neutral,Neutral
NEW_c65becd8807d86e6d5846ecc9c84107c4fd57bfec360388c72ce81b0d5e73e30,Happy,Happy,Happy
NEW_c6634ce5528de15ab5510831b2efc8e79e18155d6fa42b3b9b64526ef67ab152,Neutral,Neutral,Neutral
NEW_c6657913a688d6540edcf0e138ccfb522733ac4385b4942693f9d3e2b5d8a012,Happy,Happy,Happy
NEW_c668ceeecd1f02d181aa331adff4684c1cf5231627f1741269e9b0c48aa0b033,Depression,Depression,Depression
NEW_c670b56867be5614dcedecf0bd219fa14d2be1243bb48645e169bd6fdce4af67,Neutral,Neutral,Neutral
NEW_c672993f6d4ea20620a52809539693ab15ec5fb6f41009b4614734a5b6951ed9,Neutral,Neutral,Neutral
NEW_c6843822f487809e638a58e829ce5e5392592ba48df6240418a86b2051efa936,Happy,Happy,Happy
NEW_c68de94442bd942a1d176b785d1cd5bdb2aaed767ad72f2c42dc393f1f2f2897,Happy,Happy,Happy
NEW_c68fc71cc8b4bd33760b67a6116430c9a66d5034409adc2d20b9718bdc1c01eb,Depression,Depression,Depression
NEW_c6969ea60cb8bddd03b2df9f7557846f04b695f1769fa5c789e3cddfac4b3b78,Happy,Depression,Depression
NEW_c696a3b9f8018a4b6827b3eb248d9ef7d39b270f6825df7519cec99dcc9a81ed,Neutral,Neutral,Neutral
NEW_c697b7894828bb98fb0b2d6b94c4d39efb125e50548f92d03a1772bb6792c7f8,Happy,Happy,Happy
NEW_c6a881e40b0fa75590828550a212d1e06e80a64d8aab7b4490a8af71c5dcb5de,Happy,Happy,Happy
NEW_c6ae44442bd5efdc93a148103e0b02947eb5d59b7d7295147b346587c974fe50,Depression,Depression,Depression
NEW_c6b7e7ff50b636a97f8487c32c2b18560ad29d5da9431b2496e17c1111dff4ce,Happy,Happy,Happy
NEW_c6bd889aabfa641195bfc78a5853c528f10b64820dbf0b1b2e4a0f345f99e6c6,Happy,Happy,Happy
NEW_c6c95ae753b0dc566e411fe9b698c1b1705f322bab907017eff110f6fe917706,Depression,Depression,Depression
NEW_c6ca912e40e6c61cd24df8a375d3d92f46ee11f5c329bb9587c32cc13d1f06d5,Neutral,Neutral,Neutral
NEW_c6d2029b7a00727aa712d16ad3da51ecb0230607f3f1549a2b84d0f829ab5c22,Neutral,Neutral,Neutral
NEW_c6ef48040272a77b54e685cb7d05be3890f9433bc29e48ba5ec3fbdce90c9717,Depression,Depression,Depression
NEW_c6f369095a504877f6ca9293dfe7f218f17e0a5ec65bc3940298a9c90e70ae17,Neutral,Neutral,Neutral
NEW_c6f6f81d6670fc02feb623eb41e7bf36025ec9279bf6a6b141646b2af639308b,Depression,Depression,Depression
NEW_c6facd1e1d1d93db26b595d1f9e56eaa0281c1000fcccb938b11ae7492291e88,Happy,Happy,Happy
NEW_c6fca0860497a9bb26aae85ce727f2db9e07388e4b155f32f22b542e99d22403,Depression,Depression,Depression
NEW_c6feadd7e01c314b4eb195c7ffa6995c6208caf48f4be4129e45c96eb41b69ad,Happy,Happy,Happy
NEW_c701dbd0809bb72912e3a76e69b365a6d22254601b51193dfc9ddbff30d7fd75,Depression,Depression,Depression
NEW_c70c3698342d602a32f08cfeb4d48b9f51dcdc8d372417b3e0fd72d4faf87a20,Neutral,Neutral,Neutral
NEW_c70f6dd7df7f7986de8c52b351ba3fb469a45318260a24eda4779be16f5c7302,Neutral,Neutral,Neutral
NEW_c71f300b83591d88027b4ed3f1ed82c04ce5237adc9156bb18448cf3f981c8c1,Happy,Happy,Happy
NEW_c723ce255f7fd31b9ef66d6fb1c83465d2f28fb16b92095b73070148ebd66dd0,Happy,Happy,Happy
NEW_c725047ae54d350db66d8ab99522ab3c0fa989556312a544df8110a9e87f7252,Depression,Depression,Depression
NEW_c726e6c945e8b1766108e7aade28601c6f7d368e548e822c7ebc4afdf853cbe2,Happy,Happy,Happy
NEW_c728b974dbe444384df55c2bfd068b8da83f526196dfde0ae9cfbeab8fb41af3,Happy,Happy,Happy
NEW_c737c8b8038dbf9ed2d099597f0e105c54fde72752852d3c90c74f657bd21f85,Neutral,Neutral,Neutral
NEW_c7433fde8aa9b2d96bd21d104e8f510351472da6df8bca34864bc95a45a673a3,Depression,Depression,Depression
NEW_c744a4716fe5771fdc34e3c7aec6f149752324d5efb831204ee8a3e0ba1b3dcd,Neutral,Neutral,Neutral
NEW_c745cac896196f0303aa40a2add5c0b53760c96efa8ebf7cac0c20bbfe91f6f5,Neutral,Neutral,Neutral
NEW_c746b501b22f40dffdd71ae513c982fb57d0a36e725dc44d478b75d519a01af9,Happy,Happy,Happy
NEW_c75010031925d6658c489bcdffd9f0c0ea06f5129bb8065a47b9a8275b411bae,Happy,Happy,Happy
NEW_c75c995650fc95bf443401896fe1be6edde10e425f912c0234d1638cf03d9bb0,Neutral,Neutral,Neutral
NEW_c766b301f1868ad0a86962ed08f16d40db975e25a28c99f2058f8e17988d21a9,Depression,Depression,Depression
NEW_c767bf0f3c47f164253472804a4c300201d5f4b9bcac05b731e5a9b2d0be45db,Neutral,Neutral,Neutral
NEW_c7694b8c9c45dc05946ffb3746b4e880a95e2e41df302bdafe8536d2e4c672db,Neutral,Neutral,Neutral
NEW_c76cc1dafdcb4436b60507c621cbe1d559cbb316606081705b66c83ba0879512,Depression,Depression,Depression
NEW_c76e398d4e1e5250e3df571d6a33cc7f464a1ac49589e2e3824ca3e038daec0d,Neutral,Neutral,Neutral
NEW_c770057695813417f11f4a9fad8de6f9cb5be5f57a3061e8d238bb4475485788,Happy,Happy,Happy
NEW_c7720e5a46bc23507770146f80b9d9c9bde353ffaeec3331863af38b2e852210,Depression,Depression,Depression
NEW_c77b944927e670ce1c974dccb1dc4e3aec400aac1dabbcbaf0aee2bcbf3f2573,Depression,Depression,Depression
NEW_c789201c2c5cfe6173e784bab50d550eb4825aa7d8bd1adef124e15f3ec052b1,Neutral,Happy,Happy
NEW_c78b45be87befcc6b24da7912721db587c0275c26ef07e07d5dc7a8871cb4468,Happy,Happy,Happy
NEW_c7a0b6b27f0f06fd890bd967146567914d0bc8c1caf739d92e4de90864095edd,Depression,Depression,Depression
NEW_c7a2d4894da461ca8c68530a95e157196e54df538bbc3aa9f86fb85107b2a05e,Depression,Depression,Depression
NEW_c7a5d3d42b27166354d35c005673eb474febd79da301209d068e49e803e06790,Depression,Depression,Depression
NEW_c7b9f26e469fb798e22690c18ccaec4e1bacfab7a530840ee7733f0aef61c357,Happy,Happy,Happy
NEW_c7be695df69b13156ea96e7b6d2d452c5cbcf656a63f75589a0ab53109cf98fb,Happy,Happy,Happy
NEW_c7e45d4d80ccb12a2e506cdbb1da966b41cd812fb624e043c4264a52c592b25d,Depression,Depression,Depression
NEW_c80433e494d76ceb3783016dc3451bcfe433eece3bf1ccda2ddbe11a1b43a81b,Neutral,Neutral,Neutral
NEW_c816f7f53b4b2dc8536b2d34b10e51885762baf5d7c992b192dc86d26136e2ce,Neutral,Neutral,Neutral
NEW_c826001fed4afc24854d8d9ba188d6aaaf58aab784e7dcb0b6cb9694514f1b84,Happy,Happy,Happy
NEW_c826ebf92f382dfbc3b6b547c5b8ee81567f88563b0c111c1b35436fe6b829a8,Depression,Depression,Depression
NEW_c82b812f970e6190c3b18ed10d73371bf2b902abc6a2d63eff60aec0cb294360,Depression,Depression,Depression
NEW_c82cc8868fc72c2896ecf449064a6537e542cec454014bdf20c2f68adc52f7c5,Happy,Happy,Happy
NEW_c839bd129e1d1d14a6ffeb8746eff5a71b20747866ee38bfddc038b3c0780205,Depression,Depression,Depression
NEW_c8479ceb2670c9889e3550a1252ee1e9d1d4acbbbaf5d0f2df0e989345d12c43,Neutral,Neutral,Neutral
NEW_c84ac948ddadbf705e81784c7f6db7f2f77d3581b3430a2354d7dbc7b2c47559,Happy,Happy,Happy
NEW_c84be3c7827e66e52225553107e45db75b0c96710c5c7e25a7cff1cfe588d99e,Neutral,Neutral,Neutral
NEW_c853ff92b34f5b6e11b359c0daa59ccef8743c3022e3a7185b55073cf9cdc4e6,Depression,Depression,Depression
NEW_c8563f993e2d127e06a332a515e30509a982a5fccf5b0b24669cfe76d5857015,Happy,Happy,Happy
NEW_c856472b13bc73698e472231d920eadb41e99c5666b9168d8b6c40437d69f991,Neutral,Neutral,Neutral
NEW_c85700796d7fd296c8f53755761f61844d189cbd2138297af3c6bdef295f6231,Happy,Happy,Happy
NEW_c859f94e5f171ecaa0e97c2294ff4666ea6fe9bfdc698130882ec659023d1cd1,Depression,Depression,Depression
NEW_c85b2a2c3592e89fa66c659b49cda378bcf63eef16cd0047505b9cc36088d76d,Happy,Happy,Happy
NEW_c878629a4ed280230228e855d783e72044362848eaac3a89ea63d3e07014134e,Happy,Happy,Happy
NEW_c8816807a857fe0488ec219e16c61fd4a7acad81781256c16fb2fc3fb59a7f20,Neutral,Neutral,Neutral
NEW_c887cbb8c5f374b278dab27c5e3c6dca11e302336ae9ca60631bfafe781214c2,Depression,Depression,Depression
NEW_c890aaae8b140433ba6745b1cd989145e0af264dd257a28c5d7e299f2f9146ac,Depression,Depression,Depression
NEW_c8aa55e9e0bab576b9e6c46eff257f5faf0462c4667f282e80e56a4331f814d1,Depression,Depression,Depression
NEW_c8d1ef667870b0fb11c16e24297196b2222c4d70f09b15e563bad79640e91f7a,Happy,Happy,Happy
NEW_c8d1faa1b8ac5a6c28eca873fc9b2a0f8acb2a067098f55d723fa0810dc60f50,Happy,Happy,Happy
NEW_c8ed8f10f8ddc35fd67020a13ca739f811c7b96b43f42c2568e8e1362fab247b,Neutral,Neutral,Neutral
NEW_c8f0ee7543274c261482f21aaa218e8781c441c399e4ea1c49cabccf2778967c,Happy,Happy,Happy
NEW_c8f3e3b0cf0c93935bc38a07e6fb86b457095553fcfd7951fb2e778bb7c69243,Happy,Happy,Happy
NEW_c8f9e9cdf7916a65f8fc1b4c9f33a89fde7539f6b42b8ea0793bb00a6ec59c3c,Depression,Depression,Depression
NEW_c8fae729ad24799be7bcb87f299925ee817165ec855eb4719aa2342b3fd1153d,Neutral,Neutral,Neutral
NEW_c9062355246a43189b2f772cad216c43dd3cd4c629cbbafc2201785136ae22eb,Happy,Happy,Happy
NEW_c90a40ff236609bdc785cbe272a977e40269b2224b44729430c92f6b7a0a8ee0,Depression,Depression,Depression
NEW_c910b0d5107ebfcff18492ec9d7f2f59972070a19f6ed2598beff202bb378ee1,Neutral,Neutral,Neutral
NEW_c9111cf03111e59543e8d692c73b06997748da04f23051506e675cf34950d62c,Neutral,Neutral,Neutral
NEW_c91414a2a388e043b07a1e432d50f73e98359ccd47b71a198dae08c10a75f7f7,Neutral,Neutral,Neutral
NEW_c91beb7461956ed9ddf0c34fd050bc4b9df06c3276f1ee4082be703d6e87efcf,Happy,Happy,Happy
NEW_c91e8e783f1e5cfd5399e5baa7165cc28687801ed66f1ce017324ed9eef16370,Happy,Happy,Happy
NEW_c9234076a439f5aaacea9beb69a73453908acc7f71046d59e6bdb25c09e76514,Depression,Depression,Depression
NEW_c927f1359e08490a25a62370e98fc919ab80ac071f5b0b99a1f79a6ca051a1aa,Happy,Happy,Happy
NEW_c92ec7d5e7fe9c3992f711c4383ac82631e6b2b92720d3f5f9265c74ddaae9e7,Happy,Happy,Happy
NEW_c92ed7dec7e71e3d63fca43b888b349f467a6e970d61a99218dddd187cf5d90e,Happy,Happy,Happy
NEW_c94025453003e0c749b54d8d2c726cedcf4d4a0b26bc555e3a0a9b3ad7d6ef87,Neutral,Neutral,Neutral
NEW_c9406949f0408d494db5306bd652899b1acf20b28f759e358f2b07d4a61d3433,Happy,Happy,Happy
NEW_c95c2a454585585cb6d0355bc3fa829548bb147bc8fabd3e2477e2ea763fa78f,Happy,Happy,Happy
NEW_c97e6e475345b841f894bef0f9e9c73d0261725360cd662bf362d7d5e887c773,Neutral,Neutral,Neutral
NEW_c9856c25a8e83a1f06a2ede72659e17e56b083bc2433c62a1dec2ae5a3e9cfc5,Happy,Happy,Happy
NEW_c98612c4d5a9afb8c2b05c6322057a40157d4f3e2374390e82fc43a91ff65349,Happy,Happy,Happy
NEW_c9886c49e3b2352bc57e9d1d48fbe01f4baa784717df8fadd14cee2d8146d4a3,Depression,Depression,Depression
NEW_c98db94ba6ca415ad0bbd3ff97d3a614d9689a64e9c31634ded8a092c3274dbc,Happy,Happy,Happy
NEW_c99290e249a43d7820484a61b8d0853a527236a8cf74869c8bfcfc69ab290b6a,Depression,Depression,Depression
NEW_c9939f16a9ff42b58112df37de06eae41e177d9009fd16802793ecd54a16b7eb,Happy,Happy,Happy
NEW_c9a1c3c7a4ef03e7f77622a9fa93dc3f9c9127a297532bc46b47fca533c3293e,Depression,Depression,Depression
NEW_c9a5feafc7b5d6f68cc70d7a98beb3212675f4ae6363b6d59bde8ca4ca6296fb,Happy,Depression,Depression
NEW_c9c290eba06355bef67b4ad8fb385970dbe0961589db2cd5ff15b04e748939ad,Depression,Depression,Depression
NEW_c9c44baf0f2b575b483e5dfc1a1d8d3fb24c521af503e066a6d7913caeda315c,Depression,Depression,Depression
NEW_c9c6d575701b5f77beedacead73b9f28ee51039ab4223a00e09f9a52741a0566,Depression,Depression,Depression
NEW_c9ce83ef0505027e10d2666ff6e5d3a8a6fc99da94c0352461fb0d9713efed19,Depression,Depression,Depression
NEW_c9d1e73da6141d78379d803ae626849e8f17a605a185f6192d0e63cc8ccab21b,Neutral,Neutral,Neutral
NEW_c9dfec4516f74b25952768104a90f9a557dc1d3d4c7d5da812a9bfa6b5f615a4,Depression,Depression,Depression
NEW_c9e61ff007383632eaac2c1354f24c54ec7460312c1be10e9df3841ba6d725eb,Neutral,Neutral,Neutral
NEW_c9e86823117f94e82a372bf41e38255edcf54aa331c25c7d6b53236890c7be78,Neutral,Neutral,Neutral
NEW_c9ec42bb3383a285e042681fde1c17d7a8923b76ac29b8a862e9981dbb535933,Neutral,Neutral,Neutral
NEW_c9eeb9b4fdef1d2aa478db1fb2bb0a47d5f69872576bd9f5db612dba2eb47290,Neutral,Neutral,Neutral
NEW_c9f1d9e374d7e0c334d78becfd98dd279d5a3045d0d559e9b265290ee26f2dd3,Depression,Depression,Depression
NEW_c9f33de333c6eee6955ddcf11a99d08d0cbd3bc6cb5f6680b9660e8393e41308,Happy,Happy,Happy
NEW_c9fc335310f822b571861a2a39aacc04664510918211902cfef2cebe20639ca1,Neutral,Neutral,Neutral
NEW_ca00bc029bc14ffa0000006749fe5af2ae2e372fb39f8ab29627d9c9566c42b3,Depression,Depression,Depression
NEW_ca05ac4d39339a3fea2c0260d9b301f6052e31ba069f5d5226d5b1b19e97f1fc,Neutral,Neutral,Neutral
NEW_ca1659e060ceac49c5b94a5e6a30088516cdc823f2a8915543a1c3f5e1b8509c,Happy,Happy,Happy
NEW_ca1b275152a3faf5821b14b1750ab1b9945df0cbd345191d0b8fbb514ad7f03f,Depression,Depression,Depression
NEW_ca1bcc1ea73557fc5432ffbf95824b8782ae4f6ac48fd32384e5eb7c6025e233,Happy,Happy,Happy
NEW_ca20574775c617cd8d4f21e3f4a64b6750db24c741e93f3e98f5200659e2e991,Happy,Happy,Happy
NEW_ca24841da5b6d6e8debc8b1c78dfd5b6cc52544739c9c1540725ee59a061e52e,Neutral,Neutral,Neutral
NEW_ca299455c41a9a047e577f1548682c1079bef6f73eba5e4ae2385d7a2e3520cf,Happy,Happy,Happy
NEW_ca2b3d5260dba871f0b147c4235c1feef6c377eca47f3a521b4e897548dabab0,Depression,Happy,Happy
NEW_ca33068792b6cac32792fcd558c6057b46e9db16ae68e0c4d1f99f56be5bcc78,Depression,Depression,Depression
NEW_ca38f3e0433f2ce1ab3c588b6a1ac0acd85c7c5b1d169b2e080da3e9855e7cd3,Depression,Depression,Depression
NEW_ca3afd0d457577d333ac4dda247ab3841b5c61c64fc2105c69684b3e5da3b2c0,Happy,Happy,Happy
NEW_ca42bda62faff7820e79668f8168d3b4641db7f5f1d30772616daeace9156ec3,Neutral,Neutral,Neutral
NEW_ca4576ed7446e474c14f1a0218e89f8ac5cc26e23e87abae166466394f9e4b28,Neutral,Neutral,Neutral
NEW_ca4bfd14f7a2ae1c94b4c04449249feb2c255133a05630439b6cc0dff0eb52e8,Depression,Depression,Depression
NEW_ca4fd649d77efbf55f429ed8f8f90f8a61d6ef3368a5ccaba1563c783e5ccca9,Depression,Depression,Depression
NEW_ca59633735f6fcb6af30be039a8fc6a0b8e021c0a0459d09a1848bed1bc99129,Neutral,Neutral,Neutral
NEW_ca5d78c41e25df73c3d7bc00c8ca465028c97b6912b1bd775aba7f71289e00da,Neutral,Neutral,Neutral
NEW_ca64ee5fcfd72a8d0fd9e27c7346d4603a13164573b79f915da480115f70d87e,Depression,Depression,Neutral
NEW_ca6a6519ff0f7b87393a1c9ce59b2c139f414e9994bdfa9ccce599eff74aec05,Happy,Happy,Happy
NEW_ca6aefc5a0100f084834578946e14fc4112b67c8255a219a9c33ca2ab091d809,Happy,Happy,Happy
NEW_ca7032574233e7d85b6962aea4d42dfcf6f77cdda630332ecfdd9df830cd2fc4,Neutral,Neutral,Neutral
NEW_ca71846e65f91b486b667437cc8cdbd78fb95941e00785bd6af3d7ba8e2c9750,Happy,Happy,Happy
NEW_ca942e51bcf7bc38c269391c1602ae13e4728195f13615f585f5466efaf51aea,Depression,Depression,Depression
NEW_ca9ab7b8027cf8af62d5d94b7f0edec9f7ba0833d2bda512b98678d1ed9fa08c,Neutral,Neutral,Neutral
NEW_ca9d7d5b8b9a284caa094b63b84ccf0da6e922bf0e2a9f872bc1f06efa3059a4,Neutral,Neutral,Neutral
NEW_caa82f215835067fc90fd6129718440ba1e1f1cc5240c23ea8ec6b2c802b89b4,Depression,Depression,Depression
NEW_cab9b0c6425265f7c17b83ddd9faac04d9a124c10f8eca5efe4d8acf791a97f0,Neutral,Neutral,Neutral
NEW_cabe84759bd4b5ab5fdd3ecbaa91a31da2d6a43d03982fe97fe166574e9280dc,Neutral,Neutral,Neutral
NEW_cac29e01895616c5177309d79b77c488915c05f0da43824d85ec285d2dd3c9c1,Depression,Depression,Depression
NEW_cac8dc1f69148efdb21db02c4d7423ffedea6ebf9e0fb30ab84b544a1d060c83,Happy,Happy,Happy
NEW_cadde574cbfb40e37f1008d3dca0c539a999ddf9be4c119be4c26aa031502836,Happy,Happy,Happy
NEW_caf15def829662882f13f21e9a61b7129cc8b4d18f93d2d9e2efa8ec7ee6060c,Happy,Happy,Happy
NEW_caf472aa02ffcb08ba2cafab8cdae487583b7ba37678e543c6abd4120a2c4ead,Happy,Happy,Happy
NEW_cafbee3b716220110637930418fdbddf856f397b53e1fb86c84d9c4e53c174bd,Neutral,Neutral,Neutral
NEW_cb014b5e1b32f0380f3d6211003c8026f31f1ec5681acf9c9395691b6c2ec4ca,Happy,Happy,Happy
NEW_cb10c8be33bf9a70aa6258689a0961933d9d0f4bae7b3fa27223157317c296e0,Happy,Happy,Happy
NEW_cb207cd0680eceb4d352b2309e67fc51697f502ee42790d608e4610accd9f583,Neutral,Neutral,Neutral
NEW_cb208c122decab0a354bdcc7fbfd8a77e654ea20889aae9aa2b71b13240bc211,Depression,Depression,Depression
NEW_cb28634303c6dc906064e9fef4d0f40f55a4b8ea67b21eb71a30a2640ed51d9b,Happy,Happy,Happy
NEW_cb3e6a9af046637a6938d6dda811ec8f62f271ae18509cb5394de99af2a6a3e5,Neutral,Neutral,Neutral
NEW_cb3f4336c7e5c08ac7a8ddda0da8ffd4e63a0dc5b407095f3289b8c7823e13dd,Happy,Happy,Happy
NEW_cb40e9b581b4fe1fe865b9946c98db24bb95f85199251b4510124f758223080f,Neutral,Neutral,Neutral
NEW_cb4264ae2da681dd08f1f981b9d3fe5b05c0ba7203d98171fb7de727fcac172b,Happy,Happy,Happy
NEW_cb497380ad90e7343af70789e0318243ff1133376ccb0d93e403b5e5377f3394,Happy,Happy,Happy
NEW_cb5158933f538c6823ed58726de61ce1a20609e87be8bc9bd0e35246c91df683,Depression,Depression,Depression
NEW_cb5a03f61d20de2f39094bc12dc7e44edd6d6a0e0fba36971a48a34eae7105a8,Depression,Depression,Depression
NEW_cb5b2d585989e86fe8a0e3f69f1b32472b551d0e9049acabad1fdd02414001eb,Happy,Happy,Happy
NEW_cb5c8f13cbdbe7c40ed1732992351b35bb6957a434b7a037ea3a7a856890cebc,Neutral,Neutral,Neutral
NEW_cb680b8530e2b1956697b3c8ee7c4eea32a89aebc7fe09b10a25c9fbe9080f91,Neutral,Neutral,Neutral
NEW_cb6a7777455ff1ac2ce9cca51a99120560f726d792661330b5002c2fc7a61dd7,Neutral,Neutral,Neutral
NEW_cb6baeafcf0b10872f3728bf7bb2f5ce82df1a938c5c8b35c4852b5c54f26621,Depression,Depression,Depression
NEW_cb8af1bd49325a16a45b3ff315e1976024821d32d560fe9c38c8e177423ae052,Depression,Depression,Depression
NEW_cb96fde4c74b4d43aa5ed901514e7b733318e0ec7c0f084d1166edc00dcf6b60,Neutral,Neutral,Neutral
NEW_cb970ea6dc5d4d357b8bd2a02eb00f930db2a7873ce22b68bcc47ece4c8876c1,Depression,Depression,Depression
NEW_cba21c0f71a579d287bc499f23033ce1355b5405e0003ff87e7f15bccf79c25f,Happy,Happy,Happy
NEW_cba2fb07855947b10bbcc83d695a062b9845461768a8d366da5b4c4f04895da0,Happy,Happy,Happy
NEW_cba7b2f1b4b84e2934ec9d196fe8999dfaf358ef16f573588b0a0efbcc34797c,Happy,Happy,Happy
NEW_cbadaab9e1ab4908d44d441e23780a274f463d1c6bf3bb5a3e886ff8a2f20d49,Depression,Depression,Depression
NEW_cbaf14a3003a06f825cc223db03791d23473566f5fefd2b4e66941c2cda6f564,Happy,Happy,Happy
NEW_cbba738a64d90c06af173ca0c9ca0bff3f81934163f09698240003b81ff9d103,Happy,Happy,Happy
NEW_cbbb8d59dc1929b87e28d514cc726ba97e029ee4fef51a503cfed1bdd6697288,Depression,Depression,Depression
NEW_cbcb67680b154db44a0ed3203d666bb8640dab085b8048ff0180f1c518e4b821,Depression,Depression,Depression
NEW_cbd59dc6840aaa85e895c5c24e016101a0284e11a44a45c5214943ed24a2cdd6,Depression,Depression,Depression
NEW_cbdbbd4d32f041d3dc7a064dba93a6c50ab83987508b7abe731f9df4e78654e1,Happy,Happy,Happy
NEW_cbddae748282713be6cd3246dd7da9b47d89abc6e38732b1caa82782b67fe551,Depression,Depression,Depression
NEW_cbe8e49b9f4105e8eb404bf023cb5f3dc3fd71e575b53a8669d71995a685852a,Depression,Depression,Depression
NEW_cbea3b7902157ec7b8b79cbc4380b16c0976cf428b895d64c17f68e3ca43b028,Depression,Depression,Depression
NEW_cbf2fbce0bab92e1dc2943061d0081a330bb2ef77cdd3cd6b6567416def9530f,Happy,Happy,Happy
NEW_cbf446ed58a2fca45397a49a7d5fbea403c1d7471f170f8a937abc639a88b3ed,Depression,Depression,Depression
NEW_cc06cffa24a07fc2f133cd899c4a51e3d0f59e8d5427abc0e9404979efcc2717,Neutral,Neutral,Neutral
NEW_cc0bc547942c8b3dcc936ec05989cbb8f13b511b0810b9b637df9b5c13f00222,Depression,Depression,Depression
NEW_cc0e9c4b1c1ecb5f5b12aba7834ef32c95d87b03f91b18ec35f1f6111d719586,Depression,Depression,Depression
NEW_cc102df19bb3d342a2c32523f5808735453b75d159622dc9b1662e23dad4cf20,Happy,Happy,Happy
NEW_cc11f89c53a0deaeba08b5687c1363715e42a96e3c8673ffe7b01ea8014b8c27,Happy,Happy,Happy
NEW_cc18ebcb193e9d17ef3d318f050d3f1c70bf641fb4ca08614602d2751f2aea76,Happy,Happy,Happy
NEW_cc1b198b82bada1de33db9d7b19fe3fd86fdb5ee0980ce13bcdacc68140b5c3b,Happy,Happy,Happy
NEW_cc1bc7109f603eb07e06fb7d874446215ac594dbc6c6697fa286c2ea59e18285,Neutral,Neutral,Neutral
NEW_cc245d3e586ca0156f43e39adff01dd1a6b87832505a18208c2d9616d154fe22,Happy,Happy,Happy
NEW_cc257678e1943fe91bc18122bb9aaf9b49364c09a0f1c8fa1db260ca5548b991,Depression,Happy,Happy
NEW_cc28e6fbec737e66021912ae9f3c50038452a6afeb88b51dbc44150461d078bb,Depression,Neutral,Neutral
NEW_cc47e334a7d7ac894641f8724cd4236cb312c5659fd0e4ee13cbc2bba112eace,Neutral,Neutral,Neutral
NEW_cc5032362d548b51d6b50d16a7911781259d28950c3500a794f24743fdae2d0a,Happy,Happy,Happy
NEW_cc531eaa63f7039dd9718bcc3aaefda762042379d9c697b0993e4f3b8aa28531,Happy,Happy,Happy
NEW_cc539405c19cc031a65d4c02a9225eb93c2077241f83d86dc2836a21e6c8ca12,Neutral,Neutral,Neutral
NEW_cc59d3a04f73a674e291b8b1399aa54f1150a0dc655879fb769c953a8fdb0141,Neutral,Neutral,Neutral
NEW_cc5c3114ae9a90598f356c0665a0edcc33292deb327085fcf53ee4f5aa981cc6,Depression,Depression,Depression
NEW_cc646a927180c599aab5e5c4d7f67a048334fca8eb8c451f7ffb5c697abc7408,Happy,Happy,Happy
NEW_cc68016c93e3890ff2021373f1827a4cf9a34dd0553d1ef2296f21a8feb18e4b,Depression,Depression,Depression
NEW_cc68dca5956ab52b539320c2d441ad9d2f6fe53e2f7995d0490583a484a5b73b,Happy,Happy,Happy
NEW_cc6d2f79e151455361ef1818ad3ecb22d5cd79db2288c91e0540f0fdc3fc7db0,Happy,Happy,Happy
NEW_cc6fb534f1e4f2cc7dd5407f49a6f199df542fb36face99653fbc515667d1eda,Happy,Happy,Happy
NEW_cc72a31a6151ea346538c100d40bf49bd7f412e71dfe916f0e3040786db19c2e,Depression,Depression,Depression
NEW_cc741d6b18de181b9ca1de7be28baa4dcd4adede19622f5e064f50c94ce8a584,Depression,Depression,Depression
NEW_cc870f5ac3d4adeda0a9697f724857e1b4868bf3a6af2d9cd244907bf9fbdcb2,Neutral,Neutral,Neutral
NEW_cc8a6cec610f68f3d373741ec577fda19bc7b071e67f3d63ef879ca46bd659a6,Happy,Happy,Happy
NEW_cc947b7f2fd3eb4022966fc739c1408bfe2e1097339962bc13c42f897a0aa946,Happy,Happy,Happy
NEW_cc9dfb9da8668114ce9edd6e630924431558a7aa504b6085b274096722cffd1e,Neutral,Neutral,Neutral
NEW_cca0546b29a42db30814f696be35a327bc1688793ca50957303fbd087bcc63fd,Neutral,Neutral,Neutral
NEW_cca500acbc7f26c6b124b3fe9f9cde4a75a8d469c48374f7229c3e39d137bf3b,Depression,Depression,Depression
NEW_cca5d29dc743de6ea86b01096c881d7617708507c3ad062016f70b6c0a0fdded,Depression,Happy,Happy
NEW_ccaac04d8618c8e2c901cde3965a6fb55dcd274341d1e50dddc92af0093056ef,Happy,Happy,Happy
NEW_ccab361362aca2c707d92f6c83e596f7d602fbf7c8a38a6094ebb7d12877659b,Depression,Depression,Depression
NEW_ccb4d7ffdd31e1fa82cbc1d08d07f5f139ca7a06fc6e925ada15c9667de44a9e,Neutral,Neutral,Neutral
NEW_ccb5847da55cbc8494e23eececea37702d40f99db4e4d8535c9e0925ec4641dc,Depression,Depression,Depression
NEW_ccbb9a59790cb7dab863786c9278c687b9dc54786f63f8071be1ce3f17d682e5,Depression,Depression,Depression
NEW_ccbc86037feeed7c198e790a5f2c6c9c19822100ac43f4d8b9acab7732f82655,Happy,Happy,Happy
NEW_ccc47f2f0d2a2ceb28ec86765a67c61646f40967e6cd81379cc3113478fb03fe,Happy,Happy,Happy
NEW_cccb6e302012f4c35e54d89664d4c1891078cfb650403be9a335d0e1737c3a84,Neutral,Neutral,Neutral
NEW_cce3be7c7db068f34489bc0b8a4bc6e0e93b3e24fc4059a77936be63816ddcb9,Depression,Depression,Depression
NEW_ccf523a0f8a919f16cf178c4c5ccd33b6cdb8f83cd1ea10638bd49ffcd1630bd,Happy,Happy,Happy
NEW_ccfa2e0c2a95476f0160a0dd618541f554c448d8bd7994f0f72e4caa11daba27,Happy,Happy,Happy
NEW_cd0dec2a58ba9d9553d64629ab37ceb6dfbbb4be08588a7235d19642bc187eea,Depression,Depression,Depression
NEW_cd12e45fad34ba2c50f1f19d655dded976c4b639f84a26bd5184e7ae076e1a09,Neutral,Neutral,Neutral
NEW_cd1b68aaaef31f8ea8905cd447d78565db2a0b34a3697aa511f176469ac82eb1,Depression,Depression,Depression
NEW_cd21116e3b7c24aca342c11a36c46e4405f18872fc6416dc64540f0575a34270,Depression,Depression,Depression
NEW_cd23e3f263b15be4c30bffe5b1c7921cb0cd6d1fef38675719c2e7e49396e4b5,Neutral,Neutral,Neutral
NEW_cd2b176cb9d919119e36fa51660bef2cb36fd97827865e6551ffb8f4d3394648,Depression,Depression,Depression
NEW_cd36d3dc49d915d9800046671b936accf89f774cc47a04b5ed92d5ae0c70cd29,Neutral,Neutral,Neutral
NEW_cd3a7c57d110baa23269c0d8383911430915a37c8df81a1ac80791845deac680,Neutral,Neutral,Neutral
NEW_cd3b12ba4233ff91efe87e76c5b548038b670cd38d7381d240995003de69a9d2,Happy,Happy,Happy
NEW_cd4dd2b5184fd8af080a204d64e81bda542317091c252a5c5026afa573299a29,Depression,Depression,Depression
NEW_cd53a4f876688fbe48a4c0eff7f025612c5eab284b91a34ba8b24491cad7767d,Depression,Depression,Depression
NEW_cd54a6882ad3d7a1ddda2dc6e7d07f696837b0f1213f11c74c684f8be8c309b7,Depression,Depression,Depression
NEW_cd5909ca36fdccfd8a29787f192c3a9980d0bfdb3dcab59f240e298c353b2b3c,Depression,Depression,Depression
NEW_cd59139d8b4986e11fb4bc72ab14cd2842d9212588ecde5fb2de8b42b4245727,Happy,Happy,Happy
NEW_cd5f573b4d3c9243236fe8c02b52e50d122ca6469c0b503036e95258facc1868,Happy,Happy,Happy
NEW_cd620772be8bec9347150578e52e359c38b6eeaeba981087379ecd4a1cc0abb6,Neutral,Neutral,Neutral
NEW_cd6d4fbf6db04ee57fb3c52954bb0d99a5efd2637f3f303dc95aadf0ba72995f,Happy,Happy,Happy
NEW_cd84382b96bf59e760fe71e0829f56f0486ddb70dd24e64d7f343d0f33206efe,Happy,Happy,Happy
NEW_cd883b58e2721a8aed01da124e332591507792e8728d42fb425193ee904c9d50,Neutral,Neutral,Neutral
NEW_cd8bc6180b7136ac398e34b031b7452d4aab350bcb869fb6782966d681510716,Happy,Happy,Happy
NEW_cd977e96813ace29ba673837e3bd1cbef9e77f9ccee4322e46593de7533bfcfc,Neutral,Neutral,Neutral
NEW_cda0d3dbf89b2f3e29a9929864f0c83f47a73d8b88930dc8b36192107785ac17,Depression,Depression,Depression
NEW_cdb7900eead0bbd8c9086418a63015e7678d17ef0488f6c7c5c64be82a9de243,Neutral,Neutral,Neutral
NEW_cdbce34bab02205f2af52dfa46d2d8db5b84b74080fda49d2704cb4673d82b03,Neutral,Happy,Happy
NEW_cdc469840cab9d7054c5c72730b87e50ee93136ec48da76bbef50757d800208f,Happy,Happy,Happy
NEW_cdd789d8f43f6a33a00babf9c6bfbcc1eb3800ba4577eaab9eaa19a0dacd9c62,Depression,Depression,Depression
NEW_cddb46cb12e38a85ec5603a1b00980850ece3428a75cf125f2655cca0cd5d83a,Depression,Depression,Depression
NEW_cddd98d467c50e92252ae44a9f0c04a1e431e249994a0f5295438fb3d6e32d9d,Depression,Depression,Depression
NEW_cde98df246b490828373271e4d688d805e39617b1af4272aa73195e06cddfd67,Depression,Depression,Depression
NEW_cdf689221301ad0b3e405a633a61232edd5720d8e860932bedf1231e964a98ce,Neutral,Neutral,Neutral
NEW_cdfb286aef9f5a6cdf0f1b64e346375bd7499e13d9e34f0ace55e44e899d009d,Happy,Happy,Happy
NEW_cdff70fc965d230794ab40212713b664c97fefbaaad2486e1a86b6c860403948,Depression,Depression,Depression
NEW_ce05a35c50823010a9752833eeb4b7bf3fe4d99b42d011efb29272c6040ed932,Happy,Happy,Happy
NEW_ce16ea6cd4dc9644d9e9cc48e4254a24162f8c9dbe417bbb8d4f5f1ddf728fc9,Depression,Depression,Depression
NEW_ce1f05003dce66e1ca1c830fc6c190892c343f968a0f45b944bcde329afc18ae,Happy,Happy,Happy
NEW_ce2637b1bbc74feb5e1e9e20ac37cc7c05515eaf39bf4b6ff548fe9874a4b401,Depression,Depression,Depression
NEW_ce285d35f941598dc71bc92cf72c1df92ab9641b0f34f933a19d9425fd1fc93a,Depression,Depression,Depression
NEW_ce2a84c0ca7995a7d356d6adc15847c2f33ed20199de6462cf2d1ee6450a0c1c,Neutral,Neutral,Neutral
NEW_ce2bf5b5c91b3ad6a29813f45d0f474dc15bce1b06de615364a75f87af93054f,Happy,Happy,Happy
NEW_ce2e925eb2b88da277212baade1ad52523f07d0f2fd47b7e9617e4d2fe533309,Happy,Happy,Happy
NEW_ce365bcb13eeb871dabba83a5e720835379b6826f0780b111aed8fede83ffe61,Neutral,Neutral,Neutral
NEW_ce3c0e3efd3685b9581bfb9de089df7e5bd7294f52e6e196a2823ead653913d2,Neutral,Neutral,Neutral
NEW_ce3e6088c0ce1ad86d07547d3c796dde91196bcd740751efbd648d2445a70647,Happy,Happy,Happy
NEW_ce47e1cdffc84c1e67c294b21f3c6fd82c23885a5564f7746157358df365c54e,Happy,Happy,Happy
NEW_ce4b8ab3ba6efe343223506ce370600a38ff2711597bbe68afadad9cd627d8ca,Happy,Happy,Happy
NEW_ce58193209b9f5fe5d74bd346a245c246774e12df0aa4cf9be485eaeff7a1bd9,Happy,Happy,Happy
NEW_ce62ad96d3267c44a478d99cd44733e728aa175d6673b9cdaae240854ace5788,Neutral,Neutral,Neutral
NEW_ce647b9c02e26c6c1170e22194e2ab838f2ca011fb1a33aa92a3c23d6e81299c,Neutral,Neutral,Neutral
NEW_ce69ba7d62eaec86be8e816f3466b89c1e3d2e3bdb01cf88c227d25cb23a602e,Depression,Depression,Depression
NEW_ce7f22a86eceb1b0e4a5567bbbeb29c8faf3e396e12a1be6ada6efed50965d9f,Depression,Depression,Depression
NEW_ce8649cfb77afae0b29321ad50f74670c5c54d41e2d532dfae3f9aaffbaa4de9,Depression,Depression,Depression
NEW_ce8f83545e320ddbe4c639bd796704ac4b01ad4b47a2502dfb3f7dc2090a628d,Neutral,Neutral,Neutral
NEW_ce915fe60826796ed073e7d928f10ab4e41975ea70e26f0feb7d7388a3d3e3aa,Depression,Depression,Depression
NEW_ceaa69b65ce74b09fb3248f785e18d7a98acfed2f3678abdaaf4455b100d8723,Happy,Happy,Happy
NEW_ceaae126671c7a2915eef3b2cfcf1b949c8fa1016a88df840a0c53ad9e7de76f,Neutral,Neutral,Neutral
NEW_cead88df421abf1a0f5d955f596ad4205d239d9248de1a097836d7d4c723786e,Depression,Depression,Depression
NEW_ceb7877415b77746c162dd9bd446545eebf6f549adc8344b63c64365b330a794,Depression,Depression,Depression
NEW_cebe207d824fef1339d64890ce305427d28f37b04eafe6cb55ca55ecd9e40e03,Depression,Depression,Depression
NEW_cebeda9a6090e22c8df702855e11b254c0a2c4baf2d5b1f957b31abd2a69039f,Happy,Happy,Happy
NEW_ced03cfe86685b3daf3e757bdaa90dfc886fc70367522875dd1454795ddd5599,Happy,Happy,Happy
NEW_ced0946a0365a3cd466f8541cc631c8477ffc03f948ea9fe9919fe6358fb9442,Neutral,Neutral,Neutral
NEW_cee06dcfe8492cb479539dfcd2e50595a6207b3380da1cfff9b4a8f774e3f4a9,Happy,Happy,Happy
NEW_cee9a4f68dd3a514eea30196f518006735b36951be88ec4363a15e22cc6127a6,Neutral,Neutral,Neutral
NEW_cef44c35438849a1fe2d9e407bf6b9e500d825a6c12fd1518556d198582ef854,Neutral,Neutral,Neutral
NEW_cefa1aa0594e163bcaa367feaf98dfa7423fd12cfe671746331cf4e71bdc7ea8,Happy,Happy,Happy
NEW_cf05d47a6cd8e27a32804dda7890cbd80c8ac5b496f161b26ca02d0a6d754e85,Happy,Happy,Happy
NEW_cf07e9c9ed2f0ae4a6c62d5bbac5cd67f94c52507b8ba37a8a98f5a8f40c906d,Happy,Happy,Happy
NEW_cf171c5c71fa11232e81dc73f55b867815b35d0843a0249ef60ed98018026d7a,Depression,Depression,Depression
NEW_cf1f98956cc912bcf0b4b9c87760df08882d1ba1d13b0c872d27f4201545b607,Happy,Happy,Happy
NEW_cf2cd3e7565454005ab368f46b6bb5e2c7cc9aa0e9c564296fc2745165223803,Depression,Depression,Depression
NEW_cf36c8d9caafbdcf88a781e91dadcadc9513e2eea1e35180cc28e2c81d2d298d,Depression,Depression,Depression
NEW_cf37b993c418ccfb5d86ecf8e20af8b9e317c5c830852a241d6b8d6a9655fbdc,Happy,Happy,Happy
NEW_cf3971c0fc941589f6c197dec19143feb2bf15f4150554678d59938041be174e,Neutral,Neutral,Neutral
NEW_cf45408bfc75ce70eaa3a7478caf2270fb321f3cb287774f7157615fd8e7fe1d,Depression,Depression,Depression
NEW_cf5179ca3d44bd47ee04f6866c2e7d32dce90021df73993028635f1d2f4067c6,Depression,Depression,Depression
NEW_cf5474873080bc106def40e21e3a1df38b819f7489e3e17bdd7c8c2eddd639c1,Happy,Happy,Happy
NEW_cf5573adf0de3c43313a63d00b3ddaf07c314f0d5a023b93c1eafbc9101000cb,Depression,Depression,Depression
NEW_cf56f6ebfc70c97079cf2775eadaaa588c50a7bc6d01621016cf958158e8f6d9,Depression,Happy,Happy
NEW_cf5e769f6168f0a30e1b3327a78b679b5cbecff4c992134c67427b1706c4fa34,Neutral,Neutral,Neutral
NEW_cf76b213e211c7dae55c77862adb0498179f997119b6c32fd156cb739b8a1a8c,Happy,Happy,Happy
NEW_cf7cde02738763b40d8cf2b396d3ed952a25743e414044111c142bd98b67e621,Happy,Happy,Happy
NEW_cf836230297a0b4028acab24226e6e1945638da1263ae3e4cd4cea8c38628e45,Neutral,Neutral,Neutral
NEW_cf83a8d93e1f67829d36478741bcacd668cc323554f5a22ebbf214e8fa2ebd3b,Depression,Depression,Depression
NEW_cf83e2b5ddd5f650b4fb795aaac5b33492ed28facb947ac8b3e35a5c504324d7,Neutral,Happy,Happy
NEW_cf85e5e28466cdd2d57e5f477a2ed750e21a3d05e64a0fcfbe1798756ee01613,Neutral,Neutral,Neutral
NEW_cf882d46b63dd0bb6c555ac2db25ddc42329ffebb5575639bd8c42da58f21a48,Neutral,Neutral,Neutral
NEW_cf8d24b029f31ea6ff555fa14c4fe81383666620f1a280949187f1ad487f092c,Happy,Happy,Happy
NEW_cfa7ad4177909bd0a1a0eb377393a545ea08e7166a93807ba81b2ae12f36a6e1,Depression,Depression,Depression
NEW_cfbb6eec0ec5d2305e2a85ce7472e615872de35a295f396493ceae45cfb5294f,Neutral,Neutral,Neutral
NEW_cfbc062b409e4d6aa9af91817218fb8d92005907da03b3a9d83b0de8a4bb0ddc,Happy,Happy,Happy
NEW_cfbcab402318a01d774aef939b5ff50f9323dcf62eceab1908a3a83403c68b45,Neutral,Neutral,Neutral
NEW_cfd1a1106635b287934646b012dc8695a9dd74b9ef8427b97e95d68e0e59b3a4,Happy,Happy,Happy
NEW_cfd635bfe5b417ba7e89aa15cc80b6de95aea3ef26a8336ab2e96d104bf415bc,Neutral,Neutral,Neutral
NEW_cfdaf644f770b1ba3347452a7279271661010573062a51a435677c21d5e7fa8e,Depression,Depression,Depression
NEW_cfe132950dfcc76945167197122f1a8972560d65ced06724b8be503b81109251,Happy,Happy,Happy
NEW_cfe4c0ad9ffff1da01c38fbf1e751f156db1e0ea13830e44b0be85e2a23fc0f2,Neutral,Neutral,Neutral
NEW_cff050befc4460363158896aad2438b5598200a836943d516273dd41ddacf843,Neutral,Neutral,Neutral
NEW_cff4ff647db8fdf4e2f211c16aacd178b65b11e2dfdfbfd789201ac7ffabd578,Depression,Depression,Depression
NEW_cffc1dcf5416f1bec75c546b53e80704e134fdc8cff89143d264263bb24e3c8a,Neutral,Neutral,Neutral
NEW_d0048ca480edde710c31ce27e43b11ecea74895defe41419994f6b33973d9c2f,Neutral,Neutral,Neutral
NEW_d00e0a07a702b3e93ed5f0371e094771c89c40a4c5e17821e41271097b1eeb9d,Neutral,Neutral,Neutral
NEW_d011356a62cc224e28acc958e6a0ff95f2c88cc5c6058e001af1644613fa1e80,Neutral,Neutral,Neutral
NEW_d0139d554e0a0a8d7a2fa29cebc555ca93d3a4d4ac4cc844a7465871359096d7,Neutral,Neutral,Neutral
NEW_d01847eab7bc79be68a2f0733d4b721ab2f5af96fb4a7378d85dabeda47e2d8c,Happy,Happy,Happy
NEW_d01fb220e39ddc7aeaf348fe7d3cd7bc507278192729359714fa9f7c724545b5,Neutral,Neutral,Neutral
NEW_d0260eb22850a962744e224dae9de17d5ac3bce85dcad72214b93bf4a42cdf7b,Neutral,Neutral,Neutral
NEW_d0277caddfd38777f66f8d1fd11f002b5e3cdb82b81955c264cebb56ac1e652b,Neutral,Neutral,Neutral
NEW_d036303dcff6a2ef6f8d157c4137fb85104a9c5324415786c68891948c7e0372,Happy,Depression,Depression
NEW_d03e10afba97edd35d0291ad948a32080f97b1ae0caf33dfa328b3f463749702,Neutral,Neutral,Neutral
NEW_d048d3e76b0cf4447094250c17a0931209753eeb4366d406e50b8c49ab7f774f,Happy,Happy,Happy
NEW_d051dd1dc5f161c8d3ba7f659bff2bd7d954bd0533f2e6c869121d770217246d,Depression,Depression,Depression
NEW_d0525e76d13379abc3b91985c37eee0024bc88c8301467ed02c276a00e1143f2,Depression,Depression,Depression
NEW_d056fbe9fc2407993bdb177b41b54ead0aad23345e43f77b9ff806fa118b10ec,Depression,Depression,Depression
NEW_d05972aa562b0a79b0a811585cc8dfea27a83a177682d7039be578aed07a7d49,Neutral,Neutral,Neutral
NEW_d06a7fe5e4e3dbf9b4c5574c90cebf5426b93f21003189ce3c647cb075a86fb3,Depression,Depression,Depression
NEW_d074acdf419cbe18225cd5796f9f7835973fcdac4eed3485fdcd882b33d23a13,Depression,Depression,Depression
NEW_d0772281a5f8334e71758f1882a03b1e179805953db780387a38e96d13e98525,Depression,Depression,Depression
NEW_d0886481c4f17d4f7e2b56a4a3dfdb4f6489199bc0f5ab90cb45073d82a9ec86,Happy,Happy,Happy
NEW_d0886bc27df7e63990959efeefd61988f6c87d23b933c9e59084caf3c8c315b0,Happy,Happy,Happy
NEW_d09411864fc8667fa641bb272e439b6ce62d96907b0ecb58c56ac5de99f79a45,Depression,Depression,Depression
NEW_d09430e55a2cc9910b03296bb6a98df03b7ea219067c09b24f6d81d4a59fba56,Depression,Depression,Depression
NEW_d09608ff580641146bffe00b6d8ac712807c6b7828e8abd0dd233c39fc030c56,Neutral,Neutral,Neutral
NEW_d099c79a7928f42c0b24f17f559243bc4ccc18a31ed114a065093c3961355a61,Neutral,Neutral,Neutral
NEW_d0a04847032432931c793054a8241ab069ff53389522cd41a7cab1c2ad6d783d,Happy,Happy,Happy
NEW_d0a0e1d13099ea3853484b9730da2cbee91a3f6801e4014410a39999be33881e,Neutral,Neutral,Neutral
NEW_d0a59668bce15839ec4ccd7e825412ed529726f330841f29793ba47b902220c1,Happy,Happy,Happy
NEW_d0aa148fbd075994aa6b280f079f66b8bbb838a0531ada7fb9523de96fd945fc,Happy,Happy,Happy
NEW_d0ac3db621db4f617b4caa3a56e6f3822471cb9e7c34c8b0f19b93aeb8cfaa02,Happy,Happy,Happy
NEW_d0b6d4de5aa4a08e4846449bd158861f904ac01593297c34f2157dc905c332f6,Neutral,Neutral,Neutral
NEW_d0b92c64e6b05e7b833dffd0019ca8a0a408e0bed08aaed022a56076d86a90a4,Neutral,Neutral,Neutral
NEW_d0ba0765906de687b93fe8dc11b4a7991b40305306a8a855becd9065a841c91e,Neutral,Neutral,Neutral
NEW_d0bc0cfaa23b3f9ef6af8977e7408ecf1c519b6d1070a2256024baa4d56b7698,Neutral,Neutral,Neutral
NEW_d0c0a95375574dbd670700cbcb15454b72da81ea5c05222ba394ee094b1a2f18,Neutral,Neutral,Neutral
NEW_d0e2c70999c5b4e8390854a2017120ba9f6796b3916e0602b890b8870f68181e,Depression,Depression,Depression
NEW_d0f24ad210dbf2fca28059653462aa46a3789ea39e748c9f019f3ec605dc6bf9,Neutral,Neutral,Neutral
NEW_d0f6c2aab4c14953d816a498c46886dedc29c919fc9532ab675e7a9000595042,Neutral,Neutral,Neutral
NEW_d0f881ba088d6ff36756e41dc59e93713f7c46d289e31eed3bfb16d17a482c56,Happy,Happy,Happy
NEW_d0fab9259eb5ed90c7d866eaf823431b5570e1f461a89bd21b4da04b82d22325,Neutral,Neutral,Neutral
NEW_d11c9565d8110dad3992aeaff5200444e727c72a6bb133cb1ba3671102496705,Happy,Happy,Happy
NEW_d120b9eefa68d182486f104ebe3552df954de6b7f02bb5f3ddb6d0930e162805,Neutral,Neutral,Neutral
NEW_d126a35f06698fe0fd41302a16286bf12599bf14287cf1a279f6ab7fdf3bf2de,Happy,Happy,Happy
NEW_d12dd5d7539189ce78f5c0c2fb1bc5e131a0d8b068e54df092a7966833de6bff,Happy,Happy,Happy
NEW_d1340371331a5590ad797e1a0e0e1f4ad4bba0a1a8c6ca7782f3cf5effa9b297,Depression,Depression,Depression
NEW_d142e340bcec349b2a479bfb64c58283c73ae06dce68109c894cc1200cfb4b51,Depression,Depression,Depression
NEW_d156b247112458ae909468ef39cb71d53118700d6a9da5e758e28c2e63aa9571,Depression,Depression,Depression
NEW_d166b942f1ea168c8f1e733b21c369d3dcf86451b0328bac33b90734a0c69e47,Depression,Depression,Depression
NEW_d174d837ad13efad6878447e73eb6075ed8b6fe6b317dad4bc1246f04097937c,Neutral,Neutral,Neutral
NEW_d17ddb543f658bcc652d8399c90f36df7bbf81fd7cf7e8a4e6c3caab23b44778,Depression,Depression,Depression
NEW_d190b25a45f34a76e63447f9defa1341c62156c336e332240894f6f9d13d83ee,Neutral,Neutral,Neutral
NEW_d1a31cbf41cffbf671496af48b659dfd776db977d8a5f662f09bb5fe10f3974b,Neutral,Neutral,Neutral
NEW_d1aa020c5237574116d859a34865f0b3eda0d68454d70d55d6af00a5f6cf87c5,Neutral,Neutral,Neutral
NEW_d1aba9c2ba744ea60ab6a081b2716b95ba2541724d41e89c163f29de88bfd03f,Depression,Depression,Depression
NEW_d1b213020c3765e41bfa29ade66059df11b3a30258245fa82fd7e1e51dcdbe49,Depression,Depression,Depression
NEW_d1bc38de276642a8850ae615f200a60aff71fbe91a157db6691aa948270000da,Happy,Happy,Happy
NEW_d1c0980b083351a997aa0be7c0c89ef140a900e86a1912a1a72725aac440ac33,Depression,Depression,Depression
NEW_d1c3f59bb03d60f113c6918224a0f9e2e6ac78496da3509052b44ff4ba5f283a,Depression,Depression,Depression
NEW_d1ca019e7092b93b5c214aa2081a3b666391adb702bf7dd89a62c97f9a814fcb,Neutral,Neutral,Neutral
NEW_d1cb563c51f63584e398699a9e4f977ef0336502d78431ea6c13b5b8d35847d8,Depression,Depression,Depression
NEW_d1d2e5a0730448de4a44040fe6628bfcbdd5e68fcf91dc33c92d22070c875c22,Happy,Happy,Happy
NEW_d1d75e67fe112b8ef8b96f76adae3b60b1e0fb5074f017908214e6a038678d9f,Neutral,Neutral,Neutral
NEW_d1df4ace0d1179a1c6635dac99d28271fbeb5f7e76126f89e9e5785e6c860860,Neutral,Neutral,Neutral
NEW_d1e49ce6ea3ce952ac2aa2c1a95558f3a00083b927fdcbc5b621f255a61a6928,Depression,Depression,Depression
NEW_d1ebc1e8637bf06208133b8da8413d84452193969fab17390e43d8d3df2214b1,Neutral,Neutral,Neutral
NEW_d1f2973f8dabf039ee819e552c59a628769e3d2f2676e2456bfe5618daed524d,Depression,Depression,Depression
NEW_d202c0de2d37f5d174d9eda01e44dd5f7132793a000132dc0dbd5b1c752c727f,Happy,Happy,Happy
NEW_d21a0c6903896a4edadc0b7c89f23b1abf0718b63fda2b18c7f5cb1d1466f3ed,Happy,Happy,Happy
NEW_d21b9be5ce21d0bf008d1798e1df5ce5fbf4249187cd2a9cd641015ca7c108c8,Depression,Depression,Depression
NEW_d21e815f0627f3ce0fa095c342a020c57fcbd869d5e34790ae357fff0051fe26,Depression,Depression,Depression
NEW_d22d35d8d2a48769ef95872229bac311061508d6d4b312dcea24c1d8fbefe32c,Happy,Happy,Happy
NEW_d234625207ae68fe1b86face2798b9f9e23abb04ded25ddd57b0a0f7a12b1f77,Happy,Happy,Happy
NEW_d243b720ed6ac25a4fc4e8882434cbc1c1b538193b7b431e9db14e23d8fdffb0,Happy,Happy,Happy
NEW_d244cef4d4bbe82195b658cc62c32e91097673a9b70df0aa690a453f41ecbdbd,Happy,Happy,Happy
NEW_d245eb6fca1c618cd43edd6a718fc810fdf14d047e37b0a6dce9221984b60672,Happy,Happy,Happy
NEW_d252ec67ce791280dec616721038fdb851752a7427951d3405d2c87f93fe6205,Neutral,Neutral,Neutral
NEW_d25405b5304304b7a46f14dc5cbadba7dd03d2b432f70073baf070da8f0eab0a,Depression,Depression,Depression
NEW_d25626e6cddda048430efff349b57752b5e657dd0a06abf1f7f212679aecf7d5,Happy,Happy,Happy
NEW_d259c2768146c5ce5f4ae5e3e51b857df45a14417a7c5ed7c1e37adce6433ec7,Happy,Happy,Happy
NEW_d25aded6fafbca5bfe985ee1c8a0a1a5bad1c82d592f3e62a88338dcb21784c2,Depression,Depression,Depression
NEW_d25ec5e04ea494a1ff172dcbf35c5d0a762c6de2052a4809c68a9c685889c952,Happy,Happy,Happy
NEW_d2718296bfe21dc6c07d15959ec3c68cdd5a5102ab1c178ed9a5983561f55194,Neutral,Neutral,Neutral
NEW_d27b129e260f4925d69667c757b993505b871ed253c26d90084e310e9aa136d6,Neutral,Neutral,Neutral
NEW_d27c9420c07bdc51bda42d610f7eeb44f3896cb58e407c55b8200b1c47e7b432,Depression,Depression,Depression
NEW_d2a31d237660d3f668c8b36b03290c28f723f7b94eaef295730df5042412b4c2,Happy,Happy,Happy
NEW_d2a62f2c724bf459e4eff4a3eb79760ed358924d0d8d74f7f1cfe60a7b6e8ba1,Neutral,Neutral,Neutral
NEW_d2a6954f756f83bbcc4ab83a145217143d0df68d5942eac2e41e5806d4b6b25d,Happy,Happy,Happy
NEW_d2a6a4bb2e5a40fdc0e23a0cbfcf14623184f9a79f2c7bc9844a3e289437ad06,Depression,Depression,Depression
NEW_d2aaa955fb4d6ec9278766666b7229d50748e9fed19abf6d5e7ef3c0f7123991,Neutral,Neutral,Neutral
NEW_d2b3d390945152d838f9eed2e24dc94b8166b764823fa5267dbb95e1d507e0f3,Happy,Happy,Happy
NEW_d2bda7a0db3b0f1e033c8de07740c58cb3ab8dcfa781e395e005ee3494f3d886,Neutral,Neutral,Neutral
NEW_d2be80d13f8b15793703d58245fc3f6f4be0644e08e327532e9171de3884077f,Neutral,Neutral,Neutral
NEW_d2e38b26cf54b41d655f51327bc234f39b5c981e3c9dbbdd34f1c3c85caa7a56,Happy,Happy,Happy
NEW_d2ea909c33da2a21cb79012f9f233128e371e66b469f92c365dde3be03cf6585,Neutral,Neutral,Neutral
NEW_d2ebfccd7195962db845dfcf525988a7f165b16f0cb99f530fd67f96681a5a98,Neutral,Neutral,Neutral
NEW_d2ee0e7c64457815fbc18149dad8c67266938ef0d52af923e76ca44f3573c4c6,Depression,Depression,Depression
NEW_d2f0727c6f132561e20c1c8477260c1edbdc03ce8f8a2ba869d062ba0a7b4d7c,Happy,Happy,Happy
NEW_d2f2be9b422559b649f3d7120606f76716da8a716a5beddfe19ce712a03a5e2d,Depression,Depression,Depression
NEW_d2f4ef3d7a38e922bd757661015d97e67f6d1ca6c5b3f5efb09767e35e147d33,Happy,Happy,Happy
NEW_d2fce6d4d80f2066f2d9dfd0f1a25faf746432a49e32904b809b2a4d5e5d9a9c,Depression,Depression,Depression
NEW_d303a8e2f6a24e41b06668578a2c4fdfcac54052e64bbfdf558d3c999149df2c,Depression,Depression,Depression
NEW_d313449bf363cdc5514c49d08fd1779e228473065f40143b88a66f3a4ea4df82,Happy,Happy,Happy
NEW_d314dd31018a0b17b63c70417f2a329d5c415f0281556ff1ce41c60510f94b4c,Neutral,Neutral,Neutral
NEW_d316e5eec5ae834d3776cbf247bf38761fe4c9de6afa647d8ed20b82f40a6905,Happy,Happy,Happy
NEW_d31e369d98ea367f60e8d0fbfd686246b983c468074f96c705c48df22b925f13,Happy,Happy,Happy
NEW_d32581ad6bc881b54581f00b108b4bbaa4eddca5f0a8dd43a8cde8571a43361e,Neutral,Neutral,Neutral
NEW_d32cf837a1a35c923d623646af6a569a89f0bb5a945e12c079d82da2d7cd99b1,Happy,Happy,Happy
NEW_d332b41a74f16e2a36b4816e2237408dbb75c566dbc8a584a03d7bf76587d0dd,Happy,Happy,Happy
NEW_d33b17ed3c1e0a5b483762f019480e95a2102c8a1a0cf10b0053bb30f995df32,Depression,Depression,Depression
NEW_d33bf1b41158d822f22d21dd9a02a6e54841dfad697d519c7425a7a47f4d2751,Depression,Depression,Depression
NEW_d33d106f3a39a97471c347ae8e42aa68e157fee0ed96c1baed62546eaad90ca5,Depression,Depression,Depression
NEW_d3578682e076ca45cdd898df9b8f22ba344c23a7723b97060c9ecc5335a324c0,Neutral,Neutral,Neutral
NEW_d35b57f8990d14f6e656c2f41a3a894faa6af6aabfb81f36c66c2e33836d183a,Neutral,Neutral,Neutral
NEW_d35bcec01e2576e2de576307619a67113750209a30838033eb36eb13f641a1c6,Depression,Depression,Depression
NEW_d35c66246a27696142328acddcbced1300dd5af819bcc896172480d729d17253,Neutral,Neutral,Neutral
NEW_d35ea0ff74d7be359e979888688068a4b74e2890f656fb8450d8611fe548f8d3,Happy,Happy,Happy
NEW_d360a0a762c45cddd8787be4b30620554fbe8d05744a65869f04d67b72eae670,Depression,Depression,Depression
NEW_d366623caad6e1ee5323ef9cf94534971a590d8607926eb09b6585b4cced793f,Neutral,Neutral,Neutral
NEW_d370f8176826c1f2605cae26f6ee777c1771188124bccd47c854fc7648b71b82,Neutral,Neutral,Neutral
NEW_d3802e926c507a9385cd2c81c002dda4bba76ea3405eb635146e98d74280c3be,Depression,Depression,Depression
NEW_d38742522f2d7bc22b15e7a2e53885984288641183c3c1d60701e119ed52dbc7,Depression,Depression,Depression
NEW_d395028245e93b55c5df4ad9d80346e9e250cf29547c38b03ef4aff6fe26581a,Depression,Depression,Depression
NEW_d39bf00a80b69d890a39f99b9f55d2f9b7c50bb1c01861d811ef1dff22ea0167,Happy,Happy,Happy
NEW_d3a9f8a05a701fbe13ee26dfae11606509696efb0103f596a96dfd6fbc9582ba,Neutral,Neutral,Neutral
NEW_d3b023a7ae068a1cacdca462391fcba78d440422559cd9bfa77cbda51d963779,Neutral,Neutral,Neutral
NEW_d3b1fa4bbc76e5be09f95be57a61dacea1ae30fb45061ccd581692a6b526d7eb,Happy,Happy,Happy
NEW_d3bff132e04b3384b2998461feadaec3c396db76a84054200c4a36d5ae04328c,Happy,Happy,Happy
NEW_d3c04586cba4274742f2da6db8b2a725e1f2c1cf2f7b4a8aee87c7aac9e49895,Happy,Happy,Happy
NEW_d3c23305a38c5a480d510304057727e14d4ffeed1c11ac31c1521ced10463dc1,Happy,Happy,Happy
NEW_d3ce3426b90535dc2a4f38c3421880de4a75028a53474473ce037f539c2d4d89,Happy,Happy,Happy
NEW_d3cefd2bdc4059c47412e7934750901ce3b887e01f374b76e50a211f3e3d92d1,Depression,Happy,Happy
NEW_d3d013542c69051a0de14f4750015a250a441e7d04c612c71354837f1fb748b1,Depression,Depression,Depression
NEW_d3d6b6b20c1d65f3795c4a4aee31c0fc50ed0777030ee3fbb85ea73ca12be359,Neutral,Neutral,Neutral
NEW_d3e857e9b1362c7026a6946f791e6f5e4a7bc97a6e2eefd44cee0c442cb74136,Happy,Happy,Happy
NEW_d3eaada90757517a7b81f00d2741130a1794f2c3de994e78e0eb51013ec19362,Neutral,Neutral,Neutral
NEW_d3f2d30852f844f6de59cbe4e5da42f2c88016461dcd9c4169941454525cba49,Happy,Happy,Happy
NEW_d3f6d91d3eda86503d6d48f9f00d901e8e7cbfff28102a7692e14d8668067809,Neutral,Neutral,Neutral
NEW_d3fc1d0f7c5dba1e2f3feea1882674fa1cbd3991e50b22bde232d46bbf4dcda6,Depression,Depression,Depression
NEW_d3ff6c0c6065038aa04bc6c7360fa772e5dcab88e75d52cd6d848691e497f8f8,Happy,Happy,Happy
NEW_d40d549eaed103d6d6c6a24ed0736bb46402ab330ec41f1aa620bc6b05c1a1e4,Neutral,Neutral,Neutral
NEW_d40e0dbc75852ab56aa7460fbd6887c6f37b630f1c5ddf551b5416200c51c170,Depression,Depression,Depression
NEW_d422ac90711569849e7835c51d5049896cc043ba4b9e5a79a88db39d065bf79a,Neutral,Neutral,Neutral
NEW_d423486d3adad8e9f1fe5ca4594976199cb0129780fb25d29c97bbf573965542,Depression,Depression,Depression
NEW_d42c1cc897765acb7776d05e04b9d3003ea0890cfe995d70a6cf83abae93165e,Neutral,Neutral,Neutral
NEW_d42ca92d8d6fb030f58c5bcc9487cb2d4a781e68455d09c2319062e9060f2531,Depression,Depression,Depression
NEW_d458e4aef1d816294cfda324da454f8df86f412000d0158c4d8ad3f437670382,Happy,Happy,Happy
NEW_d45dfe32e22b0fdea9969b0d39be90d490e0a8ca2a61964f28b8a3ca34256f0f,Happy,Happy,Happy
NEW_d4610791df6f52d52a066fb8d77c57ca12ac4bdd3b65730fe3861fbde551ce9c,Happy,Happy,Happy
NEW_d4643a7c12da07ccc8bd53ca95846a21f445069d05f15b2413e3f603925b2de1,Happy,Happy,Happy
NEW_d473e39b19286559d48f64ff51c230688668e2d316db5804e0562328310cefc5,Depression,Depression,Depression
NEW_d47d854166e4710b9667b00a2faa11817a67a5763b66d47d95707f604c1f1934,Happy,Happy,Happy
NEW_d47eda092a991cc64fba5c7814bebb8e34ab2196f0c1fcce3f9b487abb962b14,Neutral,Neutral,Neutral
NEW_d4868a5f533b10aad38d7609947af69fbd44b7d30fed7f39be8a065517c45d5f,Depression,Depression,Depression
NEW_d488327c1df57f13e9ba1c02508c78e9b5e808679cb0b09ad2957c05cdf571eb,Depression,Depression,Depression
NEW_d48a8987a256adb484677d444b247c633509cf97f4ec47568e33ce7fde6f0e3c,Depression,Depression,Depression
NEW_d48e2787e28efc446c756153e84688b4269a16006f174fb54bb2c47d86993586,Neutral,Neutral,Neutral
NEW_d49475050e90486a99c0ceae83aa7e12338a0ee9230107a5d87cf05e47d687e3,Happy,Happy,Happy
NEW_d49f9aa022a71bb05183e011d9206e26a59d810d40d6b9003c79b391cd1ef9b1,Happy,Happy,Happy
NEW_d4a9d83330217d54d625cf52e8bb502a40cb99135f87e475295afa13ffb3b195,Happy,Happy,Happy
NEW_d4aaca1a999759a3e6b429e43f306bacf88f5db7b0bdb3397dec8078ae46c00a,Depression,Depression,Depression
NEW_d4b7fcebb2cdcd67e3889a0d58b28af22fa79f7bfe0310fda4fe5463c37ba27a,Happy,Happy,Happy
NEW_d4bc84c7b75577a708933696e7c3be860517a84eb3d68155392ab4018265ef75,Depression,Depression,Depression
NEW_d4beecfe093ab776e316d1b51161650865a482ec0b1d095581b7098e3341bb41,Depression,Depression,Depression
NEW_d4bf9a923a523a8a926195f522b6af9dbd02ed9411404ae8d279ef61c6954ad3,Depression,Depression,Depression
NEW_d4c1927846485286b2ac2b0fa6fe171a03293f6cc7e64a404768eb105e5a5d4e,Depression,Depression,Depression
NEW_d4c2cbcbd0fbd9cc2a04dc861c913b67baa9410ecfebe2936a7cf5dd2b7d3dbf,Neutral,Neutral,Neutral
NEW_d4c7d3fb2db070678b29a920b8bebe0eeca281ce7ec583b544398ba1591a2685,Neutral,Neutral,Neutral
NEW_d4d6038f5bf8ac8f54087677332ae469cf2dc93e73d075b4117583ffe67c1b12,Depression,Depression,Depression
NEW_d4d90d69669ba10ac0811923b8132a26639d0fbbf247b29249bc54fa116f59bb,Neutral,Neutral,Neutral
NEW_d4e1c11a59d053cd0f66f83d2d4fc11e2ae3bb2d4eb5babb6772b23c5dcb03b0,Happy,Happy,Happy
NEW_d4e940ccd205fc146cb3e468fd033dc2c544e520abc61363faf50d6eefe07a3b,Depression,Depression,Depression
NEW_d4f4fb031ac40b29f2be0cc9bb9d745f3505397dbd4ea1496e65fb0bbff93fc3,Happy,Happy,Happy
NEW_d4fc96ca78dd911af983548bddd7f68b5db0b1c89a7975d383b2833e736cff1e,Neutral,Neutral,Neutral
NEW_d50ec7a15786698b29f76b4a9586adb580f6318c7e50ae39bad0ecdde3468799,Happy,Happy,Happy
NEW_d5118a1b1e433a17cff12722f2bedaa478e9663f91ec7f4dac8800079585a700,Depression,Depression,Depression
NEW_d52a4e86a0ec8266ab115b81d4847b66475fc8733112666c01a987bc0f7dc98c,Neutral,Neutral,Neutral
NEW_d52dbdce7777cfdaa18a58e0547c598b4a9a3560b5131d07a2f853f9b3de3a6f,Depression,Depression,Depression
NEW_d5341dbef4eb99c69788ccfde7cb68652f146cb6c010f290233c7cca536710b3,Depression,Depression,Depression
NEW_d5408654696946284ae85f6b51b0e95512abf083108fbbdaa7a944f1d4e6ab8f,Happy,Happy,Happy
NEW_d543e889c438a0b2722de0e5f15234c9f5067f5dab522179032c1bd8f367f1fe,Depression,Depression,Depression
NEW_d54cea45c9ebf09118c9eafdc1e1adb3827dd58b11773b4f3c430aa07993dc49,Happy,Happy,Happy
NEW_d55504c193d176b8e83b52a5f4dc03b8e09c8ceed59641e06956fbcdfcf47ec2,Neutral,Neutral,Neutral
NEW_d55f857ed6946fc9c16202ae537dea7e756f180486bf542b2150775e1e72182b,Depression,Depression,Depression
NEW_d564dade889d816d1aea5bc804d6e3bf249c3adc920c9792d0fc4042045a0a37,Happy,Happy,Happy
NEW_d570062a277b716fef7425e8319776e4092060087576f737d467e09565997fab,Neutral,Neutral,Neutral
NEW_d5711df9a18193c7cda14aefe58e90a3dca339c968c0ef32817580a072f502a6,Neutral,Neutral,Neutral
NEW_d573f03766128039c87a2e973deca0ba73ab59128f6310602981d4dd09dc8574,Happy,Happy,Happy
NEW_d57907816f27badcb52ea5cbdeb4a40516c5547374ff58adcf3f7eb3ee895216,Neutral,Neutral,Neutral
NEW_d57b977f5a3a299793fe35054f76d29dcfe7101118c67446facb7a3b7354f0b4,Neutral,Neutral,Neutral
NEW_d57e2b14414046ac7ff7b4db63d982521e03f97791f3c43975cf2c207194e327,Depression,Depression,Depression
NEW_d5802245e8956adf4515f43b2e5d1dccd0746c8b77d61a2e8a2f62136e5c5c40,Depression,Depression,Depression
NEW_d58d4694f3847a6559456514253483ecc3ead0b05edae0c72cc93159ae0a545a,Happy,Happy,Happy
NEW_d59474af741e1e2fe781e9a01aface1f549cae63bb139800fdca109370fb31c0,Neutral,Neutral,Neutral
NEW_d5952919e9847505e3ded671febeebb6e09fb2da4b83ebac2686bf5c8893a1ae,Depression,Depression,Depression
NEW_d597367a75a27da8b0f4afca36e32084cbdee6cbffc75ff1a9fcc427994c75a5,Neutral,Neutral,Neutral
NEW_d5a1a100a8e0b413077bf1dac20fb64428e12a4e7b24ef8736ec868c9f1e5ec9,Depression,Depression,Depression
NEW_d5a70c51ef3627083145f7dd9688e7e3c7aa5b8b2c16d52f276f80a0a1813e53,Depression,Depression,Depression
NEW_d5a8d1458a4ec4dfff949e8399ce768195125470c19d8178ba9867d60be5bf26,Depression,Depression,Depression
NEW_d5b6af36e2f9ef60d71c9dc03706a838bc970caca34103d7c9e89e2733996d75,Happy,Happy,Happy
NEW_d5bcd216e581455e8ce0b2beee6261a7da05cc184adf8adfe3681916f7032e49,Happy,Happy,Happy
NEW_d5c8661bc2e70ceceea2d79d269254bdaed6cb31dbd54cb9c38cf5a090357311,Happy,Happy,Happy
NEW_d5d9308d70356533a3a1128adf7a08422e53627b76fa2c224f0ce8c46aaaf41a,Happy,Happy,Happy
NEW_d5de8eb2904ffa6710198dca8d981875139940587ebe2f3adcf01322112e32c9,Neutral,Neutral,Neutral
NEW_d5e354970a299cba48a16ecadbfacd9aa47df83c52576155b5710a32dfb6a7f6,Neutral,Neutral,Neutral
NEW_d5e62898f9121bdae1468831b39a1bf9ca65aab91d326df90b335a294d9cec2d,Happy,Happy,Happy
NEW_d5f6066457f9bda19e6df9b2e06dfe58332bd4a94a9e9080f9f9d40bedd780e6,Depression,Depression,Depression
NEW_d5f78b05cf51f156aba7676006145d98895d88cc14b1a771322fafeeb88a094b,Neutral,Neutral,Neutral
NEW_d5f8f2798a15b2da87ce9fbf3c1ecf5fff5546bcdc8e19e06c6f72d897319d0b,Neutral,Neutral,Neutral
NEW_d5fbd8ea13690a3d600c03b3cd0312c1833c4a9ab9dd978ff803fe84f51fa515,Depression,Depression,Depression
NEW_d605dac5272bd4cafb7fb619d8dff403a076bc738c2c2cd7f97eaea2e48c6d06,Happy,Happy,Happy
NEW_d608b1ad4b50b98ac4d31becf69e89ab7a29894b59cc36fe236218ccd1553b6f,Neutral,Neutral,Neutral
NEW_d6148819f98f3bb0d1bc80d760212591ed216a38c1b70b91f424bc4653eea263,Neutral,Neutral,Neutral
NEW_d629556e720205e4d32ece0790c7ba1ab4a33053575d5bd9c3ceec41e5e29cea,Depression,Depression,Depression
NEW_d63362b6c903891d84a22562c3bee2a5088eede3fd22cfcf96b86e90c8fd3ded,Neutral,Neutral,Neutral
NEW_d6351809dc115fc6eebba9362c8a7d8284988267fe102dd728cb597bc1355670,Depression,Depression,Depression
NEW_d64ee7fb650f656f9999ab3d5fe6674883d16acdfdf1a189db08d8b421ae22fb,Happy,Depression,Depression
NEW_d65307733365ce6332a3ca6e01e5d5ac0aa9fa90537c36cf857f8fa961135ad5,Happy,Happy,Happy
NEW_d654ca6479d7a11d4203d34413bb3c29f626e2a2cfc9e7624734e697adae6ee3,Happy,Happy,Happy
NEW_d658eb21b1f27d57885afa856b52684ead52ad728c0dd718c1a81f988297a184,Depression,Depression,Depression
NEW_d65a5c952d5f7f45172fbe08c73ddadd95d6234ac55a785de17b01120237cbcf,Happy,Happy,Happy
NEW_d66c8fa65de71fc09d3ac6c111c18167c116c91094e9321b87ce44adee0e84b0,Depression,Depression,Depression
NEW_d66fe1d4be30b8698b9cf44541642ca027b7b149852447271fff7f6183d73cac,Happy,Happy,Happy
NEW_d671676c82bbc432138186392f21be5c48b213f52d0c7ecb603bc6a00f448cf3,Happy,Happy,Happy
NEW_d672abbf6e73c280c72a9f846ae6e96ac85d0797395ef1ce7c1b0cd2d502ca27,Neutral,Neutral,Neutral
NEW_d674072435b14f32e0e01f7cf76b3ae8ef062bfc02a701e26bf6d1bb8001bd21,Neutral,Neutral,Neutral
NEW_d67ad142fec652ef7cfd5bbfe4b44feabd290639730283cc91d2ba9c5c2d68dd,Neutral,Neutral,Neutral
NEW_d67ae1cfd8b8952dc08d2c0fd760b38353baaeeddec736c35c1df84a8bebaa50,Depression,Depression,Depression
NEW_d67bf5d4d291fa548d6c8cfb1bfb9688cec0318c52893f26321328bad06328ca,Neutral,Neutral,Neutral
NEW_d67c50036d809b4da05135bef6e411d79168ad8cf248da0069387b94b6b68f54,Happy,Happy,Happy
NEW_d67ced2aed0aa55af170f4c967efd06241d958fa46f75104e7e8649b0963088d,Depression,Depression,Depression
NEW_d67f204c051db72cfdc62b35d545415da2414a73d12464def49c815d792e562e,Neutral,Neutral,Neutral
NEW_d6899301312766c01e8385c3a999699b8783b625ea58d714d2215053998249cf,Happy,Happy,Happy
NEW_d68cf854453c8a84e512161d4897f14ceacd089982bd22c177c83b1253cc55a9,Happy,Happy,Happy
NEW_d694bbf35e5c2bd3603fd4b18ba7e88bad70e4f5e6833c60b33c496a4d712674,Depression,Depression,Depression
NEW_d6978127031f80b9409c493f7364a873465781b4779b8c36d33f81aa6b6b90ba,Happy,Happy,Happy
NEW_d6a38a1085add81a311897fe07866641912449af3413a616ed920d37afaafe7a,Depression,Depression,Depression
NEW_d6a55f00591d3df0adc490b7501d56d986b3c3531c7bb1e02b570e24eb11e320,Depression,Depression,Depression
NEW_d6a80ea881cbd1d7baffc2bfcd959c8e88adb31387cf5c0b68252c99b5d31fa7,Happy,Happy,Happy
NEW_d6b9ce0383e75974260ba15d7e4480047c26db6a77eafdf162dd14e6ad9ba528,Happy,Happy,Happy
NEW_d6c37e69d2c751c47c973bb89d6ff7b69435559adc2a69bdf1e81175916f4991,Happy,Happy,Happy
NEW_d6d31286c93a7af137ebcfcf7f2fe0171842ed57f96a2001b7d1e9124ee38646,Depression,Depression,Depression
NEW_d6e00c65a70237803b0ca029b4f901a2f8cf2a0d7e0160387400441e66dfd415,Happy,Happy,Happy
NEW_d6e7cf23c0d74282bdc590dfbae59702e6e6d2c4d8f84331beeff6efdbaa780f,Happy,Happy,Happy
NEW_d6ed9ac656e6b0e1c594be80cb2e260a87046b08da71c9c624b6bc1dc8df2ba4,Happy,Happy,Happy
NEW_d7188d72308c2eb4fc92607af0af0729b5a11e682d19d8cea735e8104d44aa2f,Depression,Depression,Depression
NEW_d71c5f9537a1180d0da379fb2f6bf45c20ed7683334960bb92d48369522bf963,Neutral,Neutral,Neutral
NEW_d72651092f6bd4572828af87c81756af9a1a6acb61aad8efd2825249dece2b05,Neutral,Neutral,Neutral
NEW_d73edb70da22f1ce1cd8cab224e2ab3dbcbd95c383e4877f2903db5565ec8f9f,Depression,Depression,Depression
NEW_d742e761be4466f3bff65f62d5ed6d0e3c81448ac4f9e1e15ef0189b5fa2ea9e,Happy,Happy,Happy
NEW_d74534028388e5096f3c9e2c16670b9378a88efa6424da64929c5a14144a956c,Neutral,Neutral,Neutral
NEW_d75b6437d3c95339aade8ed528681eb56b294ec342b9e3a262917b07b9f4f455,Happy,Happy,Happy
NEW_d75ce3b393d6384b5882213816bd0c1e73f741a789c77b2cd566168692eb7577,Depression,Happy,Happy
NEW_d761000d578238564d13c87b592d92cd20d7edbce882b33677d76b3e97decea1,Neutral,Neutral,Neutral
NEW_d762630e6aef154441fb0de57049b1cd6b3c3aaee82415d84c468d599125d85b,Neutral,Neutral,Neutral
NEW_d76787cf5f49a6a013f82278c68d6116c25e4b9d173022dcebbe1d7992cfbe2e,Neutral,Neutral,Neutral
NEW_d767b4f38bcf14a858934be03c31c953207375052ac133f8108bf3c55474d808,Neutral,Neutral,Neutral
NEW_d76934eb52bf8c24b603f7cefc2ebf588aeb6418cadc771a4f498ef06294bc00,Neutral,Neutral,Neutral
NEW_d769ce5d405467e886e786d4cd0803ede6d285eb1b7315875633136af8d2ab18,Neutral,Neutral,Neutral
NEW_d76be4e4c9610f3ddb458663be323c8b6752bf3acb45877e1e177bd8c917dfce,Happy,Happy,Happy
NEW_d77999a9e1e9cd889a3a10b51ade1f99b86e0fd50e1ed629e289c4c02ea92b61,Depression,Depression,Depression
NEW_d77d7444b68a2c20e4c9d1e1df9fd5cfb76614e5f66c556fdc64bc371c63dcd1,Depression,Depression,Depression
NEW_d7876c79ab090a35b5ba627e8f0f43ecacf01f680a640a316f8ae670c98a8a0d,Happy,Happy,Happy
NEW_d79b6be1dfbab79af5339d8526c781dc4be4b86996b18934a340ac0f126c6e47,Depression,Depression,Depression
NEW_d7a308452f80d6ff2a11f91806376d3802917831cd73808177890c846ec3240f,Happy,Depression,Depression
NEW_d7afbbc94b60cf6b6482d9442ea03f4972d5a2ed4d58d26a613706eb2f7ede2e,Depression,Depression,Depression
NEW_d7b9a57931769bb326ff5f7a84b2e2f923de8d7a122a5b97092ec3a1ad690fd6,Depression,Depression,Depression
NEW_d7c135092643bd478839bc28810d313e15cbb17ba9dd88bd6afad9877dc926ed,Neutral,Neutral,Neutral
NEW_d7c42610c00b607c938d5a6bf5f87f1df8a2d6202b3260bb91b92c7b402858e3,Happy,Happy,Happy
NEW_d7c943b35e1f96f03682970435611fa4b18657473c8eec1ae079be2e56770de7,Neutral,Neutral,Neutral
NEW_d7cfef1baf2b7d5395eb2a7a3e8e688f94bac3b2112045370ab7f99aa2d57b02,Neutral,Neutral,Neutral
NEW_d7d52313c6dc26f2b01cd90d5a289671ca9ad7fe95f14cc8e03258d473746668,Depression,Depression,Depression
NEW_d7d6938521bb87cd218b345a6963362af60fe93fa10caec993d98c0e3595ee54,Neutral,Neutral,Neutral
NEW_d7d8cb91ded60d73662c6c310997a3711e56066b1d070cbbe6c79100b4ab378f,Neutral,Neutral,Neutral
NEW_d7d9f172d82b145dedf9879c5644fa6af319bcba540efc008dff15563ea6792e,Neutral,Neutral,Neutral
NEW_d7e105896fa56eddc08dc6860dd37e73d7a7035a3011e7ca337567032ad56d3b,Happy,Happy,Happy
NEW_d7e8253d4d1691338a0c94510bc18c9897293680d90cd68328e2d3ac206f4c96,Happy,Happy,Happy
NEW_d7eef13da78c63ca69d1d5993e566420f22d24896324949164ccd85f6d78e5b6,Neutral,Neutral,Neutral
NEW_d7f04a0083e7c80fcebc6bb814380afb441abb3be2a0108c2824ad4d4e163ada,Depression,Depression,Depression
NEW_d7f4f86a86887f79d6fd9cb843db965a3993390b79b5e7890f63c6846be95e10,Happy,Happy,Happy
NEW_d7fba0d1a8d9a5b4ce6b0341c8a4dd919646370fb2a3523cfe1db98f1c10d996,Neutral,Neutral,Neutral
NEW_d7fe5a0e494ea16757f769f13d23dc0b4e5deca789967e0012ca9f85ed04e223,Happy,Happy,Happy
NEW_d8043b96f1417f7b1ad97000482077e6acfc502fd9054233e8ea206b050eb598,Neutral,Neutral,Neutral
NEW_d807d9e4b58495f99224b649e842c94fd246283c818d3d97b81b81a98e8e03a5,Depression,Depression,Depression
NEW_d81a785a473684bbbf79dd2c3d04a2be3c765d7901c876f1457c103832b76a26,Neutral,Neutral,Neutral
NEW_d81f2eaa3fa084d5cd59e22af9b04834e03d450f64938d782c7c6bb564b36e89,Neutral,Neutral,Neutral
NEW_d83a992bd85e393a7a1d54e1f9865fc25262e97caa8892e0769f2473fcf73e3d,Neutral,Neutral,Neutral
NEW_d83d5c1b7437f142c5136cdb675557f5e27e1b312bfb4ab997dfe9f96855bee2,Depression,Depression,Depression
NEW_d83da3cde0f683788addb4b945dbbd42e2d82d90e65d7ac2690b3e6baa5814ba,Happy,Happy,Happy
NEW_d83f4d7bf9a8c697c45ab5393f692f28762aa2f16fd6973a2f2c3d0398c69fd6,Neutral,Neutral,Neutral
NEW_d83f69fa774c2130248bf49e32a0eb635dc99eeee47b7183410a1ea0e5f48b7f,Happy,Happy,Happy
NEW_d843749cee8fad8c5fba6111e69559618b70369bd02db2bbf5f53140db3a825a,Neutral,Neutral,Neutral
NEW_d84445829934965293e6722c8812e754f78c2cc583371849915f3239f3ffcdd2,Neutral,Neutral,Neutral
NEW_d846a4ff58dea0b171e5dfb6ba39f9e2e43494fe2575fbc1a828bd7fcae785aa,Neutral,Neutral,Neutral
NEW_d848e3f658fa6e8e839788673215fff7bcc3f39af9825fafea260c8156206b0f,Neutral,Neutral,Neutral
NEW_d878611bc8b7dda058febbbc337507292fca4b7ac3a1726046ed6b466355eb15,Depression,Depression,Depression
NEW_d8799354ab2c264b471154f88240113cbf4f81d70843bbed745755fd4a73ebbb,Neutral,Neutral,Neutral
NEW_d87dda87fec5ae7b23895bd11373eb80779c9b55833af4eed4d48e286db8aec2,Depression,Depression,Depression
NEW_d87e9ff7390a11dcd7608420fe30a7533fd2235ab62b8e894452f3f420c8e25e,Neutral,Neutral,Neutral
NEW_d8814e7a234960a294cc940f296f10cccf9ac602d4aa29594070ad82bd9079da,Happy,Happy,Happy
NEW_d889ac3068a01629646c1b9185b6c9769080c1f629a626304642c96e31705cfb,Neutral,Neutral,Neutral
NEW_d891c68ad9ff51f169c60ef6a54f19be27e475814ed9853aa7248269323f6f34,Neutral,Neutral,Neutral
NEW_d8928379c808314be7922d2df563323531a75525a720252707ec4d25a3e5059a,Happy,Happy,Happy
NEW_d89e875909633669644964de0d26807e6ea23f95579856a2536aa6bcdb2c7d3a,Neutral,Neutral,Neutral
NEW_d8ad213f1128e2965fe9fc30eed464bfac940d05e067e6df4269d6c3ce6e0fa6,Happy,Happy,Happy
NEW_d8b2e689e92b5cd731b0f86ae563f89638dea8087fd9ae79cd10d151b6c24e16,Depression,Depression,Depression
NEW_d8b8da8f2174581b7c7d5c9f6b56954093314e70ae09ad15a6443362e72a43ec,Happy,Happy,Happy
NEW_d8c0416459ef1e374613b11583e354e5b8e4eefcc12078b913d7c22a844b9d9d,Neutral,Neutral,Neutral
NEW_d8c5691c02ee48a32975fd0efb657b7a103a615182aac6cd71ebd8f58f5f5e2c,Neutral,Neutral,Neutral
NEW_d8cd242413b6141b9fa31f25060e24ad21feb2edddfe13ac36f5f3de55510e1c,Neutral,Neutral,Neutral
NEW_d8cdc2ac297c1ce171b73726a3f1ccaa4a27c4789a0087441d989e2ebe55ad56,Neutral,Neutral,Neutral
NEW_d8cfddb3e439c5b2320fe47521411e1b7c457a991d34ccdfd676f1d9f530e85b,Happy,Happy,Happy
NEW_d8d46ae1cbf15ed886cb771d95aa1a6886000fcd1cb5f259a6740168fd9d4491,Depression,Depression,Depression
NEW_d8d6e14a5c006ef86a9d436b4fa0a1bcff93680a7288c9bffc3f48d7262076a7,Depression,Depression,Depression
NEW_d8e11c52ba09f2c2e24431d308ac6215238872ea3fba90ff9329d1b14d508acc,Depression,Depression,Depression
NEW_d8e63ebd038980bb0ac91fc6801f9bb5e0108037e0ec86df6a5c05bbda8db911,Depression,Depression,Depression
NEW_d8e79545ec00edbf6e5a8e8a3388f0721b31a6ad44e057668b91762da354cc99,Happy,Happy,Happy
NEW_d8ef3ded60cc7a0e081866bce1b54d0c36dc8e4a38b261b06151f91da3fd0738,Happy,Happy,Happy
NEW_d8f10d014290d00b001494237ec7cedac4e9ceae5822573bc5cc3d3ee0d6723f,Depression,Depression,Depression
NEW_d9043f4bf4fc867db5ad6d2b0c9552a2d02669679d4c92ae4c7b1dcb01a85c6f,Depression,Depression,Depression
NEW_d90c428d3a01793a9e5021adf2e1b97439ac4f842716832ac2357cf2aeb81523,Neutral,Neutral,Neutral
NEW_d90f4dae71372245d86a34fcd1ceba406d8182ea590c8a53d081ca2dc621462d,Depression,Depression,Depression
NEW_d919b44e8f69e296bcad13aede2653b0a44f749ff347202f181f954d69cf72f6,Neutral,Neutral,Neutral
NEW_d91d6f6293423576d55b69594c9a42f969916d893287c13e79dfd05f7c39c442,Happy,Happy,Happy
NEW_d923ac36bf8722ae4f3d5f410e38cd359b3d0c34fa1cc2e6008cbb6c18d843a2,Depression,Depression,Depression
NEW_d92a1267481ca5e8b070eb0cbe7b5e7de53dad231911ab63322b013c50cd2427,Depression,Depression,Depression
NEW_d936613920ddc1727e9726f574c8ac1bc50536e331db946385c7ecb9f80d1d65,Neutral,Neutral,Neutral
NEW_d9379d92671eb8af584eb3c1f5925adc2cae68cdaf8b7c83d0c6434eebb848b1,Neutral,Neutral,Neutral
NEW_d93aa59d6fd96466f7f3cd893443e8a32b47fc1aaa54610ce96a133730279b82,Happy,Happy,Happy
NEW_d94217cd96b5b6ccbedb17419ab9e3e25f6c5333bb7cc857a238071e48d29d54,Happy,Happy,Happy
NEW_d94c33ed71bcc1931a64ee20b7cdd4f49bc4faf61c60af96c1a26c8b899924d0,Depression,Depression,Depression
NEW_d963848f2668b18e0e76ffa13944b8c1cc6dac49948e4fae05ea177940d58282,Depression,Depression,Depression
NEW_d96b42cdbff98f46ef6a4493357badd196cabcfa2ae773cdd0892574cd9349d9,Happy,Happy,Happy
NEW_d96efb60c5df4f16e101138135fe56baf9fc05933ead8a7fe4f074987691f50f,Neutral,Neutral,Neutral
NEW_d970eddc7ed23448db6d6603feda96e94fec0861b96183da45b7ac1a26059d14,Neutral,Neutral,Neutral
NEW_d972955af28e17c589c9ad5a0022d15205638c627adb5835bb3ffed1634c4464,Depression,Depression,Depression
NEW_d97453418cbac74746971a5ea6a156e095563f599f6ca61c3730598b8db7e15e,Neutral,Neutral,Neutral
NEW_d97ab352500fc17ca20b3207573044c883b690383cf1c16e708fbe0657a35e31,Happy,Happy,Happy
NEW_d97fd7518b720e7faae3246b7676bb0bb294f866604e44c1e5d82cd2ee9dbb6b,Depression,Depression,Depression
NEW_d982313f9b61602c658b3d626b048063351c3e407aee06cae2474821475e02e9,Depression,Depression,Depression
NEW_d985248093313398c721e1a77e6bc303d20e70eb07be199178afc1718d6f4a44,Depression,Depression,Depression
NEW_d98b33a8d5f5a86d2bdb8ad6a3655ad5f35046ee75963a8479af0ed2038c33e4,Depression,Depression,Depression
NEW_d98c152fbe646c087c5ed07d32329cdc4f031aee89355046574b39e1a0b75cd9,Depression,Depression,Depression
NEW_d99086fa6fb5be687b64011a1e03df084e11b93416bcd2a7702b23c88df7fc36,Happy,Happy,Happy
NEW_d99899e47bb530b68b98f15ef92f6660fadd96c09a442271d449ff3fe429e8d6,Depression,Depression,Depression
NEW_d99e8fdb8815e4a07cc181778b58b2039fe4e578271fae3e0bc22543b6f7332c,Neutral,Neutral,Neutral
NEW_d9a00fe4e9de29f4dcb2a668b4bd982408fef1a74764ec042695f7521bad3d13,Neutral,Neutral,Neutral
NEW_d9aba2b6fb281c3acd78ef7b5ff11297e09a273bc3e9722fff816c79e10f87b2,Neutral,Neutral,Neutral
NEW_d9b236ba7bbd124e3b42234b7390358cb0f4e1f9d97edd14f3e4ec8136dedecf,Neutral,Neutral,Neutral
NEW_d9b4c6ac42397559102290334dcd3a6ac0c8536cb92854c282cca396e1c58236,Depression,Depression,Depression
NEW_d9b8b9249626c06b80ee065e4ea02b5b264f0aa70a6be414ae116c9b9e68bd94,Neutral,Neutral,Neutral
NEW_d9b9b9b72dc0ee94b80f55e8f38099fb5ac5c381cb7f7f0fd4a71e44771b5824,Happy,Happy,Happy
NEW_d9c526558cda8e74b85230542c7403b2b9ca0e57ea07752f5bf09923b6edd144,Happy,Happy,Happy
NEW_d9d3854d9412e7f88a13eba7e54ac8cf881303cc3aa03f09c6059c4f8fac1774,Happy,Happy,Happy
NEW_d9d491c32c5dc0d3199422cd50545640ee47f0248856525431dca366d7ca01aa,Neutral,Neutral,Neutral
NEW_d9d4e8f4908776f362b678aa5b56b644e2a2efdee4a3a2f401c56f952457e03b,Depression,Depression,Depression
NEW_d9f7d109c661d2fd3b5ba13a314fc308f16e1b42b92eada9369e969c5c1aa59f,Neutral,Neutral,Neutral
NEW_d9fd16ead3b3efc56edcf6f7d5769aa870eb84012b4cb3aa19af75639d90e8b9,Depression,Depression,Depression
NEW_da06031ac3969885fb40ba8926e55adf039f2da7bf413ccfef59af6e84ca63e2,Depression,Depression,Depression
NEW_da113239709024a887316f29d8e18abab8b13ab09ed8e6a300466fa36c8a99b6,Depression,Depression,Depression
NEW_da13d18fb3d52a1b24bfd7ca772a7934e0e4cc071d21f9ccbdfbbb9bd1dfa148,Neutral,Neutral,Neutral
NEW_da183e3572d3d50c534e57789e01324d686a8067079d7fcf65fece1d4c1fd7c7,Happy,Happy,Happy
NEW_da1b0046ba9aab9fc738eb846214a0ff8f8b88fea0e8935daa9db1e32134622b,Depression,Depression,Depression
NEW_da2aa72c1c971a95828a5e77788f50dd84c0dee6b176dfd74f1f11966b116073,Depression,Depression,Depression
NEW_da2ccf68d1006b5c0571ff16e8a9c1e43f5228108678f133475b85481a64b88a,Happy,Happy,Happy
NEW_da335ef599e103d49244fd47069b211d1e0340eb6cf79cb35190b8ac0800388a,Depression,Depression,Depression
NEW_da3aa5bb28440a850a458c9e6a03be2e24373bd78e21a3c969cbd1cb8bb74615,Depression,Depression,Depression
NEW_da59f7c2cd0ae9fc4c070e8f39286c35656cdb747ae3b7054e4378f9196ffab4,Happy,Depression,Depression
NEW_da675b8aa13bc27174e1be5fb593a70356f8d2b923a5d3fc475eedefd791f294,Depression,Depression,Depression
NEW_da68a205d188d506836511c3a40dbf6fd6d53a058a241a2a3ed1d6c048ef99c2,Neutral,Neutral,Neutral
NEW_da6c6fb6d2f14a2eb01ca5774cf7dcd99a8357d4b85a0ebd870334146d7b4aa3,Depression,Depression,Depression
NEW_da7381fdf4dd5c3255c7d0f578f9a7b052bb66aa777951c2ee8fac2102626b63,Happy,Happy,Happy
NEW_da74014705f2a1e1b3cf7e1e3be070abb82f8b4a3fd6850c4e19fa864071687d,Depression,Depression,Depression
NEW_da86ac50c9bd74f8257679ca23ab546223fa41d1a51f52ea852856f56f19fd9f,Happy,Happy,Happy
NEW_da8ccaa3a231c0e14527edebff17bf6c812a6db76525d42d4f75d0132b6d9add,Happy,Happy,Happy
NEW_da986908803219f8f2097fefe580fad922c5bb4462bb1e31458ec20aad9051e6,Neutral,Neutral,Neutral
NEW_da9ea0478a0f4d31465fd7dd9afef423cf60de1def7d34b9f54effb401b44e28,Happy,Happy,Happy
NEW_da9f7a0f376e270452662d084bd36dec09fb42f7932816773b12c673e9b93991,Happy,Happy,Happy
NEW_daaf1a61b93c5ea8b409d076a17b5a5815bce8d1883a9f0b8221b420267e853c,Depression,Depression,Depression
NEW_dabd689b2918245a06c0cf5b5432db528279da1c144a5958b96da8d81c65c7bb,Happy,Happy,Happy
NEW_dac8bfff9e42ebc34a8cf7547fea82e658b62576470098be1b409fbd2c437fa1,Happy,Happy,Happy
NEW_dace61c510fe8651277beb790e63837d6d1b78da5a94400dabd03c7ef9d12c1d,Neutral,Neutral,Neutral
NEW_dade735358668a969240ae53820d97a76c0e997b4f9f662a676587cbbd6297eb,Neutral,Neutral,Neutral
NEW_dae35dda587884d3a1a0463d2fabbf2781fb6a3a663abbda346266d0515a6e97,Neutral,Neutral,Neutral
NEW_dae4815759919600295bb9f2de21d75d2c7b4c3dea0bfb6b3aead842a007b8f6,Depression,Depression,Depression
NEW_daebd452ef1da448a7648a666af390e9f5eff0689482008fff88ae7bdbf3314c,Depression,Depression,Depression
NEW_dafa0a192e93f26731e4cf73adf0acfd28af49212aa97d8589ef1725bf9900d7,Happy,Happy,Happy
NEW_dafcae453c63d929f2a4ee8efa81f1ec94f513ac04f51ec12c627828083539bf,Happy,Happy,Happy
NEW_dafd6d96f02c1ff552c227bfc63984876f6937c1796cd431e6cd17780fa70c94,Happy,Happy,Happy
NEW_db09513846f8ebdb5b9577d186b2bf7c9a172842451a00b426861669ff85d498,Happy,Happy,Happy
NEW_db09d5a9a7aa0400151f99ee6f4a3be6bde5a8a901de0254653d30508379a4b6,Neutral,Neutral,Neutral
NEW_db0eab08e777ecb7bf0c3459cb6db0b251d6a1fcc1eaec43187b0a02a72324eb,Depression,Depression,Depression
NEW_db11de6b168d891b25ad044ed2e411abe2a6e64e2a926f6021b762ebaa530c55,Happy,Happy,Happy
NEW_db155d09525afe4bd4ed80a146bc3c2e6673b2fd64e25728e404fa6217b7b695,Happy,Happy,Happy
NEW_db176e3d6b6f162f6c3ba68e69a91dc5f84ff41e8ddbb71af591b2440dca2684,Depression,Depression,Depression
NEW_db244e6ff31093ae41cbb292cfdfb43c121f78e11a51123981a8cf492e511492,Happy,Happy,Happy
NEW_db26b973980a1b95df02be4eb2c9eb8c69b6b2418110b34246c24bd9cc1a9037,Neutral,Neutral,Neutral
NEW_db26bc0efcabe47d41e10f0b05996c2e96263d6ed6ff0615b4aee31ba11f0b4c,Neutral,Neutral,Neutral
NEW_db27056dd02e0d9b9aedab6287c593d91581aec2bfb7fc0e9c680e4b9079792b,Neutral,Neutral,Neutral
NEW_db2b14be59291327d7bd66ec4d3b6b90ec705a33db4b9fccf765a2d716371e88,Depression,Depression,Depression
NEW_db2c95cb38233e4173856389181152e2be63511c2bb5235195a2551c3a031d9a,Neutral,Neutral,Neutral
NEW_db404ee3d2e55e93f46c1b48c26074e2619bfc13feb52a107902b0cba01082f0,Happy,Happy,Happy
NEW_db447821ea92badb62e8a1685ecb095b08c8a1a450e4b08f6dbcd4b862a6db8c,Neutral,Neutral,Neutral
NEW_db48924aff4bbba79eced18f83fa672d5bfb806062f35b69a851f9784432ace3,Neutral,Neutral,Neutral
NEW_db4aab00db5702c70553b38aa8179766a6f28558a6a1ec3def64486122439e86,Neutral,Neutral,Neutral
NEW_db50dd0f50768c9eea563f0a26b7abe02165d2a4754fe24025d3c875a16ee3c1,Neutral,Neutral,Neutral
NEW_db519a22250d794be6e3c1fa61211c15b0e499c374b1a5ea2f394ddcee55fc52,Depression,Depression,Depression
NEW_db529c73b79d9b601b422787d254a2c0241a2acf42b3086162bb142d3e7a4441,Happy,Happy,Happy
NEW_db53b29039b7442afe5cb7656107416f9f20fb3e908b0afa8e77301a27fb30a4,Depression,Depression,Depression
NEW_db55a9ec0fcb1a7c1edd3ee17280b5eda5986a4b2e73a8392797960202597f0e,Depression,Depression,Depression
NEW_db6363d02d4e1b2baece8c100525fd2d122bab4490e447c8c9330cdb588ba856,Neutral,Neutral,Neutral
NEW_db6c383ef51ce17422241010177afc3255e2634459799ee8a232b3b4598c4715,Neutral,Neutral,Neutral
NEW_db803fe3e578c2314a268592f1b15ef7f86c88a8897d049f3fd443f783587679,Depression,Depression,Depression
NEW_db81a2e48569e6870d9e131bb0ba3aac2dae84ec742f197f7e03a75c7ed457c6,Happy,Happy,Happy
NEW_db824560db3dcb14d961743f6cbcd81fd9097353c7f509f7e87fe13bf69013fd,Neutral,Neutral,Neutral
NEW_db855b413262c1672b7f2833fc0efb409a32f3c93bce3d8c22a88d73b3081698,Depression,Depression,Depression
NEW_db8cbc0a3e621796df10d90c8d8d6823e0d2556dcd628f2526b8fbe5e4735ad0,Happy,Happy,Happy
NEW_db8ed144d5d130e0c2038dc7b2b5e0cada8b9cde7bca179443293e5c6bf5d51c,Neutral,Neutral,Neutral
NEW_db91b1599032f27106b2a58bcc977d2f5cdd14b60aac0e1497f9545a6a0930bf,Happy,Happy,Happy
NEW_db93fd315c9156c054369a197ca78e825d3b810bb4913469c8985201a959fd4d,Neutral,Happy,Neutral
NEW_db96f5e32c9c96e8a76d64f5f2d1b569435e48cb31c8c61b30be23c337f8a8ad,Happy,Happy,Happy
NEW_db97ff1309b2504b548fde1d2d5d7b94543a529f3274e1fe0ba372c7b42d109a,Neutral,Neutral,Neutral
NEW_dbad2a14bbc7f60a5471499e062aeb013fe13f7d6a9a125f7c72bc8a3ba2ae6e,Depression,Depression,Depression
NEW_dbb2b94091428ca955326d98417b25fc94ee251fbf8dd7b0cd223e3b02fdfb73,Happy,Happy,Happy
NEW_dbbd7cda12d2cbb8cb15d20ce6a10960441d58c967d20decef665af029ecba90,Happy,Happy,Happy
NEW_dbc0331556c425c0eeaaa587489d11f32947a08e1ee5bc68fd5765f7151a5a15,Depression,Depression,Depression
NEW_dbc58cd9e3d86eed11a0f6b8276ee79fc2f77cf7be739aaef937dc18122c3511,Neutral,Neutral,Neutral
NEW_dbc7ab10d4411fd86366ccbad83ca0c3de87b30a399cfe85284f69426d850c30,Neutral,Neutral,Neutral
NEW_dbcc7265b7f7662f4fc871a8e8c23ac714c4e063dbb7def9be46f3b02a1ee9b6,Depression,Depression,Depression
NEW_dbce744f0be51d88c850b0e7537f7d5cbab1d61dc52ccaf848ecbb885b3e6fde,Happy,Happy,Happy
NEW_dbcfa0d1820035d40287f4df9aadd28d988a3c5ed2225e0737384552907166a4,Happy,Happy,Happy
NEW_dbdab80c100edb948366c8890b0adabe92488b6261ca5b48557273a63e529959,Neutral,Neutral,Neutral
NEW_dbdd6bb7feb247b89a9a32157cebe1c2084a9f19da7ee82dd08ece76c6293054,Neutral,Neutral,Neutral
NEW_dbe0fe296cdbe1f913c2d84b9bf1f8579e8b9cacf0949cca8fc2dba0d97b3338,Neutral,Neutral,Neutral
NEW_dbeb5d7322d3709d7ef3d69effbd241ce3a4289e06a4c5a9b5461193e0fdaff4,Depression,Depression,Depression
NEW_dbf1120910c500346a88a0672b6b1fe9729502c51472cac39249e358324b6aec,Neutral,Neutral,Neutral
NEW_dbf3666d449e0223b23e2538f4cb7ad61c87a592532fe80df46a65e78711702c,Neutral,Neutral,Neutral
NEW_dbf986d0222e4d0c92b0165cac6c9ce8bc2360059bee253f9059e37f7875a9ae,Neutral,Neutral,Neutral
NEW_dbfbebb7ade691f08666fec65e90b3a36764be88793d5ff16a6504d4f864a0c7,Happy,Happy,Happy
NEW_dc062ca910bc489f14290ec05053537f6d87b4e33298112f20fa76ec181e8d87,Neutral,Neutral,Neutral
NEW_dc0dc892bf2f12c857fe306273681735acd835f6b31850d9f4ec6f2312921708,Depression,Depression,Depression
NEW_dc171a479324ce7fb1227760f140ace32ad2ce9edda3c559769b9f362d0ab317,Depression,Depression,Depression
NEW_dc1eb6d1eec7e19c4b2c3429f4da2ff6d26ea1d0f3edbea159ee0d4326323b01,Depression,Depression,Depression
NEW_dc2966e539ef2addb8ee8774bce16dd33986a3b33089f117702f698e5f985e09,Depression,Depression,Depression
NEW_dc2b066f99c717444aa43e834bfc3642918faeaf4ce97d85247ac599994ddb0e,Depression,Depression,Depression
NEW_dc2c5fcb3c2adcd9d05f2bdce48874c1d77607e34aa3afa9c55651cc88c04db9,Neutral,Neutral,Neutral
NEW_dc36ccb8224e19bb57c0cc58199da66381f404f553c4462821b764d99d4f071d,Depression,Depression,Depression
NEW_dc3d694fc9eeb5f1a52f4b8640263054f37b46a8a72de5f4596064b9b923253f,Neutral,Neutral,Neutral
NEW_dc48b7a1dba71a58a3612f6424b5c9e5ca220f916939e6624520dded010512d8,Happy,Happy,Happy
NEW_dc4cb8a616dd7450af5219918a46d41e2175acc3598856c3bfda5c8d83f3e6da,Happy,Happy,Happy
NEW_dc571afcc7d89144827938a09b8889e9cde5eb03de5e02a7d46c63262f600f4f,Neutral,Neutral,Neutral
NEW_dc60c239c10386c2feeff5ed37f1341a0fe977a533a1739a9c4a1f92905ffff8,Neutral,Neutral,Neutral
NEW_dc6d13268716c5f133f297b2dbdc7eb71deb1cf8665b717486f702f467ded117,Happy,Happy,Happy
NEW_dc760b733ae55fde78c4ad590d94957422cf265644c3a012339f4ef3bdab985e,Neutral,Neutral,Neutral
NEW_dc76bb7e28556d5404c5b9e2170e6777940471214f6b65bc2f90c944cdb28052,Happy,Happy,Happy
NEW_dc77c5423cb987ca20fa4559a623a60f3a0764627a1f551a544e75bd1e3147fa,Neutral,Neutral,Neutral
NEW_dc7f759c8a5cca4859cfa4703b1cc75faaea247fa6d5bbb47c3dcb55eb53e8ce,Neutral,Happy,Happy
NEW_dc8bf739a6a783e759c3bf368fd8757d53e7882a057d3c5e700c321198d09921,Depression,Depression,Depression
NEW_dc8ffbaf58c79304c4407070ff973e1a2ec79f228719c1b901086f3dfc03ed56,Depression,Depression,Depression
NEW_dc93f643324fc64866ac3809cdb6b5246a257acec72006486dfa391beb828696,Neutral,Neutral,Neutral
NEW_dc9ad27d2ba217674d2da1515eaab9697736a30228958c91b6db217c5844c650,Happy,Happy,Happy
NEW_dc9c4bf405a805eaaf8cc3f0b17b54274b3890b6e3329b6961da0521b721f484,Depression,Depression,Depression
NEW_dc9cf15661c497079da76a5600d6acc9b53f25012b3e70f314c2fd1f5307a281,Happy,Happy,Happy
NEW_dcac413cc9aa61568e92bfc5192640088473181ddd04074c8a5ee9cfd224c2a1,Depression,Happy,Happy
NEW_dcb09b9841cac6841dffaaf662da26e60ffdd96c51b2186aba76085adf4e29d6,Happy,Happy,Happy
NEW_dcbd64727cd5852cf23cdc00c882d5bf712f91e6d052766b0d2768a33e78f571,Happy,Happy,Happy
NEW_dcbd7281d9e45111ddc00f0d62d8e3c1c97b33d8f6e93a3fd861791e9a3f5831,Neutral,Neutral,Neutral
NEW_dcc6141ad3714cee8ca17453d97ff46c5d8c5277890ad94853cacf9cb93cef36,Depression,Depression,Depression
NEW_dccaff1a67ae39bf3d201ddce00055a442a7af4ccb6801afe3200dce119fe947,Neutral,Neutral,Neutral
NEW_dcd3985126094936d71f0acd64829fd39c184b047d95ef1339d9366921632ba0,Happy,Happy,Happy
NEW_dcd3e51c256a26fd82f212877f89b2f194b593f03a886e9b620073a5ffffb495,Happy,Happy,Happy
NEW_dcd6233561d8223dfede66b5bd37c325793894bbded83157709f71a0125da8b5,Neutral,Neutral,Neutral
NEW_dcd80a274fdccbb80e227c355f4439e95b65b452ebafab39394157ad06f481d2,Happy,Happy,Happy
NEW_dceba8f3722493b7cd33602792d81672e556b309d8c45a288f23bae91ccb2c04,Neutral,Neutral,Neutral
NEW_dcec04fee9f4faa5a038f248470f100581e497e3d8875e3b1fa4ac38505ac63f,Happy,Happy,Happy
NEW_dcf586a9fa368596017bdf0c14c2864d0b0ec57003c3a6d5c273cb7c6cd19c5e,Neutral,Neutral,Neutral
NEW_dcf825c1fcd7d4aae9dfa23146a1904a25e6f728e944dffcf9f63961e1aab739,Happy,Happy,Happy
NEW_dcfa81da484ebc3d6817a3b067e0d90230bafc27cb938e070f113c1a92a14899,Happy,Happy,Happy
NEW_dd0a3024213b784eac5e30156265e50ccb039e593d9946d4115766c4ebeb1c97,Neutral,Neutral,Neutral
NEW_dd0b690c2a34ca4e9776ffdf851abb272d52a009ac26637ea87b84b792953b99,Depression,Depression,Depression
NEW_dd1ad3923257fec1ade73e6d2cba4c86788c11eaeee24ba3f44507bccfb64105,Neutral,Neutral,Neutral
NEW_dd302061498ff3a2ec82f1374db872489afd19a6a7c8bf0a88fdf336f13ea03d,Happy,Happy,Happy
NEW_dd387705656c0d4526e61c1bda001defea9631b557931f040699d13fc1d6fd39,Neutral,Neutral,Neutral
NEW_dd3b732332419c3ae96e3b22ec2d70b225974367a29202556f65c35c071cec38,Neutral,Neutral,Neutral
NEW_dd3eae27998f921899d16c742aaf7a5b2d3578de93cce983ba0535d52208a3b8,Depression,Depression,Depression
NEW_dd3ffa8b66e8c899cf4b989dbd781a7300e4489df235f664a5eff5525b9e8f37,Neutral,Neutral,Neutral
NEW_dd43d9caa11789a335236b7e4d8609afc10c5e45a88aaf4421692f8df9b77ff8,Neutral,Neutral,Neutral
NEW_dd4a1020e6676c1adddfc59fc3d5a2db0a0fab081da651b11d2d47e34fa33169,Happy,Happy,Happy
NEW_dd5a29edc391ac0b75e9878c9672c8f74ff39eae0e60264c3a0db556ca93f0b2,Depression,Depression,Depression
NEW_dd5dc6c28de2f8ddd176458dab1525109e7ceeb77c60ad3358580ac46ef84299,Happy,Happy,Happy
NEW_dd7065f7043172e3487451e76e0db081a2705da2511d2205c6d9494b6ab59b36,Neutral,Neutral,Neutral
NEW_dd7076bbfcde26580e90b13d692ccd8c7b8b62f20d40cf2486403f121399145d,Happy,Happy,Happy
NEW_dd7246aeb77c8d8d4faa64fc74f2e811613e144b46bb8b9ba8c992e8cbc50a72,Depression,Depression,Depression
NEW_dd861d8263e8024f747115712e7f7785962a2a51109a1e7cb59b7ba322e7d1b9,Happy,Happy,Happy
NEW_dd8b2ae2b53543972470028c4b186b34587e3e3902bcf55ec5e78bd970f095eb,Neutral,Neutral,Neutral
NEW_dd998a91463e06737b1be0edb39dcd5c6418c2caf69d6f838d2c5742d249a61f,Happy,Happy,Happy
NEW_dd9ac0e1c15471685aa83f28c0bc0efdd87564faec1a565fd4289aae5c3ff4f4,Depression,Depression,Depression
NEW_dda0eee44f1515d56185b144cc9b5d1559de087dca4bb5b1703383c5149d870e,Happy,Happy,Happy
NEW_dda6b084faa96cbdba3738b1b12581427c2774b1271456c4ef64e4b76b1123a1,Depression,Depression,Depression
NEW_ddb18a3bac7b014cf3aa33f888e7cb1143476eb4a169195e67805c354c891961,Happy,Happy,Happy
NEW_ddb2c7fb1ef0a4bca4cba6f8badfcd603e1e2564671c626174bcfb97dcaffb6f,Neutral,Neutral,Neutral
NEW_ddb6afbdaf700adeaa8ea973bc949d89b9b9faec50d647f1cbf2518c56e5b74b,Happy,Happy,Happy
NEW_ddcd4d182d5b36363a9797ba285f1ec11c7c1f57ed7ba0637d794b6c57f7dcf1,Happy,Happy,Happy
NEW_ddda01f72007f05cd5d2a21b51e7156dfaacade4cfc7bed6af3d3c56f13250ed,Happy,Happy,Happy
NEW_dddd751c0556b1912d8d4f4f4bd3dce63744ac4e22a91a1dadb8d0fb5103b952,Neutral,Neutral,Neutral
NEW_ddde58ffee4cdaebd2575c01bd51bd5e79fb1949d220c6f0917b79c383af8b27,Happy,Happy,Happy
NEW_dde3852476f7e78bc354b87a3247fc9af4448c78cc05d95768bf4bfe9e2cf9ba,Depression,Depression,Depression
NEW_dde3af9acbfcfdae3e0fc7c65d485943d74cef855328babe202fc8e87988962e,Happy,Happy,Happy
NEW_dde57258bb68decf581e254bdf42d33ee0309e876ad7b57da203cf1a03f4bea9,Depression,Depression,Depression
NEW_dde5d5d78d21a9a1572763d57bd9cae32f2cd6b573ca804d7bdd812435917a20,Neutral,Neutral,Neutral
NEW_dde974add5a37a6ab83b285c039d40960aa80b7d0d2532162ca79dcc49d8cd08,Neutral,Neutral,Neutral
NEW_ddf1e88fa3cc16775227c122b39bba2bd79845ccccf0d9f6c782a53d011b446c,Depression,Depression,Depression
NEW_ddf268823b8aecb8efae01a824c832641f1157a7d2e38e2a6329f32040f743b8,Happy,Happy,Happy
NEW_ddf4ad6540022b5f26c9af073117ad75e6c6a2bd44fecc377eeda7e729d8ed22,Neutral,Neutral,Neutral
NEW_ddf5e54366c25264c5e6a091d1f20c4e424829d2f0bff66f8d5ddefd89119b58,Neutral,Neutral,Neutral
NEW_ddf7dfee7316f22907581b26e5df9705d7dc9ed668a36736eb03682d615a0c80,Neutral,Neutral,Neutral
NEW_de0ad4a29fcfa9746b6bd510eb886f85c7046f16973b76dd1ff7ab2bbecfbd74,Neutral,Neutral,Neutral
NEW_de10c9590d99e15f08372646163ecb185dd92539e5939779245c1904c7369f59,Happy,Happy,Happy
NEW_de1cf048dbf2418e44e5f6f171eb86a12e781b6db0428d8306b139a6c5d7879f,Neutral,Neutral,Neutral
NEW_de2461c9f92f52268f4e68b0200458807b491d45a94de0faea434036cfe36ed5,Depression,Depression,Depression
NEW_de33aad167b17cf1c190ab7724a5c639eaab4434fe01f64934f50ff2dbc81b8a,Depression,Happy,Depression
NEW_de3439a956c8d12bed8985deeaa0d919348b11728ca87c51231c45ebf234b1d6,Neutral,Neutral,Neutral
NEW_de347d91a8700a8e8711354c74686e6a0a4423907de824d29766460672a01a4b,Happy,Happy,Happy
NEW_de37cb2329ee07289f6fb711f8a4c12ee597dee89a09e2f9609de3cb7304772f,Depression,Depression,Depression
NEW_de3ad964590b647218076bf0424bfcc7ed4de1b7189b7c83af1002263a691324,Happy,Happy,Happy
NEW_de3d11b1b39e89fac399b23bc00023628662f5658c37d1afe47e42dd203190cd,Neutral,Neutral,Neutral
NEW_de40ec5dd91950d7182151a7402f00decd8c160de393d32844c1c4d4228009e4,Happy,Happy,Happy
NEW_de5445d8c3eede936840c5d40c0317693e685bc879df8d4bd8885616aadab83b,Happy,Happy,Happy
NEW_de5654efa0644d34f1a2565e2ad370f53c4b7c06d0671198e4f95f06ee3a2cbc,Neutral,Neutral,Neutral
NEW_de643cd72b440d0c9f1a7ad534308464c8f0222179091146d850549caf1f4e30,Happy,Happy,Happy
NEW_de683db829de69fe92325afe3ea0bac79bb90650b5e4c7d3640ef1eccc6028a4,Neutral,Neutral,Neutral
NEW_de692d1c1776659596ac792b72de63044bc00c2875707dc79a6517a73c5cb542,Depression,Depression,Depression
NEW_de759c277948dbdb36066c3ec960af8e1471afedd27964c8d8968973ad0ed279,Happy,Happy,Happy
NEW_de7d1f5e20f28b9af6080d727b049ebcd0429d4bb697ba5f434dba5f56191cc2,Depression,Depression,Depression
NEW_de84eded2018f02b3a2a26d7453623a0d6d49a1e44c2152b3058d82a9a7bdb9c,Happy,Happy,Happy
NEW_de8505859044620418aa299670f462ca3489052f15d7dccbe40c44a23fed77d6,Neutral,Neutral,Neutral
NEW_de8f0a0015034da38a1d371150f947b1704a68796e7a70c3c8d4bf8795d549ac,Neutral,Neutral,Neutral
NEW_de8f880624c89cdf23a224bcd789144b348630e2f73f6bd0e25f8825ec2470ea,Happy,Happy,Happy
NEW_de96187751078fc3e00010de799f257eedd43a1cc89b040ee6863360c723c4ea,Depression,Depression,Depression
NEW_dea64914716b7624e60a2c2ae8f50cefe76515c899774500da5377134b6e66fe,Neutral,Neutral,Neutral
NEW_deafa17dfc23753ae3a77391f8eebb1c45b3e1b5eace712ec59dd50f8bca690a,Depression,Happy,Happy
NEW_deb16531936b6e1b9b485a0a399f7b1ce9cc99aa5f31b3c5ad2d9482a43f7dea,Depression,Depression,Depression
NEW_deb1998c7e034dae5a7c3f238c7b8c9b358c2ca42eb9067548d133a4b366e8cc,Happy,Happy,Happy
NEW_decb010f129cab6fab546d100b89e55859849f727761383a999b2d75de3a3bf6,Happy,Happy,Happy
NEW_ded5d91335607d81c3af6ad6e565ea92704ba145d0f83897abe1f3238e6c3dcb,Depression,Depression,Depression
NEW_ded62c39e1919ab72dc0b9066da543a23e0ee5a830266bca5f6ea7bc69921cab,Happy,Happy,Happy
NEW_dedb80e6b3087173d793079a425bb8d1eea6a23cfb57fb6615210721cff6be51,Neutral,Neutral,Neutral
NEW_dedcb8f4dade55b3ca791b0be49a650ffcfef0e95eca9fefba9fb22c08753467,Happy,Happy,Happy
NEW_dee4a2702c50b0de3a96041891768faf3d740c2be9c9141d694a82d4e0e09feb,Depression,Depression,Depression
NEW_def8d19e9a55b58b5493c3775828202d9e38e9f2071af20ce52b04ba2431c85a,Happy,Happy,Happy
NEW_df140ea2e453b8bdf8c3863c8cd8136c6e40bbe7b9d6c0f81e7dc0b6176301d1,Neutral,Neutral,Neutral
NEW_df15bad98dc6125dd32d3c5ef97dbb98d30756808cf08e9e0a11b5038f0b34a9,Depression,Depression,Depression
NEW_df16292535ec86a0752a5a08ee075b1aae71906a536d4408c8a0bea00a281d93,Depression,Depression,Depression
NEW_df2b82151bc49a2aba949091e153616b7d5f744b1d00eaed46fe1e6a14b640dc,Depression,Depression,Depression
NEW_df362519f026329ba8f69dc4ed5d7d7e8338b7d9147638ba47092f5309fb1f68,Happy,Happy,Happy
NEW_df3b13e9c40f7252cd017a7e35926e1eedd686c5b3ab0cad968269f13129e29e,Neutral,Neutral,Neutral
NEW_df427df13474a0825cf76ca9e34b943ab0b7218a8eca6e0e2b095bf7328b177a,Depression,Depression,Depression
NEW_df45c6d332a7722701c412e6b339a20b99c8bed11aaeb7ae5b773beade4ca67f,Depression,Depression,Depression
NEW_df4a3c1ba08880bd867f9d7a5298eabe1f6fcabb0d4f57a8e701e38889ee2566,Depression,Depression,Depression
NEW_df52a6fe055994c8db50da5d5e010aab50bb22f4c579d7b2b35fbd276836ad5a,Happy,Happy,Happy
NEW_df53ae56e0f23ff6399c326c23c82b9ee05ba99b6f233249c7fd526c9c82ddbc,Happy,Happy,Happy
NEW_df5f00458357ac4e2537e940892f42ccdfc876e6375e02cd1d9042effbcde7ac,Depression,Depression,Depression
NEW_df62915f67408e705672e85e47b351b6f3d29615e485ad651148c55009c78f28,Depression,Depression,Depression
NEW_df689ea54d5d0e16edf2b7f0d90045c14a69a2ef2f42d98b94a9a681c4db789e,Happy,Happy,Happy
NEW_df7b2a9a1958a944022fa3638cc48d899e0f61c5fe26d5d46bee666faed31d38,Happy,Happy,Happy
NEW_df8e1da64e2e4cd7e6499dc5f9ce4573a68858c178533cf76df6acae553dacfe,Depression,Depression,Depression
NEW_dfb14e67c3d42fc4698a911b4be83c70803f10db9da2688c663e8396c0199f16,Happy,Happy,Happy
NEW_dfb1bf678185b39cd4b62758a73259ef985425405c7b8f6535f8d68c6f0c52fc,Happy,Happy,Happy
NEW_dfb46fa50269c06aacd30adfb862347df7feda80f17139fb503d8931513feee6,Neutral,Neutral,Neutral
NEW_dfb93e326cd86192fddd7f5fabff0f9e4289bda7e40cd1b08e90e11e1d3a5bfa,Neutral,Neutral,Neutral
NEW_dfbb77e9d5a07d3ee73a6f28a4cd7ddf614d70c4ab8fba3b874c01c8bb8ba8d2,Neutral,Neutral,Neutral
NEW_dfbc174b816fdc46fb0daa063778b158a11c8500ca7c39ef1d0b2df62f8206af,Neutral,Neutral,Neutral
NEW_dfbf87be55c3f205ace5dce58c4ebdf601b6cba3d64b4604dc91de8eba375e54,Happy,Happy,Happy
NEW_dfc307bd3f341bd3278c893c2782882deee4c9029c56efe3d481eb89e55fc6d0,Depression,Depression,Depression
NEW_dfca35f10e9fa1bfb517618b794d2eb58e645e298ace0e1b811163982f93804a,Depression,Depression,Depression
NEW_dfcb8b3641761dd08e5c60e47df8f3b6c382a482245b7590522c3f6114dca8cb,Depression,Depression,Depression
NEW_dfce4d0e34188762199441fa9157c68c38903999c2c50a0c1d89a122783f1d67,Depression,Depression,Depression
NEW_dfd72033a45c0aa033aa41afe89385e287f769717180d22f29497a9d12441f56,Neutral,Neutral,Neutral
NEW_dfd95d1ff4d6ed49526587ef95c8b166f3b923c7e83e359b02429679da302903,Depression,Depression,Depression
NEW_dfe2750f7602cfd09407f584d113fa5a332b2583ffebf5c96458df81c76fa48c,Happy,Happy,Happy
NEW_dfe45f920f5cf353899390b4a88c20617183d6044ceb5fb59adb4b1c2c3b0a41,Neutral,Neutral,Neutral
NEW_dfe55411ee8702d3a1986fbfaf6888e290d9b7f7d1e2dcb7bd9f7e6069568329,Depression,Depression,Depression
NEW_dfe6dd18814e4f52f32a6f620b738b6e756e3636ca76f946b9985ca07660397a,Happy,Happy,Happy
NEW_dfea8ec9f8fe77f09e80e3de2b1c917aa2bb816502e3d5593eb619a05e3f8ccf,Depression,Depression,Depression
NEW_dff9a59faa57b57825a43833562f835d4a7d7a17920146ab32b901ff5cd1fb02,Depression,Depression,Depression
NEW_e001964eb200ea7cec03390e04d7557a2175de6e39226614ea93818f80f0ed78,Depression,Depression,Depression
NEW_e001b0eb2ee95d23c89c5fa7ba5dd974199ec655bbe4fba670565d1144cc0cd1,Happy,Happy,Happy
NEW_e004ef88ad87a425ed7bde887beffc38ea8c86ce627bb65ef8e4f2735224c4d1,Neutral,Neutral,Neutral
NEW_e004f543d6be83ac677add48ed24a997e094ef6949c356396399152ae175f7e0,Neutral,Neutral,Neutral
NEW_e0074e42772e9dec1dc0e4ab576657478a4ec727e60b771fb27210437f2feeb6,Depression,Depression,Depression
NEW_e0115706afd9f38d056473aab3f9eb14dfdb8de40bf42713fe3972308ea86669,Neutral,Neutral,Neutral
NEW_e01315d9cb739bd2b4fa56718c6c86705776bd6e986b3fd1dfcda88f0e917f8c,Neutral,Neutral,Neutral
NEW_e0164e906ef573ae42ecd6f28e5953327dd640c8688bd5a1f7adae25ae8bb9be,Depression,Depression,Depression
NEW_e017b2ee42950aa5114b1f9797410de602c7a0a03f80a4c5d0411247429ae145,Happy,Happy,Happy
NEW_e024f593f4bfcade26e658fb110fa5954ee9abbb7bcfce80d55b1a5044657fe9,Neutral,Neutral,Neutral
NEW_e02f7d64974ad523f54c7f824f4ef7d157d4a1763fc0e23bf7029da58e5a107e,Neutral,Neutral,Neutral
NEW_e030251efa31eb4b9f0cdc2bdf6299d0a9941c93e0966e9366c8724fd80db438,Depression,Depression,Depression
NEW_e03b8faf27136f0cf399ecff3f1763657bbcc8797512ca77af89b8044d274039,Happy,Happy,Happy
NEW_e03f4a16fadc985b5de7f50105f32804de765e22d39405640cd32ec30cebf98b,Depression,Depression,Depression
NEW_e047e260ec6672a3ea728beb76d1446b8fe7084901cf34edf289dbf27a7e00ab,Depression,Depression,Depression
NEW_e048b1e33dcbfe13528596467e2b27ddec6122fd25cf9c5fafb3d147469f2227,Happy,Happy,Happy
NEW_e05a8ad87caeaf413d5aaec441f6be2ac0f3e3509f27789345e1395ae7c250bc,Neutral,Neutral,Neutral
NEW_e064fdce13d57c52c2f959aa89f89a86094a2d5e217bb798d53a6d0f6c545e11,Neutral,Neutral,Neutral
NEW_e06b98ef6f25b99e143b6bad041925504cddb2ed2a2afd7020487702a1db0300,Neutral,Neutral,Neutral
NEW_e06c963a32ff9d3020751e7153c4a857dec7f5aff6325e6f470bf79de6dc10ac,Happy,Happy,Happy
NEW_e07263b38709fa8dd8aa27e87e248d5100528255a9b1ba8e60e680bb9b5573b6,Depression,Depression,Depression
NEW_e0748ae6e82027596332399c7775dbdbcb52d70aea4cae34abc1c510b47e6de4,Neutral,Neutral,Neutral
NEW_e07a355e69dd360f10e2446a6358bda7ea09407f3993f787cb6ec68ca49ee91e,Neutral,Neutral,Neutral
NEW_e080e702a7e3e23727d53a1366075d141f96665ebd297af9f8930d585c998406,Depression,Depression,Depression
NEW_e0870b8a5fa295bca9acf337532155a2fdd6541e9cb4ff3ab39be3c7c930c408,Depression,Depression,Depression
NEW_e096d8dcd07518436be4ade324e7bd5c76ee41103731e9be66d72966b59fe239,Depression,Depression,Depression
NEW_e09721125fe421388e09220f88d6e8c32cdd6a889f4b459090620114befdb98a,Depression,Depression,Depression
NEW_e09d2a4fa678231830f04b93de7cae941f7abc23274496a9dca23c913a153570,Depression,Depression,Depression
NEW_e09d6dd006966277f26e95c4e7e3a460927b318cd9f14e0a6dd37a8170bc027d,Neutral,Neutral,Neutral
NEW_e0ab733ab8e8062932f2f4738b4482517ace1c5de4f5c48b9843e60bd5c27aa5,Depression,Depression,Depression
NEW_e0ad0c7df80e66899d129e7d5c3e16cea61628cfee1f0a08960f37a59c7669c8,Happy,Happy,Happy
NEW_e0b368374e7e288f324c5c436673e636ebbc8cea4fc915a2a57af181b3854e07,Neutral,Neutral,Neutral
NEW_e0b534b864aff4b8bd65ab1ea020a67b8f7b94918f56cb51a3a615a909ecd1ea,Depression,Depression,Depression
NEW_e0cff4c1ad0b74ebcf19d87a28235325310aac88d29fc40f8f346924ad4a55fa,Depression,Depression,Depression
NEW_e0d61044ee70675812ccc1ebbcc1124ffdea4ec8a6ddb06b66e76a61701c2d7c,Depression,Depression,Depression
NEW_e0da324eab35f3821e679e982d75f364f85cdab1a3aa8e911d99cdbc4381a401,Neutral,Neutral,Neutral
NEW_e0e0c08161ebb675487e42dab8345488208534020f3c6d739e0bd44ba20eeb08,Neutral,Neutral,Neutral
NEW_e0f2a8c2484bc961514aeff5d7db8ed5e486c28337a4db60eb7b9facb5f39a9a,Depression,Depression,Depression
NEW_e0f5a0c9fb6725c13a9d15aa6a422c8bcb1ecbe5f39a6ff5ea4dbac5d9fb1d5d,Neutral,Neutral,Neutral
NEW_e0f8fda16c7b9e17240db2f601dbab1fd36d6421f1007ab6dd82e3cc81b4bda0,Happy,Happy,Happy
NEW_e0fd558ddc363d2620c626361abda9da9de2bab2c3108f128f0b53ba4481a7db,Depression,Depression,Depression
NEW_e102576731608e06cb0c80ccc69d2f659eb4b196c23f44b8b008742b8af4ae3b,Happy,Happy,Happy
NEW_e10720f819205d011bec91f86b7086b4727e621c732e0259a35d24638817f6bf,Neutral,Neutral,Neutral
NEW_e107fb957948e45a11c0d9cf33f18707acddd3aa28a018e913c1ba811aaaf57f,Neutral,Neutral,Neutral
NEW_e10ec3b45bf9d9d253899b153f9d83b8585fd7ce5608bdc268ddfdeaa1651ea6,Depression,Depression,Depression
NEW_e111c49f7a1da6d7baf8a27edbbc9d9ecbd949300a409bc54a9ab06db29aab4a,Happy,Happy,Happy
NEW_e113b285366afd80abed2a9cfe33ab9cb9aa10db8e49db8b6fa6d7d6857fb5f3,Neutral,Neutral,Neutral
NEW_e117b256a9d12ade77604d46bf2e59838102f3fa8731afd5dcabcc902a170bbc,Depression,Happy,Happy
NEW_e119347c8c030598b2664ef139399fb0a498e35696159de0bddc67e2c2c30e71,Neutral,Neutral,Neutral
NEW_e120c9a1a166b41766394e428065b5b904a27709400c8627b8cd3840696cf797,Happy,Happy,Happy
NEW_e124214390adec78eae33b529bf9a3ba853b1f22710155fc7db2e760d82e9b1f,Happy,Happy,Happy
NEW_e125bf283ddf6dc2fb79de754fadd37e4e14a19a28e47e880658560f5b891a3e,Neutral,Neutral,Neutral
NEW_e128221d282286dffbeefd31e7cfe64cf87b7df78bc946d49ba36014e79d09c2,Depression,Depression,Depression
NEW_e12fe91a5d19138b0202bd5248dc5816d0be0701706f0f977630b10a7254a8f6,Depression,Happy,Happy
NEW_e1381715b9ede41c9f10aa764e47fb32706e90b0baa8cd472dbefa8f01f2d3b3,Neutral,Neutral,Neutral
NEW_e1386f13b9ab5bf29b525580ab037d25d2a1dfa186ab1dc29fe8bc202014341f,Neutral,Neutral,Neutral
NEW_e13c4b3d1f3d919741befa369399fdbaa03ae20adba81c34bd4f19ed1ccb68a3,Neutral,Neutral,Neutral
NEW_e14681a86178171c6859085801cec30ec467124af196603197b96bc89565e4e5,Happy,Happy,Happy
NEW_e14d604947e0649ec1d91070b55125521767a839ebc91e3bfe3d5dc874ec096d,Depression,Depression,Depression
NEW_e1592a65db5c5261780c2574e98c2acb530c355820655bc56911d7e339c9dc1b,Depression,Depression,Depression
NEW_e15a689c429f9bfe8a0d0602e2ff153e61effc2f42b0b44620aa3235cd21bb77,Happy,Happy,Happy
NEW_e15dfe90714457f3a1f26346a709e139fb061f4c1db7208c6d12ef920c7dea40,Neutral,Neutral,Neutral
NEW_e15fec660638f35dd40a8e05056a9b42b98119d4f6bd6721f043955a77c5790e,Happy,Happy,Happy
NEW_e16194518d4cb86754b08f05cbe78543c8c6ecaa18dacbc6243dc4f6657d6fde,Happy,Happy,Happy
NEW_e16ac609993ec7a753b531a624781d264ebb62a64e42df1ab16200a8c4d959d6,Depression,Depression,Depression
NEW_e173c178c0ea7fd97db35ef78ba376fd27844416c5c116a8b470b551a41e082a,Neutral,Neutral,Neutral
NEW_e173e2f0d166b1826774881db92ef5542e56d37fd95afd8d17b39db45be9a32f,Neutral,Neutral,Neutral
NEW_e178070c471e069422456df1dc20215e69bd4f37a5bcb3848a59e40a707ecca3,Neutral,Neutral,Neutral
NEW_e17bf98931a6cf5ee631f92bb21b815ea87d0e357a788b4072f7bdcd5f6563ec,Depression,Depression,Depression
NEW_e17d99231c822bd67891b5639ad10485067cc700eab8c703ab940dd594e1ae09,Happy,Happy,Happy
NEW_e180fdbe2af4edc1efc05102fa8118c197c3e5d0fd7ae0c9ae9786b449678311,Depression,Depression,Neutral
NEW_e19b2472471f7b1d5b54c082cd4aceca71a56f1bb126fc04145b3a4294339b15,Neutral,Neutral,Neutral
NEW_e1a7a893c1094c5f97e16b81c5d3368dcf25a3ba78eae5508a537a56d2df52ef,Neutral,Neutral,Neutral
NEW_e1ab58dc2182a969e2d2dd5ed6c339fb581e0033cae3706c4e43e082e23e257a,Depression,Happy,Happy
NEW_e1b2f3da6cbd2b41e69c8563e90ef1020cee3d4fd1e8068db03d531305b702a0,Happy,Happy,Happy
NEW_e1c03dd95b9c99e70e0a5f702b63bdf64778cd0f9fd5767ba2df9e9c7e8a0351,Depression,Depression,Depression
NEW_e1cc8a0dd03b4473c5c115c21179c73c0b7ed1acb10130bb3160a292ef24d9bc,Depression,Depression,Depression
NEW_e1db5f99e3ff4699886c5a2af26491d38273790c87afb65eee729af497984490,Happy,Happy,Happy
NEW_e1ee0e2cc2c8f452cdfb163238a3881f0435fa716dd2a9ca1ce06c3c065651ad,Neutral,Neutral,Neutral
NEW_e1fc6cbbebf39a20b104e8eb2ce3bf6a3bedd03e28278121cb9e90a95c6b2b82,Happy,Neutral,Neutral
NEW_e1ff36bfc591d717b63ccf9e95252d9cdaadf4e435cc2fc173616b2d6716f653,Neutral,Neutral,Neutral
NEW_e2048c5bf394a9835c8dcbd73e8a09dffb61d33998f93c1dc9051c871b4a6447,Depression,Depression,Depression
NEW_e209598e29e169e39cd0ac4f7bf6d8151354e8aa13e76e1be781b705b1cfa764,Neutral,Neutral,Neutral
NEW_e20ae3bcf7c616e8172950a952fcea6921cfbebe48c2a4e36f82a3702a353000,Neutral,Neutral,Neutral
NEW_e20c11f6659fd0df598dba5cde87040f4b7e14c1fadd2f8c28950a3752566717,Neutral,Neutral,Neutral
NEW_e20c9c01432fbef61c689e75fafc7bf1f5aaca5a8d084738525bf4a4c7a6008f,Neutral,Neutral,Neutral
NEW_e20eab94326a8030472b7ef7127fa322085c4be9ce312a000b859a09f2c5a40c,Neutral,Neutral,Neutral
NEW_e21ee239169b5c9a2b82352cbcd813cd37fc81b2a8722c8c2b2504fbacc9ae59,Depression,Depression,Depression
NEW_e2246c3cbd2b480a03d104cf1eb5af0355c944ad9bac2ccc2c0a1692dfafbd71,Depression,Depression,Depression
NEW_e22b22986d1207f09d8fb0a578db2b77a7f7a44af7516224c77092224fb43b9d,Depression,Depression,Depression
NEW_e231710153acfdb2db33a301421ef8e4e0e15c212481fe9d6d5cbd4fe15a2e57,Depression,Depression,Depression
NEW_e23b72c8738e4875624870bb87365fe9828835be380234eda36e61f0277a3b9f,Happy,Happy,Happy
NEW_e23e56c5c768f97af9c0d74842c0f6692b0423704d031e47897b5eec4ed1d435,Depression,Depression,Depression
NEW_e241c97a33a49a7136a9c0728f459bc0755f6bf724863e629987d585d1fa15c3,Happy,Happy,Happy
NEW_e24aeab99f222d05d3ac610a21462909db2c2ad8158d1ca20a74965c5484147d,Neutral,Neutral,Neutral
NEW_e2513a94665a8a602d4de70d983ee6b44f4a0aa452c26ff64488fec4fd7a18f6,Depression,Depression,Depression
NEW_e25a184252ef16c115e813eb700afefc66e356f6c27032263cbcc275003dbed9,Neutral,Neutral,Neutral
NEW_e25d1a6be6894ba4f854142cb1f33dff27166e86da92968ee1c8dad507aba498,Happy,Happy,Happy
NEW_e272aba666a7a8f53a57ebdc1a25f815cf089a2a1162cf43d89e94c3f5c62c9a,Neutral,Neutral,Neutral
NEW_e2812ef915a85d6d0401545abc35ba90747be96fa5a0314b9f58ec02386f7696,Neutral,Neutral,Neutral
NEW_e28e2ccc3b59fa059a057a892cdc87cb4dad9b4d6ebcf582e2681c6c531fbf58,Happy,Happy,Happy
NEW_e29a2953ffe51c61714c5e64e99a2184e7bebb11338033a577291a6490142a3c,Depression,Depression,Depression
NEW_e2a02777c0202fb65d89522aced19514471b32a86e41b9a411059b2e2e2f11ec,Depression,Depression,Depression
NEW_e2a06dc75e2aed437b5bced802bbdf8bb5d729d4cb1312ca108d822a977c4852,Neutral,Neutral,Neutral
NEW_e2a46fd34ac4a5ed991118a35eb08218c8265333e5b9f766b98fd4433494d2cc,Depression,Depression,Depression
NEW_e2a501f949cf276aa1ddcd8c63866b44b2fd7dce3885e88fbc7bfa5c6f35ecf9,Happy,Happy,Happy
NEW_e2a79bf14c58fd3a9eeedf6ab91e5f06b84207c2077b96bfbe99fa1b40c92087,Depression,Depression,Depression
NEW_e2a8012499b9acd4df9028915bdf28dc5681ec6543aaa8ddf02bc5ab0aad830f,Happy,Happy,Happy
NEW_e2ae2a6b79d297f1f32a63f605a7235b12f3d77e760b07a19846af5f06268079,Depression,Depression,Depression
NEW_e2b153f2e88c87bdfa2d90fa286ba90a869d392e4ffb22ca41b2832eea69ad6c,Neutral,Neutral,Neutral
NEW_e2b4179c5a2ee1b4d812fa206866b45053433e41fe9237aa755eb522fea63854,Depression,Depression,Depression
NEW_e2b4a2afa5eba159c227e7b7121f77dc477c243ab6bb19f18990cab72355b2f7,Depression,Depression,Depression
NEW_e2b62459d95160c5f7bcf0ff6ea4346bd8b73fd16ca1f33bfe7f800a02e98c1f,Neutral,Neutral,Neutral
NEW_e2c59efecba4a181fc82ae2dd91a97df143026b2e377e9afff43a2d04394ab6b,Depression,Happy,Happy
NEW_e2cbaf036099a2cf0cc847ca866dd9b35719c43e91d4d4ace535d3256f8d9a62,Depression,Depression,Depression
NEW_e2d0b47be94f75d40502c97dd2cb0d6469009f640154a6ab43113d388d5c4db2,Neutral,Neutral,Neutral
NEW_e2d10076f0915067419f4cfd9ee9c0ebec2924783a1d60def92f6d6114c12528,Happy,Happy,Happy
NEW_e2d228545f03c13d5bb1669901983b3712ee145d42f98a29ac7a4389e67d558f,Happy,Happy,Happy
NEW_e2df0f346948b5845735a1d552ef052d674e2ca81eb3930b61989ec40fb39469,Depression,Depression,Depression
NEW_e2e2c22c7cc7335c4b3c33ab8b2275765222e850bd1838487257ebee874f933c,Depression,Depression,Depression
NEW_e2f21407d8671004e09fbe8a1b59318b095217fbf5ee09feb696d6c6c849162c,Depression,Depression,Depression
NEW_e2f7f28bfd05b8cece0fe0d787222ada4ae3da35ebc14746d7614f79ced6604c,Depression,Depression,Depression
NEW_e2fd4b977b9ebc08336f20c72a549d6a5c5104518e797cf14e49fed49867bd4a,Happy,Happy,Happy
NEW_e300620620248a65223b5a79fd36200bd3392179c17ebf91f146c86c990fe86c,Neutral,Neutral,Neutral
NEW_e30358d2a57cc13c2d04ce79766d33414f91f9cdcf75380e252773b4b14eff97,Depression,Depression,Depression
NEW_e3048e0a344e36d3c785d6b3856aea82dda60a5977c497e4b1adea5b7323e0ac,Happy,Happy,Happy
NEW_e3088ea663aa4ce7097d6d69e8d0fa6cf1b69677fe16e12a3a6190f4fd1a923d,Depression,Depression,Depression
NEW_e3108539b5665fb60b5896baafcc3c030753b8a7ced2caceececa3377bbf02e3,Depression,Depression,Depression
NEW_e321c94bf3b3c709ba7d0d46afbd04f0cc152f026cda316a5a4e33affff409ea,Happy,Happy,Happy
NEW_e324f6ced20d96fa6c78ce99483c40a60371f498045807847dbaf3bb4ebc8723,Happy,Happy,Happy
NEW_e3369531bfbb802ff4e8ddf35fea901ff168e9854441c3b4cdfae21f4583365e,Happy,Happy,Happy
NEW_e33a877dfedb752e4b5607b202a80b149c4d029355d8186ab2484f814277963d,Depression,Depression,Depression
NEW_e349a7c477cff30078b8f8353e6c3054fc30b37dffd689ffca511d29f68f0ad4,Depression,Depression,Depression
NEW_e34d45f9426411e9fd0e3122d2595a8649232752c1f5b0f0689832de5ada92a1,Happy,Happy,Happy
NEW_e35c393986456f544e9e6bc72e62afa522fa1a0db5bf470107f4dd38bf583f99,Depression,Depression,Depression
NEW_e35c53633311d165f33d1f9d0e56faac07e74a8264df4a22dbf374102374892d,Depression,Depression,Depression
NEW_e369b85e00b736d37570aeaf5368635d6e1d5af8096c878644c259ec50b875f5,Neutral,Neutral,Neutral
NEW_e3737085d8bc1e44ab435736bf34af064a7c9a13da27b5516840a1b10fba954e,Neutral,Neutral,Neutral
NEW_e376c187e9226d083bd455e20b27bcb4a96b2baad34e50bed1d91a4268a9d301,Neutral,Neutral,Neutral
NEW_e37828dc67721554133a6fccbd297d258ff3b5f46c90bbbcec9f38c64dbde237,Depression,Depression,Depression
NEW_e38961088e8b8241a25c8f7f4cf6fc3502da04390f4fb816529523db1907942f,Happy,Happy,Happy
NEW_e389fcf132f1043c8d9422d48341c9a78a738448aea792d08b72562059ea4069,Happy,Happy,Happy
NEW_e3909a72c86a762061a9a058e3a095b4889fc8ed6787971777a3337dea294d6a,Neutral,Neutral,Neutral
NEW_e395f90250ae461fa781bcb64896f1104c2da61b3c00818d741b09f876d801b9,Happy,Happy,Happy
NEW_e39c9ca5eb8598cc591a9bdfaa071193058d66b7b9269f68540853f1c73f47f6,Depression,Depression,Depression
NEW_e3a00648cdf88fc4a5d3855cb1e74d5dfd1663cd4ddb8f6aad1eabe4df8931f8,Neutral,Neutral,Neutral
NEW_e3a582c3f327e2131202a70a5c33704d66b135a85eb065c96ea054feb22e9c19,Depression,Depression,Depression
NEW_e3afc967e8f5fcb88d141097291c8327b4aa0cceec6bf37272dc2ab9c45c9c40,Happy,Happy,Happy
NEW_e3b3e6af3005767515c9e7671e39d76766f0d679b1d71ebb247943bc5b1667e3,Happy,Happy,Happy
NEW_e3c6f1c67291af4bbac97f9b349cb144f2dc797836d807ddf8f18711d32749a9,Depression,Depression,Depression
NEW_e3cc4c6c9d79c831af5460daf3b5033bbe35568830bbb9023be22e8b21001f6b,Depression,Depression,Depression
NEW_e3dafedaaf36026a86dc4d79ab004711a05e45e7ff90f0aeb59b5bc8069a9dea,Happy,Happy,Happy
NEW_e3dd992b7195be6c586eefc27d5a250102f7c6c625996c50887ac74bc5b8b40f,Neutral,Neutral,Neutral
NEW_e3e030208f8273ae22a17ba140066d5d69c6a778a367638475961398963dce60,Happy,Happy,Happy
NEW_e3e286686a018280da685594eaa72acda0dec7e4f46c61a274c73454a2bac891,Neutral,Neutral,Neutral
NEW_e3f0976dc36689be0c74ccae2a7ae6246663accaf21314b8b82356d69c5693d8,Happy,Happy,Happy
NEW_e3f287c9920a2bb640afc76c64348fe0efbb0df0aac0461377bec2656a7fea7a,Depression,Depression,Depression
NEW_e4040d3fe0cc7e2cdc1ad6aa1663b5e75d8836cb596e97ac451cbb801e51e2d0,Neutral,Neutral,Neutral
NEW_e40461f8d0d62d948891ae5fb010636a24f1496b381e812c03c2ad3a3621a35b,Depression,Depression,Depression
NEW_e41b7a22c746c8687b258cb414947aada79f038c59ab14a89323de0bc64e663b,Neutral,Neutral,Neutral
NEW_e422d4fea9973f6253c2e027b43584dfaddf9bfe226ed32caa7982fd8bd07c54,Neutral,Neutral,Neutral
NEW_e43c1bae3530d84b1993bdab75e1bb2525144f87e989100c9cd629fd0392e79f,Depression,Depression,Depression
NEW_e4423ff5471e7772dd7a89234520f1099767d55f028be2924a538c5c4ace69fc,Depression,Depression,Depression
NEW_e444699aa157743468680b770c0a40f9bea713bac6d10df8c13e5400bb2410a4,Neutral,Neutral,Neutral
NEW_e447525ecb1b3cec9c77c27ddde86387eec87b184ec32393d5117c02587a1024,Neutral,Neutral,Neutral
NEW_e4512e45e92e1654022c55ea64e5e97eceb4067a0c3e3b9fb4a49a942328f98c,Happy,Happy,Happy
NEW_e4524567f6bfe18423807a2899c18881dd2327a9292db3604c5c8fae2fc19cae,Neutral,Neutral,Neutral
NEW_e459f5400bfd525291bda0ed0040407c57e35c214fc513d6587c84ce6b10e4cc,Happy,Happy,Happy
NEW_e45fb37de9267c3dcd2894db4aa3af3c2221ec77e4fba1b585746eb3022d523b,Neutral,Happy,Happy
NEW_e462fda395fd6255c65b768956d607937ec7c2e2c06f95b1dfdbf26be8cc65a1,Happy,Happy,Happy
NEW_e4680af53e0c2f5981814c2f33bf346842d320118bfb662291180e602af3bb48,Happy,Happy,Happy
NEW_e46940d71886d59916c0332eac33dd60b1bde6e962a3914a8a4b878580d1b653,Happy,Happy,Happy
NEW_e47167c1d5ab84836af92237b217a6fe77acee3bccc403a37baa2ec7493b8c7d,Neutral,Neutral,Neutral
NEW_e4746751467e082389a0e16b4cb4391b6c694556cf8824097c181c73c588c7c6,Depression,Depression,Depression
NEW_e47f5fe35236f7ece1f0124f96a3dc37a1e2242988c8e733854d65e2c27e3b73,Happy,Happy,Happy
NEW_e47fcd82ce59e3ce58476d7cd783659699f5ac777ec6564c443f725bcf3e6dea,Neutral,Neutral,Neutral
NEW_e483ff2d017f76a5eaa379e3b349cb9e84c4871e3d61b45af9577fccb71dc923,Neutral,Neutral,Neutral
NEW_e48dc328a2032198d8f123d97e1dc78b501c40f3f86337fd2ab7365fe3ee4f1a,Neutral,Neutral,Neutral
NEW_e49f15d298a94c23019722eef0d4438b47b68c0ebb7153dd53b47ac0c74bd3c1,Neutral,Neutral,Neutral
NEW_e4a6d2d35d83b7f88ffc4a2ffedc5a60f37da9e2c1c54a5d07d710eb053a569e,Depression,Depression,Depression
NEW_e4a7caa914bb32bc18c0c3a39634f398235761153079ed6a6de8f8e4214b06f6,Happy,Happy,Happy
NEW_e4a93087e755715dfcf058434ab5083ab75c0be944d53c18a11a70044e3c1473,Depression,Depression,Depression
NEW_e4ab403b64132087113754525d06ce6080eedc8f4ecf180ee77a974a507d7da6,Happy,Happy,Happy
NEW_e4b9faefcd9899bc101cdce8daaf8697f52ebef532a41760297ea997a0194aa2,Happy,Happy,Happy
NEW_e4bb85a7cbde34c9f49fe32ed50e270cfb5346e29e7c53e7027d81469b124ab8,Happy,Happy,Happy
NEW_e4bca6ffe40b26d9eecef49f6ab3aa4bb71ed69ee9b24ad16b712fe8107fd0cc,Depression,Depression,Depression
NEW_e4c61c5fd1ae1bbe88186037b90ea38ab561978233ed282240614bbe19136aa7,Happy,Happy,Happy
NEW_e4c86163b85eeffd3fb9818e9015a39f53690a699c3ccfdd67387bea32b25fd5,Depression,Depression,Depression
NEW_e4c9cae3657d88ad349aa10e7563b899d6fb02ee49b1e920e2e50be7e2509290,Depression,Depression,Depression
NEW_e4cf3d8bf03476bd474a3c7af2d0c14a6321dce307de4144d34b24c85c61e943,Depression,Depression,Depression
NEW_e4d024937632b85aa99d48ef9020ddc9bb5b4a8051d97b1b7b7a0d7034e45eda,Depression,Depression,Depression
NEW_e4d3868b1c258379ecf77095fb6be62e960ece33715e4d8f22c671436429f809,Happy,Happy,Happy
NEW_e4f0b0304dc949c6e307b01e17caf4f8f8cb5388a7073265fc9f317aa22e955e,Depression,Depression,Depression
NEW_e4f46eadd04a0ec63c11a7865308a8d9ea3a7299505c780f73510c8308939d65,Happy,Happy,Happy
NEW_e509295b9e21f0a1cf2fcc4c46fd0482077dc051fbadc6cee4e8ff540db97b36,Neutral,Neutral,Neutral
NEW_e50b44eded4b051a494356cca5d99090561f33b6c0c0a3a5b1762fd2ec7bfacc,Happy,Happy,Happy
NEW_e50f2db99cb7fcf686fa55d0063cab8404c2fb1e5d2fb72ab518c9a7d5e0b95e,Happy,Happy,Happy
NEW_e519b8159ecef4ebfb1aa392df449c1b720d14c7ed9bda5f9138c435bd6bf95b,Neutral,Neutral,Neutral
NEW_e51c06167667c239b47d99b0c1d64d51c4d5c739ef5121c2c82d49b59eee1fd1,Happy,Happy,Happy
NEW_e527127bfa0c6bd3cc57fb4f15b70b469cdba162c1e28b28e53a8151d230f2c9,Neutral,Neutral,Neutral
NEW_e533fe1c0b6f899db4a0aa03a6d5532a47224dd114e02bf359d7d9cd1c6bb346,Neutral,Neutral,Neutral
NEW_e5361d5be116cf66854494a47b845e93d861c5bf17c019f41172fb69bba0e081,Happy,Happy,Happy
NEW_e5413259dacdbb68595cbca3037a2d0f099acfe39098fd56e4a8464378dfcdfa,Happy,Happy,Happy
NEW_e541370e155b055de36696e3fa273912cfd7f81bfe8c567b0732dc468a6684ba,Neutral,Neutral,Neutral
NEW_e543c501604f024495acf16cc2beea1229c4f8e2103ffd7e5f1abdae35c6b36a,Depression,Depression,Depression
NEW_e548d9444f8b47f8d5196c4ddb7d69de605bdb29ed210e1ec19047070be2c882,Neutral,Neutral,Neutral
NEW_e54cc6ea806ec696ec32a69e99bd0e1fe2357aa2b23362b6132af6be18859c01,Happy,Happy,Happy
NEW_e54db9f1156550997fe44780347667c1139832fa8d3e0c72367f152ac3dc5f30,Happy,Happy,Happy
NEW_e55d7afa8a93840a654bfc49a68af65ac1742fc283cbf965e878720fa0847a33,Neutral,Neutral,Neutral
NEW_e55dd77c0be8baf15c7ff677c0f390d377e637a968d2cdd5c983cfeda5ac7980,Happy,Happy,Happy
NEW_e5673a5a95ad284f4fa8f48e3acb7de628fe0e16ed9a0018e68f1b50ee51f824,Happy,Happy,Happy
NEW_e56ccc88edc14a770e42ba26bc30f9b460acf62087251617d617799fce0d86d7,Happy,Happy,Happy
NEW_e57262e847a90d859df0bc86fba923f107f8de7d8bd5ade01bec57bbbb3c7e50,Neutral,Neutral,Neutral
NEW_e5812edd5e9f63d0b39c7ec8b4472f01ec137747dd9356e994b0fc6ed189d547,Neutral,Neutral,Neutral
NEW_e58672333c504493c6ee60fdb8473527b83d3ee95bc4b8d22f5f35dd9b467c18,Neutral,Neutral,Neutral
NEW_e588ba7420c105e93964793781a2e553c08b9e423dae53cc6438542f77ef4c39,Depression,Depression,Depression
NEW_e58e0e52811a4c7b948db463d8cf3b519946f551855b0ea1d6ffffd0c64c4c04,Depression,Depression,Depression
NEW_e595ceec7784242c0c82324d155285569b05eeb9981dfee6470b7bced7253b30,Happy,Happy,Happy
NEW_e5966e9821ac8abd37a8ce3c52fb4ef6589b06ae121cadd1d1ff33edc2f22cca,Happy,Happy,Happy
NEW_e5a481348b47df9e838203d328b3d38ba7bf450a9d5fcd0eb50770eab73eb56a,Depression,Depression,Depression
NEW_e5b3bc5baed09250b24ccfdf8d5bb0f8bf98cbc3ebc3f80dae45415fddba6b6f,Depression,Depression,Depression
NEW_e5b76c146c0f2a811b48a20a4c6bc8caf08fc02b60437373c183927dba641137,Depression,Depression,Depression
NEW_e5b8cf9cb66eb2cc5e1b099aa37626390dfbb675e7c664fbf2e0155a5f9ae3c1,Happy,Happy,Happy
NEW_e5be596fe9a868c5b96a2ad80b8f9a8d7e395d4e01ebe3c7b0c7570caace1f00,Neutral,Neutral,Neutral
NEW_e5c4d962a19ff743494ea48311a5db0cb13c64ae10c8f3d38ca3ce1bfcadc37e,Happy,Happy,Happy
NEW_e5ceb2128674570555dbef937e9a0218ef74708f8a9dfeed85b0ab51e0bcc713,Happy,Happy,Happy
NEW_e5ea90eaa196585ec0e3ce36bf892d64c6dca4c79a134a71f8d7c688f3daac68,Happy,Happy,Happy
NEW_e5f19d55633a590f0207a4e8ce896e0622b19b098e2ac15b6efab3fd6f97b276,Depression,Depression,Depression
NEW_e5fa366cec50c33b50dd81d69e1fc4bb842a5b44d1b6e6c5a7f0f78a2a5238a9,Depression,Depression,Depression
NEW_e606721ebbcdee9368d07445d54e97b607ac68e0aa973f88f4fe5ce1ac2118e2,Neutral,Neutral,Neutral
NEW_e60d5d09d555b9f304f02bf8a32583f13e90c653e9dc9711e5f14f2aa5e5f38c,Happy,Happy,Happy
NEW_e60f253d6e4a86ee566dee7f26733cb70ebdf80362cbcc34628b7deccc89b338,Neutral,Neutral,Neutral
NEW_e60faebcadb927948c28f4ac56243bd94a743db7f1aab4e02993b2cc5c92d9ac,Neutral,Neutral,Neutral
NEW_e61a930537706decd58ad7d2e26804b651984aa739a29e7375572b5f5c5bbe76,Depression,Depression,Depression
NEW_e61c056bb197ae310e549fa7967168b94ec6cb8bc2ba136cbc08f986ab924d73,Neutral,Neutral,Neutral
NEW_e61d437ac6eb70f99256221466afec20b15d5f17c5d64cd0ac22d77f8a7e2066,Depression,Happy,Happy
NEW_e6240f9b9ad096e63f10f7643deeac3c5c64bcc4c3f6dc2b3930ce6ca2556108,Happy,Happy,Happy
NEW_e63dac2bfd337969c1a62068bc3dd057133c463413f7c566a1383dc03b4b0dca,Neutral,Neutral,Neutral
NEW_e6468c724135a7f78ab767dfd97d2fadda406464b972794510b839cfd50eabaf,Neutral,Neutral,Neutral
NEW_e64886ddb099ec85223445f465e42feeb40f33e2b585ddb45d3e2e577d2b7606,Depression,Depression,Depression
NEW_e64ff620dc6a4e62f8fded500cb32d09fead625ea3742f51c3a3c5950003617e,Happy,Depression,Happy
NEW_e663ed8cf293b11b882557aac1561a1a3692e0a4dbc53099e1fb5a283d024f98,Happy,Happy,Happy
NEW_e67040c7ebe2eeeb3b6531e762359aca1fc9edea3f8f28bc13994a98727b33bc,Happy,Happy,Happy
NEW_e676ac37c67fd9d5fd8c83513b6ed83ac375f11bc3debaa87d93e1988df4e2be,Depression,Depression,Depression
NEW_e67790305a14b484abccdb42c14b9befdaee00bc5e35149b5c11ae3df952f149,Neutral,Neutral,Neutral
NEW_e679466aa391fc6c455c43f468755d40e919384b3dc1ada7f29d0df5d9044d4d,Depression,Depression,Depression
NEW_e6811ee24ce76c0db3f8a6c4996b9494100e4660ce3ce7034198cf922d09d813,Happy,Happy,Happy
NEW_e6835fa79542f26553f37e68caa54fb660b7a09a0bd06be59605b2d87689d7b9,Happy,Happy,Happy
NEW_e6868699f191c729b894c9802331702ebdb60d147ef2efb9da36c18b044f98c2,Happy,Happy,Happy
NEW_e68e0ad39c8eabd01e8c0b8b33d1066a941e273924dfed7ea6b27ef6dd165497,Depression,Depression,Depression
NEW_e6a30861084fa7261d7aacbf14c21b8c4c65e39b603571e567b0dbf2f2c5e76e,Depression,Happy,Depression
NEW_e6a409ac4afc8fe8413aecd092a85425d5866a9310bfef914bdd07d0d456621c,Happy,Happy,Happy
NEW_e6a8ea95b7e86729f3bde79899ee49aa62dbfe62875257092b9e1b598ff401f7,Happy,Happy,Happy
NEW_e6ae9adf63232c393daa7ccc36cd56eb46de9f688bdca938e72edc532deba29f,Depression,Depression,Depression
NEW_e6dfa0b6a79c8ff18b7fa65a7e6f753fd57d63cf4ccaeb2e84a1dec23539e5be,Neutral,Neutral,Neutral
NEW_e6e5275c8d1a2b4b07a8620c7fb685c636ab3faf79355400d2aed4c121be1efb,Depression,Depression,Depression
NEW_e6e6433b41f79d9c8ed70725366c8692a341e5455734874b579f86e1d733d177,Happy,Happy,Happy
NEW_e6ed8cecb54b5cdc006b50fd573a1001d9a34c199ec82efa578ca33760a415ab,Happy,Happy,Happy
NEW_e6f1122a8a65f807dd746d85cdda95734dbb0eb4a5f5eecbed0a6f2186c8b6b9,Neutral,Neutral,Neutral
NEW_e6f93c76a1a901955fdd2f9dd82d86e2b6d4891ba649cab38c55e63c2c04c24c,Happy,Happy,Happy
NEW_e6fd592fdfdebd1f62fe6a271c58942c3ef7a239ed517c7febc20a30dd76e942,Depression,Depression,Depression
NEW_e7070b1c53169c614464eb8e320a0f1126b02cd8480f735b08aee54789a3bce2,Depression,Depression,Depression
NEW_e711f6223ec0a6fa709ea4c8cedf24730edf11b276f5621b1ce5c26ed66c6028,Happy,Happy,Happy
NEW_e71b5c5c5829a3258a13af8859fc90a36162bf2557409e5a7010e1a3e49994b1,Depression,Depression,Depression
NEW_e71e106a6b5953e29cfec494e692a1efe6e5ed3a6ee081db8ad9798aaa02f664,Depression,Depression,Depression
NEW_e72aac4883ae384633b5efe41770a23c832b59f7f72b72c789b4a1a4987fe2f5,Happy,Happy,Happy
NEW_e72febacfcb327842b56400b259af7f056c42e7bbd2e6ed664e8bf708c04921b,Depression,Depression,Depression
NEW_e735d9075c08cf391bbc2e5d27ae6b786e29ea217f88dc30f5c39e58ce285b19,Happy,Happy,Happy
NEW_e74092f04a8ddbf8b48bcddeab88afda0ada27347c3e6ba1e9c33e6bec780b65,Neutral,Neutral,Neutral
NEW_e74b8effdaa73589c62be7c93f643280c2579161b1b2281c55b413df6467e95d,Neutral,Neutral,Neutral
NEW_e74d2d310da6feb72d54232f863000c0a2ca96bef1958938945724c62ffd6e19,Depression,Depression,Depression
NEW_e74f3f7cdacb2e43ee25dcf09573153eff32c01cbc9e1524b986759afe2f0418,Neutral,Happy,Depression
NEW_e7534c6f2555f7da4b27c431b99a37abca674ee23f309828ea39b44ca0acb84f,Depression,Happy,Happy
NEW_e75787b29d1bb3cf48d7eca88649af35d7a8fdbd166141f10b923ed51c314ab0,Neutral,Neutral,Neutral
NEW_e75c76bc1e7c34831ef4925c4b934cefafcc317dc7158e8d58e42a431ac547ab,Depression,Depression,Depression
NEW_e75fa87e7e62a5f72b19163348cd7c195d275e7cc05f47e49598a7e7e983c7f8,Happy,Happy,Happy
NEW_e760553b8395a1a8651396b63764e7a0ddd5f9d977a323a1a55ace6f1d7311c2,Neutral,Neutral,Neutral
NEW_e760c480f0eb009d363449700176f92d945fbd47fe6295d922d9b87e80c73f64,Depression,Depression,Depression
NEW_e767ebe80f470ec98b7b20ea500c5cf2ffaf7c89d6a05eef1198fd0903bc5c37,Neutral,Neutral,Neutral
NEW_e76a25f529b8255b682768e833a02dd518877c59c3451d3822e25e2bf5b6ec81,Depression,Depression,Depression
NEW_e77c967c455128e9f723e2f8ca9c14e568ed6a0c363c25683a5ac717492240df,Depression,Depression,Depression
NEW_e7803ac1484273f513d1f0721ae04802ad1aa111cb0beae76488f22bcf1e50ea,Happy,Happy,Happy
NEW_e783b80eea5b78a1632dc75d52268b5d55f948d5beeee0411bac8f18523083a5,Neutral,Neutral,Neutral
NEW_e78c41c7dad7a367eec81e35c194cf64c2fd5db683be1274cdb114f65f781062,Neutral,Neutral,Neutral
NEW_e79500ccfbe18bfe432213dad6c138f46d4ab04a5b0d791904080ae8fc6aeb87,Happy,Happy,Happy
NEW_e797cd074e0f338e71eb680cb4d2082c3d6bcd9319a301f2d881ddd68416c3b5,Happy,Happy,Happy
NEW_e79d8ccd0e3505df2cf8d5093e9dd49c2325c18054fcf40c9cd0cd136f618650,Happy,Neutral,Neutral
NEW_e7a50ddef272481ca64d51ca8f08450b39d2d1b95e499a3afd751cd362aac160,Neutral,Neutral,Neutral
NEW_e7b1508f4b81f6bacdee39d079544a9ee619f2e45495fc5dc74613a64636a214,Depression,Depression,Depression
NEW_e7b19e41070ed858ac542ba30ca57c1089d6666395d57172855795c733614ebc,Neutral,Neutral,Neutral
NEW_e7b3e0cf8831f8354a2e0b975f6c2a4e29adadf28f4f6b31c9f70e1d5630be9d,Neutral,Neutral,Neutral
NEW_e7be3b43c228a9cddf0ee5bf28dec79189dc0d15c4b859961486d2202aafcc67,Happy,Happy,Happy
NEW_e7c80afabc3d2d598164e3e91b00ba694b57859308f3a981a693f453f0e97de4,Happy,Happy,Happy
NEW_e7d51bad00eb79568660d9a8bdc6f6b201816d330e8b928542fb67b718d89f54,Depression,Depression,Depression
NEW_e7d740b42681d0843c863d2365eef806e3884824856ffaa82524e788beb877d5,Depression,Depression,Depression
NEW_e7db505720c2283e9f4647c1a2ccf2b24f34beaee632b6886b7b73e363d9b169,Happy,Happy,Happy
NEW_e7de7f28ffc49c2775093477031d12f273e16653ea2d826657c6dcd35d332dab,Depression,Depression,Depression
NEW_e7e041f9b2e293dbdbb2fa2a6d9bc6eadd3eef6fd75726611b3c7b48934f8001,Depression,Happy,Happy
NEW_e7e1df0c1110f74ea65dcfcd74ef973948811f5d0ad7bb9e9b55315d91906531,Neutral,Neutral,Neutral
NEW_e7e81689f1c839d422e93a8cef706da03ab9d623af93b41a9489f365c60ef231,Neutral,Neutral,Neutral
NEW_e7e92b42dabdf727346810a2493e6b475fd66e2b3feebc78f453478e1d25b6fa,Neutral,Neutral,Neutral
NEW_e7ebb2efba5025bf789a143efb9dfcde630046f1d1d9cbc3367e531d4c6d8431,Depression,Depression,Depression
NEW_e7f46a673b0769da87e9dd080f5c2f8ef4c3eb869ed1e9838101906e3dc69fcb,Neutral,Neutral,Neutral
NEW_e7f63049ffa35e908897dd33ee7700b031d03251c5ff562338ca1bd5687c3cf7,Happy,Happy,Happy
NEW_e7f879d8cf97104eab005572d5d2a467bc3ad24a74eb26ccce329731245e6da8,Depression,Depression,Depression
NEW_e7f95d75088f6ca7d28fb88dbd75bc41e8fefb767ceb479d2181504ebb952d79,Happy,Happy,Happy
NEW_e806ad97d8bcc09f36cee44e1619f754e95eda1abb441a210d9b4379faf17d33,Depression,Depression,Depression
NEW_e81e3f156af2bf79b16a655d3747cfe5d7c3f0f33c3091cbfef9e3b06f1cb85d,Depression,Depression,Depression
NEW_e81e7b621201060ca611b3a301cdce649c7ada2e5a80ff71976da50db42d3436,Depression,Depression,Depression
NEW_e82ddd348acbf2f54da0674d3fcc4c0e749564230d65935faec86d4d70260bfd,Happy,Happy,Happy
NEW_e82e06e3722f497dd0996dbacbfbd04625035d4cbff03405ec34848dbdb4d944,Happy,Happy,Happy
NEW_e82e0c4edab5f82e0d113ada6ac1a8ad9034d563cb19359b5b468e8285a8468b,Neutral,Neutral,Neutral
NEW_e83a0bbda624b9a344b07497b400f5766a097266f1c61c17748ecb49dbdacacb,Happy,Happy,Happy
NEW_e83bbf458200bb60ebaf1145b482d23abcddb5444deca9867ef5d84c5d4c3caf,Happy,Happy,Happy
NEW_e856bed9ead469e9c9e6546f279054a7a372330b942561fcd8661ad870cdae6c,Depression,Depression,Depression
NEW_e8601969e8f1b2d5ce805eae86ee85690dabd37a073c81ada65599a4aecebb49,Neutral,Neutral,Neutral
NEW_e86d15891caa00312a40018c70b227e67bfd4b90d07986a5b1196fb831786c23,Happy,Happy,Happy
NEW_e86eee337cbf86d4531d7bc269e41247471b4dea860609d4a8d46a720942570f,Depression,Depression,Depression
NEW_e87d2e8726ab2b75c414fccd41e7a0d04e2fc5a8bac72328d6dbe633989c8925,Depression,Depression,Depression
NEW_e8850ecc47e561b98bf545c46638a112620b8f412b372a23c62ee6684ed23d8f,Neutral,Neutral,Neutral
NEW_e88b97f8fdfb7b713ed89f6ed069c3d74cced028d5f2c655192898c83e30837c,Neutral,Neutral,Neutral
NEW_e88f5501f8f327f56fc233b363bf89bab4c73508fd0e48bca32da9ded71786f4,Depression,Depression,Depression
NEW_e89aad13e2bf82604455d9c22e8a75bb63a5d596982183e400f5e85d8c44bc52,Depression,Depression,Depression
NEW_e8a7c9312d185dcc35995667f1e8cbc497d267f559b9beb36a333a451b7a156f,Depression,Depression,Depression
NEW_e8a8bdbc3712393e27cca602d2bb97c8b9f0c2e44c65af6924c6a0830ee5477f,Depression,Depression,Depression
NEW_e8a9ee33fba8c73ff74b0b500e61de1f45706c5caaf8f43cb64e557406f588b7,Happy,Happy,Happy
NEW_e8af4551a34f06e05fb9ec3bbfc2721b5ce6182de6d54cf03e6125586d088d80,Happy,Happy,Happy
NEW_e8b45a2a96a5abe0b9d375d8f5bf877d7cf48dfcf535a082ac596413dc461853,Depression,Depression,Depression
NEW_e8b6194546f333b9fd08a614f189f14f55fcdb31c3b4b616a95ab6fc85c89e84,Neutral,Neutral,Neutral
NEW_e8c621607325cfdfb9af536ee971f6891761a9bbfef4b1cdb246adcef1b4952f,Neutral,Neutral,Neutral
NEW_e8d3fea651a9fa24007d0df49c361da974af0cc0128a3959426c9f6b0e4afdf2,Neutral,Neutral,Neutral
NEW_e8df86ba8531ae131859301a9ffc65d14986423368342acff098c830ff8cfd9b,Happy,Happy,Happy
NEW_e8ea492066f3900ee2d4b9b7bd45b1441045d3d5c096c4ec1fb66b8636486f8b,Neutral,Neutral,Neutral
NEW_e8f3ba513232d0d3255820d71844e56cd6020f6daad2960ea218f2d15c7bd342,Depression,Depression,Depression
NEW_e8f46a4fcdb957b062cb55f5c8936468d1de0789688d10348dd3b5c2e9bd451d,Depression,Depression,Depression
NEW_e8f91bff6d499d1a9a03fdd6a285351119a6cb462fe164932987867d90b79452,Happy,Happy,Happy
NEW_e9046e88b63f2c7f7c2c1c13d326732c6ecb0c9fb92c9bc9e2dfc0607c29d8d4,Neutral,Neutral,Neutral
NEW_e909310aa94a95fc941d6006301d0ae53fa7ede9ee7eae13c5a9b0a82f6820e6,Depression,Depression,Depression
NEW_e90980e3d74c7de17cf71f36a669557833333841cf3ff9d71be0df072226f3b3,Depression,Depression,Depression
NEW_e913c4f72355b47112c25d8ef4148c184619ecb55148bd79519ebd0c4e14a371,Neutral,Neutral,Neutral
NEW_e91ac31e31117c71a11076b0759f6a0b2f1083045484e1bedff3243a9aac342b,Depression,Depression,Depression
NEW_e927a37a8dc457f45cbd2bdc58c7eeff55c0a82d8661d85a9ef21fa90ee27d82,Happy,Happy,Happy
NEW_e928552b880f64dc7ee80a5d8c0f440dc83132aaea82913ff12f45f0e72026c9,Happy,Happy,Happy
NEW_e94d7344174b5f1f61041031405014ed56656bbd9bf333ecace6f0722f31e783,Happy,Happy,Happy
NEW_e9542f7f343d5c357b3cb2904e2f38c0114ee56228673577ac0b63e7706cf5c2,Happy,Happy,Happy
NEW_e95495689e126049061f1b83de5847fd7fb7eb7a0e21f11e18254662d96188ec,Neutral,Neutral,Neutral
NEW_e96045602200efcf0122d4c78c0a9fa9c783bb7d674f9f0a3d5a72e9e78b4d98,Happy,Happy,Happy
NEW_e96316176036267587ba3d3eb7fbf2e01fe226cec5d6394681b443a910909501,Happy,Happy,Happy
NEW_e96393933f051d7dbf53808571f44cea9d6ac71c5de53e96b774604d51c3b2c4,Depression,Depression,Depression
NEW_e9650b640708da8ff777cdec368dae03366b84eab37deed7077f5545b533f146,Happy,Happy,Happy
NEW_e96892c230869205cd26661a3e5abd02ff6a9942c67b00899702abfd5b2a8893,Happy,Happy,Happy
NEW_e968eef4867ab0f70dabc6ecc74d1df86f23b939c41d34467125e2cd959aa575,Happy,Happy,Happy
NEW_e9743c3019e8297b1f65fa54e6739d1112f29ba287c7b83da825bfdec898a7a2,Depression,Depression,Depression
NEW_e97a83204ed42f6db6c99c0d11e7ebc89e1500c8b2a2f1bce2db0180924ee0eb,Depression,Depression,Depression
NEW_e986803bd86d388165f35ebd9011254f196fb89984b4d5537a523f34f9115000,Depression,Depression,Depression
NEW_e990b5675cede941cf314db8409856e9fda42a9183b1974dcedf8f8c6ddee81c,Depression,Depression,Depression
NEW_e9a7b389abc49dc2d8547a78cd37e85a38dec39d7e397584094b10e115c6d5a4,Depression,Depression,Depression
NEW_e9b522b928ca08dcbf29e39566c696f65577eb3b70fdc371e52fe850c7822142,Neutral,Neutral,Neutral
NEW_e9bcc1a7c8f4e14072db1c0dc598251fcf1cf0301d44466423fb042e030d5b94,Depression,Depression,Depression
NEW_e9bf48e825de4eae4b8ca3cdce1e021aed34047ca8d6082efdaabd026c7f23e5,Happy,Happy,Happy
NEW_e9c789ad8becc2dd971655f0b4eedbc4d1e0676958016dd6975a96caa1572f53,Depression,Depression,Depression
NEW_e9c939acc62ad552083168bd893cbfd18d1196134666a0f30bcebfe79110269f,Neutral,Neutral,Neutral
NEW_e9cb591298ac350af371358c90b4093de19f1cce83943ab033521532b3ed904d,Neutral,Neutral,Neutral
NEW_e9d4dfeadeb0f4de8ec5ceb7cf4ce65b9f1fb3943445191345fea672575f4b22,Depression,Depression,Depression
NEW_e9e0ba59b75610116ff4aa34dbed22934ee9be560bf46deca503a2a5277b5316,Neutral,Neutral,Neutral
NEW_e9ee26d5222a7a0277b27efb2502957e5ee588cf0e06e3cb7a16aa4c7400b36f,Happy,Happy,Happy
NEW_e9fddd6bb4daea29241bb1d41d18d8d9557a786afa261473549157febf06e7c5,Neutral,Neutral,Neutral
NEW_ea068a35c0e4bb53c0627de97dd3ef0ff0d4aabd19d0809e52ae465d373cab8b,Neutral,Neutral,Neutral
NEW_ea0f97bc2432a26764a28115a69a14c07a355717578ba7deaff839915420ead7,Happy,Happy,Happy
NEW_ea21b37a069c0c6ff2022b8677a1f354d5b2444381ea54fee79be7c699c504b8,Neutral,Neutral,Neutral
NEW_ea26566790c90ee483bd04d0794187509331ae75600f927331d44ccde876df27,Depression,Depression,Depression
NEW_ea4bd22ab8b7d14f10e45d05ba77b899793bbd202298a5566e5d0034d0153668,Depression,Depression,Depression
NEW_ea4f24838363a424e9a8a476b5996c05a3c4f8313875e1a13a380616a5cced5e,Depression,Depression,Depression
NEW_ea4f9f0e68bc7f48ea723852eb8534243f860c8c749b62e579f82dd208f7b557,Happy,Happy,Happy
NEW_ea55e4c0a35fc737a2ffd720c44e3909ac09009335659ff63d39173c7ef9761d,Happy,Happy,Happy
NEW_ea5e817ef854bd6941bbed5c0ef9fa1dbb2e8333e176ee1c46ffd019dd232ede,Depression,Depression,Depression
NEW_ea608c65ca5bab1898b0ed52b458fe07a02466d618b573685b7c3f482d871d8f,Neutral,Neutral,Neutral
NEW_ea63f24c99c6d313bd87b6acefc8a3af6202d6b5cdc1659e78a7dc8e8147ffd0,Neutral,Neutral,Neutral
NEW_ea64fff4c8a44235ef1c71ef1367dad48df8d1441bd0fabb1f929cae05081ea6,Happy,Happy,Happy
NEW_ea6b86582c016ddd14de8896e32fc13e49b862cac4828ede161cb32a51167f58,Happy,Happy,Happy
NEW_ea6c293b734b4e8fbff2cbeb6c0e300d58b750be0a8bce979608cc5906be8d65,Neutral,Neutral,Neutral
NEW_ea7649d59f5f3c204c37ad480b1aa16ebcaaa5b64b0bbdf365c7ce082c32932f,Neutral,Neutral,Neutral
NEW_ea7aebdfe38436b22af3a9d549210de0c15146daf724d1dc9d70dea9d6f7bdd6,Depression,Depression,Depression
NEW_ea9119332a902dff64db5dec4659945dc21ad5db3c94301d5db6fb26a26ddab1,Neutral,Neutral,Neutral
NEW_ea962d2702b8182c47ec10ac59eba479677950c25d8d3dff84343d47e1505124,Depression,Depression,Depression
NEW_ea9fa183551d41eb6c4fde2f641ebfdd06b5d132161bb6b172e1eccb06d34cce,Happy,Happy,Happy
NEW_eac1d4a1ec9cd809ab8a2999de732fd6b043581da9baca00f377a35f65ee3ea7,Happy,Happy,Happy
NEW_eae3637ddb2cd3dc21e22513ea1958d0f078ef4c2b4f01b4dfc02d6947f0ac46,Neutral,Neutral,Neutral
NEW_eaee814d0e312377c5da96e760a9d944d6e6fe03a4ce65af5fe42f5757556b24,Happy,Happy,Happy
NEW_eaf5b9780ba0a1802af77a724d66aa9ef129da1b74d808c52f335ee23dad6b79,Depression,Depression,Depression
NEW_eaf60da9120de1add285a67889820b97ab72f8a636d4110ff72233a059d26ce0,Depression,Happy,Happy
NEW_eafbfb0684d32b9c891c90e96463429d8fb11be06cbb112dfc136d2674ed343b,Neutral,Neutral,Neutral
NEW_eb00d893cac7c8af2737bb2c43594361108e5015a4996dd5a7ae1625191307e4,Neutral,Neutral,Neutral
NEW_eb04e62aefd86087c064e3ef89544971e63ca21a501f583490fbe7fdcc97c5ff,Neutral,Neutral,Neutral
NEW_eb0c811c4247d9c1b058fbe047f02f0b72e368052c5d0d2f9ba792ff427bc839,Neutral,Neutral,Neutral
NEW_eb18dd43fdb0bf69d532af6fba603b92da307d205f31b2317d2bc2c9fa030728,Depression,Depression,Depression
NEW_eb1bedb1289000fb6f9b4da1e3da09537c18ce3a188b02f33e98a35ced19b7e3,Depression,Depression,Depression
NEW_eb1cb218550186480f6eb3ea4b078381fa1e493de0a75899dd1f0c1799e75cbb,Depression,Depression,Depression
NEW_eb23ac03a3961e8adbfa1a1f2daf61b8abf3b0280213f410b4bc4f127f9192f7,Happy,Happy,Happy
NEW_eb313f59fa098a3de7711bad78e6deb3113ad5cbeeea19992d63ce457b664a16,Depression,Depression,Depression
NEW_eb3aad8023b1e5525936f152920aa8eecf511317cbb1a06d744541f7147a1051,Depression,Depression,Depression
NEW_eb3b3f3ec3cdf2b075b6c881b1aa2c07e90932987674b0527f93de989e6664a5,Happy,Happy,Happy
NEW_eb4696d03e0b73569f09fb942ac49413d980c5da773b3e9b49c2b8cd184906ff,Neutral,Neutral,Neutral
NEW_eb4bc1a6d76b15123a2e306743a5647561c22f286ed2caa88e1b93e84d2c8086,Depression,Depression,Depression
NEW_eb78434a7a5b6c3fd9146128da50fc97269b1fe3f15b3a311aefcd1110ac364b,Neutral,Neutral,Neutral
NEW_eb800ed66308508cd0401672d09ace61056bbc4663fa230a37d16edcf61b0361,Depression,Depression,Depression
NEW_eb88e619efc9d3911e734ab239bec89ff2cfca0aa3b1b3ec1abafc6559aef64f,Happy,Happy,Happy
NEW_eb8ccdec3e2bdd1772e115dbde2e2edebb3ee5aedb8dbc1debff25362a77b274,Neutral,Neutral,Neutral
NEW_eb8ef8a1c03e34ece8bcf368de0449c91b569d30d5c8d6e075a3290b85d9a7a4,Neutral,Neutral,Neutral
NEW_eb93fbaa198eeccd1670c7149e477671a7d135433c8e9285507a92d28db88031,Neutral,Neutral,Neutral
NEW_eb9823ab4829b4ab6b4f0e907b8d4827baac3181d092e142edaaf84fb149435c,Neutral,Neutral,Neutral
NEW_eb9c47d7a6a8fc05908d1b11fd5fed7de60a7116d0883ff5702d9e11daf4f1f9,Depression,Depression,Depression
NEW_eb9fa4940d1799f59aad7117bfddc1a1512e3781ebb9fd88e6767e9cda27b1b7,Happy,Happy,Happy
NEW_eba74d3fb9d4fb657a8e39f4e76a8575439f5b0efaf8312a2fe68f319f9c6b03,Depression,Depression,Depression
NEW_ebb1660053d795c03dd700f82edf4b1b344075e64e2f3a5471271e4c3feef807,Happy,Happy,Happy
NEW_ebb853cb1fff7f76bf66e50f51c232da1e837db696b17f54f89bac59497d11d5,Depression,Depression,Depression
NEW_ebb9e55a11feda94d717a00e6ba9eef865a00e5871883ba424883fb0e92f33a8,Depression,Depression,Depression
NEW_ebcee7850fa539bf866bdc88e85e8b52a694b8eebd222b0f258c8a09bb99d6de,Depression,Depression,Depression
NEW_ebda7b905aeff63d480993fbdec3c49314e71e46e7ceb9de5bd70f33ea4cab3c,Depression,Depression,Depression
NEW_ebdda234cb8355864ff9743b0769fe8e47167321616d9e117d26ddec3792c790,Depression,Depression,Depression
NEW_ebe44d66467159ab0f43c90378d23eb43b7b7004d05baf3c91d13dc95b9b810a,Depression,Depression,Depression
NEW_ebe4cc8efe2a37476570b0bb9a1c79ecb4c4935af96fd8f3103c0d9cf721494d,Neutral,Neutral,Neutral
NEW_ebe79922670b3ee06bd10e1ed9d0334845af22224ee95b90751586a1f95b8052,Depression,Depression,Depression
NEW_ebe8a202ab29191e054c050105ab192354d5d6e71f62019b8faf1ec3750723a4,Happy,Happy,Happy
NEW_ebecb5cf7b482241bf893c1e73a255ba719fc45e13d9f26d58586d2570d295a1,Happy,Happy,Happy
NEW_ebf8c8c8a7ec520556575253d9a83279c239c91a02d2c166ecf8a934c6a15a8d,Depression,Depression,Depression
NEW_ec16258839abbbdf84b361ea40fa0501f8637ac1c9e9e1cb5d72be300a5ad519,Neutral,Neutral,Neutral
NEW_ec165ca3177e6c358bb44dea1a8bf006b78efaefddee5c838e73698b5e23b473,Depression,Depression,Depression
NEW_ec247351602a216f150e342cfc41ef24a20397be29fc68b293336005f58f9b46,Neutral,Neutral,Neutral
NEW_ec31c4542c05ce2a433aa92429e8a56e949e9af20d425780609e827aeb43657f,Happy,Happy,Happy
NEW_ec349eaa5682e205be83ff012c224d90eec64fab62a2cdb7e37e13a52517220c,Neutral,Neutral,Neutral
NEW_ec3ec67b2ecae0cd3c702cf28f6f62b2747560a33c586386b75c36d531ad5914,Neutral,Neutral,Neutral
NEW_ec3f46d77b4c8b76c91c7ab002172233aba0b6a3413106a3920f905b42581a40,Happy,Happy,Happy
NEW_ec436a1252f655883212c8e7fdad0a4ef3e7e1b145d5325fc9062e82c085ec21,Depression,Depression,Depression
NEW_ec43c502aea4a195375196206f0b53b09e56babae231c2e67aaf369508238958,Happy,Neutral,Neutral
NEW_ec5517ced87775bbb8ae9901f2d9a9495e76d5632b1be96abe3fa91c3cefcaa3,Neutral,Neutral,Neutral
NEW_ec7a15f494e019f940c29531e8c78dd7ae4bbce08dfd633aa363fd880ab192fe,Neutral,Neutral,Neutral
NEW_ec86071c986b6eca6ca884ecc851c80e552e87a13d79acfddb5f0b4e4c0eb2ca,Neutral,Neutral,Neutral
NEW_ec887143ebf7f0fdac03a8baee43e495c3eb1425f027f69f00af3d9ff3742f7d,Depression,Depression,Depression
NEW_ec8cd69118557cc861aa9244bfa6cadbcb739c639c8f2e1eeb747633316a6e41,Happy,Happy,Happy
NEW_ec92df57bf48f23c788c37f3ac65a9b46bd177a8f52322d20dce35028933397f,Happy,Happy,Happy
NEW_ec9459710c3923aab8b6e83e352624b0bc7a25e1ae1c12d8f3bfe2fbacde16ee,Happy,Happy,Happy
NEW_ec9a04dc5f9e8df0e35a761007ee9d2f620f1ad39d64afd5a40318774a3c0106,Happy,Happy,Happy
NEW_ec9ccd9615dc10dca5f373fe8781931856ae773a379071a62a4d9b9171f114f1,Depression,Depression,Depression
NEW_eca936c48a96aa799e553bdf3106e1ac67878df31b05667f477c35895c218927,Depression,Depression,Depression
NEW_eca94089432e9f6d5e4915ed202afe54a195da5de336de28314f099a8e1112c4,Neutral,Neutral,Neutral
NEW_ecabd374a3f6e5d7739ff8d49e85d9dd9c0143e441913eb27c74d73d8a3d0b6a,Happy,Happy,Happy
NEW_ecac96f2e1371e0857b3a6dc84b50d22f78b3255b619c235fe40da707c6a8b7f,Neutral,Neutral,Neutral
NEW_ecb178fb551a60732f7fc3601845f4b1f7c176e13f41ae947b2fcb1176a8ec1e,Happy,Happy,Happy
NEW_ecbd4eb686ee97c3f95385a4d1d6fa49ddd536eb6856691ff5f34fd50280e118,Neutral,Neutral,Neutral
NEW_ecbdfae7716f782bfb961ae0edc1394a23bea8758d7610499b42f5fffb4de63b,Happy,Happy,Happy
NEW_ecc815d86c8f28f17390937f0b1b908ad60eaa840d419d96ed7596347634f4b1,Neutral,Neutral,Neutral
NEW_ecc911e92803d339472a7ef3b50a622d1d3fba42a8e55646c004db334656b174,Neutral,Neutral,Neutral
NEW_ecd9f54b1f07acb7c841b70e156757e8e3cf2abe6584b7e49b9208b67c2c99d5,Happy,Happy,Happy
NEW_ecda4a5597c0992964a4e2576c5d39e3c0daa6332f5790fa7484b70b4cf05fc0,Depression,Depression,Depression
NEW_ece71365257b95f9055fd09da7a9fbf5b26fd41e7e8e81268c8d1a1d19ced99e,Depression,Depression,Depression
NEW_ecebbcc95296fc64182fc0a1b883d4458a4a5b5e715bc712879a2b7383022720,Depression,Depression,Depression
NEW_ecf97bdd540ad5f23a349340360f00946b63713318f72db39cbf85279bff1148,Happy,Happy,Happy
NEW_ed0ae959d85e3cfef2437d75a8d367fdb736617b9d3ca0b6c3baf275aa05b459,Happy,Happy,Happy
NEW_ed190234d47d0756ee8609f6994903b5f52616b6d3bbabc5053e88d072a3c625,Happy,Happy,Happy
NEW_ed25ece9031ba51bc962df183ffb479081e0cf92af327379b95b2c1cc7194ecc,Depression,Depression,Depression
NEW_ed28498a71132e31813c53fac90348ef22dbe81ac0675b7cab2a30ed7bcb103a,Happy,Happy,Happy
NEW_ed2bac9fe06dd73cd27345bf174882ff2c6ae7ea9ced17cdc60934c838e05ca8,Neutral,Neutral,Neutral
NEW_ed329dae3c4d2b9527303cbc2c6c207b11fa0dc341b2058753e3fbb3ef6de831,Neutral,Neutral,Neutral
NEW_ed395eab964e47e39e875edface6d821d205eee2a37d08ec2f20a42f66c3a8a5,Happy,Happy,Happy
NEW_ed3b341ed2e2888f470924983401065daa2c655678c3e401d3be8c21df952deb,Happy,Happy,Happy
NEW_ed42ac8625f5e4ffbee85e6b3454c38dbe9073063f3c74222ce0e3ee6b19202d,Neutral,Neutral,Neutral
NEW_ed463986d5bce97367483442a741bcea3f94da194e4a97882022ed5f4d5f0dcb,Neutral,Neutral,Neutral
NEW_ed56c307c222c54050e404c05a3fd472efa0c0004b7e0269fe4b55c120afb21c,Depression,Depression,Depression
NEW_ed5bf49aa9836f8364043fc74e8261ac9af710dc52bd79702d57a249ea433323,Depression,Depression,Depression
NEW_ed601bdce0d50aa41ca3ecfbacaf3b2c5118258990dd389fb46ddc11edb54a7a,Depression,Happy,Depression
NEW_ed78326ea1da28c4b0bad137132af0aebe798e2e78d4ff2658d022b90c52b3d6,Neutral,Happy,Depression
NEW_ed787d4257e73c221454b742c412d0feade45f518d942ecf759e0be762438381,Depression,Depression,Neutral
NEW_ed78a6b35ba31f8053d040193680faceb41a063784d860d7969960894b055bea,Neutral,Neutral,Neutral
NEW_ed7a759e7674e6ac0255782b1cb111df1391e700e597822310d7db4394ffd53d,Happy,Happy,Happy
NEW_ed7b76a19fcdea78980c0fdb0e1495a70eb797e43ac6fd77c00c7e308b82059d,Depression,Depression,Depression
NEW_ed8bbd0f169adb0fd2ef328d460f026c018063a4a8db33e9218f71b133cef730,Happy,Happy,Happy
NEW_ed8d24243baed9fb530632d3508324e9e238f75eeef21a5c1920264e3d1cf812,Neutral,Neutral,Neutral
NEW_ed8e491b7d9d613ab08474351194f1e73e6889cc818a5d7232e999336a582348,Neutral,Neutral,Neutral
NEW_ed8ebad1ab22dd19e2c29c15862a653a597cbb4aca20e55ad9b7487a28003133,Neutral,Neutral,Neutral
NEW_ed97b37ef117ce077e5cf7175b9714783f9ff40c83bc393dd2b9496c41fbf40a,Happy,Happy,Happy
NEW_ed9d270b80010e15663a40d6c208d1c863151b68795003623d694b1ec384f83f,Depression,Depression,Depression
NEW_eda7df4c9fd82f4b0c1adeb1d1b69c06cafcd3bce0d650fecc080aba95d95ead,Depression,Depression,Depression
NEW_edb1363e6f37276c6ee285ef400956a35fb46b100809788b4c79f20a373a13ee,Depression,Depression,Depression
NEW_edba0ef889e3afd920a7cfbc048dba06b1d6de179a5bb4b506a3a58cf158bfb5,Happy,Happy,Happy
NEW_edba58a4b44b57339c2b3532c666e73822920b419dda032a0eb5089b5b48217a,Happy,Happy,Happy
NEW_edc046f068918bb335227dd7847c97e7b95643eb2dd110718f5bca4e41165e81,Depression,Depression,Depression
NEW_edc100042185d2d94dd5ead0a82d00707b24316f3b477d895669447a264c0d86,Neutral,Neutral,Neutral
NEW_edc3d4bf38a6e8abeb3d87f975d2670403325ed06afeb536ef558bd88ef73df8,Neutral,Neutral,Neutral
NEW_edc975f81e17034ec097d7cb282b1e7b9cea8cc98c75cea54231756aab0f6c59,Depression,Depression,Depression
NEW_edd144a1e291210ff7db0ae361937f3e84201fae51fa71008a0c33b433d1c4c5,Happy,Happy,Happy
NEW_edd385861e41529e24558172d3014699a3e57789dae0a26cd5f7fd1ea0439141,Neutral,Neutral,Neutral
NEW_edd82e7d6003072fc7a8f5e622ec7f0a8cd9a0e6e3a7dcf7aa5ac8a7bdc821aa,Neutral,Neutral,Neutral
NEW_edda6f17bdfbce298b0b1935e451cdc53755445017c20f9d5c82e5517ed917a5,Neutral,Neutral,Neutral
NEW_eddff1375c744253b3d2cfab024ae6ffc0252f769f3303d31dbe5ea4437866a7,Neutral,Neutral,Neutral
NEW_ede8f1628e0665bb77951f41268d08699b9704192f4a26c65705b54d0da21ba7,Depression,Depression,Depression
NEW_edfe05e33fba315ece3fc6c28c1189d3e99e46d3082c16d93358cb6bc703bdc4,Depression,Depression,Depression
NEW_ee00a3ed6ebd3ae7afca7b529fb512c60c81617163f8e615171a719678dddf27,Depression,Depression,Depression
NEW_ee0da9e2463106694c8f1788bf5a7dc08073f435eb7018c3132b7420047ada3e,Depression,Depression,Depression
NEW_ee112f364a7f1d0218f8f27f89b8c91529cfd745dfccbff1eda5130c43ae029b,Happy,Happy,Happy
NEW_ee1735bbcf94f33440564224d543bc6fa2c5ce7f2680245580396f8bd2d05f88,Depression,Depression,Depression
NEW_ee1b0ffb3c87cd20a1f9939342de67d3c01ea40d1f357fa6f51c83ec749c7ea2,Happy,Happy,Happy
NEW_ee1b6f0c5de0fa8661fc7e54a08443422eca0d25eb07383aa90b524e2ffb289b,Neutral,Neutral,Neutral
NEW_ee1e78d98b2655ff725d552c9d7e45a2c8fd68500283f7fc8849d1c0d67d24d2,Neutral,Neutral,Neutral
NEW_ee1f914ba3fd2faab3e473442e4c14e0992d9e703a0580e68a2048fb3a5df3e7,Depression,Depression,Depression
NEW_ee245f141b5f4f110108cf14a8667aee93c05977e89da57bd6a92d47181cdbc9,Happy,Happy,Happy
NEW_ee35992075f17199f76eec9fcf8528c3b17cbd28daf1dba77003e1dc42ecaf74,Happy,Happy,Happy
NEW_ee371907ba86ea7d9c1f1fc6f16b0a0f57e3988006d1bf1a2a080489be414c19,Depression,Depression,Depression
NEW_ee3823bd008f9ad1a98664518ea26758512bb72fa852841d05b78e493e67b8d9,Happy,Happy,Happy
NEW_ee382958af01f061615d89195a633c1f1ad59338a96c163737d37ed672789424,Neutral,Neutral,Neutral
NEW_ee440601aea6c85811d6936a289115b883703a4cdd9746861e9d6e8db63b6514,Depression,Depression,Depression
NEW_ee473b11adeaf1695b3f144b6f99e8faa28ec7aa7d7cd07c43cea06b360f0c71,Neutral,Neutral,Neutral
NEW_ee47a0e7df9033d1dda65b6c8d347b5de3931ae908d2ca4f65a8f88ca5a42ff9,Neutral,Neutral,Neutral
NEW_ee486ce8198c58b993f21d0b6487251b324ec2d969a1ec47df10b3ddaea3f4af,Depression,Depression,Depression
NEW_ee4d01984908c79620705cb1a9796442b6a3d7cdf3e79f0102b8e81c01d342d9,Happy,Happy,Happy
NEW_ee4f5cce47ac33a976244922c2ea12e77c7e86a887babe5c42ba1e9f14b4e5fb,Depression,Depression,Depression
NEW_ee54cb90060ddb37ed134292865f319fbb94549ad03d2966be019e1bdfacb8be,Happy,Happy,Happy
NEW_ee6019a7bce071069a6717485d432d24ac5a0bb4189b4bda8fe9507f3dc69049,Depression,Depression,Depression
NEW_ee6dce931d4a89270356bdb3617afc6a1248d2fd8f33f13919f90b2576608c88,Happy,Happy,Happy
NEW_ee71aa2c576745be31949c752b036e6eed0d080fc5d2210376b32bf386932d65,Depression,Depression,Depression
NEW_ee7c024c1fdce4bcaf14b3fdbde6661e9b4d8d015421ab91349fb58d84e36137,Depression,Depression,Depression
NEW_ee7cdd7237d4cda78ab27f353668544c024a566b97c2500b030b7b90b49574e5,Happy,Happy,Happy
NEW_ee8849473c41acb57872c67077824ba1425f8b6dac5541922c720cf8509cf0cd,Depression,Depression,Depression
NEW_ee9765cba4cc2c990d4c37c7485d2c140e4f36287cd09b7af7cbcfaa1416b65a,Happy,Happy,Happy
NEW_eeb484c62ec994f4ab1c6beb5e60740caa200a9e4407956004f256c2df51f049,Depression,Depression,Depression
NEW_eec23fdf0aaf7567544cb1dfa60c70442afc6b68682b727ac1cdf3d6418643c5,Neutral,Neutral,Neutral
NEW_eec670cdecf122b39549ed0f18deca8af133d27fb8cb5a8ca449b781dc229de1,Neutral,Neutral,Neutral
NEW_eed17576384099957c07544bb16fe89ca868e16013551c58c852d299cf52f446,Happy,Happy,Happy
NEW_eed1c8d2fcd12579c9e5589934f187032428f2f7f5c12064107a843c0126b0a7,Happy,Happy,Happy
NEW_eed750d633c35ba9113fbd638a423b66f325b91df09f53ec55683d3a9e64de3e,Happy,Happy,Happy
NEW_eedb0cbc51341a0c481faa77df9abd75cf2d90447d0fcfbb46d98a7ab4722605,Neutral,Neutral,Neutral
NEW_eef52ea035e22ef471e4132125865ac726c7a4b46d07728a1ddc260fff26de7d,Neutral,Neutral,Neutral
NEW_eef7f7b7e9413f89cef520bb396eff8090c02b8637874ff032ffdf55135f17cb,Neutral,Neutral,Neutral
NEW_eefae6971d3c160ada54ac3cca5541234abbe5feb4db2eb7cd78c1ecbf0c5599,Neutral,Neutral,Neutral
NEW_ef0b9d52f9592ea138f89f1ee828bf20ad4373a9f996c3456ae71f6ba95445a3,Happy,Happy,Happy
NEW_ef0fd4fdc9a0f88462e7512bf7a0675ced7adc3b31f04a1037dac8921ce89822,Neutral,Neutral,Neutral
NEW_ef1683418dab5315b23856976d644395d930f9a53448c8a4e365fc76323e5221,Happy,Happy,Happy
NEW_ef17ec73b56feb889465c30a50e831c114a6e2c3edbda4bd6ef385c039f1c46e,Neutral,Neutral,Neutral
NEW_ef28db5bc5a69b617d69236d0dbc2a47b497d39d4a504175dfc94d0c4d3a0413,Happy,Happy,Happy
NEW_ef316270dc1df7b6ff811a0d16c97c9f6989a82ad06ab61701398565d4158729,Depression,Depression,Depression
NEW_ef330a6dad54917129c09846e5f8d6237374cdceac0ef5af07f84b40058dcf27,Neutral,Neutral,Neutral
NEW_ef33ba6d3d01d9c3a2ee4289eafb9c137c7f545c680670c8841ade8d88beca68,Neutral,Neutral,Neutral
NEW_ef415acacc7ac5cc5aa60c9cc27f498c7e60b89c97761d39d96e3a515f59e18b,Depression,Depression,Depression
NEW_ef47f3254a53f3b673cc32e08559c61d74c6b3fd7823b4bb1f3ef98959487cc5,Depression,Depression,Depression
NEW_ef489c1d3c5631e5ceccbd3a9b9f1f69a2017c5031698dfca1d8cbac857b8e18,Neutral,Neutral,Neutral
NEW_ef49b4304bf3c00e881e77d25b93f2a80038239db24c9211c82edf0147051df3,Happy,Happy,Happy
NEW_ef5464b0127ff87235b5e5fa38aeca04562d07bdc1f68a90a8e44df8732b6a24,Happy,Happy,Happy
NEW_ef59b354dee8850739b68e50af08a3844dd91deb5c8a1c7200bf47b5abd6b231,Happy,Happy,Happy
NEW_ef59ed75382a8e4965966b4bf85d7045c21832926dd3fc9f742e9132f252e792,Happy,Happy,Happy
NEW_ef64b536c363fc6f2fa6e1eb996b7798e236cebe68890f9f7d67d2e8940cbabf,Neutral,Neutral,Neutral
NEW_ef6a9840d2dbb804da60769ce5565d959e369c6c0fa89496601639bc1d628082,Happy,Happy,Happy
NEW_ef73899fc60e052b97155c6a15ce052b1a74a267470115e7e8f231af09688633,Depression,Depression,Depression
NEW_ef75f65b6055dcadd2025c43cb1134b4afe39193b945a4ff83512e89d7857729,Neutral,Neutral,Neutral
NEW_ef80e118c7708237afd826443303120627eb2f7ac7b6f267205096d94d489234,Happy,Happy,Happy
NEW_ef87e6f7702ba9494f6d0558e431e348cbcef9641ca473a88bc3f11ec85c6459,Neutral,Neutral,Neutral
NEW_ef8a1019737c8005eb5679fc2e5d4fb7d2e875dab6f3050b9b0fc5d265ea80ea,Depression,Depression,Depression
NEW_efa4e340a84d8458d600bc914db9c86f744e7b035475ae023f55a03c64ee92f7,Neutral,Neutral,Neutral
NEW_efa780507ffd2b2a3bf6b2d62cbf8353689620c5f5254dc12bee78fa016e24ef,Neutral,Neutral,Neutral
NEW_efb153d1835ed02c3f7250b26398d66b36ebee6e39ede5e053953e79da7d7a01,Neutral,Neutral,Neutral
NEW_efb615aace19b68e30dec1d02c99a7e1c500a216a0fc3bd98b133130f53d7f89,Depression,Depression,Depression
NEW_efc4fed702123b9d4e4620a8716ce5bc20cbc93c2b1dfaca4fd4ebf428413bbc,Neutral,Neutral,Neutral
NEW_efcac1d508ef00d7ff91aebf85acc406a2cce2a53149a6a7d57fa9a6a17ebc41,Depression,Depression,Depression
NEW_efcb9edd88da245f1af61deca4448dc7279b3a880e25c3c07ce31188c12457a1,Neutral,Neutral,Neutral
NEW_efd37e803122c83b222aacdd1aa25863b5629164548722d9ae397d9ac7391067,Depression,Depression,Neutral
NEW_efd6ef7e00d7b0ab436a36ca915e87974b1db7ded0f3b2f9178633f35dd5c903,Happy,Happy,Happy
NEW_efd889afcf607a1ed610d97b10cdbe06bb94bcb686fbbc867b4c154e82d6c4de,Happy,Happy,Happy
NEW_efdfad3a94388aebc2c5887473220e20a124f37d6ed2238cc02e4282634bd340,Depression,Depression,Depression
NEW_efe0572ff319cba70ac75123415bfb7038d1118e546b456b79e68dfe39f610d6,Happy,Happy,Happy
NEW_efe5297dec723cda07e91ea3ff529a3a11e73410daebf570c56373052d2d4e28,Depression,Depression,Depression
NEW_eff90b80d243154530375988577df47c82a287e1a68c30949572dedd347de5fe,Neutral,Neutral,Neutral
NEW_efff8d8ea6bf0552cde03435e4ef3eaca4882f527b44576e564edaffd88eb06b,Neutral,Neutral,Neutral
NEW_f001e64dec2842f02aa19f21e5e3221f0a4468f4dbd3c92f99dce0050414d987,Neutral,Neutral,Neutral
NEW_f002c64288535d9f5a99b053f73674b1cb5abafc8f6a48c16215928e8f4e7eb2,Depression,Depression,Depression
NEW_f0036940e7d2c0e7364285624fe2f7cb28c72dee99b43098a293bea2fba84475,Depression,Depression,Depression
NEW_f00492585c3876ba80656c610e9b6876cc7bc4772420ebcdca8ae0b455be86bd,Happy,Happy,Happy
NEW_f005960b0c932001516d3081d052d3c6fb90f7bc6e40969fafcac7c72250b785,Neutral,Neutral,Neutral
NEW_f00bb7a194f51ee4526042ce0064c7c8bdcfe3c48b297048088c4f1487314166,Neutral,Neutral,Neutral
NEW_f00e33832fa705118e9300e2f23f05cb2951358535f4260826ed291fdf29c734,Neutral,Neutral,Neutral
NEW_f01b2abf2e104057f2c4f730cb200ebc54c8c485489e3530c6d506cbcfb94992,Depression,Depression,Depression
NEW_f0222322e1e65a17d37f56f85239aa737cbc6327c16cca9acb2140291054a709,Neutral,Neutral,Neutral
NEW_f0293285add55dd70f4fd5204e29d991aa0af509549318018e0958bcd82bd047,Happy,Happy,Happy
NEW_f036ca2fe0a964f281069559c3f2605e327364668529161b2fc250ab50f44cc5,Depression,Depression,Depression
NEW_f04e0af3969f5d67948069fc834b1dbe4a9f0b8d0ba3e800d9de9143057e3dc8,Depression,Happy,Happy
NEW_f05a8a280e47a48e9d3cb84ed6af2a858a1385f3c7fc819a0a62eae6b879ddf7,Neutral,Neutral,Neutral
NEW_f05abafe3efca0cf52e8dab0dc7850e86d77590cd05a13b5685533be5a6a0e5f,Happy,Happy,Happy
NEW_f05c742cb42f6c6f17d813c176ab306405a31d4d38ae7e90e818f5dbf7978012,Happy,Happy,Happy
NEW_f06068bf48622833495255b70e424d3510e7e736f5fa44af719d0c9236350ecb,Depression,Depression,Depression
NEW_f065ae525b4cfe8ec90676b4ccf3e28c72958966141ecd9e2138116dbd5b09a8,Happy,Happy,Happy
NEW_f074596ec6013439804b09ffbb7ef5da02927e2b27ed8ea094e311ecfb769157,Depression,Depression,Depression
NEW_f07475ca8e6272836477ea6d94f5781d8d1f549074e091341e25b9f798da49e3,Depression,Depression,Depression
NEW_f0771fda9d3efb9dae788713a4fe876e5ac3edc4e92334ddbf15c3efa8dbfed7,Happy,Happy,Happy
NEW_f07963888bcd3c8f5cebdfcc453029d1e0d300774269d4209c46281e27992e26,Happy,Happy,Happy
NEW_f07e1af7f58f60746c56a588cb7c424cd05d26784619b95ef72f96dde87663c7,Neutral,Neutral,Neutral
NEW_f0892ce61cde265bda1e0136c49960b134f4333a70ce9a7318838aac70ea8ee1,Neutral,Neutral,Neutral
NEW_f08f43e8b85588c51308402e9f4f22d503249cbb6fd933e6c2ead46cf67343b5,Depression,Depression,Depression
NEW_f0a2186e85c635e50bb1122c1ae7cd86d2b9f3c315507f8561416b19880de60e,Depression,Depression,Depression
NEW_f0a410fa10b27e37fbf486d16d17ca74c02c39b27b5ed0b8ec43efe0c7325427,Happy,Happy,Happy
NEW_f0a683067070af943515bdb79ed9f8f4aae0274fa51bc2e821527cbdc41765bc,Depression,Depression,Depression
NEW_f0ab7c49d70da1f258722090a3caba0d1eef496da5919697bc5cd6a77d9eb99c,Happy,Happy,Happy
NEW_f0afaad703091cc64c789ae078f3842f47b75cf5c8f5129edbe4ca345b322ac7,Depression,Depression,Depression
NEW_f0b89d331146b7c5c10cd1be1099dce73d7eed1de2367a17d8cc4c1f2b74280f,Happy,Happy,Happy
NEW_f0b8c2c4c25b0bd65720690386e37ac4dc4f28ee4e9e496768f52940aeed4e21,Depression,Depression,Depression
NEW_f0bff0d96f65672e5807977b59314a3b9a6fac12c00595903cbe8551c8ebacd7,Neutral,Neutral,Neutral
NEW_f0ca0c109c6738fe0a2705b3911c364ddd1f759681aa7e2ed3114c0225342928,Neutral,Depression,Depression
NEW_f0db89b97ddae67385b2b017d4d346c6d039dcf034c3c0b3c00e2a624b2c6170,Neutral,Neutral,Neutral
NEW_f0e5a02337bae6698d49a4bc0205b59602ec7920f268aff7865b154f04496238,Depression,Depression,Depression
NEW_f0ee800a607c1de194e02b65109185e5cb0a8ed6c8fa63ab4258ff377658a027,Depression,Depression,Depression
NEW_f0f6aff3be1260a21a50dd44bcc2dff6e2ea2fae2142ff6f7b2bbd787ee39041,Neutral,Neutral,Neutral
NEW_f0fc975177883be36ace06be52415b1d0f1d61e1d3cfbb662bbe17d96d3a1cc3,Neutral,Neutral,Neutral
NEW_f10bf5ee0265bc9594c904db1c9af8a63170e2c5221ee3dc5912fd5af93f060a,Neutral,Neutral,Neutral
NEW_f1139c333c4312c26e6b87a233f5c3b6c534d8ea7361f333741e0be08d4af6a2,Depression,Neutral,Neutral
NEW_f119c74295f1a99e8ddb645f7eed94ac1b521ea4c1370ab4231b8c78d59af301,Neutral,Neutral,Neutral
NEW_f121b67621b63ffc55f598be40a328b8bce7cc0460c18501ca83f8ff0814bcad,Depression,Depression,Depression
NEW_f128eaba9156cf7184e13c771d79f3a22c3c60cec43effb56ac489afce812c3a,Happy,Happy,Happy
NEW_f139d3d75b6fe10f1cec2595fed3aea122bc7af564302329f69ba5934772a6b6,Happy,Happy,Happy
NEW_f1443b56a3ea80375481dbebd1bd138de3fe52081bb9f6b7f651b802a68756d7,Depression,Depression,Depression
NEW_f152b1e69057e69810fa13345a0a446daa2d7cd3bf7d6465a46ed1341fd01a24,Neutral,Neutral,Neutral
NEW_f15572c692437d606e86cf3319b9ac6685c37f9d90492400b068ef8d5f8a0453,Depression,Depression,Depression
NEW_f19b0e929f7d299dd66fbe37a6b90845053087e548590ea29097b84b7c146d95,Neutral,Neutral,Neutral
NEW_f1a542f7bbadde15920c37caa05c08fc0f2999c5adbdc06c270c84d893a80c64,Neutral,Neutral,Neutral
NEW_f1a793d075e42563fea3e2555373e2b07e139930d9178277dd0814121e9e6dd2,Depression,Depression,Depression
NEW_f1b95143c9073cd5972c4ebc26784df37454ed1aee74c6c81152a2ca1f664284,Depression,Depression,Depression
NEW_f1db4b521fb1c84b601c9a5c80e138d004114844d98592fc797d721a7cfbace4,Depression,Depression,Depression
NEW_f1e556cbe8d345f06ca794c106bfbef11cf76e8b75f07568a9b248358afd218e,Happy,Happy,Happy
NEW_f1e8f0c1f9ce167c84ada3458ebb05fc2a83b047126c4a259eb6e68985edce66,Happy,Happy,Happy
NEW_f1f11b9083073ef3857490b7c350c66d33d6b4fc389f0b411947af119bd61436,Happy,Happy,Happy
NEW_f1f1399647a6a24cee9bb63df797c989790e6589ee5f147663402631bb488a3c,Depression,Depression,Depression
NEW_f1f2191ba6e94b31de764cffea833db3d9986839fdc49ede3dc7247d8010ca7e,Happy,Happy,Happy
NEW_f1f8135c3e8755161edb4f5957563ae83054373ad549e44cc732b965e8d14c84,Depression,Depression,Depression
NEW_f2054f2bbf22b0cb0777dc0c32e776d3f75da0cf8d9d942dc53da8055f6749ac,Depression,Depression,Depression
NEW_f20a1308027e34dfaee4cb047285fc7b55c7e821179df5159f6a06d59929ca87,Depression,Happy,Happy
NEW_f20cdac96c06cc285f5847434ebebcda7771d1398ee431759e339e156446fe13,Neutral,Neutral,Neutral
NEW_f20e47d514b91d69c838b9add4603a66a6745c5fcac71f1d471f970ccee23d6c,Happy,Happy,Happy
NEW_f2161404c785c89cf219baa62cf6fe3810e2b4ce4e99b21c17c44d49a993c548,Depression,Depression,Depression
NEW_f216285c51b6a697e4b965a983230019d951849b6e521a0fe1ffc3cc783656f4,Neutral,Neutral,Neutral
NEW_f2169830a5c534a98c61a3bf43a1e10e522ccc1433eae33907c746d48a975808,Depression,Depression,Depression
NEW_f21c677755cd596f86d423d5f434a71bf303b0190509e4ceb7f0c30cf31179af,Happy,Happy,Happy
NEW_f224353a90c68f978a2b654772b569b26923119f6107f6f1e1d5efbc20a04181,Happy,Happy,Happy
NEW_f22a709465304a6dfb3bbcb403d2425c14a79db817668da06c8f2ced8ff1298d,Happy,Happy,Happy
NEW_f233d62d180b8a4566340c8c4e48ae9edf23f721bfeb9ec36a5cfcedfd0cadab,Neutral,Neutral,Neutral
NEW_f2371aa456ebf4a2204a53b33509c6d09e916c4805f8cff01274511a58c476e1,Happy,Happy,Happy
NEW_f2386a05d54d5e29688b141c11b515c34a742dbcb1492bed6e2bfda1823e3410,Happy,Happy,Happy
NEW_f23dbd1d9747709724efbe1e119ec24a32bd1b0c89d03b4d95b78beb4b3a8f75,Happy,Happy,Happy
NEW_f2472d7ae60e1938d3f4dbfdfff6856f26652787e490e18438a07eff1ea082fe,Happy,Happy,Happy
NEW_f24cf6dcde7ec7ce6a0ba140d0d865a02f461f3830389393ce2f6ba065f4a9ef,Depression,Depression,Depression
NEW_f25c259cc0452a91a0b43e394aecdfa3a2b88a6b5b91ba5c79fc975d62f94696,Depression,Depression,Depression
NEW_f25e8b638c874ba9b864ceb6b9c9a1eeda94f6b214e923fce5dc088e752d98ba,Depression,Depression,Depression
NEW_f26b6aa6a51e5fbfb606850e69fe4bdb4af4ef3a38fb1ebdd1511ff118625687,Happy,Happy,Happy
NEW_f27a475de6689bf42c3e8043c2a6affca20f1e06c2d3f92365cde5a3250bd412,Depression,Depression,Depression
NEW_f27b6498217f8c5af3d4a08f2908da2b5ffbd5f2148d2ec5341b9c69266ff093,Depression,Depression,Depression
NEW_f28fb95a03aeb28ea904bdc0e97ad5a4d02da7524e76a1c129165a5d3e1ebc0f,Depression,Depression,Depression
NEW_f2a0cd2ac0be8dde38e54ed7193548e9837411077e678f092ca898388d849f2f,Happy,Happy,Happy
NEW_f2a398f9e1dcac39c94d552f98c1f1e6ccf14ed2a8bcd7ca86a2c4064564f437,Depression,Depression,Depression
NEW_f2a959042bf24b556a587cb511fd07b8377bc1875d35eeac9d970126b91d8e6e,Neutral,Neutral,Neutral
NEW_f2af70b926422c717e2a1f646bb3faf00c48c819f2035a750f600c5633b23209,Depression,Depression,Depression
NEW_f2bb32f19eae3e3850e0d0c37374edc246dd2d47c89f3dd9fc3116c037ed3801,Depression,Happy,Happy
NEW_f2ccd9380f5b259bbd573e9d5ddb225c830156c2dddd82cf3f570566ab4fe334,Neutral,Neutral,Neutral
NEW_f2d80dde11cfb3aed29bb64f875500359a00cc9abada37a903b2b3be9c232af8,Neutral,Neutral,Neutral
NEW_f2d844acc37cf937f2f44bd4c92dff45f7a8f4fce5087e9cc9f635898d88b9f5,Depression,Happy,Depression
NEW_f2e061bec86dc70ae941f1e1b8d227b961ac683d96e8e0c0e11fdeb964450b5a,Happy,Happy,Happy
NEW_f2e268d2110092f50a8e540865c59e0c35b4513393c033320aee552dba0ede0c,Neutral,Neutral,Neutral
NEW_f30037be4b2e26de18965c8598b80bb7d42617620b42040bcf0e4ed8293769fc,Neutral,Neutral,Neutral
NEW_f309b652b08a258ef644d6de112bb3f8f9ac5f2e7b030802d1f85cc243c3eed1,Depression,Depression,Depression
NEW_f3189e33c5a3f9e79edf6d9e50751e76247c867bf3ce017eb2ed283592676812,Happy,Happy,Happy
NEW_f32269283b07345cf62380becc0f9c9120ee5c2b97c07568d4ad238fd1c28d4d,Neutral,Neutral,Neutral
NEW_f3251dbf5a419aecbe0c6a8f0ccf9fce1cd812fff937fd5983b8e63fb25d273f,Neutral,Neutral,Neutral
NEW_f3252ee371a6310092536b3f3e594239671f6957824192f49186cef6bfcacbb9,Neutral,Neutral,Neutral
NEW_f3289fe8373a1d3c4ac4bba24265b85978b83478927393149cd90325aec3e57c,Neutral,Neutral,Neutral
NEW_f329ebf8b45fdeaf4076902596847d45ed55ed7d076bb06636527cd7399ec357,Happy,Happy,Happy
NEW_f3379fb6d620ac3a50f775cbe3865a303dc02bdf65748326b88ccbdc634311b6,Neutral,Neutral,Neutral
NEW_f33fa8d984f25079e2141eba6d6f9902028ca364451db5a6f74ae7d0900dd38b,Happy,Happy,Happy
NEW_f34ad8e9808a3872dac5b2d31f89fe6d3604ade9af96e0993fdb8c2c5bce0b6c,Depression,Depression,Depression
NEW_f354cb71b11dee21860af85d8f04fe63de916ab3cb589dca7af6a3a0f20399c9,Neutral,Neutral,Neutral
NEW_f362d616fee4fe09060803d9e6bc50570ccba3a169fac7dc76cb63885becdc04,Happy,Happy,Happy
NEW_f36844bd4278068b3f6d5a6a43fe9739d29d29772f49312c1b505471c8140cbd,Happy,Happy,Happy
NEW_f372836236098d1d2a3179605e0037f66a82396e273429b910b3154f2e0d6883,Happy,Happy,Happy
NEW_f374d7e462c57e9b00f4cff0ef7ec6b3a3f586ea3aae91fc2d8310a63337381a,Neutral,Neutral,Neutral
NEW_f37599472dab755c698d9cdccf2cd4186368caf2bebc2a08ad13f0b0d175d42a,Depression,Depression,Depression
NEW_f37617ddc1eac2120d00bba1630b4cbfb887304994fcba46fa940b82958921f0,Happy,Happy,Happy
NEW_f384a59e9459ce87cc81d6761a8e83808b48bfd76fa8c9b8395b6dbf95a8e8ce,Happy,Neutral,Neutral
NEW_f391c79986b9d9fd46c7172b0e3f58e586c713cd4683b306e7d7bca222a8c56a,Depression,Depression,Depression
NEW_f3aa65d7f60181a2eaf10b10a8c75dcb26382c02500756665945438ed99e9270,Neutral,Neutral,Neutral
NEW_f3ab5d40b18c62c2bdb8c3179364204281f950f4e3639bd2f70d36d3454f7fea,Happy,Happy,Happy
NEW_f3bb6fb462f6cf8e6ab8b702e6c3062ca33166e4f301dbca6427e841730bc04d,Neutral,Neutral,Neutral
NEW_f3bf0e6f6b6da00c4229633fba84c3346aa7152efa726fbaa2fc1dc9817778a9,Happy,Happy,Happy
NEW_f3c194960156c847d17103b6ae3d5a93ff4bc48badd2614d2d549362d984c48a,Happy,Happy,Happy
NEW_f3c2173b5b78d63aad8cd42490e93f1105919e3c290be9d82e7f405654b63359,Neutral,Neutral,Neutral
NEW_f3cf3a0015e0918b8c45861556572e9179bdb01c2869abc2ae45fac8f5f927e4,Neutral,Neutral,Neutral
NEW_f3d09ccb77af36217064958256a1fbea1aee82ceee658e432dd00f6375a3e7d7,Happy,Happy,Happy
NEW_f3d321022f92d77191fcd1fb3f5a08bd92fa6f76cd6d0c57ca88b6e2ca1c8636,Neutral,Neutral,Neutral
NEW_f3e546913ac7b5ce022e248445785490418e853c6b6262f9fc6afc187384e22d,Happy,Happy,Happy
NEW_f3e64c9ddb5062c414fbbde7d75f6bcef03787907eb984b688cfd0a141926583,Neutral,Neutral,Neutral
NEW_f3f1439655a881a3e3f2bebb5c4d5577d3fe782c093ed0dfeea65363d6a68625,Depression,Depression,Depression
NEW_f3fac4d33bd10a747eb58508e7fad3298dc7256055b63e7d5749a942f0044204,Depression,Depression,Depression
NEW_f3fe61078dc502ce0ee880f77e4b1b8d4aa5b0cc8ac0dd0cfafdf3babf2f1079,Depression,Depression,Depression
NEW_f40100f05ae784aa5d1607a2cbb663a4786411464054122e96c6cb049ac14b03,Depression,Depression,Depression
NEW_f4018a341a0748e439d0ceeed423f9e3cbdb9d330f4a5b75f101e8e34001e4bf,Happy,Happy,Happy
NEW_f404219bdc801ac4f25ab280ea81b22b1ace27d38161a26748b3048df3ea0c88,Neutral,Neutral,Neutral
NEW_f4082a401dae397c03312b7da3d6a2d8a364f34c37e2a4c157a6e985349dcf82,Depression,Depression,Depression
NEW_f414fa7b2a9f276fd848e0869de44057a7b5927249d60e52e8e5a6ef8c516c0c,Neutral,Neutral,Neutral
NEW_f419ce89294847fa88a6be00c41a43da7115678d8197a774737e0fdfe818eaef,Depression,Depression,Depression
NEW_f419e3f82d50072f832096853221d379ecbf968ac0e314866f33574b63d9c23c,Happy,Happy,Happy
NEW_f41c77374edcef60779c1980fe42009e202d99fbc7bae3cc65c8bd43a1180bd5,Depression,Depression,Depression
NEW_f4236050d9bd12141b17de89b4e41a7e5bfc28fdf06a27ab6046b1b9481e6aa6,Neutral,Neutral,Neutral
NEW_f43188382dc4046fee1ab81e8811d99d24253af38b6d6fcc8ded8a2fd31a855a,Depression,Depression,Depression
NEW_f43749b7c0134e2d048c39d0b15979cebf9eb2905093cce4db55148db59a2b53,Happy,Happy,Happy
NEW_f437917c02414d5d089aef3b0b73ef021789b10af233003ef4856b9bb1d4f015,Neutral,Neutral,Neutral
NEW_f439da89ea8006f1203463c65a0f4ed6096c938c0f70b210a7b237b9ab1da5ae,Happy,Happy,Happy
NEW_f44705770a04fd04ae37dfbbd1e987e66b594cf4869ffa74bdf2dac214385022,Depression,Depression,Depression
NEW_f44cb7519274f2666182a9322f9ce782e86524fe3bce067f91c2516c77a10830,Happy,Happy,Happy
NEW_f4599a8440812e044facbd7e0501bb5b5328b9e18aae20ec27655640f62ccd8e,Depression,Depression,Depression
NEW_f459c51ad90c576ed0095433e644cdfd83c54e362f58bd9113bd8d9caaf6877d,Neutral,Neutral,Neutral
NEW_f45f0bbfa5b33c987ef7952eb767d4dc27dcdabfd1586823f06da4e920ecf392,Happy,Happy,Happy
NEW_f46e29a509f651bd6cfef98f7fa46abbd85f247aade8d3409a495953de308e06,Neutral,Neutral,Neutral
NEW_f476c8bf10a214e1830bca4240c5e7ca5b9aad5802be84200685421dc00daba2,Happy,Happy,Happy
NEW_f479861ffde9aa8a27cd5efb2d0e1847cdf13f4f5bb595b5ef7e38d671fe0dfa,Depression,Depression,Depression
NEW_f47ae9c2a9398558f6b6f481ca46020a91b2ea80f59f4f3e8fbd32b9a53bc0f2,Neutral,Neutral,Neutral
NEW_f48400f6c183df0a48c60b44771793c72b9a3d0149a189cc5a1699963c7b4513,Depression,Depression,Depression
NEW_f48e61ab22574dcd49695cd72dcb64479d51e1962dc22ce6b11237166d708555,Happy,Happy,Happy
NEW_f48e82e50ed6084d7855957ce5923880836b739a02a1e3d81d062fa208a8657b,Neutral,Happy,Happy
NEW_f4919caa10160ab05db50e4372e21cd29c55c2fbc5eb01eb6dcc5a8b218387b4,Depression,Depression,Depression
NEW_f493d260db179dae2a0b56b0e3a0a5f64bdfab5961e5f8d8e65de3ae232d5560,Depression,Depression,Depression
NEW_f4a1e090616f03a5b0081101f94764297ba81b69f7cb2a50a90700eb6942dfff,Happy,Happy,Happy
NEW_f4a213c02ecd8a75ae81a8e8a71260c075652268e0d4a14eedc311f46b97d133,Neutral,Neutral,Neutral
NEW_f4a5bad43c43092c9b73f20acd51064402c9c00f4f20b6f0188b8d015352413c,Depression,Depression,Depression
NEW_f4a6f466ad7a1bec018a79150a84d21b549e91ff3f7ce3609e81f71981e4feaf,Depression,Depression,Depression
NEW_f4a886e83328f2160b4e3642cf0900ab243c7035189cb4a417920ebcc91b3b2d,Depression,Depression,Depression
NEW_f4acf1e8ca5d2f652d1dd49b78b31a117c44bd3ae51ab15b3bd82e604c427ad1,Neutral,Neutral,Neutral
NEW_f4b11241b700ecb1a715a23c87e36a221e3658fb85ccb317ccc76f6266b1f025,Happy,Happy,Happy
NEW_f4b348be25a6154704e2aac1864e683578f0a32dc9323452bfa018c14db37195,Happy,Happy,Happy
NEW_f4be3127b7f23f60bf73ec124bfb56d0ac166ebae5e29acf151c5b8c1f987464,Neutral,Neutral,Neutral
NEW_f4d9aadf7a0710df38a91cf558b096479dc2f8f8bffc37f87fc618c72f35bea6,Depression,Depression,Depression
NEW_f4da10ef9794a8b749306693460a03c53ed61eac1bbb194ba59fd3dadf518e99,Neutral,Neutral,Neutral
NEW_f4dcdd2c37f342d1c9b5058756dd5eb71a17d3943fce562c8ca1f244ee294548,Neutral,Neutral,Neutral
NEW_f4dda44c691a84c9cb04522e00822813afdfe731ff234d10756d7e6d1f015f3b,Depression,Depression,Depression
NEW_f4f6c3d944ee55160b2d334eda3b44c7f6006f94258d15378ded235895a74057,Happy,Happy,Happy
NEW_f4fd9d5a89cc18824c8a825df2b315e46a52d0c03a40bde4b9f3de6a4972df84,Depression,Depression,Depression
NEW_f514d1e88903aabbcbfa89be4c78797d5a54c0c610975a8fa233e8707f48e356,Depression,Depression,Depression
NEW_f517dfbc6b7cb8e2d11c4d350af08c9246af238c016cb8f04d79d11e97e192d0,Depression,Depression,Depression
NEW_f52c5e174f5a2a6a1062f62c1528eda9c149b1b183467112eb3985bfc6461310,Depression,Depression,Depression
NEW_f54288ecedf235c03af668317886443caf73696e3072eec2e077396a7f375096,Happy,Happy,Happy
NEW_f54a7500ca16fb1a13bda2cfb9e39a19a25e38bb1cea3d2e04144d15a8a1affa,Happy,Happy,Happy
NEW_f54da061c18bab6136dcfd8fb173dc6d0a2e5ca69b21ca136448fa030a2c6047,Neutral,Neutral,Neutral
NEW_f552529f908fd9226f1375956ab83351056ac35207e9e8e120175f6cb1b05f58,Neutral,Neutral,Neutral
NEW_f5535a465f344c0b7d6f7ad32b4874bcc9230ab8d0dcb8694427f3a643959c00,Depression,Depression,Depression
NEW_f567129e6c4e9731cc35885b25d56506ad0d1e327db3248a8da938ee67221595,Happy,Happy,Happy
NEW_f56d246e3276f3f41680cc464cbf9f77404e01f80056ab5089f9b12cd3f1c4ab,Happy,Happy,Happy
NEW_f56f70a202d8cafbb3d455c512cf30227f7bd20e9bd980a19d47e4c5c3f31193,Depression,Depression,Depression
NEW_f56fc8ed17d70d0ab924b38b02665ab2b102a498bf10d23f2a706efa1dbc78e7,Happy,Happy,Happy
NEW_f5738cf5b7a437e2cd94ea99068bebddc92c6e165c3c4907d75f2216d1eb5f3a,Depression,Depression,Depression
NEW_f5850bc3fe95a70514e09b4eb17faa3f76accc2715f11854514c2b26a7fa1899,Neutral,Neutral,Neutral
NEW_f588d58d86191f96994e09bb16ce22e8da8bb14c0716f457af5439aa9701099a,Neutral,Neutral,Neutral
NEW_f588d6c76a52edc9add503599dfd1b96b2ca8fe153574d652d816cc57a6a3f82,Neutral,Neutral,Neutral
NEW_f58b8f71677da834909a7d7a58e19ca70691b8e9268057daf8238e3cdd587fa5,Depression,Depression,Depression
NEW_f58dab07f9ec62f2a20d6de0f5236464d73fd5d21a6cdce878c23f734f167ac9,Depression,Depression,Depression
NEW_f5940dd4a900048455e478e40ab46c2b422d709d7a681e3c2ef637bef296867e,Neutral,Neutral,Neutral
NEW_f598f46a7c3282767a0810f3bea1b7b1274a068399fcbff9fce11110f5e4e38f,Happy,Happy,Happy
NEW_f59b34273b6faae9f5198040c6bf2bd1865f816e408cd40cb31f230513afbea7,Happy,Neutral,Neutral
NEW_f59ce1189d15cfffb4c8f88408a60b6b22bad3f259c8d05859d791679d6fb720,Depression,Depression,Depression
NEW_f5a5e2e2af48f42de51814d530712c3e1f330ca9844e86f685eb3d65e6013f9c,Happy,Happy,Happy
NEW_f5b0ac9168ff8d50f174d1a24f5e0ee9efad6c124ccce4270f52bef8eb0943ab,Depression,Depression,Depression
NEW_f5bc7f32e7c38971ba2df7b1b75974862891dc57eefd3aabb73441c67def3097,Depression,Depression,Depression
NEW_f5c9b995d414b17eca047cc36999753413ec5dfcf6ee8d90d239ef556335bd61,Depression,Depression,Depression
NEW_f5d312cd4a2279e883fcf181221e795a2d43e61631cf724b60412248c06a44db,Depression,Depression,Depression
NEW_f5d41029be8c5673cdeb78756e4444905e1d8a8b19be35fae798cae9b6657efe,Happy,Happy,Happy
NEW_f5d5ce508a27e47fbb835e11827bf5b284f2391aeb036da0b713e0e68bc760de,Neutral,Neutral,Neutral
NEW_f5dbd88f06f39b47a0ef018f9e0bfe50af78e993a2468be12143ccbde61b04ee,Happy,Happy,Happy
NEW_f5df52011b60f39d7a84d574c642dda3204734d3eead705549fe1848144aeb46,Depression,Depression,Depression
NEW_f5e5682560ab1baa0882881ead3feb4b7268b048dd90b073806f5a34989a12a7,Happy,Happy,Happy
NEW_f5f21114aaf21584285e558167865c36d088f63e83283b156801062ec023399e,Depression,Depression,Depression
NEW_f5f7f577ca871872ae85f273db995b7bb6ca2566b899a6d25d6f570e16d86778,Neutral,Neutral,Neutral
NEW_f5f867f08902cf6e1ed3fe156f6c8f5029ecdfd47d3f3e72aac0b1c6115d9542,Happy,Happy,Happy
NEW_f61382d693ae4084d31d4efb9055a86a0187cdcf204d97f24fbc0700dc79a4aa,Neutral,Neutral,Neutral
NEW_f614122f5319621a0b753ee41a313980a4771118f87bf673a25fc43d8306701c,Depression,Depression,Depression
NEW_f61677544a446019b49125d61205e204ac954cc7dcd5280c7a9faad877e7bef2,Neutral,Neutral,Neutral
NEW_f61df906c99833f1f61ab6d79cf36b06f33b24bf4b7441dbd2b2618c2ded44bb,Neutral,Neutral,Neutral
NEW_f623643ab73fcc69c1cc8fede57e69720184adecc19ee6d1f73490563b4bf250,Neutral,Neutral,Neutral
NEW_f636c2abc3ba92114814ae10e7a375e7b441ec2b48d365cdf2cfdbb975ae1caa,Happy,Happy,Happy
NEW_f63c6adf8be9823fcea6db0737f9ad470ba5a5495e806185722d12afc310cb8a,Happy,Happy,Happy
NEW_f644e02803b1a0fe84c680de545b09c605f51cc4a01c48cb72eca86ec64b9fd0,Happy,Happy,Happy
NEW_f64d4c042aa1a370282dba144ca18b6d0eec49f22a32e1ebc446149128ea1ae5,Happy,Happy,Happy
NEW_f6536ff1f64e07e996e85f78732acb6b4dd2484821db6e43f09f27f530c34a23,Depression,Depression,Depression
NEW_f653e5870250295bf48b59cc2c647873e81c4db1f6c2063bb00d43b9ff352ed7,Neutral,Neutral,Neutral
NEW_f65531bc4c2e082a92c819c1dd300046c7366d19ce205862948bedf1d3deeb44,Neutral,Neutral,Neutral
NEW_f656690429fc3b0070bd99437e00c3a2309e97e143aaad29b01626f489501e93,Depression,Depression,Depression
NEW_f670aeec83730f4fe9ea00f84d01a568bd2b2fb59634e6d3fcc20f9b5f0ff0ac,Depression,Depression,Depression
NEW_f671a0ea5e525d25c7aefc49228ee654b347fc6394bf799334aa8ffb144c0fdc,Depression,Depression,Depression
NEW_f67acbd7c1d44d0a338c3d45e8aa0f8c537d0c6e662b1d8f1bb2b85ce5fd2487,Happy,Happy,Happy
NEW_f67f03decdca8469e55d3852214b54916e3f7992010f6871be5311936d13f2a0,Depression,Happy,Happy
NEW_f67fe95898606d81e8d6cc5594629910b29ec7811ddced18883395cfe744a214,Happy,Happy,Happy
NEW_f681d3704db02598686fed585d84efddb5c0d3587eb76bce2f6db89e7304fcb3,Neutral,Neutral,Neutral
NEW_f6a144585b24242b3f573e21815a0e89d016cc0f004687e9ceca697d4ec66925,Happy,Happy,Happy
NEW_f6c076bde32a7a3f64958f90d15246a217174648cf7ad86dce59128faa0fb834,Depression,Depression,Depression
NEW_f6c559b147e3162aeb624e28b168536b50d3da80f33c5734afd96a3d2bcf0af4,Depression,Neutral,Neutral
NEW_f6ccc8f8d101490c0e7b49b33fcc4ef3e5ef78682f9b272941da6ec71ae29801,Happy,Happy,Happy
NEW_f6d0b419b2b82fd9143673774822bae524d8702d3147d5e3f96cb428fc5de0c4,Happy,Happy,Happy
NEW_f6ec6bca3f8e15e13a6c8dab1a62b19de77cbd374f0a028ee5f8b2748dc4f56a,Depression,Depression,Depression
NEW_f6ee1fac530e0f1326ec96914d4d1c880fb89d60eeae4346da9d0588ccc76cd8,Depression,Depression,Depression
NEW_f6f6751653a162540d39c69ed90f9438baa08ee5758e2d2aea78a6a80d963023,Happy,Happy,Happy
NEW_f6fb67a271d64a70f09fd0ad245c2cf026765fda4c390c6c4d229734ecd67ea5,Depression,Depression,Depression
NEW_f6fc05afd0004171869dbbd52eb09e5a93e15194cf2725e02b202e7115b03fa5,Happy,Happy,Happy
NEW_f7073f567806701f63a69784fc654d965149c5cc147186c7b3986a93f66f14ee,Depression,Depression,Depression
NEW_f7082ed2e4923e7ab5701122a0bf34e6fc2a78fc1d3e2c9a9a853ab6beba1875,Happy,Depression,Depression
NEW_f7163e22fc98c54fcf2052afd05e8555d59cc89e24ede551ce13e87e5d61f2a1,Depression,Depression,Depression
NEW_f719a89cfe514524f2613b9bee64752bf295c0cf96673723ca0a096774de2183,Depression,Depression,Depression
NEW_f71b29cb2ef5ed7d610fd429ae70233b6cfdb5ec2fab5b8371c2e8f1ac2f32d4,Depression,Depression,Depression
NEW_f71c3935a323202b4ee988207fc27a22fc0347af4840720bedfbab10813e31b5,Neutral,Neutral,Neutral
NEW_f725becfc5bb83249e425e1f9c9746e3fd6862b697d4bfe2bcb3529a29e469cd,Depression,Depression,Depression
NEW_f72ff594dba6caf54f2ad82ab6804b55a520d3aa9e774f503dd5b989dd0183e9,Neutral,Neutral,Neutral
NEW_f745b79fea967e580b5e670e5a0b61449e267e07183c3b9983fa2d03865c6d78,Happy,Happy,Happy
NEW_f74665b7a9277f69b4b4b12319e16b7e08ccc75ac50a157e08429aefa314198d,Depression,Depression,Depression
NEW_f746f5e439a6e6b5fd8267b7ab0fedf9bf791a4b4892f4e78885073f870f6871,Neutral,Neutral,Neutral
NEW_f74ea699cc38c09db02a97cc181911aa768e39acb3476433cadc7abadd458111,Neutral,Neutral,Neutral
NEW_f75475786ddb0a64ae70a17ab731e9898e85608693430e550f88a5f14ee28fe4,Depression,Depression,Depression
NEW_f755716b8b31e4320bb98ef0d249a079fb645c21453fcc23fb7a50b96ad85994,Happy,Happy,Happy
NEW_f7609e50d39ddb3b3fcbaa76b79f47a795db8360ca7cd019ea7d50c33b27602e,Happy,Happy,Happy
NEW_f7692c1fa4292e1f27872767eac7f323a1f8a543d1f2047373bd7f8cdc7b444a,Neutral,Neutral,Neutral
NEW_f770d043fa0d89e4417caf2251ec4a99deecbaf154653e28bdd83f98f224809b,Depression,Depression,Depression
NEW_f77901234a27bc9657d2c79c6031da0d89588f7430c3caed725732a3420f805b,Depression,Depression,Depression
NEW_f77a75f59c58806cab5e68a61f2584b27fcf7fedc37515d690553b52bb8c6d4c,Neutral,Neutral,Neutral
NEW_f78ca487fcf72dcce6aa2003b9f93ca352f3625e79fd077c655ba7d95c964f76,Happy,Happy,Happy
NEW_f78e5c1af3358ee1f8e3ab30a74ab966a0c0972392a655d8a865bc29165702d9,Neutral,Neutral,Neutral
NEW_f79816bc6a3bee0087c98c2904f09bf6c5f3c7f9db1f29c548d6cad1c03204d2,Depression,Depression,Depression
NEW_f7a7de1a43cfb2cea80a9a8082ee6de5131e0a5d5980c94ebddad07219a469b4,Neutral,Neutral,Neutral
NEW_f7b528673fa635e3100f9c125958cecc3c34eec66bb45e0dff5e4139dc6e68d1,Depression,Depression,Depression
NEW_f7c1f68ee8034ec3b554cee3dc244edfeeda765df6f81e6edd091574723d95c4,Depression,Depression,Depression
NEW_f7d74df1aa9b104f0a2df89bda44afcc50bb200ee6af6da3322bc436950466c5,Neutral,Neutral,Neutral
NEW_f7dba0d324aa904b4835391a6d465bfe22d62906f586891a4a4bba46810eec0e,Depression,Depression,Depression
NEW_f7dc42dc2ef7e0cc4d59edb8b7ec2eba253f6d382a0050aa7ce8c45acc9f06b3,Depression,Depression,Depression
NEW_f7e04f1bd28261583973cdb363412a577b5565fd8e27c8cfcc7d42fa630adfd1,Depression,Depression,Depression
NEW_f7e085571df6cab0d2c02b70b457a236941027d88965463c5c5756a308ccf8b9,Neutral,Neutral,Neutral
NEW_f7e64ee67fbf27d2bc235ea6d7bb289153fff13c246ae14356e9d936f81de74c,Neutral,Neutral,Neutral
NEW_f7e81fb0eca155b2a6aa2cf86f05cd04e545c27349386f48c35e31b7c86b96ab,Depression,Depression,Depression
NEW_f7e8ee6584edce81fd939cda765325e42ae4ceb8633dc15532aa8f6111545566,Depression,Depression,Depression
NEW_f818f26b3e42f8bf5e22d0a24cd874c816c3431cfb007bb50654a6b6bda307c1,Happy,Happy,Happy
NEW_f81fefe001fdca010078c86c258001915105d82edca43a7e6ce08610ddb9f179,Happy,Happy,Happy
NEW_f8235aadd1ba14154e1417ef19dda109030b75bcf5720057169768fa3dcea4b0,Depression,Depression,Depression
NEW_f82416c905caee2b6a4c526c6fcb3c58cf16b096f2bc2b8b69aa8dcde0d4d3ac,Depression,Depression,Depression
NEW_f8328f03074a939b0bf3db787a767e9ffce57cfa0c649a9c5273f4ce5c97b5bd,Depression,Depression,Depression
NEW_f843adc968b873c4b581013beeb33fc5df9fbf8d26b71487173e5700f2db0ad3,Neutral,Neutral,Neutral
NEW_f84597c630a464a28f34455a3afb39eff4567de803065e8f756bfe7292d8b23c,Depression,Depression,Depression
NEW_f84f7505d06f8195ce5fd301b5b1ecd0f689966a7d4db94da8c424a3e14e7075,Happy,Happy,Happy
NEW_f854093fdaf33d8a5c7d65b4262e8c5191a9cd990e33f7524bf94c242b9cf19a,Happy,Happy,Happy
NEW_f8549814654f018c101b27249dca57fe9c73f65dbf71532f09861eac720db9a2,Depression,Depression,Depression
NEW_f85507b98f53ee1c4bad1586ef402bf5019b8e00b33dcf59304a1c6449f917d1,Happy,Happy,Happy
NEW_f857a3725c79e7e53c4e463975629fa53f0e2fbe2d96cd227100ba88546cb2f6,Happy,Happy,Happy
NEW_f858b960341424369f99463975e476aafae3f14b6893fb1b0dcf91aab126fc4e,Depression,Depression,Depression
NEW_f85a130f5d0d1e2f767ab23b8e416d2daa21cad464df9b90cd2f1e03dcc470f8,Depression,Depression,Depression
NEW_f85e9b260d14696bdacc5b609add9bc5f219971196ec916d537a2172ea6a42db,Happy,Happy,Happy
NEW_f87832676152f63f55128d93401b4f01bbf7d3d3ec6efe2e9b587aaf3e4bb705,Neutral,Neutral,Neutral
NEW_f88117708d1b451d109e014701a9ff01176e06dce739492377c6aef5a019041d,Neutral,Neutral,Neutral
NEW_f88c3ffc10df578e5eab7a4307ad882716f1a6b7f726765e2e6599c0b9212194,Happy,Happy,Happy
NEW_f88f5ccc851aa69caf837defb38137e21ca94cfb5cfa92ecb4203cd81e7f06ee,Depression,Depression,Depression
NEW_f895a3626df2cc43c9bc60aea9008ed4ff2a5b4548b01aad8b628c7a97f16383,Happy,Happy,Happy
NEW_f8a033cdd0ef08b61a89166cedc81ec019937470d9ea217b8164110763cae32a,Depression,Depression,Depression
NEW_f8ac6438f07b21e0910e10a493243f05015d4f981ebed37ede3be983aa698192,Happy,Depression,Happy
NEW_f8adbab0535706af040914b78119e99740ac57a3213e943c70ad8848e6849c95,Depression,Depression,Depression
NEW_f8ae1454fbb9c34f956f56d9cd505f3c6a1137627f18d9ae468b5474ce48a0cf,Depression,Depression,Depression
NEW_f8b8f19796e14940c56e1e636ea87f4aebd9ea22cd710507ae50e66f946b9748,Depression,Depression,Depression
NEW_f8c11573825746ff066cb30aac0749380aa4c811096ba4c5548ec260dada4aff,Neutral,Neutral,Neutral
NEW_f8c3847c3b7792932ccd8382ee53aa18b090bf0e0746169fefd722fe3409bd11,Depression,Depression,Depression
NEW_f8c72e610efd918e65a43537e94c3c3660fc4dd20d6636946733651a179cd135,Neutral,Neutral,Neutral
NEW_f8cb9d90b85d697065f73050014ad22ca57f926d9b16df482a568fa5d49a1525,Depression,Depression,Depression
NEW_f8cf2ccece245f068e512bced9f3a1e800b41b9bca52b34e656a583684c0b28e,Neutral,Neutral,Neutral
NEW_f8cf3464a24e67edb7f8967bb2e8926dccd6924e77e5dd20461912f3ea9ceb93,Neutral,Neutral,Neutral
NEW_f8d8e8ee51ae3842abf6ab86aeec45e342cc2e7fa13b80053889e9d780ca4e73,Neutral,Neutral,Neutral
NEW_f8e6ee226716c9d64131e8bddac46ae31304f6522db3a77e07e7ede79d6a436a,Happy,Happy,Happy
NEW_f8e73629a2ea8a9c67bb4849405720b87b38ec84b7e0394794337b723fa10de9,Happy,Happy,Happy
NEW_f8e90c7787f8376171a81a815fe0cf806cca759c25bf340debd32f7e42c8a008,Depression,Depression,Depression
NEW_f8eda4835db3311f7b45f7384910061b0fa54b1ad9e2fe0e87ba8557fd55486f,Neutral,Neutral,Neutral
NEW_f8f779c79c06b9617b8757b48e5b4f4ac3905ae59e371255145908548ca0fdd1,Neutral,Neutral,Neutral
NEW_f8fe6237ba25a1727b4a3153b56c1f0ad9cc0b9542ef10f8394967175336bd45,Depression,Depression,Depression
NEW_f9209c07d3989ae5467e85c330658fb54631fc873564b0c08f75cd094696f019,Depression,Depression,Depression
NEW_f923729a3d32d8560d598bb9aba394da7e2dbb9b88c8772b93f82b6c72b2fc97,Depression,Depression,Depression
NEW_f9293601c45726da3fb43850ca250aa3013abbf006c196d031eb4c47c614393e,Depression,Depression,Depression
NEW_f9304695f801702a5959ab01db990b3654c472aeac7b7338af9b738b969113c1,Happy,Happy,Happy
NEW_f93b46060bcac9462a92cd88fbbadc798f7a0e4acb4dd18f17b25e59ccd42125,Happy,Happy,Happy
NEW_f93c076ae919e1768530306168800392257b8a274258ea61393072862a4271d0,Depression,Depression,Depression
NEW_f940ea853f7ac3546fc42583e3326cf9910efdf0a61e4a3a2c9abc3f608d3e07,Depression,Depression,Depression
NEW_f9415124416b7bd5533af1057896677068dbab70984e28ad4f39728f17713f5c,Depression,Depression,Depression
NEW_f94226ca2a51b1d0b321ec5a4507308e9dc9fe1b5147685779741973e8e19406,Depression,Depression,Depression
NEW_f943d3a21bca8d22195629520947a1ab0c5fb7690d2fbaa806a18c05a7a23c6c,Depression,Depression,Depression
NEW_f94ab1f8ca401af68e652bce09fa478f100e68594944a5668e071f3a7315b1cf,Depression,Depression,Depression
NEW_f9521a9ce93f9765d7ecb578b9be6c73516cbbd6d62b6b9f4c7e1981ed10625c,Happy,Happy,Happy
NEW_f952c4ee21690f29c8c2695afdb3483c6482b06e210ec8672d3c04141ea48ca0,Depression,Depression,Depression
NEW_f964afc12cb9288bde93bcaaa84a0b26e7d01c55bf581e10ce68615afc6ee1ad,Happy,Happy,Happy
NEW_f966ea3fae5df58bdd82b96e7247faad9deb59c5f81a8426fef1b14ff4a0bd8b,Happy,Happy,Happy
NEW_f9747c0ce3a851083a39957559e3f65b72477f5bc93fe3a9c8ca526ad3fc4895,Happy,Happy,Happy
NEW_f9a18be1308b8b105ece7f695e1933f40c13b24dbe7ec298cc1c77d7b5aea7f1,Happy,Happy,Happy
NEW_f9a3b4a5fbefc5906bfeb1c5ae980a8724955a0884211a7787aada652d1ca887,Neutral,Neutral,Neutral
NEW_f9a9399cc8c7ef2e20c3b5194cad1801b736e4d2b597759401f59ce0421205c6,Depression,Depression,Depression
NEW_f9b016b3cb92cda0ed17d99b908d96b3a68dd230260df8adc52bc5919441ac63,Neutral,Neutral,Neutral
NEW_f9bdc6f79d9b99b59d15afa6e9b9bb3c2589185bac385384df192f823570bae9,Happy,Happy,Happy
NEW_f9c09e910549d4200796f2805858e1588d2d213b60b28662cccdbd57db17f75a,Happy,Happy,Happy
NEW_f9c2003d72231283514704575c677fa06fb25d12e2335757692bd5c8d5abd244,Happy,Happy,Happy
NEW_f9c5a35ea625475cb4b673bdd3e06bdf8a46dec43126f0f42efcdd0cf6730b72,Neutral,Neutral,Neutral
NEW_f9ce10664f6e70e8d378b67f8c96f85611b5b369336e62c91011ce3b3a90908d,Happy,Happy,Happy
NEW_f9cf8769448efa16a75675e1070ceec4b3976c634779aae8aa64182edab25fac,Depression,Depression,Depression
NEW_f9d92d55aaffdb039878ab75ad2c1f64b785cb3a01008b09bba2c36a5b6838ad,Depression,Happy,Happy
NEW_f9e46a52b5349653961f842e2811f17c8ac4d9fa5c5dca0b815ccc071e05592e,Happy,Happy,Happy
NEW_f9e6e85094baf6cadd48818b168b712db36ac2e7e50f4a10919116ea37703e2c,Depression,Depression,Depression
NEW_f9e8c004e574b50c0738c2f7a2087c4424700999e45ac3b5683cce7bd4bc55cc,Depression,Depression,Depression
NEW_f9e9a95561c578d89889ebefccfdb14e47dea18e4f3ef64d68e360c26c694cbf,Happy,Happy,Happy
NEW_f9f0b2c87850c1abb242057dd7398dd006c2d34bc298fe3f5b0d51920062546f,Happy,Happy,Happy
NEW_fa00552e4af6aab57577bca61d1ccc15cee04edf83e89f44986d4f4ab7524b03,Depression,Depression,Depression
NEW_fa0e18db2d4fd90e2010098a56061ecd1aeaac3ad6f2a2652927b6b1558eb12f,Happy,Happy,Happy
NEW_fa132a8558d4173dd200e8a709412764a2554b72ea735309710cc1616b643540,Happy,Happy,Happy
NEW_fa1352ff44eedd6a35806914fac2fc2057be00a11d7db50de2c45de61db5598e,Happy,Happy,Happy
NEW_fa176da217dbdc121b314a5ad0e5c0a2a447239ff18a82401ca3d52b0b8fa465,Depression,Depression,Depression
NEW_fa19f43ef8f43a83010e7bd76700d9868a007066b0b446de765aed2c571fd60f,Neutral,Neutral,Neutral
NEW_fa372417693956310626f213c4ae50f1367ee3defe0e49af3350ad248674fb57,Depression,Depression,Depression
NEW_fa39bd052a7638dbd3ea319ee2e30b06ce76dc522e1a243c5d0c4df68b85aebc,Depression,Depression,Depression
NEW_fa3b0159f858694acdbea1f1bb3f8a3f453b92a426cca84e43611c034560ece8,Depression,Depression,Depression
NEW_fa43e4aa725178ba252598f6944e72606ca454646a31b3ef09bcbe1308810fd7,Happy,Happy,Happy
NEW_fa476e31edabe5726f65030a61044270eef47ac15a0fe0cdaab4b8448bbfafdb,Depression,Depression,Depression
NEW_fa4de61077b2c41d850354cf6f103ec6e0c12f5732a0e949edabdd8903597805,Neutral,Neutral,Neutral
NEW_fa4f4d3e0fe118fc4d743fe1beaeb355ef5de1d4e6e1d92ce3714b3ce2f05fc8,Happy,Happy,Happy
NEW_fa5353adb26f775ad0d705672acec494297758ee05ef766bf2ba9c237e037162,Neutral,Neutral,Neutral
NEW_fa5cfb617e0acc92eadd8244f2ca839a7cfbdbffae528fd23c23ed8b7deecb19,Neutral,Neutral,Neutral
NEW_fa5dfdd35484be114d6265abc80f944304f419389105c5ea647df6f2e377f155,Depression,Depression,Depression
NEW_fa69d3f2d251518c64a6ade7c7bc8d1e71a74914ff023999d6e93c1b3da82355,Depression,Depression,Depression
NEW_fa6eeace7806d9856e8619a0793d2fe38dd4e514bf9462dd14e35e4862d0aa0e,Depression,Depression,Depression
NEW_fa7479e24e323196b9512293fcec31304803a5264345899f386710a40b7f76d7,Depression,Depression,Depression
NEW_fa8183a6d15466b05f9ae4237c8c37804fa3a696453f8b3f4c786e907d397fe4,Happy,Happy,Happy
NEW_fa8a0a4fcda337803b07b78ecc1e6a6be3e4597f6e9daaf30b6c2058791bdd9f,Depression,Depression,Depression
NEW_fa8cdf1635785b3ee9a3c2f6898a8d6d98546bb5ceb8ffa6dccdba0e7c619627,Happy,Happy,Happy
NEW_fa9364b236787f6c05f31588ccf93c62af93e250d55912dae4c4e6826b0da025,Neutral,Neutral,Neutral
NEW_fa96e015a64a1e89acd79118a2be79d58a54400df204c57e54a7b9f8b0802251,Depression,Depression,Depression
NEW_fa9f0609d54d55a9c3e1671788dd7ac9c1817693b6c2912c98da95a029bd9f6d,Neutral,Neutral,Neutral
NEW_fa9f5bb1c7146ee103e21e01947f98f78a232c8b875f91e1337b942dc4d1a9f9,Depression,Depression,Depression
NEW_faa3569aa5f9887a08fe3062ef1783cf661a606c7e1b0b14b6c9dfbb53a922ac,Neutral,Neutral,Neutral
NEW_faa5bc671de3973beff4b6b75e6111fde178b4973ddf933f80b186560bf942af,Happy,Happy,Happy
NEW_faa6723f176aa94c3029db44534791ebf135209ab632c21d90878de2343221e1,Neutral,Neutral,Neutral
NEW_faae00254dfc6074b7e9219b2225969695789e71afaaee1d607eee201567ee04,Happy,Happy,Happy
NEW_fab3538a2a56d7d228a9bfd6f40671bb9f3de6047483c5051a302724650dddd2,Depression,Depression,Depression
NEW_fab6fa068ab03a0cd6bb9a0aa8e0f5f1ab53538cf60f3bb056c1ab234c619e4a,Depression,Depression,Neutral
NEW_fab81f672d92ca86f680a4e7e00b135d7c956e29f1430a9d77ae42624c60200b,Neutral,Neutral,Neutral
NEW_fabfb089ff65835d954151c8c03e9abecfad753290e3c38e01ffb85f1cba14ee,Depression,Happy,Happy
NEW_fad7a6c4336447677aa41435dc323c029a2a7fb150f4524cfe821b628f5552e5,Happy,Happy,Happy
NEW_fada1a8b3867e91896b2cd7ae90cc01affa38b5106f4795171b49c3900ce49bc,Happy,Happy,Happy
NEW_fae92ad8eacd037d5c6478b2770efc3ca12c5ba9317f71774082222cf0304f24,Depression,Depression,Depression
NEW_faf4d589ca29da3149fdbf6ea0cc68ed9a37166298f1cc29c531c2c0039f23cf,Neutral,Neutral,Neutral
NEW_faf5e78263d915f79e5d39ea02888c3741673a793bf63cbc0f3e39f5af6d15f9,Depression,Depression,Depression
NEW_faf76f26b905b7a5a7105af97b5de8a97d752c698b35f01397e84bc88eb8607d,Happy,Happy,Happy
NEW_faf7ae4a89ead1ae724965ff63aeda7908c1e3ffc416608a3364e690930a3fd7,Depression,Depression,Depression
NEW_fafb43a09d34d7b36c1bf7f768351bdf2f7de42017e44d8d49245da2812feb5a,Depression,Depression,Depression
NEW_fafd38f3542a8265eef69af9af58f8e86a156393ad755e71d461251dafac10a3,Depression,Depression,Depression
NEW_fb22cb54c4542dcd31d3d61e7229df7199614b564a004a87c0a79a8d3a70a5c6,Happy,Happy,Happy
NEW_fb2e09db2b8b13949a81fe2dae1a1aa7e2d8f0f8ca28d997d395d24d5c66588e,Happy,Happy,Happy
NEW_fb311d756c07f6defbf86438fa072df548bd275d235c3bc42b5c6a994a8a0ec0,Depression,Depression,Depression
NEW_fb35002d15df6f1f2ab51459454a659b85c4d58395f86e3b5f7e4ce134768046,Neutral,Neutral,Neutral
NEW_fb3b2748c8f899ca43f155a957b41e52d27400938e090a41096336d60fc2ce2c,Neutral,Neutral,Neutral
NEW_fb3d5a107fde3cac28458e31dafe10e403dbf7c0bf1e331e1ce85d904aa4b59f,Depression,Happy,Happy
NEW_fb48b376a6044110828e2b4af44a679489261878957b31f06487e115ce6c275c,Neutral,Neutral,Neutral
NEW_fb48ed4bfc7b3a4bfa1207e5fc5579335896baf3e07ccc7991998ed22e201e53,Depression,Depression,Depression
NEW_fb4d3867f35aae7f6be42053bd828eedf57e3d9330a6feafd526135a54dda33c,Neutral,Neutral,Neutral
NEW_fb567ba04c07c116c5891f21734c134e4e75c21a70e8f96fc6b3aa0fb34ec2ed,Neutral,Neutral,Neutral
NEW_fb5e82e5aae1019d407842ba4944145d4ff056f786bdcd8b0379a41ee92f994f,Neutral,Neutral,Neutral
NEW_fb624751104319daf924cdc839ea58e60c40a87e5ee60c6ee051e16ae9f02c21,Depression,Depression,Depression
NEW_fb686874d9fcf352f019e888cc86ec2ac36eb3ce8d1999185d0adeb6b51774b5,Neutral,Neutral,Neutral
NEW_fb762b51f8bbe401141e98814b6490e695e92b0e43f49d368c4b97474b549d8e,Neutral,Neutral,Neutral
NEW_fb766a75ea8a6f0b3cc1da90d06a2b05c17d291a67b24a4e122ab9ba2728dcd5,Happy,Happy,Happy
NEW_fb85d9fff4511e6215a72e5e214f41b109a9ab04fbc9e579567fe2d585e2123f,Neutral,Neutral,Neutral
NEW_fb8af38ecb5a1e66e2f2f196a57907755d10bb14f53fb6ece305d73f0fc9d853,Happy,Happy,Happy
NEW_fb8d1745cbf149126d602b701529b19a3fc6b6cd5ff583a89fac0390c85b818a,Happy,Happy,Happy
NEW_fb98ed0af8b1c016d07a24b92078c091d2110503ae1f1869006e80982242f242,Depression,Depression,Depression
NEW_fba3108e5c4a6e82521e106100ab788970a04ea0fb398eff2cf90e9dead8f46c,Neutral,Neutral,Neutral
NEW_fba7a051a7de79983d013b7adeaa8ee599a8a3894ed77141b3a13e43fa1df0c8,Depression,Depression,Depression
NEW_fbbb3f9706419fbe2d221da9146e3a05f38f7c60f2786f339bcefdc6613a8a2c,Neutral,Neutral,Neutral
NEW_fbbb8ab312aa1329ffe9757461e279cc3975958b3443fc93e6b4a253b167c578,Neutral,Neutral,Neutral
NEW_fbc39b447c7ed6ee5e6dc783e93ff940dd51adbd2d431ad307ce33265b143594,Depression,Depression,Depression
NEW_fbc6895e714a2390470d248842868d558c22e8c583c8837b4f2104895de5dd75,Neutral,Neutral,Neutral
NEW_fbc77a09088cdd506f4dd99d7ca7ceed377be0d4dd355b507862adf390bb68ef,Depression,Depression,Depression
NEW_fbca7ee6d4bbc159dae2e9065ddbb61efd56844c2b121a0b4f82d759f321650a,Neutral,Neutral,Neutral
NEW_fbcb602b1b51eb573dc09284396ff14333a89f53515bfa447a0441f635ff045c,Neutral,Neutral,Neutral
NEW_fbcfcf3c6f4aaad1a98423f1f57adca9d48119480851b7acb0ad8654e5f868cf,Neutral,Neutral,Neutral
NEW_fbd016c498ece16ea15158264ee2ccbec100e7efae91748521defef126284cd1,Neutral,Neutral,Neutral
NEW_fbd124492472e0a6d24c9d4e4629b239f4c2a08e87d9a2913fe410664a356c76,Neutral,Neutral,Neutral
NEW_fbdef43fa86095eaacc6c7b012486b3702f2ef771df50371ab3a0cf2f063165f,Depression,Depression,Depression
NEW_fbdf5648fddab51ab6c41d6afcb87dc99ae4f723ef9c865daed517912555c5fd,Neutral,Neutral,Neutral
NEW_fbe0ffd1e819898fb06b67be079c4e1bd0c349dce5d01fc3302ba6ddcb133a82,Depression,Depression,Depression
NEW_fbea3a4e8557d4c2bcccd82cdef26c0be7667b4042fcee35cdd97404ffece9b1,Happy,Happy,Happy
NEW_fbf21ccc0848d3c6c4148b7ebec761b157c0f8bdfdf75f56715c51864ee5bfb8,Happy,Happy,Happy
NEW_fbf88d4e721fddd1a6bcd62a3c366e4ccea3ff338485f654c0e41fe310d1b083,Neutral,Neutral,Neutral
NEW_fbf8fabd4176e16483158ecd5e6e90e9a9164b40d2029658efaaea95f0125f55,Happy,Happy,Happy
NEW_fc014ebb4f5647430a2e5ee0e42dc5592ec5dd93a1dc341a42a7cb46a13adbcc,Depression,Depression,Depression
NEW_fc01eb0ac80ceecd998810960052f0be55cc0ef9ed9ed33d817a5c200f503059,Neutral,Neutral,Neutral
NEW_fc07f23fa3347de2a90a82a998512e10b118031aab026b07ea16728fc7edb912,Depression,Depression,Depression
NEW_fc119163bf39c802f632dc71e7ba3116daa0e0c7967274c61dfe02d515669d3f,Neutral,Neutral,Neutral
NEW_fc1622ec35b2c69361f6d0859d45dcebb89d66dc54890d57e4eac9a79ea2f216,Depression,Depression,Depression
NEW_fc1b7c944fcc2a03abb9793f10d6a721fe32f25d5b10b9f3405a6fe6ec6ed0af,Depression,Happy,Happy
NEW_fc1d2c977558453ca1eb9423595a72ba4b1ed9c1877a6cb97aea556cff6a998d,Neutral,Neutral,Neutral
NEW_fc200f3844a8372e68d55588aa72bba58269876b6580186ee37f9ede3456eeb3,Happy,Happy,Happy
NEW_fc28d467d0939c692f0233ff6c4b13d6293deecc020f8f3d6c7749ef74f20cb0,Depression,Depression,Depression
NEW_fc2ca9ca5d2bf1285f430ee0dd480a82f49dc7d34be7714a5afee8b0d906b8cc,Depression,Depression,Depression
NEW_fc2da8daca6eccc4f4233adc4f4237d7349a960623dc90c367cd258396876ac2,Depression,Depression,Depression
NEW_fc362e4756b3cc7b1562d2afa3a77307dbabfe0c8bf71b39520bbb0346979bc7,Happy,Happy,Happy
NEW_fc3e3e04ca59a8c37b65a0edefaabe6041ba517d5f1a357ba48d4a1a5f62baec,Happy,Happy,Happy
NEW_fc4480b3ee04140b6e1b1a21474c286ea87dd30422826298cd4598b8870ef23f,Depression,Depression,Depression
NEW_fc4f03001006ca472d8ea3c206136dfae263154115f45a8b3dfc8d56b7c539a0,Happy,Happy,Happy
NEW_fc501f8c858f04beae54a0dc52bac35a5770428810be0b5e917e7daf0a2f56c8,Happy,Happy,Happy
NEW_fc54b4405cc95a80f8aaed4b650e5d9bf7b3eaca7befb298348c9a4f8142d299,Happy,Happy,Happy
NEW_fc5507781e77d5b98e4affe671c10a9748bc5635fa378dd5bfb67ca5d47dd543,Depression,Depression,Depression
NEW_fc559b1fec96bfdcd060993a0d4d4397328acfd4bc6784ffc1b222e8cbfe7e3f,Neutral,Neutral,Neutral
NEW_fc5a5128fb28962e067bbb08225175429da7920dc5ca5f51726f9ffa2c6e9c65,Happy,Happy,Happy
NEW_fc61adac47daebe2898cd2dc4176438e1e8d95c73f37b90348f896b713ece4ad,Happy,Happy,Happy
NEW_fc65a284f85e86d42c772bb510c3e97a33ea6fb330e4a1e56b3c3a67c6edcd73,Neutral,Neutral,Neutral
NEW_fc6a1f6386ff30ed9a9427ea1584b72d5ad820ff2bd594ac2fec54ef5476050f,Depression,Depression,Depression
NEW_fc71dd24bcbbefb577f98ecf95b64061eb79de448f37433f9c25cc4359453e79,Happy,Happy,Happy
NEW_fc8f963e13ae96b5d19ad772ffec678819be421a7438a2934649012e3d3ba174,Depression,Depression,Depression
NEW_fc94007b423cb770b4d3a6cbbdbb2bf975ab78e912f4d3796a3e45169a41cd3d,Neutral,Neutral,Neutral
NEW_fc9c580b31253482e0a4895ec80137c71d9edc8195dae997ddd97fb6035f4a08,Neutral,Neutral,Neutral
NEW_fca437a23195da6740cf207a573da93e4eac4cd299131ee1ec531a29a8c0fed9,Depression,Depression,Depression
NEW_fca5e9eb889dbb1093cf5d6206076d7930ed4a73a2284ec7f35dd27a08223a31,Happy,Happy,Happy
NEW_fcb001c76a1d4ea5fbc3fbc38a81586d09decb36b273710a35b9380422f07e6c,Neutral,Neutral,Neutral
NEW_fcb1a12c8a7cc6784366e8cb4b045b03afcc66a694589a405a1961ec924a1b38,Neutral,Neutral,Neutral
NEW_fcb447de4d56fe19ceab7a7916ec32d5dce6febf1c9f5ce5e1454a84397436fb,Depression,Depression,Depression
NEW_fcb8029a373f77f80598d63da63daad12e580a0fd96dec62afe40d9b8cd81e07,Neutral,Neutral,Neutral
NEW_fcbafa4177019bd53cac665c457544e0d9845d2c36554cfec58505f2de6c80ef,Depression,Depression,Depression
NEW_fcbef24620acb2ca3a0d672ce78a5904765dd3f8bc49239e6237e184208607e0,Happy,Happy,Happy
NEW_fcc2b1127b6264f2d71a16f2d6a22dae67d7d960211e13cdfb907f39a1f8d2e6,Depression,Depression,Depression
NEW_fccbdb67efa3631a2c39ba31c2cd11722fbe85c9b58df0f0888c61388f252c15,Neutral,Neutral,Neutral
NEW_fccd0cd13be645f9c25241015a245e9b2cf4653130fae235dba67c12f437dfdd,Depression,Depression,Depression
NEW_fcd440dde7ce76f5344e0a97f71be54e55ff0682ff4efe2cf79d7bb279f2e0ce,Depression,Depression,Depression
NEW_fcd7f9ef18d6794de69e6ff09ddc707b24e4d448511c0f915bed535448dab7f2,Depression,Depression,Depression
NEW_fcd83d1afa8e18cf3562d9787d5f908c7958c2607564aa112dd59ec63072572e,Neutral,Happy,Neutral
NEW_fce538a2e9ff221d91ab66dae0e4eda13564ba2d32f4b781c7f90c4b2b26e0d3,Neutral,Neutral,Neutral
NEW_fceee3a4a8d565d1168eb2457223dd2416f248116c12c70938889145303919bd,Happy,Happy,Happy
NEW_fcf11e8eeb775af07957d762315bb83d220dfa3d2e18114f818c0d6274f764dc,Happy,Happy,Happy
NEW_fcf65898bea5110b3e5694fca77650a69ad9bf376c1b1524bb8ca3f685e31bc8,Happy,Happy,Happy
NEW_fcfbc04722f9fe16eb4c9981f10f306269e9867466a3c7c57b879da1572d9377,Happy,Happy,Happy
NEW_fcfca40539ac36290a944cd5bcd1e5a3dd08147119ab115a74967baaaed038a0,Happy,Happy,Happy
NEW_fd026e30124e34ad173ac04a75ac7a5829b1b7abb8bd0974a71e95efc65916d8,Depression,Depression,Depression
NEW_fd03b74a384e9c0d9c2960862f339a69258d9caa9143a218e0b4167c603ce4f7,Neutral,Neutral,Neutral
NEW_fd06580979634fe87f27cd2e1f3afdc00298068fdcf0f702483514052b1844b6,Neutral,Neutral,Neutral
NEW_fd0ce12685857a181ad75c42dcd5b47908f7381b24604545d9a344e9c0b7cd1a,Depression,Depression,Depression
NEW_fd17de663544f105bf7bbd9954cd41b8c1b2ee61ba30636dfc3432ff0fd59f7d,Happy,Happy,Happy
NEW_fd28fc5173f29c4ce6c611d231aad84eeef31daa3da1a2cd6034316e730fc174,Depression,Depression,Depression
NEW_fd37608a16afd20cd74acfb8fd6e4568a9a3519d3535a639aeaf378066e8737e,Happy,Happy,Happy
NEW_fd387c53ced2c02c61303bf98648ce221f157d135d15a37ff663802db363365f,Depression,Depression,Depression
NEW_fd3f3193370cf29d059edcc0ac13da7ae8c9c5c1b8c0bd4a7912ad1edbda3d50,Happy,Happy,Happy
NEW_fd4dff67145eef1424392456acce1d2ee6446ea61da4a1ea05b5cf2ad58a094a,Neutral,Neutral,Neutral
NEW_fd53c47843d4f26aa35c84773e62b2eecd2e23a9e3d35b0d136803c860c698ec,Depression,Depression,Depression
NEW_fd54ad5b056d8bfd6b88ab9bf68ed967fb1f58327de82ffd8b051e915fab7a02,Happy,Happy,Happy
NEW_fd54bfa5f2944c92ae2c591611a0e00b53d29a3bee2663c5872454ea35073fbb,Neutral,Neutral,Neutral
NEW_fd6d48ae6a5b5afb46f87da6fdf66f99eef2f11f81ba5a50835f9ab41fb90dc3,Depression,Depression,Depression
NEW_fd87d623cb08419b5fce22db39cf171af5da6d95fa01f5e7f855d5b9c5334792,Happy,Happy,Happy
NEW_fd88f03cd7d141c65a9421e521aabf1ddaf400d99ce71d4502b086122fcb3b5e,Neutral,Neutral,Neutral
NEW_fd9ec8f1e1437d6ec9920ea4132788580c1cb80c103d9f41865e6bcb35311431,Happy,Happy,Happy
NEW_fda256fc8a26476b49af0daaabb025fccd4c1f7a2f7825e40a3d38ab6840b705,Depression,Depression,Depression
NEW_fda74e90904fec738c3c4ce8f812114f9ae7ce6493da48848a9f96990c5ad53c,Happy,Happy,Happy
NEW_fdb70fddf03fab4beca747b57883634b92046b37612c176f403fd5fafdbdec4c,Happy,Happy,Happy
NEW_fdbd8c8f1f8050459df951377a42c6603dc02aa4a57e8e1d912ff352b75a1a83,Depression,Depression,Depression
NEW_fde2662aa8d503598e393765fbda4658778a0dc23e02de3985ef296e02691d8f,Depression,Depression,Depression
NEW_fdeea61c6675d6e972eaaa04111cd55f25216e36042d89a2551c377389999998,Neutral,Neutral,Neutral
NEW_fdf182994df2ff8d754c9a5218f152b9129cbd8a7f5270bd5fc170fa11ec59e2,Neutral,Neutral,Neutral
NEW_fdf2c56818f05d7e523082df74df34dfaa90d72b1a134fd6f217f7537903e16f,Depression,Depression,Depression
NEW_fdf2e7c1dd4b2a358112b6fe6bdf27a3fbec456f76f5614cc27d32f1fed76438,Depression,Depression,Depression
NEW_fe0af7b830631fe404aba63ed07fe47b895a89c643247e645ad3c81c0fbd7b7a,Depression,Depression,Depression
NEW_fe198c2e2642ef1a1c602bc17564423a637525de145dd50e561f23dc25e11d12,Neutral,Neutral,Neutral
NEW_fe1ed3047b263e6f531da9b17095d9d344dcf8e60bfb6947b18b636bcf813b69,Depression,Depression,Depression
NEW_fe2b2d7df5d7b082878992efc5ffaf0935936c587921e82a58b7b117b57b77d2,Depression,Depression,Depression
NEW_fe3ae50d8b0b0357ca6a2d452777af5db1f245c199b307780c5fc830a1b11768,Neutral,Neutral,Neutral
NEW_fe3daba2b396f237fc1e8f8d9175f3656eb1521e69c5a4cdf7ac8742341662e2,Depression,Depression,Depression
NEW_fe483f30994758a31a2cb2c18d98a339907e91ff8e8c288978fd4b05f6646062,Neutral,Neutral,Neutral
NEW_fe53872efd3abf1531344ddd7c79999615c1da35c77d3f147495ad31347998d7,Happy,Happy,Happy
NEW_fe6493129fd437ebf509e3d2c8203bf3aee7a54a116f60862a19f435b3a3f8a0,Neutral,Neutral,Neutral
NEW_fe69cbae46874df893adc6c34de10b4332f99129b468076d1cede438ec9111b5,Happy,Happy,Happy
NEW_fe7893b89b9e47917800b55a21890479f1221c33cf579a3964490d71f516b075,Depression,Depression,Depression
NEW_fe7c0dd1f16658c1552dc1a4664f8f849a798e7ee0798e0535d45cecad84bdac,Neutral,Neutral,Neutral
NEW_fe7eb008555d23b8bc60f929d98698c8347da856affcca680936fb150e3905cc,Neutral,Neutral,Neutral
NEW_fe7fc6999ca9120aea00d82c625a5d8e753302bc423daa8cde83d1b4533f64a7,Happy,Happy,Happy
NEW_fe82ab01fc843316a6e97b31d36438dbb218534952dc6ea684c6321ac26fa5c3,Neutral,Neutral,Neutral
NEW_fe8c71945411fa8548a47a2d9b50b911a64ee55dd1f0d0ecb9f3216a322d0b59,Neutral,Neutral,Neutral
NEW_fe95755a48ea9e92486f1815a2a3a4455cca3de46d8d149e61807e8d94f7a503,Neutral,Neutral,Neutral
NEW_fea1ca893ed15225f411e103187a6eeb9c4ded69203db6ca584a758f07cc50a2,Neutral,Neutral,Neutral
NEW_fea4ec08fc9622e7521a3c5cf351ef7976979fe6a5615898d261182fdb7955e2,Neutral,Neutral,Neutral
NEW_feac4d20a7a18bd2a707d338477fa4dc2411fe81bf227def47db7a8760c335b7,Happy,Happy,Happy
NEW_feb19d90b248855dc415c5c5925e98a015e8f7a47bc0d2d0263d4202158863c5,Depression,Depression,Depression
NEW_febb184c8bcd9b2345ba7603903885ba7e586babe564ebb43f2d3a18cc83e23b,Happy,Happy,Happy
NEW_fecda07aa8f5160049be665e766ac85f5ed5db7bf244f3c1c6eacdb7341e063e,Neutral,Neutral,Neutral
NEW_fece656a35b03ac14bcf2d4bbd7781868443b3145e2392ec27e4279975d35bfb,Neutral,Neutral,Neutral
NEW_feceb3c17583d2c2285f2719e0a4686ecacc63bdad0fc931f432c7d7c4c7c373,Depression,Depression,Depression
NEW_fecf22ff9e9ab51be7b866fbfa2119f24117c016fa9e6698946c268331a1c003,Happy,Happy,Happy
NEW_fed487d7cb1beef22712778549e52020e9e01edd3f6c5785d65e1a5340112c58,Happy,Happy,Happy
NEW_fed5522e8aa99430732e03d21131b9eb6e582fb28f9b748b11becb93f932b7ac,Happy,Happy,Happy
NEW_fee74eec6248ee65404058afb5174f89a48cbed1f318f5144036df6a3388ade0,Happy,Happy,Happy
NEW_feeb2b47ca45a2ba196dbc90978ef7c2152091ccb331af9411d1893da6ce8682,Happy,Happy,Happy
NEW_fef396ab0c37a48a791edc1e30ba1d3c2ea82059df24170d84e1f6e1fb4bc3f8,Neutral,Neutral,Neutral
NEW_fef3cd6748faf6e4765af7f47ce0749a08ea41c907b246281b6bef37becf1d16,Happy,Happy,Happy
NEW_fef71ad60843087893a080925fe1c2bd608805468990abe31e408a625902201a,Neutral,Neutral,Neutral
NEW_fef8fffe80a3f492ae2567c174f9f3e29b03237d7fa0a7dde4b1809ca0dc48b2,Depression,Depression,Depression
NEW_fefeb9606afa393092fbbdf8d20f4573491eb534d7a56cda45614122cb717b3b,Happy,Happy,Happy
NEW_ff31bad6147f28e1ef3a0639c7c89d98eb41e6d74952a5f3cb30707d8e0ffe8a,Neutral,Neutral,Neutral
NEW_ff31da34d1c8ad1f8e1badccaaf091743a65ccb9ed1a8f81487e733d79f3183e,Neutral,Neutral,Neutral
NEW_ff3e2abee8ce11242b057a4522527e33ed06ab7916fa1c6563b45545dae45512,Depression,Depression,Depression
NEW_ff5f06b376ef347959efeee033a166325d627fce501aabee9a2b2bb816036922,Happy,Happy,Happy
NEW_ff5fad4f15e3ce8a35468e7c9299489fe7ec5b06a97c63bca429bdd5a4d301d8,Happy,Happy,Happy
NEW_ff67619c7810ab0701116eb9671ee1d8ac30bbc8a2b4621794c6a744a083479d,Neutral,Neutral,Neutral
NEW_ff6a67afb5b72ce7c92d4d6499f6f1f34651429d84ce8f0834b53de0ba6a685d,Happy,Happy,Happy
NEW_ff6af3e0276a243f14958eef613fdf3794e59416774c0ebfea27aa313252367f,Neutral,Neutral,Neutral
NEW_ff6fc188cb91e4aa81adcdf0d9f062a656ec9c1ce5c8f72743b6a08c70aabdaa,Neutral,Neutral,Neutral
NEW_ff7d7eaef725dc10783dd882ad2132f9517d01ecb8ecba77c73383020b911df7,Neutral,Neutral,Neutral
NEW_ff8351bf7712d8fc04b0fa002d29466eeea6ec1dc7602fb7fc2245af02e700e1,Depression,Depression,Depression
NEW_ff873c5d6f56abe6f2911c3dc4b5b9b9a8f5ffe660ba5356fcde75b3ebeba54e,Depression,Depression,Depression
NEW_ff90c79e634c5cfc8a75165c90273444c1f7aab48f57d8dac527eeca37b6aee2,Happy,Happy,Happy
NEW_ff9530328daeb024c40d5ddede07752454d55f70253c3e97a76c261d86175bf2,Neutral,Neutral,Neutral
NEW_ffa5828ffe7ceb8922709298cbc177b1b7142f7ba081cabef49b9d19ff75bedc,Neutral,Neutral,Neutral
NEW_ffa746e1d9e9c1e95506c599de4aaa6245b475cfc31940251c3fe42a3a8200c3,Happy,Depression,Depression
NEW_ffa9023491ae6b577c64eb49182eb4f60d15b1205ca623d46c3a2e6295c90f42,Happy,Happy,Happy
NEW_ffbcdbe7bade0efabdb2233070c93798c3b85627844db7efdc691c899d57b2ed,Depression,Depression,Depression
NEW_ffc1d8940d83aa98970e0f47de466db04a5ab52f43e879ab88790d3b10ccae89,Happy,Happy,Happy
NEW_ffd987de3cbe0a96a023a0f2f6d9e3636ce858e4629eda1ab162ad5a64202714,Happy,Happy,Happy
NEW_ffddb9f4e9c412ebac81d5c6b0c02a95e79e32572ea32bc2ad1f4dd84d6b302c,Depression,Depression,Depression
NEW_ffe4f5d83aa69a01733a15f929c38fb2d1ac388c1b77aa91d8df43425ab131b3,Depression,Depression,Depression
NEW_ffe7d890514a7d47992105e84ae0ce56ce76283a9f6a3694cfebe1974e8dfd0b,Depression,Depression,Depression
NEW_ffecb4caf8d1f003d9650afe7ca1c4972ea900c02db4c64c4803af3a345eaaa9,Happy,Happy,Happy
NEW_ffeed1fff5d54d131312da2b0f4e572bcc8e8cd4fe65adddd9b050200d743e65,Neutral,Neutral,Neutral
NEW_fff75484756c423b2ea329d9bbcabc3bf994297b784c09910b41c67f1775b51e,Depression,Happy,Depression
NEW_fff86432f2dbf6451b50aec7f77d4e907d5f631de167627712ca467421691189,Neutral,Neutral,Neutral
NEW_fffd81c4f039267cea8f5d47fe5a7ca727aa6cff77ebec596301fa7baa651927,Happy,Depression,Neutral
