example_id,target_label,phase1_label,final_label
RED_000009,Happy,Happy,Happy
RED_000016,Happy,Happy,Happy
RED_000018,Depression,Depression,Depression
RED_000033,Neutral,Neutral,Neutral
RED_000041,Happy,Happy,Happy
RED_000064,Happy,Happy,Happy
RED_000110,Neutral,Neutral,Neutral
RED_000114,Neutral,Neutral,Neutral
RED_000130,Depression,Depression,Depression
RED_000138,Depression,Depression,Depression
RED_000141,Neutral,Neutral,Neutral
RED_000143,Neutral,Neutral,Neutral
RED_000145,Happy,Happy,Happy
RED_000149,Happy,Happy,Happy
RED_000153,Happy,Happy,Happy
RED_000163,Happy,Happy,Happy
RED_000186,Depression,Depression,Depression
RED_000193,Neutral,Neutral,Neutral
RED_000198,Depression,Depression,Depression
RED_000236,Neutral,Neutral,Neutral
RED_000238,Depression,Depression,Depression
RED_000245,Neutral,Neutral,Neutral
RED_000254,Neutral,Neutral,Neutral
RED_000257,Neutral,Neutral,Neutral
RED_000258,Depression,Depression,Depression
RED_000260,Neutral,Neutral,Neutral
RED_000271,Happy,Happy,Happy
RED_000282,Depression,Depression,Depression
RED_000288,Neutral,Neutral,Neutral
RED_000292,Depression,Depression,Depression
RED_000300,Happy,Happy,Happy
RED_000319,Happy,Happy,Happy
RED_000322,Depression,Depression,Depression
RED_000329,Depression,Depression,Depression
RED_000333,Neutral,Neutral,Neutral
RED_000341,Neutral,Neutral,Neutral
RED_000345,Neutral,Neutral,Neutral
RED_000352,Depression,Depression,Depression
RED_000360,Depression,Depression,Depression
RED_000370,Neutral,Neutral,Neutral
RED_000372,Depression,Depression,Depression
RED_000374,Neutral,Neutral,Neutral
RED_000383,Happy,Depression,Neutral
RED_000385,Happy,Happy,Happy
RED_000386,Happy,Happy,Happy
RED_000394,Depression,Depression,Depression
RED_000403,Neutral,Neutral,Neutral
RED_000419,Neutral,Neutral,Neutral
RED_000424,Happy,Happy,Happy
RED_000425,Depression,Happy,Happy
RED_000442,Depression,Depression,Depression
RED_000445,Depression,Depression,Depression
RED_000447,Depression,Depression,Depression
RED_000450,Neutral,Neutral,Neutral
RED_000453,Happy,Happy,Happy
RED_000454,Depression,Depression,Depression
RED_000456,Neutral,Neutral,Neutral
RED_000459,Happy,Happy,Happy
RED_000462,Happy,Happy,Happy
RED_000471,Neutral,Neutral,Neutral
RED_000483,Depression,Depression,Depression
RED_000493,Neutral,Neutral,Neutral
RED_000500,Happy,Happy,Happy
RED_000513,Depression,Depression,Depression
RED_000514,Depression,Depression,Depression
RED_000516,Depression,Depression,Depression
RED_000517,Depression,Depression,Depression
RED_000525,Depression,Depression,Depression
RED_000538,Neutral,Neutral,Neutral
RED_000543,Neutral,Neutral,Neutral
RED_000548,Happy,Happy,Happy
RED_000550,Depression,Depression,Depression
RED_000556,Depression,Depression,Depression
RED_000558,Depression,Depression,Depression
RED_000565,Happy,Happy,Happy
RED_000580,Neutral,Neutral,Neutral
RED_000595,Happy,Happy,Happy
RED_000607,Neutral,Neutral,Neutral
RED_000615,Neutral,Neutral,Neutral
RED_000618,Neutral,Neutral,Neutral
RED_000625,Happy,Happy,Happy
RED_000647,Depression,Depression,Depression
RED_000651,Neutral,Neutral,Neutral
RED_000654,Neutral,Neutral,Neutral
RED_000656,Depression,Depression,Depression
RED_000694,Happy,Happy,Happy
RED_000702,Neutral,Neutral,Neutral
RED_000709,Neutral,Neutral,Neutral
RED_000714,Depression,Depression,Depression
RED_000728,Happy,Happy,Happy
RED_000760,Depression,Depression,Depression
RED_000774,Happy,Happy,Happy
RED_000775,Depression,Depression,Depression
RED_000779,Neutral,Neutral,Neutral
RED_000788,Depression,Depression,Depression
RED_000805,Neutral,Depression,Depression
RED_000831,Neutral,Neutral,Neutral
RED_000833,Depression,Depression,Depression
RED_000835,Depression,Depression,Depression
RED_000863,Happy,Happy,Happy
RED_000875,Happy,Happy,Happy
RED_000882,Neutral,Neutral,Neutral
RED_000888,Happy,Happy,Happy
RED_000899,Neutral,Neutral,Neutral
RED_000943,Happy,Happy,Happy
RED_000946,Neutral,Neutral,Neutral
RED_000952,Neutral,Neutral,Neutral
RED_000957,Neutral,Neutral,Neutral
RED_000966,Neutral,Neutral,Neutral
RED_000969,Depression,Depression,Depression
RED_000976,Depression,Depression,Depression
RED_000989,Happy,Happy,Happy
RED_001017,Happy,Happy,Happy
RED_001021,Depression,Depression,Depression
RED_001043,Depression,Depression,Depression
RED_001050,Happy,Happy,Happy
RED_001074,Neutral,Neutral,Neutral
RED_001081,Happy,Happy,Happy
RED_001089,Depression,Depression,Depression
RED_001092,Happy,Happy,Happy
RED_001093,Happy,Happy,Happy
RED_001097,Depression,Depression,Depression
RED_001119,Happy,Happy,Happy
RED_001127,Neutral,Neutral,Neutral
RED_001131,Happy,Happy,Happy
RED_001139,Depression,Depression,Depression
RED_001146,Depression,Depression,Depression
RED_001158,Depression,Depression,Depression
RED_001161,Happy,Happy,Happy
RED_001168,Depression,Depression,Depression
RED_001183,Happy,Happy,Happy
RED_001249,Neutral,Neutral,Neutral
RED_001263,Happy,Happy,Happy
RED_001288,Happy,Happy,Happy
RED_001296,Happy,Happy,Happy
RED_001318,Happy,Happy,Happy
RED_001326,Neutral,Neutral,Neutral
RED_001341,Happy,Happy,Happy
RED_001345,Neutral,Neutral,Neutral
RED_001353,Depression,Depression,Depression
RED_001369,Happy,Happy,Happy
RED_001373,Depression,Depression,Depression
RED_001374,Depression,Depression,Depression
RED_001380,Happy,Happy,Happy
RED_001389,Depression,Depression,Depression
RED_001400,Neutral,Neutral,Neutral
RED_001410,Happy,Happy,Happy
RED_001421,Depression,Depression,Depression
RED_001423,Neutral,Neutral,Neutral
RED_001442,Neutral,Neutral,Neutral
RED_001458,Neutral,Neutral,Neutral
RED_001475,Depression,Depression,Depression
RED_001476,Depression,Depression,Depression
RED_001481,Happy,Happy,Happy
RED_001488,Neutral,Neutral,Neutral
RED_001489,Neutral,Neutral,Neutral
RED_001504,Neutral,Neutral,Neutral
RED_001508,Depression,Depression,Depression
RED_001516,Depression,Depression,Depression
RED_001532,Neutral,Neutral,Neutral
RED_001543,Neutral,Neutral,Neutral
RED_001548,Depression,Depression,Depression
RED_001576,Neutral,Neutral,Neutral
RED_001579,Depression,Depression,Depression
RED_001609,Neutral,Neutral,Neutral
RED_001612,Happy,Happy,Happy
RED_001616,Neutral,Neutral,Neutral
RED_001620,Happy,Happy,Happy
RED_001627,Depression,Depression,Depression
RED_001635,Happy,Happy,Happy
RED_001643,Happy,Happy,Happy
RED_001652,Happy,Happy,Happy
RED_001674,Happy,Happy,Happy
RED_001685,Neutral,Neutral,Neutral
RED_001690,Neutral,Neutral,Neutral
RED_001703,Neutral,Neutral,Neutral
RED_001705,Depression,Depression,Depression
RED_001715,Happy,Happy,Happy
RED_001718,Happy,Happy,Happy
RED_001724,Depression,Depression,Depression
RED_001725,Happy,Happy,Happy
RED_001726,Happy,Happy,Happy
RED_001758,Neutral,Neutral,Neutral
RED_001766,Happy,Happy,Happy
RED_001777,Neutral,Neutral,Neutral
RED_001786,Happy,Happy,Happy
RED_001791,Depression,Depression,Depression
RED_001793,Neutral,Neutral,Neutral
RED_001823,Neutral,Neutral,Neutral
RED_001835,Depression,Depression,Depression
RED_001839,Neutral,Neutral,Neutral
RED_001840,Depression,Depression,Depression
RED_001847,Depression,Depression,Depression
RED_001861,Neutral,Neutral,Neutral
RED_001862,Depression,Depression,Depression
RED_001864,Depression,Depression,Depression
RED_001874,Neutral,Neutral,Neutral
RED_001893,Depression,Depression,Depression
RED_001912,Neutral,Neutral,Neutral
RED_001929,Happy,Happy,Happy
RED_001940,Neutral,Neutral,Neutral
RED_001948,Depression,Depression,Depression
RED_001950,Depression,Depression,Depression
RED_001951,Happy,Happy,Happy
RED_001963,Neutral,Neutral,Neutral
RED_001966,Happy,Happy,Happy
RED_001969,Happy,Happy,Happy
RED_001982,Neutral,Neutral,Neutral
RED_001989,Neutral,Neutral,Neutral
RED_002005,Happy,Happy,Happy
RED_002007,Happy,Happy,Happy
RED_002012,Happy,Happy,Happy
RED_002015,Happy,Happy,Happy
RED_002021,Depression,Depression,Depression
RED_002024,Neutral,Neutral,Neutral
RED_002036,Neutral,Neutral,Neutral
RED_002048,Depression,Depression,Depression
RED_002051,Depression,Depression,Depression
RED_002053,Happy,Happy,Happy
RED_002077,Happy,Happy,Happy
RED_002101,Neutral,Neutral,Neutral
RED_002125,Neutral,Neutral,Neutral
RED_002140,Neutral,Neutral,Neutral
RED_002142,Neutral,Neutral,Neutral
RED_002145,Neutral,Neutral,Neutral
RED_002150,Depression,Depression,Depression
RED_002170,Neutral,Neutral,Neutral
RED_002189,Depression,Depression,Depression
RED_002205,Neutral,Neutral,Neutral
RED_002207,Depression,Depression,Depression
RED_002211,Depression,Depression,Depression
RED_002212,Happy,Happy,Happy
RED_002214,Happy,Happy,Happy
RED_002216,Depression,Depression,Depression
RED_002254,Neutral,Neutral,Neutral
RED_002277,Depression,Depression,Depression
RED_002292,Depression,Depression,Depression
RED_002297,Neutral,Neutral,Neutral
RED_002312,Happy,Happy,Happy
RED_002317,Happy,Happy,Happy
RED_002318,Depression,Depression,Depression
RED_002319,Happy,Happy,Happy
RED_002341,Neutral,Neutral,Neutral
RED_002353,Neutral,Neutral,Neutral
RED_002359,Neutral,Neutral,Neutral
RED_002374,Happy,Happy,Happy
RED_002392,Depression,Depression,Depression
RED_002394,Neutral,Neutral,Neutral
RED_002411,Depression,Depression,Depression
RED_002416,Happy,Happy,Happy
RED_002422,Happy,Happy,Happy
RED_002424,Neutral,Neutral,Neutral
RED_002429,Neutral,Neutral,Neutral
RED_002430,Depression,Depression,Depression
RED_002447,Depression,Depression,Depression
RED_002448,Depression,Depression,Depression
RED_002451,Neutral,Neutral,Neutral
RED_002461,Neutral,Neutral,Neutral
RED_002463,Neutral,Neutral,Neutral
RED_002471,Depression,Depression,Depression
RED_002480,Happy,Happy,Neutral
RED_002482,Happy,Happy,Happy
RED_002490,Happy,Happy,Happy
RED_002501,Depression,Depression,Depression
RED_002505,Happy,Happy,Happy
RED_002507,Happy,Happy,Happy
RED_002512,Happy,Happy,Happy
RED_002518,Depression,Depression,Depression
RED_002522,Neutral,Neutral,Neutral
RED_002526,Depression,Depression,Depression
RED_002548,Neutral,Neutral,Neutral
RED_002549,Happy,Happy,Happy
RED_002555,Neutral,Neutral,Neutral
RED_002559,Happy,Happy,Happy
RED_002581,Happy,Happy,Happy
RED_002582,Happy,Happy,Happy
RED_002584,Depression,Depression,Depression
RED_002588,Happy,Happy,Happy
RED_002589,Neutral,Neutral,Neutral
RED_002628,Happy,Happy,Happy
RED_002647,Depression,Depression,Depression
RED_002662,Neutral,Neutral,Neutral
RED_002671,Depression,Depression,Depression
RED_002676,Neutral,Neutral,Neutral
RED_002699,Happy,Happy,Happy
RED_002704,Neutral,Neutral,Neutral
RED_002727,Neutral,Neutral,Neutral
RED_002728,Happy,Happy,Happy
RED_002742,Depression,Depression,Depression
RED_002764,Depression,Depression,Depression
RED_002772,Happy,Happy,Happy
RED_002778,Neutral,Neutral,Neutral
RED_002787,Neutral,Neutral,Neutral
RED_002822,Neutral,Neutral,Neutral
RED_002834,Neutral,Neutral,Neutral
RED_002841,Happy,Happy,Happy
RED_002842,Happy,Happy,Happy
RED_002843,Neutral,Neutral,Neutral
RED_002860,Neutral,Neutral,Neutral
RED_002867,Neutral,Neutral,Neutral
RED_002881,Depression,Depression,Depression
RED_002889,Happy,Happy,Happy
RED_002897,Depression,Depression,Depression
RED_002898,Depression,Depression,Depression
RED_002899,Depression,Depression,Depression
RED_002903,Depression,Depression,Depression
RED_002909,Neutral,Neutral,Neutral
RED_002911,Depression,Depression,Depression
RED_002915,Neutral,Neutral,Neutral
RED_002922,Happy,Happy,Happy
RED_002947,Happy,Happy,Happy
RED_002967,Neutral,Neutral,Neutral
RED_002972,Happy,Depression,Depression
RED_002986,Happy,Happy,Happy
RED_002989,Happy,Happy,Happy
RED_002996,Neutral,Neutral,Neutral
RED_003000,Neutral,Neutral,Neutral
RED_003006,Neutral,Neutral,Neutral
RED_003026,Depression,Depression,Depression
RED_003036,Neutral,Happy,Neutral
RED_003039,Happy,Happy,Happy
RED_003043,Depression,Depression,Depression
RED_003046,Neutral,Neutral,Neutral
RED_003069,Neutral,Neutral,Neutral
RED_003087,Happy,Happy,Happy
RED_003089,Happy,Happy,Happy
RED_003096,Neutral,Neutral,Neutral
RED_003113,Depression,Depression,Depression
RED_003136,Depression,Depression,Depression
RED_003138,Depression,Depression,Depression
RED_003151,Depression,Depression,Depression
RED_003160,Depression,Depression,Depression
RED_003173,Depression,Depression,Depression
RED_003192,Neutral,Neutral,Neutral
RED_003200,Neutral,Neutral,Neutral
RED_003201,Depression,Depression,Depression
RED_003217,Depression,Depression,Depression
RED_003223,Neutral,Neutral,Neutral
RED_003230,Neutral,Neutral,Neutral
RED_003235,Depression,Depression,Depression
RED_003249,Neutral,Neutral,Neutral
RED_003251,Happy,Happy,Happy
RED_003252,Neutral,Neutral,Neutral
RED_003258,Neutral,Neutral,Neutral
RED_003259,Happy,Happy,Happy
RED_003262,Neutral,Neutral,Neutral
RED_003263,Depression,Depression,Depression
RED_003264,Happy,Happy,Happy
RED_003270,Depression,Depression,Depression
RED_003277,Happy,Happy,Happy
RED_003278,Depression,Depression,Depression
RED_003281,Neutral,Neutral,Neutral
RED_003288,Depression,Depression,Depression
RED_003290,Depression,Depression,Depression
RED_003305,Happy,Happy,Happy
RED_003315,Happy,Happy,Happy
RED_003319,Depression,Depression,Depression
RED_003328,Depression,Depression,Depression
RED_003335,Neutral,Neutral,Neutral
RED_003349,Happy,Happy,Happy
RED_003357,Depression,Depression,Depression
RED_003381,Depression,Happy,Happy
RED_003384,Neutral,Neutral,Neutral
RED_003385,Happy,Happy,Happy
RED_003394,Happy,Happy,Happy
RED_003401,Neutral,Neutral,Neutral
RED_003404,Depression,Depression,Depression
RED_003423,Neutral,Neutral,Neutral
RED_003439,Neutral,Neutral,Neutral
RED_003458,Depression,Depression,Depression
RED_003464,Depression,Depression,Depression
RED_003474,Neutral,Neutral,Neutral
RED_003476,Neutral,Neutral,Neutral
RED_003489,Depression,Depression,Depression
RED_003495,Happy,Depression,Depression
RED_003498,Happy,Happy,Happy
RED_003499,Neutral,Neutral,Neutral
RED_003524,Happy,Happy,Happy
RED_003553,Happy,Happy,Happy
RED_003560,Neutral,Neutral,Neutral
RED_003588,Neutral,Neutral,Neutral
RED_003593,Neutral,Neutral,Neutral
RED_003596,Depression,Depression,Depression
RED_003605,Neutral,Neutral,Neutral
RED_003611,Neutral,Neutral,Neutral
RED_003613,Neutral,Neutral,Neutral
RED_003614,Happy,Happy,Happy
RED_003633,Depression,Depression,Depression
RED_003635,Happy,Happy,Happy
RED_003644,Happy,Happy,Happy
RED_003646,Happy,Happy,Happy
RED_003652,Happy,Happy,Happy
RED_003655,Happy,Happy,Happy
RED_003658,Neutral,Neutral,Neutral
RED_003663,Neutral,Neutral,Neutral
RED_003666,Happy,Happy,Happy
RED_003669,Happy,Happy,Happy
RED_003678,Happy,Happy,Happy
RED_003683,Neutral,Neutral,Neutral
RED_003693,Depression,Depression,Depression
RED_003711,Neutral,Neutral,Neutral
RED_003720,Neutral,Neutral,Neutral
RED_003723,Depression,Depression,Depression
RED_003731,Depression,Depression,Depression
RED_003739,Neutral,Neutral,Neutral
RED_003776,Happy,Happy,Happy
RED_003781,Neutral,Neutral,Neutral
RED_003783,Happy,Happy,Happy
RED_003790,Neutral,Neutral,Neutral
RED_003794,Happy,Happy,Happy
RED_003803,Depression,Depression,Depression
RED_003805,Depression,Depression,Depression
RED_003812,Happy,Happy,Happy
RED_003820,Happy,Happy,Happy
RED_003822,Neutral,Neutral,Neutral
RED_003826,Depression,Depression,Depression
RED_003828,Happy,Happy,Happy
RED_003849,Depression,Depression,Depression
RED_003887,Neutral,Neutral,Neutral
RED_003903,Depression,Depression,Depression
RED_003904,Depression,Depression,Depression
RED_003910,Neutral,Neutral,Neutral
RED_003930,Happy,Happy,Happy
RED_003948,Happy,Happy,Happy
RED_003950,Neutral,Neutral,Neutral
RED_003953,Neutral,Neutral,Neutral
RED_003955,Happy,Happy,Happy
RED_003972,Depression,Neutral,Neutral
RED_003982,Depression,Depression,Depression
RED_003985,Happy,Happy,Happy
RED_003994,Happy,Happy,Depression
RED_003995,Depression,Depression,Depression
RED_004000,Happy,Happy,Happy
RED_004002,Neutral,Neutral,Neutral
RED_004028,Depression,Depression,Depression
RED_004032,Depression,Depression,Depression
RED_004039,Depression,Depression,Depression
RED_004041,Neutral,Neutral,Neutral
RED_004042,Depression,Depression,Depression
RED_004060,Neutral,Neutral,Neutral
RED_004063,Happy,Happy,Happy
RED_004072,Happy,Happy,Happy
RED_004100,Neutral,Neutral,Neutral
RED_004112,Depression,Depression,Depression
RED_004123,Happy,Happy,Happy
RED_004128,Happy,Happy,Happy
RED_004133,Happy,Happy,Happy
RED_004142,Neutral,Neutral,Neutral
RED_004184,Depression,Depression,Depression
RED_004185,Happy,Happy,Happy
RED_004189,Happy,Happy,Happy
RED_004204,Depression,Depression,Depression
RED_004217,Neutral,Neutral,Neutral
RED_004222,Depression,Depression,Depression
RED_004275,Happy,Happy,Happy
RED_004283,Happy,Happy,Happy
RED_004289,Neutral,Neutral,Neutral
RED_004357,Happy,Happy,Happy
RED_004361,Neutral,Neutral,Neutral
RED_004373,Neutral,Neutral,Neutral
RED_004374,Depression,Happy,Happy
RED_004376,Neutral,Neutral,Neutral
RED_004380,Neutral,Neutral,Neutral
RED_004412,Depression,Depression,Depression
RED_004467,Depression,Depression,Depression
RED_004468,Depression,Depression,Depression
RED_004481,Happy,Happy,Happy
RED_004500,Depression,Depression,Depression
RED_004514,Depression,Depression,Depression
RED_004517,Neutral,Neutral,Neutral
RED_004521,Happy,Happy,Happy
RED_004523,Happy,Happy,Happy
RED_004524,Depression,Depression,Depression
RED_004545,Depression,Depression,Depression
RED_004553,Depression,Depression,Depression
RED_004578,Neutral,Neutral,Neutral
RED_004584,Depression,Depression,Depression
RED_004591,Neutral,Neutral,Neutral
RED_004592,Happy,Happy,Happy
RED_004624,Depression,Depression,Depression
RED_004627,Happy,Happy,Happy
RED_004640,Happy,Happy,Happy
RED_004641,Happy,Happy,Depression
RED_004656,Happy,Happy,Happy
RED_004661,Neutral,Neutral,Neutral
RED_004675,Neutral,Neutral,Neutral
RED_004682,Neutral,Neutral,Neutral
RED_004706,Neutral,Neutral,Neutral
RED_004709,Depression,Depression,Depression
RED_004714,Depression,Depression,Depression
RED_004718,Depression,Depression,Depression
RED_004730,Happy,Happy,Happy
RED_004753,Depression,Depression,Depression
RED_004758,Neutral,Neutral,Neutral
RED_004772,Happy,Happy,Happy
RED_004780,Neutral,Neutral,Neutral
RED_004793,Neutral,Neutral,Neutral
RED_004797,Neutral,Neutral,Neutral
RED_004801,Depression,Depression,Depression
RED_004811,Depression,Depression,Depression
RED_004815,Happy,Happy,Happy
RED_004817,Neutral,Neutral,Neutral
RED_004819,Happy,Happy,Happy
RED_004822,Neutral,Neutral,Neutral
RED_004834,Happy,Happy,Happy
RED_004835,Depression,Depression,Depression
RED_004838,Happy,Happy,Happy
RED_004844,Depression,Depression,Depression
RED_004850,Depression,Depression,Depression
RED_004854,Depression,Depression,Depression
RED_004872,Neutral,Neutral,Neutral
RED_004873,Happy,Happy,Happy
RED_004876,Depression,Depression,Depression
RED_004878,Neutral,Neutral,Neutral
RED_004880,Happy,Happy,Happy
RED_004898,Depression,Depression,Depression
RED_004900,Happy,Happy,Happy
RED_004915,Happy,Happy,Happy
RED_004941,Happy,Happy,Happy
RED_004946,Happy,Happy,Happy
RED_004953,Depression,Depression,Depression
RED_004970,Happy,Happy,Happy
RED_004979,Happy,Happy,Happy
RED_004983,Depression,Depression,Depression
RED_004984,Depression,Depression,Depression
RED_004993,Happy,Happy,Happy
RED_004998,Depression,Depression,Depression
RED_005001,Neutral,Neutral,Neutral
RED_005033,Happy,Happy,Happy
RED_005034,Happy,Happy,Happy
RED_005048,Happy,Happy,Happy
RED_005052,Depression,Depression,Depression
RED_005066,Neutral,Neutral,Neutral
RED_005071,Depression,Depression,Depression
RED_005074,Neutral,Neutral,Neutral
RED_005112,Depression,Depression,Depression
RED_005117,Depression,Depression,Depression
RED_005137,Depression,Depression,Depression
RED_005153,Depression,Depression,Depression
RED_005175,Depression,Depression,Depression
RED_005190,Happy,Happy,Happy
RED_005201,Depression,Depression,Depression
RED_005209,Depression,Depression,Depression
RED_005212,Neutral,Neutral,Neutral
RED_005217,Depression,Depression,Depression
RED_005225,Happy,Happy,Happy
RED_005232,Happy,Neutral,Neutral
RED_005243,Neutral,Neutral,Neutral
RED_005246,Neutral,Neutral,Neutral
RED_005247,Neutral,Neutral,Neutral
RED_005249,Neutral,Neutral,Neutral
RED_005259,Happy,Happy,Happy
RED_005269,Happy,Happy,Happy
RED_005300,Happy,Happy,Happy
RED_005319,Happy,Happy,Happy
RED_005328,Neutral,Neutral,Neutral
RED_005342,Depression,Depression,Depression
RED_005353,Neutral,Neutral,Neutral
RED_005358,Neutral,Neutral,Neutral
RED_005367,Happy,Happy,Happy
RED_005383,Depression,Depression,Depression
RED_005406,Neutral,Neutral,Neutral
RED_005426,Neutral,Neutral,Neutral
RED_005431,Neutral,Neutral,Neutral
RED_005433,Depression,Depression,Depression
RED_005438,Neutral,Neutral,Neutral
RED_005454,Happy,Depression,Depression
RED_005466,Neutral,Neutral,Neutral
RED_005501,Neutral,Neutral,Neutral
RED_005502,Happy,Happy,Happy
RED_005520,Depression,Depression,Depression
RED_005532,Happy,Happy,Happy
RED_005538,Happy,Happy,Happy
RED_005546,Neutral,Neutral,Neutral
RED_005566,Depression,Depression,Depression
RED_005584,Neutral,Neutral,Neutral
RED_005627,Depression,Depression,Depression
RED_005629,Depression,Depression,Depression
RED_005647,Neutral,Neutral,Neutral
RED_005663,Depression,Depression,Depression
RED_005673,Neutral,Neutral,Neutral
RED_005675,Happy,Happy,Happy
RED_005677,Neutral,Neutral,Neutral
RED_005685,Depression,Depression,Depression
RED_005693,Depression,Depression,Depression
RED_005698,Depression,Depression,Depression
RED_005707,Depression,Depression,Depression
RED_005714,Happy,Depression,Depression
RED_005732,Depression,Depression,Depression
RED_005782,Neutral,Neutral,Neutral
RED_005785,Happy,Happy,Happy
RED_005788,Happy,Happy,Happy
RED_005791,Happy,Happy,Happy
RED_005796,Happy,Happy,Happy
RED_005815,Depression,Depression,Depression
RED_005819,Depression,Depression,Depression
RED_005824,Neutral,Neutral,Neutral
RED_005837,Depression,Depression,Depression
RED_005838,Depression,Depression,Depression
RED_005842,Happy,Depression,Depression
RED_005852,Happy,Happy,Happy
RED_005860,Depression,Depression,Depression
RED_005869,Neutral,Neutral,Neutral
RED_005881,Depression,Depression,Depression
RED_005885,Depression,Depression,Depression
RED_005886,Happy,Happy,Happy
RED_005902,Happy,Happy,Happy
RED_005905,Depression,Depression,Depression
RED_005907,Happy,Happy,Happy
RED_005936,Depression,Depression,Depression
RED_005955,Happy,Happy,Happy
RED_005962,Depression,Depression,Depression
RED_005965,Happy,Happy,Happy
RED_005972,Depression,Depression,Depression
RED_005980,Neutral,Neutral,Neutral
RED_005981,Neutral,Happy,Happy
RED_006018,Depression,Depression,Depression
RED_006022,Depression,Depression,Depression
RED_006023,Depression,Depression,Depression
RED_006024,Depression,Depression,Depression
RED_006043,Happy,Happy,Happy
RED_006062,Happy,Happy,Happy
RED_006063,Neutral,Neutral,Neutral
RED_006065,Neutral,Neutral,Neutral
RED_006068,Happy,Happy,Happy
RED_006074,Happy,Happy,Happy
RED_006083,Neutral,Neutral,Neutral
RED_006099,Neutral,Neutral,Neutral
RED_006126,Depression,Depression,Depression
RED_006135,Happy,Happy,Happy
RED_006141,Neutral,Neutral,Neutral
RED_006167,Happy,Happy,Happy
RED_006168,Happy,Happy,Happy
RED_006169,Depression,Depression,Depression
RED_006172,Depression,Depression,Depression
RED_006175,Depression,Depression,Depression
RED_006186,Depression,Depression,Depression
RED_006191,Depression,Happy,Happy
RED_006195,Happy,Happy,Happy
RED_006200,Depression,Depression,Depression
RED_006202,Depression,Depression,Depression
RED_006210,Neutral,Neutral,Neutral
RED_006227,Neutral,Neutral,Neutral
RED_006231,Depression,Depression,Depression
RED_006238,Happy,Happy,Happy
RED_006246,Neutral,Neutral,Neutral
RED_006255,Happy,Depression,Depression
RED_006261,Depression,Depression,Depression
RED_006277,Neutral,Neutral,Neutral
RED_006284,Neutral,Neutral,Neutral
RED_006288,Neutral,Neutral,Neutral
RED_006301,Depression,Depression,Depression
RED_006305,Neutral,Neutral,Neutral
RED_006346,Happy,Happy,Happy
RED_006351,Happy,Happy,Happy
RED_006360,Depression,Depression,Depression
RED_006379,Neutral,Neutral,Neutral
RED_006386,Neutral,Neutral,Neutral
RED_006393,Depression,Happy,Happy
RED_006398,Neutral,Neutral,Neutral
RED_006402,Neutral,Neutral,Neutral
RED_006404,Happy,Happy,Happy
RED_006408,Depression,Depression,Depression
RED_006413,Happy,Happy,Happy
RED_006420,Depression,Depression,Depression
RED_006433,Neutral,Neutral,Neutral
RED_006438,Depression,Depression,Depression
RED_006444,Happy,Happy,Happy
RED_006445,Neutral,Neutral,Neutral
RED_006448,Happy,Happy,Happy
RED_006457,Depression,Depression,Depression
RED_006463,Happy,Happy,Happy
RED_006468,Depression,Depression,Depression
RED_006475,Depression,Depression,Depression
RED_006479,Neutral,Neutral,Neutral
RED_006490,Depression,Depression,Depression
RED_006495,Neutral,Neutral,Neutral
RED_006496,Neutral,Neutral,Neutral
RED_006498,Neutral,Neutral,Neutral
RED_006536,Depression,Depression,Depression
RED_006549,Depression,Depression,Depression
RED_006551,Neutral,Neutral,Neutral
RED_006554,Neutral,Neutral,Neutral
RED_006579,Neutral,Neutral,Neutral
RED_006591,Happy,Happy,Happy
RED_006602,Depression,Depression,Depression
RED_006631,Depression,Depression,Depression
RED_006632,Neutral,Neutral,Neutral
RED_006639,Depression,Depression,Depression
RED_006651,Happy,Happy,Happy
RED_006662,Neutral,Neutral,Neutral
RED_006676,Happy,Happy,Happy
RED_006677,Happy,Happy,Happy
RED_006683,Neutral,Neutral,Neutral
RED_006697,Neutral,Neutral,Neutral
RED_006699,Depression,Depression,Depression
RED_006707,Depression,Depression,Depression
RED_006717,Neutral,Neutral,Neutral
RED_006729,Happy,Happy,Happy
RED_006733,Happy,Happy,Happy
RED_006737,Happy,Happy,Happy
RED_006741,Happy,Happy,Happy
RED_006761,Happy,Happy,Happy
RED_006778,Depression,Depression,Depression
RED_006789,Neutral,Neutral,Neutral
RED_006810,Neutral,Neutral,Neutral
RED_006825,Neutral,Neutral,Neutral
RED_006832,Neutral,Neutral,Neutral
RED_006841,Neutral,Neutral,Neutral
RED_006858,Depression,Depression,Depression
RED_006872,Happy,Happy,Happy
RED_006885,Depression,Depression,Depression
RED_006906,Neutral,Neutral,Neutral
RED_006913,Neutral,Neutral,Neutral
RED_006928,Depression,Depression,Depression
RED_006930,Happy,Happy,Happy
RED_006931,Depression,Depression,Depression
RED_006939,Neutral,Neutral,Neutral
RED_006941,Depression,Depression,Depression
RED_006942,Neutral,Neutral,Neutral
RED_006951,Happy,Happy,Happy
RED_006971,Neutral,Neutral,Neutral
RED_006978,Depression,Depression,Depression
RED_006996,Neutral,Neutral,Neutral
RED_006998,Happy,Happy,Happy
RED_007008,Neutral,Neutral,Neutral
RED_007012,Neutral,Neutral,Neutral
RED_007018,Depression,Depression,Depression
RED_007023,Depression,Depression,Depression
RED_007027,Depression,Depression,Depression
RED_007028,Neutral,Neutral,Neutral
RED_007034,Happy,Happy,Happy
RED_007039,Neutral,Neutral,Neutral
RED_007048,Neutral,Neutral,Neutral
RED_007063,Happy,Happy,Happy
RED_007066,Neutral,Neutral,Neutral
RED_007075,Neutral,Neutral,Neutral
RED_007076,Depression,Depression,Depression
RED_007102,Neutral,Neutral,Neutral
RED_007116,Neutral,Neutral,Neutral
RED_007128,Neutral,Neutral,Neutral
RED_007144,Depression,Depression,Depression
RED_007151,Depression,Depression,Depression
RED_007179,Depression,Depression,Depression
RED_007184,Happy,Happy,Happy
RED_007187,Happy,Happy,Happy
RED_007199,Depression,Depression,Depression
RED_007216,Neutral,Neutral,Neutral
RED_007236,Depression,Depression,Depression
RED_007240,Neutral,Neutral,Neutral
RED_007252,Depression,Depression,Depression
RED_007275,Neutral,Neutral,Neutral
RED_007279,Happy,Happy,Happy
RED_007281,Depression,Depression,Depression
RED_007288,Depression,Depression,Depression
RED_007292,Depression,Depression,Depression
RED_007295,Happy,Happy,Happy
RED_007308,Neutral,Neutral,Neutral
RED_007312,Depression,Depression,Depression
RED_007339,Depression,Depression,Depression
RED_007340,Neutral,Neutral,Neutral
RED_007341,Depression,Happy,Happy
RED_007368,Neutral,Neutral,Neutral
RED_007374,Neutral,Neutral,Neutral
RED_007394,Neutral,Neutral,Neutral
RED_007402,Neutral,Neutral,Neutral
RED_007420,Neutral,Neutral,Neutral
RED_007425,Depression,Depression,Depression
RED_007441,Neutral,Neutral,Neutral
RED_007455,Neutral,Neutral,Neutral
RED_007457,Happy,Happy,Happy
RED_007459,Neutral,Neutral,Neutral
RED_007465,Neutral,Neutral,Neutral
RED_007467,Neutral,Depression,Depression
RED_007478,Happy,Happy,Happy
RED_007487,Depression,Depression,Depression
RED_007488,Happy,Happy,Happy
RED_007507,Happy,Happy,Happy
RED_007509,Happy,Happy,Happy
RED_007515,Neutral,Neutral,Neutral
RED_007524,Depression,Depression,Depression
RED_007526,Happy,Happy,Happy
RED_007548,Depression,Depression,Depression
RED_007554,Neutral,Neutral,Neutral
RED_007557,Neutral,Neutral,Neutral
RED_007559,Happy,Happy,Happy
RED_007565,Depression,Depression,Depression
RED_007579,Depression,Depression,Depression
RED_007586,Neutral,Neutral,Neutral
RED_007589,Depression,Depression,Depression
RED_007613,Happy,Happy,Happy
RED_007619,Depression,Depression,Depression
RED_007621,Neutral,Neutral,Neutral
RED_007648,Happy,Happy,Happy
RED_007657,Depression,Depression,Depression
RED_007665,Depression,Depression,Depression
RED_007667,Happy,Happy,Happy
RED_007671,Depression,Depression,Depression
RED_007685,Neutral,Neutral,Neutral
RED_007686,Happy,Happy,Happy
RED_007694,Depression,Depression,Depression
RED_007699,Depression,Depression,Depression
RED_007764,Neutral,Neutral,Neutral
RED_007768,Neutral,Neutral,Neutral
RED_007774,Depression,Depression,Depression
RED_007775,Depression,Depression,Depression
RED_007793,Neutral,Neutral,Neutral
RED_007794,Neutral,Neutral,Neutral
RED_007816,Happy,Happy,Happy
RED_007832,Depression,Depression,Depression
RED_007850,Neutral,Neutral,Neutral
RED_007876,Happy,Happy,Happy
RED_007878,Neutral,Neutral,Neutral
RED_007889,Neutral,Neutral,Neutral
RED_007891,Neutral,Neutral,Neutral
RED_007897,Happy,Happy,Happy
RED_007918,Happy,Happy,Happy
RED_007921,Depression,Depression,Depression
RED_007926,Depression,Depression,Depression
RED_007951,Happy,Happy,Happy
RED_007961,Neutral,Neutral,Neutral
RED_007967,Depression,Depression,Depression
RED_007972,Depression,Depression,Depression
RED_007974,Happy,Happy,Happy
RED_007989,Depression,Depression,Depression
RED_007991,Depression,Depression,Depression
RED_008010,Happy,Neutral,Happy
RED_008012,Happy,Happy,Happy
RED_008013,Happy,Happy,Happy
RED_008042,Neutral,Neutral,Neutral
RED_008045,Happy,Happy,Happy
RED_008048,Happy,Happy,Happy
RED_008055,Happy,Happy,Happy
RED_008065,Depression,Depression,Depression
RED_008076,Depression,Depression,Depression
RED_008079,Happy,Happy,Happy
RED_008116,Neutral,Neutral,Neutral
RED_008128,Depression,Depression,Depression
RED_008133,Happy,Happy,Happy
RED_008185,Neutral,Neutral,Neutral
RED_008188,Happy,Happy,Happy
RED_008192,Depression,Depression,Depression
RED_008201,Happy,Happy,Happy
RED_008217,Depression,Depression,Depression
RED_008232,Neutral,Neutral,Neutral
RED_008244,Depression,Depression,Depression
RED_008247,Neutral,Neutral,Neutral
RED_008254,Depression,Depression,Depression
RED_008285,Happy,Happy,Happy
RED_008293,Neutral,Neutral,Depression
RED_008294,Neutral,Neutral,Neutral
RED_008308,Neutral,Neutral,Neutral
RED_008311,Depression,Depression,Depression
RED_008325,Neutral,Neutral,Neutral
RED_008334,Happy,Depression,Depression
RED_008339,Depression,Depression,Depression
RED_008341,Happy,Happy,Happy
RED_008342,Happy,Happy,Happy
RED_008344,Neutral,Neutral,Neutral
RED_008359,Depression,Depression,Depression
RED_008366,Happy,Happy,Happy
RED_008369,Depression,Depression,Depression
RED_008371,Happy,Happy,Happy
RED_008385,Neutral,Neutral,Neutral
RED_008419,Happy,Happy,Happy
RED_008422,Happy,Happy,Happy
RED_008430,Depression,Depression,Depression
RED_008435,Depression,Depression,Depression
RED_008444,Happy,Happy,Happy
RED_008454,Neutral,Neutral,Neutral
RED_008476,Happy,Happy,Happy
RED_008491,Depression,Depression,Depression
RED_008500,Happy,Happy,Happy
RED_008507,Depression,Depression,Depression
RED_008514,Neutral,Neutral,Neutral
RED_008521,Neutral,Neutral,Neutral
RED_008531,Happy,Happy,Happy
RED_008542,Happy,Happy,Happy
RED_008550,Depression,Depression,Depression
RED_008563,Depression,Depression,Depression
RED_008581,Depression,Depression,Depression
RED_008587,Happy,Happy,Happy
RED_008650,Happy,Happy,Happy
RED_008663,Happy,Happy,Happy
RED_008664,Happy,Happy,Happy
RED_008667,Neutral,Neutral,Neutral
RED_008679,Depression,Depression,Depression
RED_008702,Neutral,Neutral,Neutral
RED_008707,Happy,Happy,Happy
RED_008717,Happy,Happy,Happy
RED_008724,Depression,Depression,Depression
RED_008725,Happy,Happy,Happy
RED_008727,Depression,Depression,Depression
RED_008744,Happy,Happy,Happy
RED_008748,Neutral,Neutral,Neutral
RED_008787,Happy,Happy,Happy
RED_008790,Happy,Happy,Happy
RED_008793,Depression,Depression,Depression
RED_008810,Depression,Depression,Depression
RED_008814,Neutral,Neutral,Neutral
RED_008856,Happy,Happy,Neutral
RED_008861,Happy,Happy,Happy
RED_008869,Neutral,Neutral,Neutral
RED_008882,Depression,Depression,Depression
RED_008890,Happy,Happy,Happy
RED_008893,Happy,Happy,Happy
RED_008917,Neutral,Neutral,Neutral
RED_008944,Depression,Depression,Depression
RED_008952,Depression,Depression,Depression
RED_008954,Happy,Happy,Happy
RED_008967,Neutral,Neutral,Neutral
RED_008976,Depression,Depression,Depression
RED_008986,Happy,Happy,Happy
RED_008994,Neutral,Neutral,Neutral
RED_009017,Neutral,Neutral,Neutral
RED_009049,Depression,Depression,Depression
RED_009057,Depression,Depression,Depression
RED_009077,Neutral,Neutral,Neutral
RED_009078,Happy,Happy,Happy
RED_009081,Depression,Depression,Depression
RED_009116,Neutral,Happy,Happy
RED_009122,Happy,Happy,Happy
RED_009128,Depression,Depression,Depression
RED_009138,Happy,Happy,Happy
RED_009149,Happy,Happy,Happy
RED_009157,Happy,Happy,Happy
RED_009193,Neutral,Neutral,Neutral
RED_009194,Neutral,Neutral,Neutral
RED_009208,Depression,Depression,Depression
RED_009218,Depression,Depression,Depression
RED_009230,Neutral,Neutral,Neutral
RED_009235,Neutral,Neutral,Neutral
RED_009256,Happy,Happy,Happy
RED_009270,Neutral,Neutral,Neutral
RED_009278,Happy,Happy,Happy
RED_009293,Depression,Depression,Depression
RED_009301,Neutral,Neutral,Neutral
RED_009317,Neutral,Neutral,Neutral
RED_009320,Neutral,Neutral,Neutral
RED_009321,Happy,Happy,Happy
RED_009351,Neutral,Neutral,Neutral
RED_009354,Depression,Depression,Depression
RED_009375,Happy,Happy,Happy
RED_009381,Neutral,Neutral,Neutral
RED_009390,Happy,Happy,Happy
RED_009395,Neutral,Happy,Neutral
RED_009435,Happy,Happy,Happy
RED_009453,Happy,Happy,Happy
RED_009454,Happy,Happy,Happy
RED_009460,Neutral,Neutral,Neutral
RED_009466,Neutral,Neutral,Neutral
RED_009469,Neutral,Neutral,Neutral
RED_009476,Depression,Depression,Depression
RED_009480,Neutral,Neutral,Neutral
RED_009497,Neutral,Neutral,Neutral
RED_009499,Neutral,Neutral,Neutral
RED_009500,Depression,Depression,Depression
RED_009531,Depression,Depression,Depression
RED_009544,Happy,Happy,Happy
RED_009549,Neutral,Neutral,Neutral
RED_009552,Happy,Happy,Happy
RED_009561,Happy,Happy,Happy
RED_009566,Happy,Happy,Happy
RED_009575,Depression,Depression,Depression
RED_009589,Neutral,Neutral,Neutral
RED_009594,Happy,Happy,Happy
RED_009599,Happy,Happy,Happy
RED_009600,Depression,Depression,Depression
RED_009605,Neutral,Neutral,Neutral
RED_009620,Neutral,Neutral,Neutral
RED_009625,Happy,Happy,Happy
RED_009628,Depression,Depression,Depression
RED_009646,Happy,Happy,Happy
RED_009647,Happy,Happy,Happy
RED_009674,Happy,Happy,Happy
RED_009679,Depression,Depression,Depression
RED_009682,Neutral,Neutral,Neutral
RED_009683,Neutral,Neutral,Neutral
RED_009702,Neutral,Neutral,Neutral
RED_009706,Depression,Depression,Depression
RED_009711,Neutral,Neutral,Neutral
RED_009714,Neutral,Neutral,Neutral
RED_009722,Neutral,Neutral,Neutral
RED_009727,Neutral,Neutral,Neutral
RED_009733,Happy,Happy,Happy
RED_009737,Depression,Depression,Depression
RED_009747,Depression,Depression,Depression
RED_009765,Depression,Depression,Depression
RED_009778,Happy,Happy,Happy
RED_009797,Depression,Depression,Depression
RED_009799,Happy,Happy,Happy
RED_009822,Neutral,Neutral,Neutral
RED_009823,Depression,Depression,Depression
RED_009835,Neutral,Neutral,Neutral
RED_009852,Depression,Depression,Depression
RED_009855,Depression,Depression,Depression
RED_009861,Neutral,Neutral,Neutral
RED_009879,Happy,Happy,Happy
RED_009891,Happy,Happy,Happy
RED_009898,Happy,Happy,Happy
RED_009919,Happy,Happy,Happy
RED_009927,Depression,Depression,Depression
RED_009941,Depression,Depression,Depression
RED_009949,Neutral,Neutral,Neutral
RED_009954,Depression,Depression,Depression
RED_009955,Happy,Happy,Happy
RED_009957,Depression,Neutral,Neutral
RED_009968,Neutral,Neutral,Neutral
RED_009977,Depression,Depression,Depression
RED_009997,Depression,Depression,Depression
RED_010002,Neutral,Neutral,Neutral
RED_010011,Neutral,Neutral,Neutral
RED_010015,Depression,Happy,Depression
RED_010025,Depression,Depression,Depression
RED_010068,Happy,Happy,Happy
RED_010069,Neutral,Neutral,Neutral
RED_010085,Neutral,Neutral,Neutral
RED_010090,Depression,Depression,Depression
RED_010099,Neutral,Neutral,Neutral
RED_010101,Happy,Happy,Happy
RED_010102,Neutral,Neutral,Neutral
RED_010104,Neutral,Neutral,Neutral
RED_010108,Neutral,Neutral,Neutral
RED_010111,Neutral,Neutral,Neutral
RED_010115,Happy,Depression,Depression
RED_010120,Depression,Depression,Depression
RED_010135,Neutral,Neutral,Neutral
RED_010137,Depression,Depression,Depression
RED_010141,Happy,Happy,Happy
RED_010149,Depression,Depression,Depression
RED_010168,Neutral,Neutral,Neutral
RED_010183,Happy,Happy,Happy
RED_010195,Depression,Depression,Depression
RED_010200,Neutral,Neutral,Neutral
RED_010207,Neutral,Neutral,Neutral
RED_010214,Happy,Happy,Happy
RED_010230,Happy,Happy,Happy
RED_010237,Depression,Depression,Depression
RED_010244,Neutral,Neutral,Neutral
RED_010249,Neutral,Neutral,Neutral
RED_010257,Happy,Happy,Happy
RED_010266,Neutral,Neutral,Neutral
RED_010285,Happy,Happy,Happy
RED_010287,Happy,Happy,Happy
RED_010293,Neutral,Neutral,Neutral
RED_010301,Neutral,Neutral,Neutral
RED_010304,Happy,Happy,Happy
RED_010309,Neutral,Neutral,Neutral
RED_010351,Depression,Depression,Depression
RED_010352,Neutral,Neutral,Neutral
RED_010356,Happy,Happy,Happy
RED_010366,Neutral,Neutral,Neutral
RED_010374,Neutral,Neutral,Neutral
RED_010375,Happy,Happy,Happy
RED_010396,Happy,Happy,Happy
RED_010398,Happy,Happy,Happy
RED_010406,Happy,Happy,Happy
RED_010410,Happy,Happy,Happy
RED_010431,Neutral,Neutral,Neutral
RED_010439,Neutral,Neutral,Neutral
RED_010443,Happy,Happy,Happy
RED_010471,Neutral,Neutral,Neutral
RED_010475,Neutral,Neutral,Neutral
RED_010492,Depression,Depression,Depression
RED_010505,Depression,Depression,Depression
RED_010514,Depression,Depression,Depression
RED_010519,Happy,Happy,Happy
RED_010529,Neutral,Neutral,Neutral
RED_010544,Neutral,Neutral,Neutral
RED_010553,Happy,Happy,Happy
RED_010556,Happy,Happy,Happy
RED_010562,Happy,Happy,Happy
RED_010568,Depression,Depression,Depression
RED_010591,Depression,Depression,Depression
RED_010593,Happy,Happy,Happy
RED_010602,Neutral,Neutral,Neutral
RED_010615,Neutral,Neutral,Neutral
RED_010621,Happy,Happy,Happy
RED_010625,Depression,Depression,Depression
RED_010642,Happy,Happy,Happy
RED_010654,Depression,Happy,Happy
RED_010660,Happy,Happy,Happy
RED_010664,Neutral,Neutral,Neutral
RED_010668,Happy,Happy,Happy
RED_010677,Happy,Happy,Happy
RED_010702,Depression,Depression,Depression
RED_010716,Depression,Depression,Depression
RED_010718,Depression,Depression,Depression
RED_010723,Happy,Happy,Happy
RED_010724,Neutral,Neutral,Neutral
RED_010730,Neutral,Neutral,Neutral
RED_010732,Neutral,Neutral,Neutral
RED_010738,Happy,Happy,Happy
RED_010745,Depression,Depression,Depression
RED_010747,Happy,Happy,Happy
RED_010751,Happy,Happy,Happy
RED_010754,Neutral,Neutral,Neutral
RED_010767,Happy,Happy,Happy
RED_010768,Depression,Happy,Depression
RED_010787,Depression,Depression,Depression
RED_010805,Happy,Happy,Happy
RED_010816,Depression,Depression,Depression
RED_010817,Happy,Happy,Happy
RED_010827,Happy,Happy,Happy
RED_010867,Happy,Happy,Happy
RED_010873,Depression,Depression,Depression
RED_010874,Happy,Happy,Happy
RED_010887,Happy,Happy,Happy
RED_010891,Neutral,Neutral,Neutral
RED_010927,Happy,Happy,Happy
RED_010931,Neutral,Neutral,Neutral
RED_010938,Happy,Happy,Happy
RED_010939,Happy,Happy,Happy
RED_010951,Depression,Depression,Depression
RED_010956,Happy,Happy,Happy
RED_010959,Happy,Happy,Happy
RED_010983,Depression,Depression,Depression
RED_010993,Depression,Depression,Depression
RED_010997,Happy,Happy,Happy
RED_010999,Neutral,Neutral,Neutral
RED_011001,Depression,Depression,Depression
RED_011007,Depression,Depression,Depression
RED_011014,Neutral,Neutral,Neutral
RED_011024,Happy,Happy,Happy
RED_011038,Depression,Depression,Depression
RED_011048,Depression,Depression,Depression
RED_011062,Neutral,Neutral,Neutral
RED_011065,Neutral,Neutral,Neutral
RED_011069,Neutral,Neutral,Neutral
RED_011073,Happy,Happy,Happy
RED_011074,Depression,Depression,Depression
RED_011082,Happy,Happy,Happy
RED_011091,Depression,Depression,Depression
RED_011096,Neutral,Neutral,Neutral
RED_011102,Depression,Depression,Depression
RED_011105,Depression,Depression,Depression
RED_011110,Neutral,Neutral,Neutral
RED_011112,Depression,Depression,Depression
RED_011113,Neutral,Neutral,Neutral
RED_011120,Depression,Depression,Depression
RED_011129,Neutral,Neutral,Neutral
RED_011131,Neutral,Neutral,Neutral
RED_011134,Depression,Happy,Happy
RED_011143,Depression,Depression,Depression
RED_011145,Neutral,Neutral,Neutral
RED_011149,Depression,Depression,Depression
RED_011153,Happy,Happy,Happy
RED_011154,Depression,Depression,Depression
RED_011159,Neutral,Neutral,Neutral
RED_011205,Neutral,Neutral,Neutral
RED_011218,Neutral,Neutral,Neutral
RED_011240,Depression,Depression,Depression
RED_011249,Neutral,Neutral,Neutral
RED_011250,Depression,Depression,Depression
RED_011268,Neutral,Neutral,Neutral
RED_011276,Depression,Depression,Depression
RED_011281,Depression,Depression,Depression
RED_011287,Depression,Depression,Depression
RED_011312,Neutral,Neutral,Neutral
RED_011334,Neutral,Neutral,Neutral
RED_011339,Depression,Depression,Depression
RED_011345,Neutral,Neutral,Neutral
RED_011350,Depression,Depression,Depression
RED_011358,Neutral,Neutral,Neutral
RED_011366,Happy,Happy,Happy
RED_011385,Neutral,Neutral,Neutral
RED_011401,Depression,Depression,Depression
RED_011408,Neutral,Neutral,Neutral
RED_011411,Neutral,Neutral,Neutral
RED_011443,Happy,Happy,Happy
RED_011447,Depression,Depression,Depression
RED_011458,Neutral,Neutral,Neutral
RED_011482,Happy,Happy,Happy
RED_011487,Neutral,Neutral,Neutral
RED_011506,Neutral,Neutral,Neutral
RED_011513,Depression,Depression,Depression
RED_011514,Neutral,Neutral,Neutral
RED_011515,Neutral,Neutral,Neutral
RED_011522,Happy,Happy,Happy
RED_011528,Happy,Happy,Happy
RED_011533,Neutral,Neutral,Neutral
RED_011534,Happy,Happy,Happy
RED_011542,Happy,Happy,Happy
RED_011579,Happy,Happy,Happy
RED_011581,Happy,Happy,Happy
RED_011585,Neutral,Neutral,Neutral
RED_011601,Happy,Happy,Happy
RED_011606,Depression,Depression,Depression
RED_011619,Happy,Happy,Happy
RED_011636,Depression,Depression,Depression
RED_011666,Neutral,Neutral,Neutral
RED_011672,Happy,Happy,Happy
RED_011676,Happy,Happy,Happy
RED_011681,Neutral,Neutral,Neutral
RED_011685,Depression,Depression,Depression
RED_011717,Happy,Happy,Happy
RED_011718,Neutral,Neutral,Neutral
RED_011729,Happy,Happy,Happy
RED_011763,Happy,Happy,Happy
RED_011789,Happy,Happy,Happy
RED_011790,Depression,Depression,Depression
RED_011794,Happy,Happy,Happy
RED_011802,Neutral,Neutral,Neutral
RED_011810,Neutral,Neutral,Neutral
RED_011827,Neutral,Neutral,Neutral
RED_011837,Depression,Depression,Depression
RED_011845,Depression,Depression,Depression
RED_011851,Happy,Happy,Happy
RED_011870,Neutral,Neutral,Neutral
RED_011888,Depression,Depression,Depression
RED_011889,Neutral,Neutral,Neutral
RED_011890,Happy,Happy,Happy
RED_011896,Happy,Happy,Happy
RED_011905,Neutral,Neutral,Neutral
RED_011915,Neutral,Neutral,Neutral
RED_011933,Happy,Happy,Happy
RED_011934,Depression,Depression,Depression
RED_011939,Neutral,Neutral,Neutral
RED_011943,Depression,Depression,Depression
RED_011947,Depression,Depression,Depression
RED_011959,Depression,Depression,Depression
RED_011970,Neutral,Neutral,Neutral
RED_011971,Neutral,Neutral,Neutral
RED_011972,Happy,Happy,Happy
RED_011974,Depression,Depression,Depression
RED_011982,Neutral,Neutral,Neutral
RED_011986,Happy,Happy,Happy
RED_012015,Happy,Happy,Happy
RED_012039,Neutral,Neutral,Neutral
RED_012059,Neutral,Neutral,Neutral
RED_012060,Neutral,Neutral,Neutral
RED_012078,Happy,Happy,Happy
RED_012097,Happy,Happy,Happy
RED_012100,Depression,Depression,Depression
RED_012123,Depression,Depression,Depression
RED_012128,Depression,Depression,Depression
RED_012137,Neutral,Neutral,Neutral
RED_012170,Happy,Happy,Happy
RED_012171,Neutral,Neutral,Neutral
RED_012182,Neutral,Neutral,Neutral
RED_012197,Happy,Happy,Happy
RED_012199,Neutral,Neutral,Neutral
RED_012208,Happy,Happy,Happy
RED_012211,Depression,Depression,Depression
RED_012219,Depression,Depression,Depression
RED_012220,Neutral,Neutral,Neutral
RED_012224,Happy,Happy,Happy
RED_012233,Neutral,Neutral,Neutral
RED_012236,Neutral,Neutral,Neutral
RED_012237,Happy,Happy,Happy
RED_012245,Neutral,Neutral,Neutral
RED_012251,Happy,Happy,Happy
RED_012270,Depression,Depression,Depression
RED_012272,Depression,Depression,Depression
RED_012277,Depression,Depression,Depression
RED_012293,Depression,Depression,Depression
RED_012297,Neutral,Neutral,Neutral
RED_012305,Happy,Happy,Happy
RED_012326,Depression,Depression,Depression
RED_012334,Happy,Happy,Happy
RED_012363,Depression,Depression,Depression
RED_012408,Depression,Depression,Depression
RED_012423,Happy,Depression,Depression
RED_012463,Depression,Depression,Depression
RED_012478,Happy,Happy,Happy
RED_012482,Happy,Happy,Happy
RED_012494,Happy,Happy,Happy
RED_012499,Happy,Happy,Happy
RED_012506,Happy,Happy,Happy
RED_012512,Neutral,Neutral,Neutral
RED_012517,Depression,Depression,Depression
RED_012520,Depression,Neutral,Neutral
RED_012529,Happy,Happy,Happy
RED_012535,Happy,Happy,Happy
RED_012541,Happy,Happy,Happy
RED_012551,Happy,Happy,Happy
RED_012554,Happy,Happy,Happy
RED_012563,Neutral,Neutral,Neutral
RED_012566,Neutral,Neutral,Neutral
RED_012567,Neutral,Neutral,Neutral
RED_012572,Depression,Depression,Depression
RED_012594,Depression,Depression,Depression
RED_012597,Happy,Happy,Happy
RED_012611,Neutral,Neutral,Neutral
RED_012618,Depression,Depression,Depression
RED_012620,Neutral,Neutral,Neutral
RED_012632,Neutral,Neutral,Neutral
RED_012644,Neutral,Neutral,Neutral
RED_012656,Neutral,Neutral,Neutral
RED_012670,Happy,Happy,Happy
RED_012712,Happy,Happy,Happy
RED_012718,Depression,Depression,Depression
RED_012719,Neutral,Neutral,Neutral
RED_012722,Happy,Happy,Happy
RED_012726,Neutral,Neutral,Neutral
RED_012737,Neutral,Neutral,Neutral
RED_012776,Happy,Happy,Happy
RED_012784,Depression,Depression,Depression
RED_012787,Happy,Happy,Happy
RED_012833,Neutral,Neutral,Neutral
RED_012836,Happy,Happy,Happy
RED_012846,Neutral,Neutral,Neutral
RED_012848,Neutral,Neutral,Neutral
RED_012852,Neutral,Neutral,Neutral
RED_012863,Neutral,Neutral,Neutral
RED_012868,Neutral,Neutral,Neutral
RED_012871,Happy,Happy,Happy
RED_012881,Depression,Happy,Happy
RED_012889,Depression,Depression,Depression
RED_012899,Happy,Happy,Happy
RED_012906,Depression,Depression,Depression
RED_012909,Happy,Happy,Happy
RED_012924,Depression,Depression,Depression
RED_012928,Happy,Happy,Happy
RED_012931,Neutral,Neutral,Neutral
RED_012933,Neutral,Neutral,Neutral
RED_012938,Happy,Happy,Happy
RED_012968,Happy,Happy,Happy
RED_012998,Happy,Happy,Happy
RED_013010,Neutral,Neutral,Neutral
RED_013011,Happy,Happy,Happy
RED_013055,Happy,Happy,Happy
RED_013056,Neutral,Neutral,Neutral
RED_013065,Neutral,Neutral,Neutral
RED_013067,Happy,Happy,Happy
RED_013076,Depression,Depression,Depression
RED_013077,Depression,Depression,Depression
RED_013088,Depression,Depression,Depression
RED_013093,Depression,Depression,Depression
RED_013098,Depression,Depression,Depression
RED_013105,Happy,Happy,Happy
RED_013107,Depression,Depression,Depression
RED_013112,Neutral,Neutral,Neutral
RED_013115,Neutral,Neutral,Neutral
RED_013117,Neutral,Neutral,Neutral
RED_013124,Happy,Happy,Happy
RED_013130,Happy,Happy,Happy
RED_013133,Happy,Happy,Happy
RED_013136,Neutral,Neutral,Neutral
RED_013151,Neutral,Neutral,Neutral
RED_013153,Happy,Happy,Happy
RED_013182,Depression,Depression,Depression
RED_013187,Neutral,Neutral,Neutral
RED_013218,Depression,Depression,Depression
RED_013220,Happy,Happy,Happy
RED_013228,Neutral,Neutral,Neutral
RED_013245,Depression,Depression,Depression
RED_013267,Neutral,Neutral,Neutral
RED_013272,Happy,Happy,Happy
RED_013275,Neutral,Neutral,Neutral
RED_013276,Happy,Depression,Depression
RED_013281,Depression,Depression,Depression
RED_013284,Depression,Depression,Depression
RED_013285,Happy,Happy,Happy
RED_013286,Happy,Happy,Happy
RED_013287,Depression,Depression,Depression
RED_013292,Depression,Depression,Depression
RED_013293,Neutral,Neutral,Neutral
RED_013302,Neutral,Neutral,Neutral
RED_013304,Depression,Depression,Depression
RED_013332,Happy,Happy,Happy
RED_013345,Neutral,Neutral,Neutral
RED_013368,Neutral,Neutral,Neutral
RED_013370,Neutral,Neutral,Neutral
RED_013373,Neutral,Neutral,Neutral
RED_013398,Happy,Happy,Happy
RED_013415,Depression,Depression,Depression
RED_013447,Happy,Happy,Happy
RED_013448,Neutral,Neutral,Neutral
RED_013451,Depression,Depression,Depression
RED_013452,Neutral,Neutral,Neutral
RED_013480,Happy,Happy,Happy
RED_013492,Depression,Happy,Happy
RED_013493,Neutral,Neutral,Neutral
RED_013495,Depression,Depression,Depression
RED_013510,Neutral,Neutral,Neutral
RED_013531,Neutral,Neutral,Neutral
RED_013557,Depression,Depression,Depression
RED_013559,Happy,Happy,Happy
RED_013561,Neutral,Neutral,Neutral
RED_013570,Happy,Happy,Happy
RED_013589,Happy,Happy,Happy
RED_013591,Neutral,Neutral,Neutral
RED_013592,Neutral,Neutral,Neutral
RED_013612,Depression,Depression,Depression
RED_013615,Neutral,Neutral,Neutral
RED_013650,Happy,Happy,Happy
RED_013651,Happy,Happy,Happy
RED_013657,Depression,Depression,Depression
RED_013660,Happy,Happy,Happy
RED_013664,Neutral,Neutral,Neutral
RED_013701,Depression,Depression,Depression
RED_013706,Neutral,Neutral,Neutral
RED_013723,Happy,Happy,Happy
RED_013726,Depression,Depression,Depression
RED_013733,Neutral,Neutral,Neutral
RED_013735,Depression,Depression,Depression
RED_013742,Neutral,Neutral,Neutral
RED_013743,Neutral,Neutral,Neutral
RED_013757,Depression,Depression,Depression
RED_013762,Happy,Happy,Happy
RED_013765,Happy,Happy,Happy
RED_013768,Neutral,Neutral,Neutral
RED_013779,Depression,Depression,Depression
RED_013790,Neutral,Neutral,Neutral
RED_013794,Depression,Depression,Depression
RED_013815,Depression,Depression,Depression
RED_013818,Happy,Happy,Happy
RED_013857,Happy,Happy,Happy
RED_013887,Happy,Happy,Happy
RED_013892,Neutral,Neutral,Neutral
RED_013902,Neutral,Neutral,Neutral
RED_013919,Neutral,Neutral,Neutral
RED_013934,Depression,Depression,Depression
RED_013967,Neutral,Neutral,Neutral
RED_013979,Happy,Happy,Happy
RED_014001,Neutral,Neutral,Neutral
RED_014010,Depression,Depression,Depression
RED_014015,Happy,Happy,Happy
RED_014022,Neutral,Neutral,Neutral
RED_014027,Depression,Depression,Depression
RED_014035,Depression,Depression,Depression
RED_014058,Neutral,Neutral,Neutral
RED_014060,Neutral,Neutral,Neutral
RED_014068,Depression,Depression,Depression
RED_014069,Happy,Happy,Happy
RED_014071,Neutral,Neutral,Neutral
RED_014073,Happy,Happy,Happy
RED_014076,Neutral,Neutral,Neutral
RED_014109,Depression,Depression,Depression
RED_014111,Neutral,Neutral,Neutral
RED_014116,Depression,Depression,Depression
RED_014120,Neutral,Neutral,Neutral
RED_014139,Depression,Depression,Depression
RED_014140,Happy,Happy,Happy
RED_014159,Neutral,Neutral,Neutral
RED_014168,Depression,Depression,Depression
RED_014172,Depression,Depression,Depression
RED_014175,Neutral,Neutral,Neutral
RED_014198,Neutral,Neutral,Neutral
RED_014199,Neutral,Neutral,Neutral
RED_014200,Depression,Depression,Depression
RED_014212,Happy,Happy,Happy
RED_014213,Depression,Depression,Depression
RED_014215,Neutral,Neutral,Neutral
RED_014220,Neutral,Neutral,Neutral
RED_014227,Depression,Depression,Depression
RED_014246,Depression,Depression,Depression
RED_014253,Depression,Depression,Depression
RED_014264,Depression,Depression,Depression
RED_014271,Happy,Happy,Happy
RED_014290,Happy,Happy,Happy
RED_014306,Happy,Happy,Happy
RED_014332,Happy,Happy,Happy
RED_014352,Depression,Depression,Depression
RED_014363,Neutral,Neutral,Neutral
RED_014415,Depression,Depression,Depression
RED_014416,Depression,Depression,Depression
RED_014420,Depression,Depression,Depression
RED_014424,Happy,Happy,Happy
RED_014431,Neutral,Neutral,Neutral
RED_014440,Happy,Happy,Happy
RED_014452,Neutral,Neutral,Neutral
RED_014465,Neutral,Neutral,Neutral
RED_014466,Neutral,Neutral,Neutral
RED_014478,Happy,Happy,Happy
RED_014480,Happy,Happy,Happy
RED_014498,Neutral,Neutral,Neutral
RED_014509,Happy,Happy,Happy
RED_014510,Neutral,Neutral,Neutral
RED_014515,Neutral,Neutral,Neutral
RED_014516,Depression,Depression,Depression
RED_014517,Neutral,Neutral,Neutral
RED_014521,Neutral,Neutral,Neutral
RED_014538,Depression,Depression,Depression
RED_014540,Happy,Happy,Happy
RED_014560,Neutral,Neutral,Neutral
RED_014586,Depression,Depression,Depression
RED_014623,Happy,Happy,Happy
RED_014635,Happy,Happy,Happy
RED_014643,Depression,Depression,Depression
RED_014651,Depression,Depression,Depression
RED_014654,Happy,Happy,Happy
RED_014662,Neutral,Neutral,Neutral
RED_014674,Happy,Happy,Happy
RED_014678,Depression,Depression,Depression
RED_014688,Happy,Happy,Depression
RED_014695,Neutral,Neutral,Neutral
RED_014697,Depression,Depression,Depression
RED_014699,Happy,Depression,Depression
RED_014705,Happy,Happy,Happy
RED_014706,Depression,Depression,Depression
RED_014713,Happy,Happy,Happy
RED_014719,Happy,Happy,Happy
RED_014729,Depression,Happy,Happy
RED_014742,Neutral,Neutral,Neutral
RED_014763,Depression,Depression,Depression
RED_014773,Depression,Depression,Depression
RED_014780,Neutral,Neutral,Neutral
RED_014789,Happy,Happy,Happy
RED_014810,Depression,Depression,Depression
RED_014814,Neutral,Neutral,Neutral
RED_014815,Neutral,Neutral,Neutral
RED_014826,Neutral,Neutral,Neutral
RED_014838,Depression,Depression,Depression
RED_014846,Happy,Happy,Happy
RED_014848,Depression,Depression,Depression
RED_014892,Neutral,Neutral,Neutral
RED_014901,Depression,Depression,Depression
RED_014902,Neutral,Neutral,Neutral
RED_014909,Neutral,Neutral,Neutral
RED_014910,Happy,Happy,Happy
RED_014915,Happy,Happy,Happy
RED_014940,Happy,Happy,Happy
RED_014956,Happy,Depression,Depression
RED_014971,Depression,Depression,Depression
RED_014977,Neutral,Neutral,Neutral
RED_014994,Depression,Depression,Depression
RED_014996,Depression,Depression,Depression
RED_015007,Depression,Depression,Depression
RED_015018,Happy,Happy,Happy
RED_015051,Neutral,Neutral,Neutral
RED_015056,Happy,Happy,Happy
RED_015063,Depression,Depression,Depression
RED_015065,Neutral,Neutral,Neutral
RED_015072,Neutral,Neutral,Neutral
RED_015081,Happy,Happy,Happy
RED_015091,Depression,Depression,Depression
RED_015114,Neutral,Neutral,Neutral
RED_015121,Neutral,Neutral,Neutral
RED_015123,Neutral,Neutral,Neutral
RED_015138,Depression,Depression,Depression
RED_015141,Happy,Happy,Happy
RED_015142,Depression,Depression,Depression
RED_015145,Depression,Depression,Depression
RED_015158,Neutral,Neutral,Neutral
RED_015159,Happy,Happy,Happy
RED_015160,Neutral,Neutral,Neutral
RED_015163,Neutral,Neutral,Neutral
RED_015165,Happy,Happy,Happy
RED_015169,Depression,Depression,Depression
RED_015170,Depression,Depression,Depression
RED_015171,Happy,Happy,Happy
RED_015172,Happy,Happy,Happy
RED_015190,Neutral,Neutral,Neutral
RED_015199,Happy,Happy,Happy
RED_015201,Happy,Happy,Happy
RED_015212,Depression,Happy,Happy
RED_015216,Depression,Depression,Depression
RED_015218,Happy,Happy,Happy
RED_015224,Happy,Happy,Happy
RED_015235,Happy,Happy,Happy
RED_015238,Happy,Happy,Happy
RED_015243,Happy,Happy,Happy
RED_015245,Happy,Happy,Happy
RED_015246,Neutral,Neutral,Neutral
RED_015271,Depression,Happy,Happy
RED_015291,Neutral,Neutral,Neutral
RED_015300,Neutral,Neutral,Neutral
RED_015302,Happy,Happy,Happy
RED_015334,Neutral,Neutral,Neutral
RED_015336,Happy,Happy,Happy
RED_015341,Happy,Happy,Happy
RED_015347,Neutral,Neutral,Neutral
RED_015364,Neutral,Neutral,Neutral
RED_015378,Neutral,Neutral,Neutral
RED_015381,Depression,Depression,Depression
RED_015396,Happy,Happy,Happy
RED_015402,Neutral,Neutral,Neutral
RED_015414,Happy,Happy,Happy
RED_015434,Happy,Happy,Happy
RED_015453,Neutral,Neutral,Neutral
RED_015480,Neutral,Neutral,Neutral
RED_015488,Happy,Happy,Happy
RED_015489,Neutral,Happy,Happy
RED_015530,Neutral,Neutral,Neutral
RED_015537,Depression,Depression,Depression
RED_015542,Depression,Depression,Depression
RED_015551,Happy,Happy,Happy
RED_015554,Neutral,Neutral,Neutral
RED_015557,Happy,Happy,Happy
RED_015566,Depression,Depression,Depression
RED_015571,Neutral,Neutral,Neutral
RED_015572,Neutral,Neutral,Neutral
RED_015581,Depression,Depression,Depression
RED_015584,Depression,Depression,Depression
RED_015601,Happy,Happy,Happy
RED_015603,Happy,Happy,Happy
RED_015608,Neutral,Happy,Happy
RED_015611,Neutral,Neutral,Neutral
RED_015636,Neutral,Neutral,Neutral
RED_015638,Neutral,Neutral,Neutral
RED_015643,Neutral,Neutral,Neutral
RED_015648,Depression,Depression,Depression
RED_015651,Neutral,Neutral,Neutral
RED_015665,Neutral,Neutral,Neutral
RED_015677,Depression,Depression,Depression
RED_015680,Depression,Depression,Depression
RED_015684,Depression,Depression,Depression
RED_015704,Depression,Depression,Depression
RED_015729,Depression,Depression,Depression
RED_015746,Depression,Depression,Depression
RED_015748,Happy,Happy,Happy
RED_015754,Depression,Depression,Depression
RED_015773,Happy,Happy,Happy
RED_015777,Neutral,Neutral,Neutral
RED_015779,Depression,Depression,Depression
RED_015821,Neutral,Neutral,Neutral
RED_015822,Happy,Happy,Neutral
RED_015825,Happy,Happy,Happy
RED_015828,Happy,Happy,Happy
RED_015846,Neutral,Neutral,Neutral
RED_015849,Happy,Happy,Happy
RED_015864,Depression,Depression,Depression
RED_015886,Neutral,Neutral,Neutral
RED_015889,Neutral,Neutral,Neutral
RED_015890,Depression,Depression,Depression
RED_015918,Neutral,Neutral,Neutral
RED_015919,Neutral,Neutral,Neutral
RED_015921,Neutral,Neutral,Neutral
RED_015937,Depression,Depression,Depression
RED_015938,Neutral,Neutral,Neutral
RED_015944,Happy,Happy,Happy
RED_015954,Neutral,Neutral,Neutral
RED_015957,Depression,Depression,Depression
RED_015973,Happy,Happy,Happy
RED_015983,Neutral,Neutral,Neutral
RED_015992,Neutral,Neutral,Neutral
RED_016008,Happy,Happy,Happy
RED_016023,Happy,Happy,Happy
RED_016030,Happy,Happy,Happy
RED_016047,Neutral,Neutral,Neutral
RED_016058,Depression,Depression,Depression
RED_016060,Depression,Depression,Depression
RED_016064,Neutral,Neutral,Neutral
RED_016069,Neutral,Neutral,Neutral
RED_016071,Depression,Depression,Depression
RED_016074,Happy,Happy,Happy
RED_016076,Neutral,Neutral,Neutral
RED_016086,Happy,Happy,Happy
RED_016098,Happy,Happy,Happy
RED_016099,Neutral,Neutral,Neutral
RED_016104,Neutral,Neutral,Neutral
RED_016128,Depression,Depression,Depression
RED_016129,Depression,Depression,Depression
RED_016137,Happy,Happy,Happy
RED_016140,Depression,Depression,Depression
RED_016156,Depression,Depression,Depression
RED_016166,Neutral,Neutral,Neutral
RED_016171,Neutral,Neutral,Neutral
RED_016176,Depression,Depression,Depression
RED_016182,Neutral,Neutral,Neutral
RED_016190,Depression,Depression,Depression
RED_016197,Neutral,Happy,Happy
RED_016201,Depression,Depression,Depression
RED_016232,Depression,Depression,Depression
RED_016252,Depression,Depression,Depression
RED_016258,Neutral,Neutral,Neutral
RED_016276,Depression,Depression,Depression
RED_016292,Depression,Depression,Depression
RED_016297,Neutral,Neutral,Neutral
RED_016304,Neutral,Neutral,Neutral
RED_016311,Happy,Happy,Happy
RED_016320,Happy,Happy,Happy
RED_016323,Depression,Depression,Depression
RED_016326,Depression,Depression,Depression
RED_016332,Happy,Happy,Happy
RED_016335,Neutral,Neutral,Neutral
RED_016337,Neutral,Neutral,Neutral
RED_016339,Neutral,Neutral,Neutral
RED_016373,Happy,Happy,Happy
RED_016385,Depression,Depression,Depression
RED_016386,Neutral,Neutral,Neutral
RED_016391,Neutral,Neutral,Neutral
RED_016393,Happy,Happy,Happy
RED_016395,Neutral,Neutral,Neutral
RED_016396,Happy,Happy,Happy
RED_016410,Neutral,Neutral,Neutral
RED_016413,Depression,Depression,Depression
RED_016428,Neutral,Neutral,Neutral
RED_016435,Neutral,Neutral,Neutral
RED_016436,Depression,Depression,Depression
RED_016438,Neutral,Neutral,Neutral
RED_016442,Depression,Depression,Depression
RED_016447,Happy,Happy,Happy
RED_016469,Depression,Depression,Depression
RED_016477,Happy,Happy,Happy
RED_016502,Neutral,Neutral,Neutral
RED_016515,Happy,Happy,Happy
RED_016525,Depression,Depression,Depression
RED_016529,Neutral,Neutral,Neutral
RED_016533,Depression,Depression,Depression
RED_016534,Neutral,Neutral,Neutral
RED_016562,Happy,Happy,Happy
RED_016569,Depression,Depression,Depression
RED_016577,Depression,Depression,Depression
RED_016583,Neutral,Neutral,Neutral
RED_016610,Neutral,Neutral,Neutral
RED_016617,Depression,Depression,Depression
RED_016624,Neutral,Neutral,Neutral
RED_016633,Happy,Neutral,Neutral
RED_016651,Depression,Depression,Depression
RED_016652,Depression,Depression,Depression
RED_016655,Depression,Depression,Depression
RED_016665,Depression,Depression,Depression
RED_016678,Neutral,Neutral,Neutral
RED_016691,Neutral,Neutral,Neutral
RED_016732,Depression,Depression,Depression
RED_016746,Neutral,Neutral,Neutral
RED_016754,Depression,Depression,Depression
RED_016756,Depression,Depression,Depression
RED_016764,Happy,Happy,Happy
RED_016792,Depression,Depression,Depression
RED_016807,Depression,Depression,Depression
RED_016847,Neutral,Neutral,Neutral
RED_016860,Happy,Happy,Happy
RED_016863,Depression,Depression,Depression
RED_016864,Happy,Depression,Depression
RED_016873,Happy,Happy,Happy
RED_016904,Depression,Depression,Depression
RED_016907,Neutral,Neutral,Neutral
RED_016913,Happy,Happy,Happy
RED_016922,Depression,Depression,Depression
RED_016927,Depression,Depression,Depression
RED_016933,Neutral,Neutral,Neutral
RED_016958,Depression,Depression,Depression
RED_016961,Neutral,Neutral,Neutral
RED_016965,Depression,Depression,Depression
RED_016997,Depression,Depression,Depression
RED_017010,Depression,Depression,Depression
RED_017026,Happy,Happy,Happy
RED_017032,Happy,Happy,Happy
RED_017038,Neutral,Neutral,Neutral
RED_017043,Depression,Depression,Depression
RED_017050,Happy,Happy,Happy
RED_017051,Depression,Depression,Depression
RED_017064,Neutral,Neutral,Neutral
RED_017079,Neutral,Neutral,Neutral
RED_017090,Depression,Depression,Depression
RED_017098,Depression,Depression,Depression
RED_017105,Neutral,Neutral,Neutral
RED_017108,Depression,Depression,Depression
RED_017112,Happy,Happy,Happy
RED_017121,Depression,Depression,Depression
RED_017127,Depression,Depression,Depression
RED_017136,Neutral,Neutral,Neutral
RED_017139,Depression,Depression,Depression
RED_017152,Happy,Depression,Depression
RED_017153,Depression,Depression,Depression
RED_017169,Neutral,Neutral,Neutral
RED_017170,Depression,Depression,Depression
RED_017171,Happy,Happy,Happy
RED_017174,Neutral,Neutral,Neutral
RED_017180,Happy,Happy,Happy
RED_017185,Depression,Depression,Depression
RED_017198,Happy,Happy,Happy
RED_017204,Neutral,Neutral,Depression
RED_017209,Happy,Happy,Happy
RED_017210,Neutral,Neutral,Neutral
RED_017217,Neutral,Neutral,Neutral
RED_017220,Depression,Depression,Depression
RED_017225,Neutral,Neutral,Neutral
RED_017244,Depression,Depression,Depression
RED_017252,Depression,Depression,Depression
RED_017253,Happy,Happy,Happy
RED_017257,Neutral,Neutral,Neutral
RED_017284,Neutral,Neutral,Neutral
RED_017285,Depression,Depression,Depression
RED_017293,Depression,Depression,Depression
RED_017324,Neutral,Neutral,Neutral
RED_017337,Neutral,Neutral,Neutral
RED_017342,Happy,Happy,Happy
RED_017347,Neutral,Neutral,Neutral
RED_017363,Happy,Happy,Happy
RED_017384,Happy,Happy,Happy
RED_017413,Neutral,Neutral,Neutral
RED_017433,Depression,Depression,Depression
RED_017434,Neutral,Neutral,Neutral
RED_017452,Neutral,Neutral,Neutral
RED_017458,Depression,Depression,Depression
RED_017467,Happy,Happy,Happy
RED_017470,Neutral,Neutral,Neutral
RED_017471,Neutral,Neutral,Neutral
RED_017478,Depression,Depression,Depression
RED_017482,Neutral,Neutral,Neutral
RED_017485,Neutral,Neutral,Neutral
RED_017493,Happy,Happy,Happy
RED_017495,Depression,Depression,Depression
RED_017499,Neutral,Neutral,Neutral
RED_017513,Happy,Happy,Happy
RED_017529,Happy,Happy,Happy
RED_017532,Neutral,Neutral,Neutral
RED_017539,Happy,Happy,Happy
RED_017549,Depression,Depression,Depression
RED_017580,Happy,Happy,Happy
RED_017583,Depression,Happy,Happy
RED_017606,Depression,Depression,Depression
RED_017610,Happy,Happy,Happy
RED_017612,Happy,Happy,Happy
RED_017613,Depression,Depression,Depression
RED_017658,Happy,Happy,Happy
RED_017673,Depression,Neutral,Depression
RED_017694,Depression,Depression,Depression
RED_017699,Happy,Happy,Happy
RED_017715,Happy,Happy,Happy
RED_017721,Happy,Happy,Happy
RED_017727,Happy,Happy,Happy
RED_017729,Neutral,Neutral,Neutral
RED_017731,Happy,Happy,Happy
RED_017741,Happy,Depression,Depression
RED_017743,Depression,Depression,Depression
RED_017746,Happy,Happy,Happy
RED_017747,Neutral,Neutral,Neutral
RED_017755,Happy,Happy,Happy
RED_017768,Happy,Happy,Happy
RED_017770,Neutral,Neutral,Neutral
RED_017771,Neutral,Neutral,Neutral
RED_017777,Depression,Depression,Depression
RED_017803,Neutral,Neutral,Neutral
RED_017821,Depression,Depression,Depression
RED_017827,Depression,Depression,Depression
RED_017833,Happy,Happy,Happy
RED_017854,Happy,Happy,Happy
RED_017874,Happy,Happy,Happy
RED_017890,Happy,Happy,Happy
RED_017907,Neutral,Neutral,Neutral
RED_017917,Neutral,Neutral,Neutral
RED_017922,Happy,Happy,Happy
RED_017967,Neutral,Neutral,Neutral
RED_017970,Happy,Happy,Happy
RED_017977,Happy,Happy,Happy
RED_017978,Happy,Happy,Happy
RED_017987,Neutral,Neutral,Neutral
RED_018004,Neutral,Neutral,Neutral
RED_018005,Depression,Depression,Depression
RED_018011,Happy,Happy,Happy
RED_018034,Depression,Depression,Depression
RED_018037,Neutral,Neutral,Neutral
RED_018045,Neutral,Neutral,Neutral
RED_018051,Depression,Depression,Depression
RED_018063,Neutral,Neutral,Neutral
RED_018086,Happy,Happy,Happy
RED_018099,Happy,Happy,Happy
RED_018103,Depression,Depression,Depression
RED_018114,Happy,Happy,Happy
RED_018141,Happy,Happy,Happy
RED_018159,Happy,Happy,Happy
RED_018168,Neutral,Neutral,Neutral
RED_018170,Happy,Happy,Happy
RED_018171,Depression,Depression,Depression
RED_018180,Depression,Depression,Depression
RED_018182,Happy,Happy,Happy
RED_018190,Neutral,Neutral,Neutral
RED_018198,Depression,Depression,Depression
RED_018206,Neutral,Neutral,Neutral
RED_018207,Depression,Depression,Depression
RED_018209,Depression,Depression,Depression
RED_018216,Depression,Depression,Depression
RED_018220,Neutral,Neutral,Neutral
RED_018232,Depression,Depression,Depression
RED_018249,Depression,Depression,Depression
RED_018251,Happy,Happy,Happy
RED_018255,Depression,Depression,Depression
RED_018257,Happy,Happy,Happy
RED_018281,Depression,Depression,Depression
RED_018293,Happy,Happy,Happy
RED_018304,Depression,Depression,Depression
RED_018306,Happy,Happy,Happy
RED_018320,Happy,Happy,Happy
RED_018342,Neutral,Neutral,Neutral
RED_018344,Happy,Happy,Happy
RED_018394,Happy,Happy,Happy
RED_018395,Happy,Happy,Depression
RED_018404,Happy,Happy,Happy
RED_018415,Happy,Happy,Happy
RED_018418,Happy,Happy,Happy
RED_018419,Neutral,Neutral,Neutral
RED_018423,Neutral,Neutral,Neutral
RED_018427,Depression,Depression,Depression
RED_018443,Neutral,Neutral,Neutral
RED_018448,Neutral,Neutral,Neutral
RED_018454,Neutral,Neutral,Neutral
RED_018455,Depression,Depression,Depression
RED_018456,Neutral,Neutral,Neutral
RED_018458,Happy,Happy,Happy
RED_018465,Neutral,Neutral,Neutral
RED_018466,Neutral,Neutral,Neutral
RED_018492,Depression,Depression,Depression
RED_018495,Depression,Depression,Depression
RED_018497,Happy,Happy,Happy
RED_018505,Happy,Happy,Happy
RED_018511,Neutral,Neutral,Neutral
RED_018517,Depression,Depression,Depression
RED_018535,Happy,Happy,Happy
RED_018539,Depression,Depression,Depression
RED_018553,Neutral,Neutral,Neutral
RED_018558,Neutral,Neutral,Neutral
RED_018575,Happy,Neutral,Depression
RED_018593,Happy,Happy,Happy
RED_018600,Happy,Happy,Happy
RED_018602,Depression,Depression,Depression
RED_018603,Depression,Depression,Depression
RED_018620,Neutral,Neutral,Neutral
RED_018634,Depression,Depression,Depression
RED_018659,Depression,Depression,Depression
RED_018675,Depression,Depression,Depression
RED_018676,Depression,Depression,Depression
RED_018678,Happy,Happy,Happy
RED_018682,Neutral,Neutral,Neutral
RED_018688,Happy,Happy,Depression
RED_018705,Neutral,Neutral,Neutral
RED_018708,Neutral,Neutral,Neutral
RED_018723,Happy,Depression,Depression
RED_018731,Neutral,Neutral,Neutral
RED_018741,Happy,Happy,Happy
RED_018763,Happy,Happy,Happy
RED_018769,Depression,Depression,Depression
RED_018780,Happy,Happy,Happy
RED_018782,Happy,Happy,Happy
RED_018783,Neutral,Neutral,Neutral
RED_018800,Happy,Happy,Happy
RED_018801,Happy,Happy,Happy
RED_018808,Neutral,Neutral,Neutral
RED_018822,Depression,Depression,Depression
RED_018829,Neutral,Depression,Depression
RED_018833,Neutral,Neutral,Neutral
RED_018852,Depression,Depression,Depression
RED_018858,Depression,Depression,Depression
RED_018859,Depression,Depression,Depression
RED_018863,Neutral,Neutral,Neutral
RED_018865,Depression,Depression,Depression
RED_018884,Neutral,Neutral,Neutral
RED_018885,Neutral,Neutral,Neutral
RED_018887,Happy,Happy,Happy
RED_018900,Happy,Happy,Happy
RED_018916,Happy,Happy,Happy
RED_018929,Depression,Depression,Depression
RED_018933,Happy,Happy,Happy
RED_018936,Depression,Depression,Depression
RED_018964,Neutral,Neutral,Neutral
RED_018966,Happy,Happy,Happy
RED_018973,Depression,Depression,Depression
RED_018978,Happy,Happy,Happy
RED_018990,Depression,Depression,Depression
RED_019002,Depression,Depression,Depression
RED_019007,Happy,Happy,Happy
RED_019025,Happy,Happy,Happy
RED_019033,Happy,Happy,Happy
RED_019035,Depression,Depression,Depression
RED_019053,Neutral,Neutral,Neutral
RED_019055,Neutral,Neutral,Neutral
RED_019060,Happy,Happy,Happy
RED_019067,Depression,Depression,Depression
RED_019069,Happy,Happy,Happy
RED_019073,Depression,Depression,Depression
RED_019093,Neutral,Neutral,Neutral
RED_019106,Depression,Depression,Depression
RED_019126,Happy,Happy,Happy
RED_019134,Neutral,Neutral,Neutral
RED_019153,Neutral,Neutral,Neutral
RED_019162,Depression,Depression,Depression
RED_019165,Depression,Depression,Depression
RED_019173,Depression,Depression,Depression
RED_019177,Happy,Happy,Happy
RED_019180,Depression,Depression,Depression
RED_019196,Happy,Happy,Happy
RED_019234,Happy,Happy,Happy
RED_019240,Happy,Happy,Happy
RED_019255,Neutral,Neutral,Neutral
RED_019263,Neutral,Neutral,Neutral
RED_019284,Neutral,Neutral,Neutral
RED_019287,Neutral,Neutral,Neutral
RED_019293,Depression,Depression,Depression
RED_019301,Neutral,Neutral,Neutral
RED_019304,Neutral,Neutral,Neutral
RED_019305,Happy,Happy,Happy
RED_019318,Neutral,Neutral,Neutral
RED_019320,Happy,Depression,Depression
RED_019321,Neutral,Neutral,Neutral
RED_019322,Neutral,Depression,Depression
RED_019333,Depression,Depression,Depression
RED_019346,Depression,Depression,Depression
RED_019350,Depression,Depression,Depression
RED_019358,Happy,Happy,Happy
RED_019359,Neutral,Neutral,Neutral
RED_019362,Depression,Depression,Depression
RED_019365,Depression,Depression,Depression
RED_019369,Happy,Happy,Happy
RED_019378,Neutral,Neutral,Neutral
RED_019380,Happy,Happy,Happy
RED_019405,Depression,Depression,Depression
RED_019408,Neutral,Neutral,Neutral
RED_019412,Depression,Depression,Depression
RED_019416,Neutral,Neutral,Neutral
RED_019420,Depression,Depression,Depression
RED_019441,Neutral,Neutral,Neutral
RED_019445,Happy,Happy,Happy
RED_019448,Neutral,Neutral,Neutral
RED_019461,Depression,Happy,Depression
RED_019463,Happy,Happy,Happy
RED_019480,Happy,Happy,Happy
RED_019482,Depression,Depression,Depression
RED_019492,Depression,Depression,Depression
RED_019503,Happy,Happy,Happy
RED_019505,Neutral,Neutral,Neutral
RED_019506,Neutral,Neutral,Neutral
RED_019507,Happy,Happy,Happy
RED_019519,Neutral,Neutral,Neutral
RED_019531,Happy,Depression,Depression
RED_019541,Happy,Happy,Happy
RED_019542,Neutral,Neutral,Neutral
RED_019546,Happy,Happy,Happy
RED_019551,Neutral,Neutral,Neutral
RED_019553,Depression,Depression,Depression
RED_019565,Neutral,Neutral,Neutral
RED_019569,Depression,Depression,Depression
RED_019577,Happy,Happy,Happy
RED_019623,Depression,Depression,Depression
RED_019626,Happy,Happy,Happy
RED_019629,Neutral,Neutral,Neutral
RED_019657,Depression,Depression,Depression
RED_019659,Neutral,Neutral,Neutral
RED_019661,Neutral,Neutral,Neutral
RED_019662,Depression,Depression,Depression
RED_019665,Happy,Happy,Happy
RED_019672,Neutral,Neutral,Neutral
RED_019676,Neutral,Neutral,Neutral
RED_019678,Depression,Depression,Depression
RED_019684,Depression,Depression,Depression
RED_019688,Neutral,Neutral,Neutral
RED_019689,Neutral,Neutral,Neutral
RED_019729,Depression,Depression,Depression
RED_019736,Neutral,Neutral,Neutral
RED_019742,Neutral,Neutral,Neutral
RED_019750,Neutral,Neutral,Neutral
RED_019752,Happy,Happy,Happy
RED_019755,Neutral,Neutral,Neutral
RED_019756,Neutral,Neutral,Neutral
RED_019757,Neutral,Neutral,Neutral
RED_019764,Neutral,Neutral,Neutral
RED_019769,Happy,Happy,Happy
RED_019773,Happy,Happy,Happy
RED_019817,Happy,Happy,Happy
RED_019827,Happy,Happy,Happy
RED_019838,Neutral,Neutral,Neutral
RED_019842,Happy,Happy,Happy
RED_019848,Neutral,Neutral,Neutral
RED_019855,Neutral,Neutral,Neutral
RED_019859,Happy,Happy,Happy
RED_019867,Depression,Depression,Depression
RED_019870,Depression,Depression,Depression
RED_019878,Happy,Happy,Happy
RED_019879,Happy,Happy,Happy
RED_019882,Depression,Depression,Depression
RED_019894,Neutral,Neutral,Neutral
RED_019898,Neutral,Neutral,Neutral
RED_019909,Depression,Depression,Depression
RED_019919,Happy,Depression,Depression
RED_019922,Depression,Depression,Depression
RED_019923,Depression,Depression,Depression
RED_019947,Happy,Happy,Happy
RED_019951,Neutral,Neutral,Neutral
RED_019954,Happy,Happy,Happy
RED_019958,Depression,Happy,Happy
RED_019977,Depression,Depression,Depression
RED_019979,Depression,Depression,Depression
RED_020024,Neutral,Neutral,Neutral
RED_020053,Neutral,Neutral,Neutral
RED_020057,Neutral,Neutral,Neutral
RED_020062,Neutral,Neutral,Neutral
RED_020072,Depression,Depression,Depression
RED_020074,Neutral,Neutral,Neutral
RED_020083,Happy,Happy,Happy
RED_020084,Neutral,Neutral,Neutral
RED_020085,Depression,Depression,Depression
RED_020088,Happy,Happy,Happy
RED_020089,Depression,Depression,Depression
RED_020098,Happy,Happy,Happy
RED_020106,Depression,Depression,Depression
RED_020114,Neutral,Neutral,Neutral
RED_020119,Happy,Happy,Happy
RED_020121,Happy,Happy,Happy
RED_020126,Neutral,Neutral,Neutral
RED_020130,Happy,Happy,Happy
RED_020135,Depression,Depression,Depression
RED_020140,Happy,Happy,Happy
RED_020149,Depression,Depression,Depression
RED_020164,Neutral,Neutral,Neutral
RED_020197,Happy,Happy,Happy
RED_020200,Happy,Happy,Happy
RED_020203,Depression,Depression,Depression
RED_020210,Neutral,Neutral,Neutral
RED_020211,Happy,Happy,Happy
RED_020216,Depression,Depression,Depression
RED_020225,Happy,Depression,Depression
RED_020228,Depression,Depression,Depression
RED_020242,Happy,Happy,Happy
RED_020248,Happy,Happy,Happy
RED_020253,Neutral,Neutral,Neutral
RED_020261,Depression,Depression,Depression
RED_020265,Happy,Happy,Happy
RED_020291,Happy,Happy,Happy
RED_020314,Depression,Depression,Depression
RED_020315,Happy,Happy,Happy
RED_020318,Happy,Happy,Happy
RED_020322,Neutral,Neutral,Neutral
RED_020328,Depression,Depression,Depression
RED_020330,Happy,Happy,Happy
RED_020332,Happy,Happy,Happy
RED_020353,Happy,Happy,Happy
RED_020363,Depression,Depression,Depression
RED_020393,Happy,Happy,Happy
RED_020419,Happy,Happy,Happy
RED_020424,Neutral,Neutral,Neutral
RED_020445,Depression,Depression,Depression
RED_020448,Neutral,Neutral,Neutral
RED_020459,Depression,Depression,Depression
RED_020463,Happy,Happy,Happy
RED_020467,Happy,Happy,Happy
RED_020476,Happy,Happy,Happy
RED_020505,Happy,Happy,Happy
RED_020506,Happy,Happy,Happy
RED_020523,Depression,Depression,Depression
RED_020528,Neutral,Neutral,Neutral
RED_020537,Neutral,Neutral,Neutral
RED_020548,Happy,Happy,Happy
RED_020556,Depression,Depression,Depression
RED_020560,Neutral,Neutral,Neutral
RED_020570,Happy,Happy,Happy
RED_020572,Happy,Happy,Happy
RED_020573,Neutral,Neutral,Neutral
RED_020593,Depression,Depression,Depression
RED_020596,Happy,Depression,Depression
RED_020601,Depression,Depression,Depression
RED_020621,Happy,Happy,Happy
RED_020632,Depression,Depression,Depression
RED_020634,Happy,Happy,Happy
RED_020652,Neutral,Neutral,Neutral
RED_020657,Neutral,Neutral,Neutral
RED_020662,Depression,Depression,Depression
RED_020672,Happy,Happy,Happy
RED_020682,Depression,Depression,Depression
RED_020685,Depression,Depression,Depression
RED_020687,Depression,Depression,Depression
RED_020693,Neutral,Neutral,Neutral
RED_020700,Happy,Happy,Happy
RED_020715,Depression,Depression,Depression
RED_020718,Depression,Depression,Depression
RED_020726,Neutral,Neutral,Neutral
RED_020740,Happy,Happy,Happy
RED_020742,Neutral,Neutral,Neutral
RED_020747,Neutral,Neutral,Neutral
RED_020753,Depression,Depression,Depression
RED_020760,Neutral,Neutral,Neutral
RED_020767,Neutral,Neutral,Neutral
RED_020777,Neutral,Neutral,Neutral
RED_020794,Happy,Happy,Happy
RED_020805,Happy,Depression,Neutral
RED_020806,Depression,Depression,Depression
RED_020808,Depression,Depression,Depression
RED_020814,Neutral,Neutral,Neutral
RED_020820,Depression,Depression,Depression
RED_020829,Neutral,Neutral,Neutral
RED_020834,Neutral,Neutral,Neutral
RED_020837,Depression,Depression,Depression
RED_020846,Happy,Happy,Happy
RED_020865,Happy,Happy,Happy
RED_020870,Neutral,Neutral,Neutral
RED_020877,Neutral,Neutral,Neutral
RED_020925,Neutral,Neutral,Neutral
RED_020926,Neutral,Neutral,Neutral
RED_020937,Happy,Happy,Happy
RED_020938,Depression,Depression,Depression
RED_020940,Neutral,Neutral,Neutral
RED_020943,Happy,Happy,Depression
RED_020945,Neutral,Neutral,Neutral
RED_020946,Neutral,Neutral,Neutral
RED_020953,Depression,Depression,Depression
RED_020959,Neutral,Neutral,Neutral
RED_020961,Depression,Depression,Depression
RED_020967,Neutral,Neutral,Neutral
RED_020984,Depression,Depression,Depression
RED_021006,Neutral,Neutral,Neutral
RED_021015,Depression,Depression,Depression
RED_021024,Depression,Depression,Depression
RED_021027,Depression,Depression,Depression
RED_021048,Happy,Happy,Happy
RED_021081,Depression,Depression,Depression
RED_021090,Neutral,Neutral,Neutral
RED_021105,Happy,Happy,Happy
RED_021126,Depression,Depression,Depression
RED_021146,Happy,Happy,Happy
RED_021161,Happy,Happy,Happy
RED_021163,Happy,Happy,Happy
RED_021187,Happy,Happy,Happy
RED_021192,Neutral,Neutral,Neutral
RED_021209,Happy,Happy,Happy
RED_021234,Depression,Depression,Depression
RED_021241,Neutral,Neutral,Neutral
RED_021250,Depression,Depression,Depression
RED_021256,Depression,Depression,Depression
RED_021262,Happy,Happy,Happy
RED_021277,Depression,Depression,Depression
RED_021316,Depression,Depression,Depression
RED_021318,Neutral,Neutral,Neutral
RED_021321,Neutral,Neutral,Neutral
RED_021334,Neutral,Neutral,Neutral
RED_021358,Depression,Depression,Depression
RED_021367,Neutral,Neutral,Neutral
RED_021369,Happy,Happy,Happy
RED_021394,Neutral,Neutral,Neutral
RED_021407,Neutral,Neutral,Neutral
RED_021411,Happy,Happy,Happy
RED_021430,Neutral,Neutral,Neutral
RED_021435,Neutral,Neutral,Neutral
RED_021439,Neutral,Neutral,Neutral
RED_021441,Depression,Depression,Depression
RED_021467,Happy,Happy,Happy
RED_021472,Depression,Depression,Depression
RED_021475,Neutral,Neutral,Neutral
RED_021480,Neutral,Neutral,Neutral
RED_021482,Depression,Depression,Depression
RED_021506,Happy,Happy,Happy
RED_021512,Happy,Happy,Happy
RED_021519,Neutral,Neutral,Neutral
RED_021524,Depression,Happy,Happy
RED_021531,Neutral,Neutral,Neutral
RED_021537,Neutral,Neutral,Neutral
RED_021547,Neutral,Neutral,Neutral
RED_021559,Depression,Depression,Depression
RED_021581,Depression,Depression,Depression
RED_021583,Happy,Happy,Happy
RED_021587,Happy,Happy,Happy
RED_021591,Happy,Happy,Happy
RED_021592,Happy,Happy,Happy
RED_021600,Neutral,Neutral,Neutral
RED_021607,Depression,Happy,Happy
RED_021624,Happy,Happy,Happy
RED_021655,Happy,Happy,Happy
RED_021659,Depression,Depression,Depression
RED_021664,Neutral,Neutral,Neutral
RED_021671,Depression,Depression,Depression
RED_021672,Neutral,Neutral,Neutral
RED_021680,Depression,Depression,Depression
RED_021682,Depression,Depression,Depression
RED_021693,Neutral,Neutral,Neutral
RED_021697,Happy,Happy,Happy
RED_021707,Happy,Happy,Happy
RED_021732,Depression,Depression,Depression
RED_021736,Depression,Depression,Depression
RED_021751,Happy,Happy,Happy
RED_021792,Happy,Happy,Happy
RED_021809,Neutral,Neutral,Neutral
RED_021811,Neutral,Neutral,Neutral
RED_021825,Neutral,Neutral,Neutral
RED_021826,Depression,Depression,Depression
RED_021834,Neutral,Neutral,Neutral
RED_021843,Depression,Depression,Depression
RED_021853,Happy,Happy,Happy
RED_021861,Happy,Happy,Happy
RED_021863,Happy,Happy,Happy
RED_021864,Depression,Depression,Depression
RED_021879,Happy,Happy,Happy
RED_021903,Depression,Depression,Depression
RED_021910,Depression,Depression,Depression
RED_021915,Happy,Happy,Happy
RED_021923,Neutral,Neutral,Neutral
RED_021934,Happy,Happy,Happy
RED_021964,Happy,Happy,Happy
RED_021965,Depression,Depression,Depression
RED_021971,Depression,Depression,Depression
RED_021985,Depression,Depression,Depression
RED_021992,Neutral,Neutral,Neutral
RED_021996,Happy,Happy,Happy
RED_022022,Depression,Depression,Depression
RED_022026,Depression,Depression,Depression
RED_022033,Depression,Depression,Depression
RED_022036,Neutral,Neutral,Neutral
RED_022039,Depression,Depression,Depression
RED_022049,Happy,Happy,Happy
RED_022062,Neutral,Neutral,Neutral
RED_022068,Happy,Happy,Happy
RED_022069,Neutral,Neutral,Neutral
RED_022081,Neutral,Neutral,Neutral
RED_022086,Happy,Happy,Happy
RED_022093,Happy,Happy,Happy
RED_022101,Depression,Depression,Depression
RED_022130,Depression,Depression,Depression
RED_022151,Happy,Neutral,Neutral
RED_022154,Depression,Happy,Happy
RED_022155,Neutral,Neutral,Neutral
RED_022158,Happy,Happy,Happy
RED_022167,Happy,Happy,Happy
RED_022168,Happy,Happy,Happy
RED_022169,Neutral,Neutral,Neutral
RED_022173,Neutral,Neutral,Neutral
RED_022209,Depression,Depression,Depression
RED_022219,Happy,Happy,Happy
RED_022226,Happy,Happy,Happy
RED_022235,Happy,Happy,Happy
RED_022238,Depression,Depression,Depression
RED_022247,Happy,Happy,Happy
RED_022248,Happy,Happy,Happy
RED_022250,Happy,Happy,Happy
RED_022258,Depression,Depression,Depression
RED_022295,Happy,Happy,Happy
RED_022298,Happy,Happy,Happy
RED_022304,Happy,Happy,Happy
RED_022334,Happy,Happy,Happy
RED_022344,Happy,Happy,Happy
RED_022350,Depression,Depression,Depression
RED_022365,Happy,Happy,Happy
RED_022382,Neutral,Neutral,Neutral
RED_022386,Happy,Happy,Happy
RED_022387,Depression,Neutral,Neutral
RED_022388,Happy,Happy,Happy
RED_022415,Neutral,Neutral,Neutral
RED_022420,Depression,Depression,Depression
RED_022435,Happy,Happy,Neutral
RED_022445,Happy,Happy,Happy
RED_022446,Neutral,Neutral,Neutral
RED_022466,Happy,Happy,Happy
RED_022475,Depression,Depression,Depression
RED_022481,Depression,Depression,Depression
RED_022494,Happy,Happy,Happy
RED_022496,Happy,Happy,Happy
RED_022520,Neutral,Neutral,Neutral
RED_022545,Happy,Happy,Happy
RED_022552,Happy,Happy,Happy
RED_022559,Neutral,Neutral,Neutral
RED_022571,Neutral,Neutral,Neutral
RED_022580,Depression,Depression,Depression
RED_022586,Neutral,Neutral,Neutral
RED_022590,Happy,Happy,Happy
RED_022607,Happy,Depression,Depression
RED_022609,Happy,Happy,Happy
RED_022616,Depression,Depression,Depression
RED_022625,Neutral,Neutral,Neutral
RED_022638,Neutral,Neutral,Neutral
RED_022646,Depression,Depression,Depression
RED_022659,Happy,Happy,Happy
RED_022669,Depression,Depression,Depression
RED_022675,Neutral,Neutral,Neutral
RED_022679,Neutral,Neutral,Neutral
RED_022698,Neutral,Neutral,Neutral
RED_022719,Happy,Happy,Happy
RED_022721,Neutral,Neutral,Neutral
RED_022730,Happy,Happy,Happy
RED_022753,Depression,Depression,Depression
RED_022758,Neutral,Neutral,Neutral
RED_022760,Neutral,Neutral,Neutral
RED_022762,Depression,Depression,Depression
RED_022766,Neutral,Neutral,Neutral
RED_022771,Happy,Happy,Happy
RED_022794,Depression,Depression,Depression
RED_022813,Depression,Depression,Depression
RED_022844,Happy,Happy,Happy
RED_022850,Depression,Depression,Depression
RED_022871,Happy,Happy,Happy
RED_022884,Happy,Happy,Happy
RED_022892,Neutral,Neutral,Neutral
RED_022901,Depression,Depression,Depression
RED_022905,Neutral,Neutral,Neutral
RED_022912,Happy,Happy,Happy
RED_022913,Happy,Happy,Happy
RED_022930,Happy,Happy,Happy
RED_022946,Neutral,Neutral,Neutral
RED_022954,Happy,Depression,Depression
RED_022957,Neutral,Neutral,Neutral
RED_022977,Depression,Depression,Depression
RED_022978,Happy,Happy,Happy
RED_023017,Happy,Happy,Happy
RED_023018,Happy,Happy,Happy
RED_023035,Happy,Happy,Happy
RED_023037,Depression,Depression,Depression
RED_023040,Happy,Happy,Happy
RED_023041,Neutral,Neutral,Neutral
RED_023050,Happy,Happy,Happy
RED_023056,Depression,Depression,Depression
RED_023059,Neutral,Neutral,Neutral
RED_023063,Neutral,Neutral,Neutral
RED_023102,Happy,Happy,Happy
RED_023107,Neutral,Neutral,Neutral
RED_023109,Happy,Happy,Happy
RED_023119,Depression,Depression,Depression
RED_023123,Neutral,Neutral,Neutral
RED_023128,Depression,Depression,Depression
RED_023183,Happy,Depression,Depression
RED_023185,Depression,Depression,Depression
RED_023186,Depression,Depression,Depression
RED_023200,Neutral,Neutral,Neutral
RED_023202,Happy,Happy,Happy
RED_023203,Happy,Happy,Happy
RED_023208,Neutral,Neutral,Neutral
RED_023211,Neutral,Neutral,Neutral
RED_023213,Depression,Depression,Depression
RED_023215,Depression,Depression,Depression
RED_023231,Happy,Happy,Happy
RED_023238,Happy,Happy,Happy
RED_023290,Neutral,Neutral,Neutral
RED_023294,Neutral,Neutral,Neutral
RED_023314,Depression,Depression,Depression
RED_023319,Neutral,Neutral,Neutral
RED_023322,Happy,Happy,Happy
RED_023326,Depression,Depression,Depression
RED_023329,Depression,Depression,Depression
RED_023333,Depression,Depression,Depression
RED_023342,Neutral,Neutral,Neutral
RED_023384,Neutral,Neutral,Neutral
RED_023387,Neutral,Neutral,Neutral
RED_023394,Depression,Depression,Depression
RED_023424,Neutral,Neutral,Neutral
RED_023433,Neutral,Neutral,Neutral
RED_023436,Neutral,Neutral,Neutral
RED_023440,Neutral,Neutral,Neutral
RED_023488,Depression,Depression,Depression
RED_023506,Happy,Happy,Happy
RED_023514,Depression,Depression,Depression
RED_023520,Depression,Happy,Happy
RED_023535,Happy,Happy,Happy
RED_023545,Happy,Happy,Happy
RED_023548,Happy,Happy,Happy
RED_023552,Happy,Happy,Happy
RED_023556,Happy,Happy,Happy
RED_023559,Depression,Depression,Depression
RED_023579,Happy,Happy,Happy
RED_023583,Happy,Happy,Happy
RED_023585,Happy,Happy,Happy
RED_023596,Depression,Depression,Depression
RED_023602,Depression,Depression,Depression
RED_023633,Happy,Happy,Happy
RED_023643,Depression,Depression,Depression
RED_023673,Depression,Depression,Depression
RED_023676,Happy,Happy,Happy
RED_023682,Depression,Depression,Depression
RED_023685,Happy,Happy,Happy
RED_023693,Depression,Depression,Depression
RED_023698,Neutral,Neutral,Neutral
RED_023723,Happy,Happy,Happy
RED_023726,Depression,Depression,Depression
RED_023727,Happy,Happy,Happy
RED_023743,Depression,Depression,Depression
RED_023751,Neutral,Neutral,Neutral
RED_023754,Happy,Happy,Happy
RED_023761,Depression,Depression,Depression
RED_023768,Depression,Depression,Depression
RED_023772,Depression,Depression,Depression
RED_023778,Depression,Depression,Depression
RED_023788,Neutral,Neutral,Neutral
RED_023793,Happy,Happy,Happy
RED_023797,Depression,Happy,Happy
RED_023798,Depression,Depression,Depression
RED_023809,Neutral,Neutral,Neutral
RED_023819,Neutral,Neutral,Neutral
RED_023822,Depression,Depression,Depression
RED_023831,Depression,Depression,Depression
RED_023838,Neutral,Neutral,Neutral
RED_023844,Happy,Happy,Happy
RED_023852,Depression,Depression,Depression
RED_023874,Happy,Happy,Happy
RED_023895,Neutral,Neutral,Neutral
RED_023903,Happy,Happy,Happy
RED_023922,Depression,Depression,Depression
RED_023927,Depression,Depression,Depression
RED_023938,Depression,Depression,Depression
RED_023939,Neutral,Neutral,Neutral
RED_023954,Happy,Happy,Happy
RED_023957,Neutral,Neutral,Neutral
RED_023965,Neutral,Neutral,Neutral
RED_023971,Depression,Depression,Depression
RED_023986,Happy,Happy,Happy
RED_023989,Neutral,Neutral,Neutral
RED_024016,Happy,Happy,Happy
RED_024046,Neutral,Neutral,Neutral
RED_024061,Depression,Depression,Depression
RED_024065,Neutral,Neutral,Neutral
RED_024090,Happy,Happy,Happy
RED_024092,Depression,Depression,Depression
RED_024112,Neutral,Neutral,Neutral
RED_024114,Depression,Depression,Depression
RED_024122,Depression,Depression,Depression
RED_024141,Neutral,Neutral,Neutral
RED_024146,Neutral,Neutral,Neutral
RED_024154,Happy,Happy,Happy
RED_024164,Happy,Happy,Happy
RED_024175,Depression,Depression,Depression
RED_024179,Depression,Depression,Depression
RED_024183,Depression,Depression,Depression
RED_024184,Neutral,Neutral,Neutral
RED_024185,Neutral,Neutral,Neutral
RED_024204,Depression,Depression,Depression
RED_024216,Happy,Depression,Neutral
RED_024218,Neutral,Neutral,Neutral
RED_024237,Neutral,Neutral,Neutral
RED_024240,Happy,Happy,Happy
RED_024249,Depression,Depression,Depression
RED_024265,Neutral,Neutral,Neutral
RED_024267,Happy,Happy,Happy
RED_024281,Neutral,Neutral,Neutral
RED_024298,Depression,Depression,Depression
RED_024317,Happy,Happy,Happy
RED_024324,Happy,Happy,Happy
RED_024326,Depression,Depression,Depression
RED_024329,Depression,Depression,Depression
RED_024369,Happy,Happy,Happy
RED_024375,Depression,Depression,Depression
RED_024404,Depression,Depression,Depression
RED_024406,Depression,Depression,Depression
RED_024429,Depression,Depression,Neutral
RED_024439,Happy,Happy,Happy
RED_024444,Depression,Depression,Depression
RED_024445,Depression,Depression,Depression
RED_024454,Depression,Depression,Depression
RED_024456,Happy,Happy,Happy
RED_024466,Neutral,Neutral,Neutral
RED_024477,Neutral,Neutral,Neutral
RED_024496,Neutral,Neutral,Neutral
RED_024497,Depression,Depression,Depression
RED_024504,Neutral,Neutral,Neutral
RED_024520,Happy,Happy,Happy
RED_024531,Happy,Happy,Happy
RED_024534,Happy,Happy,Happy
RED_024535,Happy,Happy,Happy
RED_024541,Neutral,Neutral,Neutral
RED_024544,Neutral,Happy,Happy
RED_024545,Depression,Depression,Depression
RED_024571,Neutral,Neutral,Neutral
RED_024591,Neutral,Neutral,Neutral
RED_024605,Depression,Depression,Depression
RED_024607,Neutral,Neutral,Neutral
RED_024611,Happy,Happy,Happy
RED_024614,Depression,Depression,Depression
RED_024635,Depression,Depression,Depression
RED_024637,Neutral,Neutral,Neutral
RED_024665,Depression,Depression,Depression
RED_024666,Happy,Happy,Happy
RED_024679,Depression,Depression,Depression
RED_024681,Depression,Depression,Depression
RED_024687,Depression,Depression,Depression
RED_024692,Depression,Depression,Depression
RED_024716,Happy,Depression,Depression
RED_024717,Neutral,Neutral,Neutral
RED_024722,Happy,Depression,Depression
RED_024739,Happy,Happy,Depression
RED_024762,Happy,Happy,Happy
RED_024763,Neutral,Neutral,Neutral
RED_024766,Happy,Happy,Happy
RED_024768,Happy,Happy,Happy
RED_024791,Depression,Depression,Depression
RED_024796,Neutral,Neutral,Neutral
RED_024826,Neutral,Neutral,Neutral
RED_024827,Happy,Happy,Happy
RED_024853,Happy,Happy,Happy
RED_024855,Neutral,Neutral,Neutral
RED_024860,Happy,Happy,Happy
RED_024864,Depression,Depression,Depression
RED_024875,Depression,Depression,Depression
RED_024879,Happy,Happy,Happy
RED_024916,Neutral,Neutral,Neutral
RED_024924,Depression,Happy,Happy
RED_024935,Happy,Happy,Happy
RED_024956,Depression,Depression,Depression
RED_024957,Neutral,Neutral,Neutral
RED_024961,Depression,Depression,Depression
RED_024968,Depression,Depression,Depression
RED_024975,Depression,Depression,Depression
RED_024984,Depression,Depression,Depression
RED_025003,Happy,Depression,Depression
RED_025007,Neutral,Neutral,Neutral
RED_025013,Happy,Happy,Happy
RED_025017,Happy,Happy,Happy
RED_025024,Happy,Happy,Happy
RED_025032,Neutral,Neutral,Neutral
RED_025038,Neutral,Neutral,Neutral
RED_025042,Happy,Happy,Happy
RED_025045,Neutral,Neutral,Neutral
RED_025052,Happy,Happy,Happy
RED_025054,Neutral,Neutral,Neutral
RED_025061,Happy,Happy,Happy
RED_025062,Happy,Happy,Happy
RED_025064,Depression,Depression,Depression
RED_025080,Happy,Happy,Happy
RED_025091,Happy,Depression,Depression
RED_025094,Neutral,Neutral,Neutral
RED_025105,Neutral,Neutral,Neutral
RED_025115,Depression,Depression,Depression
RED_025126,Happy,Happy,Happy
RED_025129,Neutral,Neutral,Neutral
RED_025146,Neutral,Neutral,Neutral
RED_025157,Neutral,Neutral,Neutral
RED_025189,Happy,Happy,Neutral
RED_025195,Depression,Depression,Depression
RED_025225,Depression,Depression,Depression
RED_025232,Happy,Happy,Happy
RED_025235,Happy,Happy,Happy
RED_025237,Happy,Happy,Happy
RED_025255,Happy,Happy,Happy
RED_025258,Happy,Happy,Happy
RED_025265,Depression,Depression,Depression
RED_025268,Happy,Happy,Happy
RED_025271,Neutral,Neutral,Neutral
RED_025278,Neutral,Neutral,Neutral
RED_025286,Depression,Depression,Depression
RED_025299,Happy,Happy,Happy
RED_025301,Neutral,Neutral,Neutral
RED_025326,Depression,Depression,Depression
RED_025330,Happy,Happy,Happy
RED_025342,Depression,Depression,Depression
RED_025345,Depression,Depression,Depression
RED_025353,Neutral,Neutral,Neutral
RED_025358,Neutral,Neutral,Neutral
RED_025364,Happy,Happy,Happy
RED_025369,Happy,Happy,Happy
RED_025381,Depression,Depression,Depression
RED_025389,Happy,Happy,Happy
RED_025390,Happy,Happy,Happy
RED_025398,Depression,Depression,Depression
RED_025401,Neutral,Neutral,Neutral
RED_025422,Depression,Depression,Depression
RED_025439,Happy,Happy,Happy
RED_025444,Neutral,Neutral,Neutral
RED_025447,Neutral,Neutral,Neutral
RED_025455,Depression,Depression,Depression
RED_025463,Depression,Depression,Depression
RED_025465,Happy,Happy,Happy
RED_025470,Happy,Happy,Happy
RED_025476,Depression,Depression,Depression
RED_025484,Happy,Happy,Happy
RED_025521,Happy,Happy,Happy
RED_025548,Depression,Depression,Depression
RED_025561,Happy,Happy,Happy
RED_025568,Depression,Depression,Depression
RED_025584,Depression,Depression,Depression
RED_025595,Neutral,Neutral,Neutral
RED_025607,Happy,Happy,Happy
RED_025614,Happy,Happy,Happy
RED_025618,Happy,Happy,Happy
RED_025627,Neutral,Neutral,Neutral
RED_025636,Happy,Happy,Happy
RED_025639,Neutral,Neutral,Neutral
RED_025654,Neutral,Neutral,Neutral
RED_025660,Happy,Happy,Happy
RED_025672,Neutral,Neutral,Neutral
RED_025696,Happy,Happy,Happy
RED_025704,Depression,Depression,Depression
RED_025714,Depression,Depression,Depression
RED_025727,Depression,Depression,Depression
RED_025732,Neutral,Neutral,Neutral
RED_025739,Neutral,Neutral,Neutral
RED_025742,Happy,Happy,Happy
RED_025754,Happy,Happy,Happy
RED_025759,Happy,Happy,Happy
RED_025768,Happy,Happy,Happy
RED_025777,Neutral,Neutral,Neutral
RED_025781,Neutral,Neutral,Neutral
RED_025784,Depression,Depression,Happy
RED_025811,Happy,Happy,Happy
RED_025813,Depression,Depression,Depression
RED_025814,Neutral,Neutral,Neutral
RED_025819,Depression,Depression,Depression
RED_025827,Neutral,Neutral,Neutral
RED_025845,Neutral,Neutral,Neutral
RED_025846,Happy,Happy,Happy
RED_025848,Happy,Happy,Happy
RED_025885,Depression,Depression,Depression
RED_025892,Depression,Happy,Depression
RED_025895,Depression,Depression,Depression
RED_025902,Neutral,Neutral,Neutral
RED_025907,Depression,Depression,Depression
RED_025909,Depression,Depression,Depression
RED_025922,Depression,Depression,Depression
RED_025933,Depression,Depression,Depression
RED_025958,Happy,Happy,Happy
RED_025960,Neutral,Neutral,Neutral
RED_025976,Depression,Happy,Happy
RED_025977,Happy,Happy,Happy
RED_025990,Neutral,Neutral,Neutral
RED_026026,Neutral,Neutral,Neutral
RED_026029,Happy,Happy,Happy
RED_026035,Neutral,Neutral,Neutral
RED_026040,Neutral,Neutral,Neutral
RED_026047,Depression,Depression,Depression
RED_026058,Neutral,Neutral,Neutral
RED_026074,Happy,Happy,Happy
RED_026082,Neutral,Neutral,Neutral
RED_026088,Happy,Neutral,Neutral
RED_026096,Depression,Depression,Depression
RED_026101,Depression,Happy,Happy
RED_026129,Neutral,Neutral,Neutral
RED_026140,Neutral,Neutral,Neutral
RED_026144,Neutral,Neutral,Neutral
RED_026145,Neutral,Neutral,Neutral
RED_026154,Depression,Depression,Depression
RED_026156,Depression,Depression,Depression
RED_026170,Depression,Depression,Depression
RED_026182,Depression,Depression,Depression
RED_026198,Neutral,Neutral,Neutral
RED_026199,Happy,Happy,Happy
RED_026231,Depression,Depression,Depression
RED_026263,Happy,Happy,Happy
RED_026266,Depression,Depression,Depression
RED_026308,Neutral,Neutral,Neutral
RED_026317,Happy,Happy,Happy
RED_026346,Happy,Happy,Happy
RED_026348,Happy,Depression,Depression
RED_026354,Neutral,Neutral,Neutral
RED_026358,Happy,Happy,Happy
RED_026363,Happy,Happy,Happy
RED_026364,Happy,Happy,Happy
RED_026397,Happy,Happy,Happy
RED_026402,Neutral,Neutral,Neutral
RED_026426,Neutral,Neutral,Neutral
RED_026430,Neutral,Neutral,Neutral
RED_026447,Neutral,Neutral,Neutral
RED_026452,Neutral,Neutral,Neutral
RED_026466,Depression,Depression,Depression
RED_026490,Depression,Depression,Depression
RED_026491,Depression,Depression,Depression
RED_026496,Happy,Depression,Depression
RED_026506,Happy,Depression,Depression
RED_026547,Depression,Depression,Depression
RED_026552,Depression,Depression,Depression
RED_026553,Neutral,Neutral,Neutral
RED_026570,Happy,Happy,Happy
RED_026584,Depression,Depression,Depression
RED_026592,Happy,Happy,Happy
RED_026599,Depression,Depression,Depression
RED_026605,Happy,Happy,Happy
RED_026622,Happy,Happy,Happy
RED_026629,Neutral,Neutral,Neutral
RED_026630,Happy,Happy,Happy
RED_026647,Neutral,Neutral,Neutral
RED_026648,Neutral,Neutral,Neutral
RED_026651,Neutral,Neutral,Neutral
RED_026658,Happy,Happy,Happy
RED_026664,Neutral,Neutral,Neutral
RED_026684,Happy,Happy,Happy
RED_026693,Happy,Happy,Happy
RED_026696,Depression,Depression,Depression
RED_026713,Neutral,Neutral,Neutral
RED_026718,Neutral,Neutral,Neutral
RED_026733,Depression,Depression,Depression
RED_026756,Neutral,Neutral,Neutral
RED_026763,Depression,Depression,Depression
RED_026791,Depression,Depression,Depression
RED_026798,Happy,Happy,Happy
RED_026803,Happy,Happy,Happy
RED_026824,Depression,Depression,Depression
RED_026855,Happy,Happy,Happy
RED_026856,Happy,Happy,Happy
RED_026860,Happy,Happy,Happy
RED_026865,Neutral,Neutral,Neutral
RED_026870,Happy,Happy,Happy
RED_026886,Happy,Happy,Happy
RED_026888,Happy,Happy,Happy
RED_026891,Neutral,Neutral,Neutral
RED_026907,Neutral,Neutral,Neutral
RED_026924,Happy,Happy,Happy
RED_026932,Depression,Depression,Depression
RED_026935,Depression,Depression,Depression
RED_026951,Depression,Depression,Depression
RED_026957,Happy,Happy,Happy
RED_026969,Depression,Depression,Depression
RED_026970,Depression,Depression,Depression
RED_026979,Neutral,Neutral,Neutral
RED_026985,Depression,Depression,Depression
RED_026990,Neutral,Neutral,Neutral
RED_026994,Neutral,Neutral,Neutral
RED_026996,Neutral,Neutral,Neutral
RED_027013,Happy,Happy,Happy
RED_027028,Neutral,Neutral,Neutral
RED_027033,Depression,Depression,Depression
RED_027038,Neutral,Neutral,Neutral
RED_027044,Neutral,Neutral,Neutral
RED_027046,Neutral,Neutral,Neutral
RED_027051,Happy,Happy,Happy
RED_027054,Depression,Depression,Depression
RED_027058,Depression,Depression,Depression
RED_027060,Depression,Depression,Depression
RED_027066,Neutral,Neutral,Neutral
RED_027068,Happy,Happy,Happy
RED_027090,Depression,Depression,Depression
RED_027091,Happy,Happy,Happy
RED_027097,Neutral,Neutral,Depression
RED_027099,Happy,Happy,Happy
RED_027105,Depression,Depression,Depression
RED_027108,Happy,Happy,Happy
RED_027114,Depression,Depression,Depression
RED_027124,Depression,Depression,Depression
RED_027155,Neutral,Neutral,Neutral
RED_027172,Depression,Depression,Depression
RED_027181,Depression,Depression,Depression
RED_027187,Happy,Neutral,Neutral
RED_027202,Happy,Happy,Happy
RED_027209,Depression,Depression,Depression
RED_027215,Depression,Depression,Depression
RED_027229,Happy,Happy,Happy
RED_027230,Happy,Happy,Happy
RED_027236,Neutral,Neutral,Neutral
RED_027250,Neutral,Neutral,Neutral
RED_027251,Depression,Depression,Depression
RED_027253,Neutral,Neutral,Neutral
RED_027260,Neutral,Neutral,Neutral
RED_027312,Neutral,Neutral,Neutral
RED_027315,Neutral,Neutral,Neutral
RED_027322,Depression,Depression,Depression
RED_027323,Neutral,Neutral,Neutral
RED_027332,Depression,Depression,Depression
RED_027340,Happy,Happy,Happy
RED_027345,Neutral,Neutral,Neutral
RED_027352,Happy,Happy,Happy
RED_027353,Depression,Depression,Depression
RED_027354,Happy,Happy,Happy
RED_027381,Neutral,Neutral,Neutral
RED_027397,Depression,Depression,Depression
RED_027408,Happy,Happy,Happy
RED_027409,Neutral,Neutral,Neutral
RED_027419,Happy,Depression,Depression
RED_027421,Neutral,Neutral,Neutral
RED_027435,Neutral,Neutral,Neutral
RED_027451,Happy,Happy,Happy
RED_027452,Happy,Happy,Happy
RED_027468,Neutral,Neutral,Neutral
RED_027486,Happy,Happy,Happy
RED_027487,Neutral,Neutral,Neutral
RED_027496,Happy,Happy,Happy
RED_027501,Depression,Depression,Depression
RED_027502,Happy,Happy,Happy
RED_027507,Neutral,Neutral,Neutral
RED_027533,Depression,Depression,Depression
RED_027542,Happy,Happy,Happy
RED_027548,Depression,Depression,Depression
RED_027559,Depression,Depression,Depression
RED_027568,Depression,Depression,Depression
RED_027591,Happy,Happy,Happy
RED_027631,Neutral,Neutral,Neutral
RED_027640,Depression,Depression,Depression
RED_027663,Neutral,Neutral,Neutral
RED_027674,Neutral,Neutral,Neutral
RED_027685,Neutral,Neutral,Neutral
RED_027693,Depression,Depression,Depression
RED_027696,Neutral,Neutral,Neutral
RED_027697,Happy,Happy,Happy
RED_027700,Happy,Happy,Happy
RED_027734,Depression,Depression,Depression
RED_027746,Depression,Depression,Depression
RED_027754,Neutral,Neutral,Neutral
RED_027757,Neutral,Neutral,Neutral
RED_027759,Depression,Depression,Depression
RED_027760,Neutral,Neutral,Neutral
RED_027761,Neutral,Neutral,Neutral
RED_027765,Depression,Depression,Depression
RED_027767,Happy,Happy,Happy
RED_027792,Happy,Happy,Happy
RED_027794,Depression,Depression,Depression
RED_027801,Happy,Happy,Happy
RED_027810,Neutral,Neutral,Neutral
RED_027829,Depression,Depression,Depression
RED_027841,Happy,Happy,Happy
RED_027843,Depression,Depression,Depression
RED_027882,Neutral,Neutral,Neutral
RED_027886,Happy,Happy,Happy
RED_027896,Happy,Happy,Happy
RED_027908,Happy,Happy,Happy
RED_027913,Neutral,Neutral,Neutral
RED_027914,Happy,Happy,Happy
RED_027925,Happy,Happy,Happy
RED_027928,Neutral,Neutral,Neutral
RED_027957,Happy,Happy,Happy
RED_027959,Neutral,Neutral,Neutral
RED_027960,Neutral,Neutral,Neutral
RED_027999,Depression,Depression,Depression
RED_028000,Depression,Depression,Depression
RED_028004,Neutral,Neutral,Neutral
RED_028007,Neutral,Neutral,Neutral
RED_028011,Happy,Depression,Depression
RED_028018,Depression,Depression,Depression
RED_028052,Neutral,Neutral,Neutral
RED_028057,Depression,Depression,Depression
RED_028070,Neutral,Neutral,Neutral
RED_028076,Happy,Happy,Happy
RED_028085,Happy,Happy,Happy
RED_028099,Neutral,Neutral,Neutral
RED_028104,Neutral,Neutral,Neutral
RED_028134,Happy,Happy,Happy
RED_028136,Happy,Happy,Happy
RED_028141,Happy,Happy,Happy
RED_028145,Happy,Happy,Happy
RED_028161,Depression,Depression,Depression
RED_028171,Happy,Happy,Happy
RED_028186,Neutral,Neutral,Neutral
RED_028225,Happy,Happy,Happy
RED_028226,Depression,Depression,Depression
RED_028227,Happy,Neutral,Neutral
RED_028242,Neutral,Neutral,Neutral
RED_028255,Depression,Happy,Happy
RED_028261,Happy,Happy,Happy
RED_028266,Depression,Depression,Depression
RED_028269,Happy,Happy,Happy
RED_028281,Neutral,Neutral,Neutral
RED_028287,Depression,Depression,Depression
RED_028292,Depression,Depression,Depression
RED_028294,Happy,Happy,Happy
RED_028307,Depression,Depression,Depression
RED_028323,Depression,Depression,Depression
RED_028356,Neutral,Neutral,Neutral
RED_028364,Depression,Depression,Depression
RED_028391,Happy,Happy,Happy
RED_028402,Happy,Happy,Happy
RED_028408,Neutral,Neutral,Neutral
RED_028409,Depression,Depression,Depression
RED_028419,Happy,Happy,Happy
RED_028433,Neutral,Neutral,Neutral
RED_028436,Happy,Happy,Happy
RED_028448,Neutral,Neutral,Neutral
RED_028459,Depression,Depression,Depression
RED_028466,Happy,Happy,Happy
RED_028486,Happy,Happy,Happy
RED_028500,Neutral,Neutral,Neutral
RED_028510,Happy,Happy,Happy
RED_028518,Depression,Depression,Depression
RED_028519,Happy,Happy,Happy
RED_028520,Neutral,Neutral,Neutral
RED_028547,Happy,Happy,Happy
RED_028557,Depression,Depression,Depression
RED_028580,Neutral,Neutral,Neutral
RED_028585,Neutral,Neutral,Neutral
RED_028635,Happy,Happy,Happy
RED_028646,Neutral,Neutral,Neutral
RED_028661,Happy,Happy,Happy
RED_028664,Happy,Happy,Happy
RED_028673,Happy,Happy,Happy
RED_028682,Happy,Happy,Happy
RED_028689,Neutral,Neutral,Neutral
RED_028695,Neutral,Neutral,Neutral
RED_028709,Depression,Depression,Depression
RED_028723,Neutral,Neutral,Neutral
RED_028740,Depression,Depression,Depression
RED_028755,Happy,Happy,Happy
RED_028766,Happy,Happy,Happy
RED_028772,Neutral,Neutral,Neutral
RED_028815,Depression,Depression,Depression
RED_028829,Depression,Depression,Depression
RED_028837,Depression,Depression,Depression
RED_028850,Happy,Happy,Happy
RED_028865,Happy,Happy,Happy
RED_028901,Depression,Depression,Depression
RED_028905,Depression,Depression,Depression
RED_028910,Neutral,Neutral,Neutral
RED_028939,Neutral,Neutral,Neutral
RED_028940,Happy,Happy,Happy
RED_028942,Happy,Happy,Happy
RED_028945,Happy,Happy,Happy
RED_028954,Neutral,Neutral,Neutral
RED_028968,Happy,Happy,Happy
RED_028969,Neutral,Neutral,Neutral
RED_028985,Depression,Depression,Depression
RED_029026,Depression,Depression,Depression
RED_029027,Happy,Happy,Happy
RED_029028,Happy,Happy,Happy
RED_029054,Happy,Happy,Happy
RED_029062,Depression,Depression,Depression
RED_029068,Depression,Depression,Depression
RED_029076,Happy,Happy,Happy
RED_029103,Happy,Happy,Happy
RED_029105,Neutral,Neutral,Neutral
RED_029136,Happy,Happy,Happy
RED_029159,Happy,Happy,Happy
RED_029167,Happy,Happy,Happy
RED_029175,Happy,Happy,Happy
RED_029177,Neutral,Neutral,Neutral
RED_029178,Depression,Depression,Depression
RED_029190,Neutral,Neutral,Neutral
RED_029195,Happy,Happy,Happy
RED_029206,Happy,Happy,Happy
RED_029215,Neutral,Neutral,Neutral
RED_029223,Neutral,Neutral,Neutral
RED_029228,Happy,Happy,Happy
RED_029244,Happy,Happy,Happy
RED_029252,Depression,Depression,Depression
RED_029253,Happy,Happy,Happy
RED_029261,Neutral,Neutral,Neutral
RED_029266,Depression,Depression,Depression
RED_029271,Depression,Depression,Depression
RED_029278,Happy,Happy,Happy
RED_029282,Happy,Happy,Happy
RED_029287,Happy,Depression,Depression
RED_029304,Depression,Depression,Depression
RED_029338,Happy,Happy,Happy
RED_029346,Happy,Happy,Happy
RED_029349,Depression,Depression,Depression
RED_029367,Depression,Depression,Depression
RED_029371,Happy,Happy,Happy
RED_029385,Happy,Happy,Happy
RED_029401,Depression,Depression,Depression
RED_029413,Happy,Happy,Happy
RED_029419,Depression,Depression,Depression
RED_029420,Depression,Depression,Depression
RED_029421,Depression,Depression,Depression
RED_029428,Happy,Happy,Happy
RED_029455,Happy,Happy,Happy
RED_029464,Depression,Depression,Depression
RED_029469,Neutral,Neutral,Neutral
RED_029485,Depression,Depression,Depression
RED_029503,Happy,Happy,Happy
RED_029507,Depression,Depression,Depression
RED_029519,Neutral,Neutral,Neutral
RED_029533,Happy,Happy,Happy
RED_029548,Neutral,Neutral,Neutral
RED_029562,Depression,Depression,Depression
RED_029588,Neutral,Neutral,Neutral
RED_029593,Depression,Depression,Depression
RED_029598,Depression,Depression,Depression
RED_029599,Neutral,Neutral,Neutral
RED_029600,Depression,Depression,Depression
RED_029620,Happy,Happy,Happy
RED_029630,Happy,Happy,Happy
RED_029645,Neutral,Neutral,Neutral
RED_029648,Happy,Happy,Happy
RED_029656,Happy,Happy,Happy
RED_029657,Neutral,Neutral,Neutral
RED_029659,Neutral,Neutral,Neutral
RED_029666,Neutral,Neutral,Neutral
RED_029697,Depression,Depression,Depression
RED_029704,Neutral,Neutral,Neutral
RED_029716,Neutral,Neutral,Neutral
RED_029723,Neutral,Neutral,Neutral
RED_029741,Happy,Happy,Happy
RED_029754,Happy,Happy,Happy
RED_029765,Neutral,Neutral,Neutral
RED_029782,Happy,Happy,Happy
RED_029787,Neutral,Neutral,Neutral
RED_029788,Happy,Happy,Happy
RED_029790,Happy,Happy,Happy
RED_029812,Neutral,Neutral,Neutral
RED_029815,Depression,Depression,Depression
RED_029826,Neutral,Neutral,Neutral
RED_029827,Happy,Happy,Happy
RED_029828,Happy,Happy,Happy
RED_029849,Happy,Happy,Happy
RED_029852,Neutral,Neutral,Neutral
RED_029860,Depression,Depression,Depression
RED_029881,Happy,Happy,Happy
RED_029883,Happy,Happy,Happy
RED_029889,Depression,Depression,Depression
RED_029902,Neutral,Neutral,Neutral
RED_029903,Neutral,Neutral,Neutral
RED_029917,Neutral,Neutral,Neutral
RED_029919,Depression,Depression,Depression
RED_029937,Happy,Happy,Happy
RED_029953,Depression,Depression,Depression
RED_029961,Neutral,Neutral,Neutral
RED_029979,Neutral,Neutral,Neutral
RED_030019,Happy,Happy,Happy
RED_030023,Depression,Depression,Depression
RED_030050,Neutral,Neutral,Neutral
RED_030068,Neutral,Neutral,Neutral
RED_030071,Neutral,Neutral,Neutral
RED_030093,Neutral,Neutral,Neutral
RED_030098,Happy,Happy,Happy
RED_030115,Happy,Happy,Happy
RED_030122,Neutral,Neutral,Neutral
RED_030129,Depression,Depression,Depression
RED_030145,Happy,Happy,Happy
RED_030159,Neutral,Neutral,Neutral
RED_030166,Depression,Depression,Depression
RED_030174,Depression,Depression,Depression
RED_030178,Neutral,Neutral,Neutral
RED_030198,Happy,Happy,Happy
RED_030202,Neutral,Neutral,Neutral
RED_030206,Neutral,Neutral,Neutral
RED_030235,Happy,Happy,Happy
RED_030241,Depression,Depression,Depression
RED_030252,Neutral,Neutral,Neutral
RED_030265,Depression,Depression,Depression
RED_030275,Depression,Depression,Depression
RED_030276,Happy,Happy,Happy
RED_030296,Happy,Happy,Happy
RED_030310,Depression,Depression,Depression
RED_030321,Depression,Depression,Depression
RED_030338,Neutral,Neutral,Neutral
RED_030348,Depression,Depression,Depression
RED_030351,Depression,Depression,Depression
RED_030359,Depression,Depression,Depression
RED_030365,Neutral,Neutral,Neutral
RED_030368,Happy,Happy,Happy
RED_030373,Happy,Happy,Happy
RED_030381,Happy,Happy,Happy
RED_030418,Depression,Depression,Depression
RED_030437,Neutral,Neutral,Neutral
RED_030442,Happy,Happy,Happy
RED_030461,Depression,Depression,Depression
RED_030464,Depression,Depression,Depression
RED_030470,Depression,Depression,Depression
RED_030483,Happy,Happy,Happy
RED_030484,Depression,Depression,Depression
RED_030502,Neutral,Neutral,Neutral
RED_030503,Depression,Depression,Depression
RED_030507,Neutral,Neutral,Neutral
RED_030511,Depression,Depression,Depression
RED_030520,Neutral,Neutral,Neutral
RED_030526,Depression,Depression,Depression
RED_030530,Depression,Depression,Depression
RED_030531,Neutral,Neutral,Neutral
RED_030532,Happy,Happy,Happy
RED_030537,Happy,Happy,Happy
RED_030545,Depression,Depression,Depression
RED_030556,Neutral,Neutral,Neutral
RED_030566,Neutral,Neutral,Neutral
RED_030600,Happy,Happy,Happy
RED_030608,Depression,Depression,Depression
RED_030609,Happy,Happy,Happy
RED_030630,Neutral,Neutral,Neutral
RED_030640,Depression,Depression,Depression
RED_030649,Neutral,Neutral,Neutral
RED_030650,Happy,Happy,Happy
RED_030675,Neutral,Neutral,Neutral
RED_030685,Happy,Happy,Happy
RED_030688,Depression,Depression,Depression
RED_030691,Neutral,Neutral,Neutral
RED_030726,Happy,Happy,Happy
RED_030727,Neutral,Neutral,Neutral
RED_030731,Depression,Depression,Depression
RED_030737,Happy,Happy,Happy
RED_030740,Neutral,Neutral,Neutral
RED_030778,Happy,Happy,Happy
RED_030811,Neutral,Neutral,Neutral
RED_030829,Depression,Depression,Depression
RED_030858,Depression,Depression,Depression
RED_030860,Happy,Happy,Happy
RED_030886,Depression,Depression,Depression
RED_030900,Depression,Depression,Depression
RED_030908,Neutral,Neutral,Neutral
RED_030919,Neutral,Neutral,Neutral
RED_030924,Depression,Depression,Depression
RED_030928,Happy,Happy,Happy
RED_030944,Neutral,Neutral,Neutral
RED_030965,Neutral,Neutral,Neutral
RED_030978,Neutral,Neutral,Neutral
RED_030986,Depression,Depression,Depression
RED_030987,Neutral,Neutral,Neutral
RED_030988,Happy,Happy,Happy
RED_030990,Happy,Happy,Happy
RED_030994,Happy,Happy,Happy
RED_030995,Depression,Happy,Depression
RED_031010,Happy,Happy,Happy
RED_031029,Depression,Depression,Depression
RED_031036,Depression,Depression,Depression
RED_031049,Happy,Happy,Happy
RED_031050,Depression,Depression,Depression
RED_031063,Depression,Depression,Depression
RED_031068,Depression,Happy,Happy
RED_031087,Neutral,Neutral,Neutral
RED_031134,Happy,Happy,Happy
RED_031138,Happy,Happy,Happy
RED_031146,Depression,Depression,Depression
RED_031150,Neutral,Neutral,Neutral
RED_031160,Neutral,Neutral,Neutral
RED_031175,Depression,Depression,Depression
RED_031178,Neutral,Neutral,Neutral
RED_031198,Depression,Depression,Depression
RED_031203,Depression,Depression,Depression
RED_031221,Depression,Depression,Depression
RED_031222,Happy,Happy,Happy
RED_031232,Neutral,Neutral,Neutral
RED_031250,Happy,Happy,Happy
RED_031258,Neutral,Neutral,Neutral
RED_031264,Happy,Happy,Happy
RED_031268,Happy,Happy,Happy
RED_031271,Neutral,Neutral,Neutral
RED_031272,Depression,Depression,Depression
RED_031287,Depression,Depression,Depression
RED_031289,Depression,Depression,Depression
RED_031290,Depression,Depression,Depression
RED_031301,Happy,Happy,Happy
RED_031306,Depression,Depression,Depression
RED_031328,Depression,Depression,Depression
RED_031337,Happy,Happy,Happy
RED_031366,Depression,Depression,Depression
RED_031374,Depression,Depression,Depression
RED_031385,Neutral,Neutral,Neutral
RED_031390,Depression,Depression,Depression
RED_031398,Happy,Happy,Happy
RED_031402,Depression,Depression,Depression
RED_031406,Neutral,Neutral,Neutral
RED_031426,Depression,Depression,Depression
RED_031428,Neutral,Neutral,Neutral
RED_031460,Depression,Depression,Depression
RED_031477,Depression,Depression,Depression
RED_031491,Neutral,Neutral,Neutral
RED_031505,Neutral,Neutral,Neutral
RED_031516,Depression,Depression,Depression
RED_031518,Depression,Depression,Depression
RED_031536,Depression,Depression,Depression
RED_031545,Neutral,Neutral,Neutral
RED_031561,Depression,Depression,Depression
RED_031575,Neutral,Neutral,Neutral
RED_031584,Happy,Happy,Happy
RED_031585,Happy,Happy,Happy
RED_031607,Happy,Happy,Happy
RED_031610,Happy,Happy,Happy
RED_031612,Neutral,Happy,Happy
RED_031617,Neutral,Neutral,Neutral
RED_031625,Happy,Happy,Happy
RED_031638,Depression,Depression,Depression
RED_031640,Happy,Happy,Happy
RED_031646,Depression,Depression,Depression
RED_031659,Happy,Happy,Happy
RED_031670,Depression,Depression,Depression
RED_031672,Depression,Depression,Depression
RED_031674,Depression,Depression,Depression
RED_031692,Depression,Happy,Happy
RED_031695,Happy,Happy,Happy
RED_031700,Happy,Happy,Happy
RED_031712,Neutral,Neutral,Neutral
RED_031713,Happy,Happy,Happy
RED_031718,Neutral,Neutral,Neutral
RED_031729,Happy,Happy,Happy
RED_031733,Neutral,Neutral,Neutral
RED_031736,Neutral,Neutral,Neutral
RED_031743,Depression,Depression,Depression
RED_031749,Depression,Depression,Depression
RED_031765,Depression,Depression,Depression
RED_031783,Neutral,Neutral,Neutral
RED_031786,Happy,Happy,Happy
RED_031788,Happy,Happy,Happy
RED_031792,Happy,Happy,Happy
RED_031793,Neutral,Neutral,Neutral
RED_031830,Happy,Happy,Happy
RED_031836,Depression,Depression,Depression
RED_031843,Depression,Depression,Depression
RED_031845,Happy,Happy,Happy
RED_031851,Depression,Depression,Depression
RED_031854,Happy,Happy,Happy
RED_031871,Neutral,Neutral,Neutral
RED_031881,Happy,Happy,Happy
RED_031884,Depression,Depression,Depression
RED_031887,Happy,Happy,Happy
RED_031900,Neutral,Neutral,Neutral
RED_031904,Depression,Happy,Happy
RED_031912,Neutral,Neutral,Neutral
RED_031914,Depression,Depression,Depression
RED_031919,Depression,Depression,Depression
RED_031923,Neutral,Neutral,Neutral
RED_031947,Depression,Depression,Depression
RED_031953,Depression,Depression,Depression
RED_031955,Happy,Happy,Happy
RED_031962,Depression,Depression,Depression
RED_031970,Depression,Depression,Depression
RED_031971,Depression,Depression,Depression
RED_031972,Happy,Happy,Happy
RED_031975,Happy,Happy,Happy
RED_031987,Depression,Depression,Depression
RED_031992,Neutral,Neutral,Neutral
RED_031993,Happy,Happy,Happy
RED_031998,Depression,Depression,Depression
RED_032007,Neutral,Neutral,Neutral
RED_032012,Depression,Depression,Depression
RED_032018,Depression,Depression,Depression
RED_032020,Depression,Depression,Depression
RED_032023,Neutral,Neutral,Neutral
RED_032029,Depression,Depression,Depression
RED_032030,Neutral,Neutral,Neutral
RED_032035,Depression,Depression,Depression
RED_032040,Depression,Depression,Depression
RED_032050,Happy,Happy,Happy
RED_032051,Happy,Happy,Happy
RED_032061,Happy,Happy,Happy
RED_032075,Happy,Happy,Happy
RED_032081,Neutral,Neutral,Neutral
RED_032082,Neutral,Neutral,Neutral
RED_032084,Happy,Happy,Happy
RED_032087,Neutral,Neutral,Neutral
RED_032091,Depression,Depression,Depression
RED_032093,Happy,Happy,Happy
RED_032099,Neutral,Neutral,Neutral
RED_032121,Neutral,Neutral,Neutral
RED_032127,Neutral,Neutral,Neutral
RED_032139,Depression,Depression,Depression
RED_032146,Depression,Depression,Depression
RED_032156,Depression,Happy,Depression
RED_032160,Neutral,Neutral,Neutral
RED_032166,Happy,Happy,Happy
RED_032170,Happy,Happy,Happy
RED_032177,Neutral,Neutral,Neutral
RED_032187,Depression,Depression,Depression
RED_032188,Depression,Depression,Depression
RED_032205,Depression,Depression,Depression
RED_032214,Depression,Depression,Depression
RED_032227,Happy,Happy,Happy
RED_032229,Neutral,Neutral,Neutral
RED_032234,Depression,Depression,Depression
RED_032244,Neutral,Neutral,Neutral
RED_032263,Depression,Depression,Depression
RED_032271,Neutral,Neutral,Neutral
RED_032275,Neutral,Neutral,Neutral
RED_032276,Depression,Depression,Depression
RED_032286,Depression,Depression,Depression
RED_032318,Neutral,Neutral,Neutral
RED_032366,Depression,Depression,Depression
RED_032369,Happy,Happy,Happy
RED_032370,Happy,Happy,Happy
RED_032388,Happy,Happy,Happy
RED_032408,Neutral,Neutral,Neutral
RED_032418,Neutral,Neutral,Neutral
RED_032425,Neutral,Neutral,Neutral
RED_032434,Happy,Happy,Happy
RED_032450,Neutral,Neutral,Neutral
RED_032458,Neutral,Neutral,Neutral
RED_032464,Depression,Depression,Depression
RED_032475,Happy,Happy,Happy
RED_032483,Depression,Depression,Depression
RED_032496,Neutral,Neutral,Neutral
RED_032498,Happy,Happy,Happy
RED_032523,Neutral,Neutral,Neutral
RED_032540,Neutral,Neutral,Neutral
RED_032544,Depression,Depression,Depression
RED_032550,Neutral,Neutral,Neutral
RED_032551,Depression,Depression,Depression
RED_032553,Happy,Happy,Happy
RED_032562,Neutral,Neutral,Neutral
RED_032568,Happy,Depression,Depression
RED_032611,Happy,Happy,Happy
RED_032638,Happy,Happy,Happy
RED_032676,Neutral,Neutral,Neutral
RED_032684,Depression,Depression,Depression
RED_032689,Neutral,Neutral,Neutral
RED_032709,Neutral,Neutral,Neutral
RED_032713,Depression,Depression,Depression
RED_032716,Depression,Depression,Depression
RED_032725,Happy,Happy,Happy
RED_032733,Depression,Depression,Depression
RED_032740,Depression,Depression,Depression
RED_032760,Neutral,Neutral,Neutral
RED_032777,Happy,Happy,Happy
RED_032784,Depression,Depression,Depression
RED_032787,Happy,Happy,Happy
RED_032789,Happy,Happy,Happy
RED_032792,Neutral,Neutral,Neutral
RED_032828,Happy,Happy,Happy
RED_032830,Depression,Depression,Depression
RED_032843,Depression,Depression,Depression
RED_032845,Neutral,Neutral,Neutral
RED_032846,Depression,Depression,Depression
RED_032849,Neutral,Neutral,Neutral
RED_032852,Depression,Depression,Depression
RED_032853,Neutral,Neutral,Neutral
RED_032860,Neutral,Neutral,Neutral
RED_032864,Neutral,Neutral,Neutral
RED_032866,Happy,Happy,Happy
RED_032881,Neutral,Neutral,Neutral
RED_032894,Depression,Depression,Depression
RED_032903,Depression,Depression,Depression
RED_032928,Neutral,Neutral,Neutral
RED_032937,Depression,Depression,Depression
RED_032939,Happy,Happy,Happy
RED_032950,Happy,Depression,Depression
RED_032954,Neutral,Neutral,Neutral
RED_032967,Happy,Happy,Happy
RED_032977,Happy,Happy,Happy
RED_032978,Happy,Happy,Happy
RED_032981,Depression,Depression,Depression
RED_032986,Neutral,Neutral,Neutral
RED_033002,Depression,Depression,Depression
RED_033012,Happy,Happy,Happy
RED_033030,Depression,Depression,Depression
RED_033040,Neutral,Neutral,Neutral
RED_033050,Happy,Happy,Happy
RED_033057,Neutral,Neutral,Neutral
RED_033090,Happy,Happy,Happy
RED_033102,Depression,Depression,Depression
RED_033113,Neutral,Neutral,Neutral
RED_033114,Depression,Depression,Depression
RED_033122,Happy,Depression,Depression
RED_033145,Depression,Depression,Depression
RED_033158,Neutral,Neutral,Neutral
RED_033169,Depression,Happy,Happy
RED_033184,Happy,Happy,Happy
RED_033185,Happy,Happy,Happy
RED_033191,Neutral,Neutral,Neutral
RED_033197,Depression,Depression,Depression
RED_033203,Depression,Depression,Depression
RED_033211,Happy,Happy,Depression
RED_033227,Depression,Depression,Depression
RED_033233,Happy,Happy,Happy
RED_033236,Happy,Happy,Happy
RED_033241,Depression,Depression,Depression
RED_033243,Depression,Happy,Happy
RED_033261,Depression,Depression,Depression
RED_033279,Neutral,Neutral,Neutral
RED_033282,Depression,Depression,Depression
RED_033324,Happy,Happy,Happy
RED_033341,Happy,Happy,Happy
RED_033342,Happy,Happy,Happy
RED_033348,Depression,Depression,Depression
RED_033357,Neutral,Neutral,Neutral
RED_033358,Happy,Happy,Happy
RED_033368,Depression,Depression,Depression
RED_033382,Depression,Depression,Depression
RED_033388,Happy,Happy,Happy
RED_033390,Depression,Depression,Depression
RED_033392,Depression,Depression,Depression
RED_033394,Depression,Depression,Depression
RED_033417,Happy,Depression,Depression
RED_033423,Depression,Depression,Depression
RED_033435,Depression,Depression,Depression
RED_033449,Neutral,Neutral,Neutral
RED_033453,Happy,Happy,Happy
RED_033471,Neutral,Neutral,Neutral
RED_033491,Depression,Depression,Depression
RED_033494,Depression,Depression,Depression
RED_033497,Neutral,Neutral,Neutral
RED_033501,Happy,Happy,Happy
RED_033509,Happy,Happy,Happy
RED_033516,Neutral,Neutral,Neutral
RED_033534,Happy,Happy,Happy
RED_033536,Neutral,Neutral,Neutral
RED_033538,Neutral,Neutral,Neutral
RED_033543,Happy,Happy,Happy
RED_033587,Depression,Depression,Depression
RED_033594,Neutral,Neutral,Neutral
RED_033601,Depression,Depression,Depression
RED_033615,Depression,Depression,Depression
RED_033621,Neutral,Neutral,Neutral
RED_033631,Neutral,Neutral,Neutral
RED_033637,Depression,Depression,Depression
RED_033643,Happy,Happy,Happy
RED_033646,Neutral,Neutral,Neutral
RED_033650,Happy,Happy,Happy
RED_033652,Neutral,Depression,Depression
RED_033661,Happy,Happy,Happy
RED_033666,Neutral,Neutral,Neutral
RED_033676,Happy,Happy,Happy
RED_033704,Happy,Happy,Happy
RED_033707,Depression,Depression,Depression
RED_033712,Neutral,Neutral,Neutral
RED_033720,Depression,Depression,Depression
RED_033724,Happy,Happy,Happy
RED_033737,Neutral,Neutral,Neutral
RED_033749,Happy,Happy,Happy
RED_033754,Neutral,Neutral,Neutral
RED_033770,Depression,Depression,Depression
RED_033771,Depression,Depression,Depression
RED_033779,Happy,Happy,Happy
RED_033780,Happy,Happy,Happy
RED_033782,Depression,Depression,Depression
RED_033790,Depression,Depression,Depression
RED_033801,Depression,Depression,Depression
RED_033817,Neutral,Neutral,Neutral
RED_033839,Happy,Happy,Happy
RED_033857,Happy,Happy,Happy
RED_033860,Depression,Depression,Depression
RED_033878,Depression,Depression,Depression
RED_033881,Depression,Depression,Depression
RED_033894,Happy,Happy,Happy
RED_033905,Depression,Depression,Depression
RED_033910,Neutral,Neutral,Neutral
RED_033917,Neutral,Neutral,Neutral
RED_033925,Neutral,Neutral,Neutral
RED_033953,Depression,Depression,Depression
RED_033961,Neutral,Neutral,Neutral
RED_033969,Neutral,Neutral,Neutral
RED_033971,Depression,Depression,Depression
RED_033991,Depression,Depression,Depression
RED_033995,Depression,Depression,Depression
RED_033997,Depression,Depression,Depression
RED_034001,Neutral,Neutral,Neutral
RED_034019,Depression,Depression,Depression
RED_034024,Neutral,Neutral,Neutral
RED_034026,Depression,Depression,Depression
RED_034031,Happy,Happy,Happy
RED_034034,Neutral,Neutral,Neutral
RED_034055,Happy,Happy,Happy
RED_034058,Depression,Depression,Depression
RED_034065,Neutral,Neutral,Neutral
RED_034074,Depression,Depression,Depression
RED_034085,Neutral,Neutral,Neutral
RED_034108,Depression,Depression,Depression
RED_034115,Happy,Happy,Happy
RED_034118,Depression,Depression,Depression
RED_034133,Neutral,Neutral,Neutral
RED_034146,Depression,Depression,Depression
RED_034156,Happy,Happy,Happy
RED_034159,Neutral,Neutral,Neutral
RED_034162,Neutral,Happy,Neutral
RED_034163,Depression,Depression,Depression
RED_034169,Happy,Happy,Happy
RED_034171,Depression,Depression,Depression
RED_034201,Neutral,Neutral,Neutral
RED_034214,Neutral,Neutral,Neutral
RED_034219,Happy,Happy,Happy
RED_034222,Happy,Happy,Happy
RED_034249,Happy,Happy,Happy
RED_034250,Happy,Happy,Happy
RED_034257,Happy,Happy,Happy
RED_034275,Neutral,Neutral,Neutral
RED_034286,Happy,Happy,Happy
RED_034290,Depression,Depression,Depression
RED_034297,Neutral,Neutral,Neutral
RED_034298,Happy,Happy,Happy
RED_034328,Neutral,Neutral,Neutral
RED_034331,Neutral,Neutral,Neutral
RED_034333,Neutral,Neutral,Neutral
RED_034344,Happy,Happy,Happy
RED_034388,Neutral,Neutral,Neutral
RED_034392,Depression,Depression,Depression
RED_034396,Happy,Happy,Happy
RED_034417,Depression,Depression,Depression
RED_034425,Happy,Happy,Happy
RED_034429,Depression,Depression,Depression
RED_034433,Depression,Depression,Depression
RED_034436,Neutral,Neutral,Neutral
RED_034437,Neutral,Neutral,Neutral
RED_034446,Depression,Depression,Depression
RED_034462,Happy,Happy,Happy
RED_034465,Happy,Happy,Happy
RED_034512,Depression,Depression,Depression
RED_034514,Happy,Happy,Happy
RED_034516,Neutral,Neutral,Neutral
RED_034518,Depression,Depression,Depression
RED_034530,Depression,Depression,Depression
RED_034537,Depression,Depression,Depression
RED_034582,Happy,Happy,Happy
RED_034584,Depression,Depression,Depression
RED_034587,Depression,Depression,Depression
RED_034588,Neutral,Neutral,Neutral
RED_034603,Neutral,Neutral,Neutral
RED_034621,Neutral,Neutral,Neutral
RED_034626,Depression,Depression,Depression
RED_034634,Neutral,Neutral,Neutral
RED_034637,Depression,Depression,Depression
RED_034641,Neutral,Neutral,Neutral
RED_034678,Neutral,Neutral,Neutral
RED_034690,Depression,Depression,Depression
RED_034713,Happy,Happy,Happy
RED_034749,Neutral,Neutral,Neutral
RED_034752,Depression,Depression,Depression
RED_034758,Depression,Depression,Depression
RED_034761,Happy,Happy,Happy
RED_034764,Neutral,Neutral,Neutral
RED_034766,Happy,Depression,Depression
RED_034770,Neutral,Neutral,Neutral
RED_034779,Neutral,Neutral,Neutral
RED_034793,Neutral,Neutral,Neutral
RED_034798,Depression,Depression,Depression
RED_034799,Neutral,Neutral,Neutral
RED_034825,Depression,Depression,Depression
RED_034831,Happy,Happy,Happy
RED_034847,Neutral,Neutral,Neutral
RED_034862,Depression,Depression,Depression
RED_034881,Neutral,Neutral,Neutral
RED_034883,Depression,Depression,Depression
RED_034903,Happy,Happy,Happy
RED_034916,Depression,Depression,Depression
RED_034922,Happy,Happy,Happy
RED_034923,Depression,Depression,Depression
RED_034925,Depression,Depression,Depression
RED_034936,Happy,Happy,Happy
RED_034937,Depression,Depression,Depression
RED_034948,Happy,Happy,Happy
RED_034952,Depression,Depression,Depression
RED_034954,Depression,Depression,Depression
RED_034964,Depression,Depression,Depression
RED_034967,Happy,Happy,Happy
RED_035001,Depression,Depression,Depression
RED_035011,Neutral,Neutral,Neutral
RED_035031,Neutral,Neutral,Neutral
RED_035039,Neutral,Neutral,Neutral
RED_035054,Neutral,Neutral,Neutral
RED_035056,Depression,Depression,Depression
RED_035057,Depression,Depression,Depression
RED_035066,Depression,Depression,Depression
RED_035086,Happy,Happy,Happy
RED_035092,Neutral,Neutral,Neutral
RED_035102,Neutral,Neutral,Neutral
RED_035126,Happy,Happy,Happy
RED_035127,Neutral,Neutral,Neutral
RED_035137,Depression,Depression,Depression
RED_035166,Happy,Happy,Happy
RED_035171,Happy,Happy,Happy
RED_035178,Depression,Depression,Depression
RED_035190,Happy,Happy,Happy
RED_035200,Happy,Happy,Happy
RED_035204,Happy,Happy,Happy
RED_035205,Happy,Happy,Happy
RED_035209,Neutral,Neutral,Neutral
RED_035220,Neutral,Neutral,Neutral
RED_035235,Happy,Happy,Happy
RED_035236,Happy,Happy,Happy
RED_035244,Neutral,Neutral,Neutral
RED_035296,Depression,Depression,Depression
RED_035297,Neutral,Neutral,Neutral
RED_035299,Happy,Happy,Happy
RED_035301,Neutral,Neutral,Neutral
RED_035305,Depression,Depression,Depression
RED_035319,Neutral,Neutral,Neutral
RED_035330,Depression,Depression,Depression
RED_035331,Neutral,Neutral,Neutral
RED_035333,Depression,Depression,Depression
RED_035346,Happy,Happy,Happy
RED_035359,Happy,Happy,Happy
RED_035379,Neutral,Neutral,Neutral
RED_035383,Happy,Happy,Happy
RED_035408,Depression,Depression,Depression
RED_035416,Happy,Happy,Happy
RED_035419,Neutral,Neutral,Neutral
RED_035423,Depression,Depression,Depression
RED_035455,Happy,Happy,Happy
RED_035460,Happy,Happy,Happy
RED_035473,Happy,Happy,Happy
RED_035477,Depression,Depression,Depression
RED_035517,Depression,Neutral,Neutral
RED_035532,Happy,Happy,Happy
RED_035534,Neutral,Neutral,Neutral
RED_035537,Neutral,Neutral,Neutral
RED_035544,Happy,Happy,Happy
RED_035546,Happy,Happy,Happy
RED_035551,Depression,Depression,Depression
RED_035554,Depression,Depression,Depression
RED_035559,Neutral,Neutral,Neutral
RED_035562,Neutral,Neutral,Neutral
RED_035580,Depression,Depression,Depression
RED_035598,Neutral,Neutral,Neutral
RED_035601,Happy,Happy,Happy
RED_035605,Neutral,Neutral,Neutral
RED_035614,Depression,Depression,Depression
RED_035616,Depression,Depression,Depression
RED_035630,Happy,Happy,Happy
RED_035635,Depression,Depression,Depression
RED_035646,Happy,Happy,Happy
RED_035650,Depression,Depression,Depression
RED_035654,Depression,Depression,Depression
RED_035658,Depression,Depression,Depression
RED_035695,Happy,Happy,Happy
RED_035696,Depression,Depression,Depression
RED_035709,Happy,Happy,Happy
RED_035770,Neutral,Neutral,Neutral
RED_035780,Depression,Depression,Depression
RED_035803,Depression,Depression,Depression
RED_035812,Happy,Happy,Happy
RED_035821,Neutral,Neutral,Neutral
RED_035822,Neutral,Neutral,Neutral
RED_035840,Happy,Happy,Happy
RED_035852,Depression,Depression,Depression
RED_035853,Happy,Happy,Happy
RED_035877,Happy,Happy,Happy
RED_035895,Neutral,Neutral,Neutral
RED_035916,Happy,Happy,Happy
RED_035930,Happy,Happy,Happy
RED_035936,Depression,Depression,Depression
RED_035944,Happy,Happy,Happy
RED_035946,Depression,Depression,Depression
RED_035978,Happy,Happy,Happy
RED_035981,Happy,Happy,Happy
RED_035984,Neutral,Neutral,Neutral
RED_035999,Happy,Happy,Happy
RED_036024,Happy,Happy,Happy
RED_036025,Happy,Happy,Happy
RED_036041,Depression,Happy,Happy
RED_036056,Happy,Happy,Happy
RED_036057,Happy,Happy,Happy
RED_036074,Happy,Happy,Happy
RED_036087,Depression,Depression,Depression
RED_036088,Happy,Happy,Happy
RED_036111,Neutral,Neutral,Neutral
RED_036126,Neutral,Neutral,Neutral
RED_036146,Happy,Happy,Happy
RED_036150,Depression,Depression,Depression
RED_036151,Happy,Happy,Happy
RED_036162,Depression,Depression,Depression
RED_036173,Depression,Depression,Depression
RED_036186,Neutral,Neutral,Neutral
RED_036203,Happy,Happy,Happy
RED_036244,Depression,Depression,Depression
RED_036246,Happy,Happy,Happy
RED_036258,Depression,Depression,Depression
RED_036267,Happy,Happy,Happy
RED_036271,Neutral,Neutral,Neutral
RED_036274,Happy,Happy,Happy
RED_036276,Neutral,Neutral,Neutral
RED_036281,Happy,Happy,Happy
RED_036286,Depression,Depression,Depression
RED_036310,Depression,Depression,Depression
RED_036312,Neutral,Neutral,Neutral
RED_036317,Neutral,Neutral,Neutral
RED_036318,Depression,Happy,Happy
RED_036322,Neutral,Neutral,Neutral
RED_036330,Depression,Depression,Depression
RED_036335,Happy,Happy,Happy
RED_036340,Neutral,Neutral,Neutral
RED_036342,Depression,Depression,Depression
RED_036349,Depression,Depression,Depression
RED_036351,Depression,Depression,Depression
RED_036352,Neutral,Neutral,Neutral
RED_036354,Happy,Happy,Happy
RED_036355,Depression,Depression,Depression
RED_036361,Happy,Happy,Happy
RED_036385,Happy,Happy,Happy
RED_036389,Depression,Depression,Depression
RED_036393,Happy,Happy,Happy
RED_036395,Depression,Happy,Depression
RED_036399,Neutral,Neutral,Neutral
RED_036414,Depression,Depression,Depression
RED_036423,Happy,Happy,Happy
RED_036429,Happy,Happy,Happy
RED_036430,Happy,Happy,Happy
RED_036432,Happy,Happy,Happy
RED_036438,Neutral,Neutral,Neutral
RED_036466,Happy,Happy,Happy
RED_036467,Depression,Depression,Depression
RED_036471,Happy,Happy,Happy
RED_036488,Neutral,Neutral,Neutral
RED_036489,Neutral,Neutral,Neutral
RED_036491,Depression,Depression,Depression
RED_036504,Happy,Happy,Happy
RED_036512,Neutral,Neutral,Neutral
RED_036514,Depression,Depression,Depression
RED_036524,Happy,Happy,Happy
RED_036552,Depression,Depression,Depression
RED_036556,Depression,Depression,Depression
RED_036559,Depression,Depression,Depression
RED_036563,Neutral,Neutral,Neutral
RED_036570,Depression,Depression,Depression
RED_036582,Depression,Depression,Depression
RED_036592,Happy,Happy,Happy
RED_036605,Happy,Happy,Happy
RED_036611,Depression,Depression,Depression
RED_036623,Neutral,Neutral,Neutral
RED_036643,Happy,Happy,Happy
RED_036651,Happy,Depression,Depression
RED_036653,Happy,Happy,Happy
RED_036670,Depression,Depression,Depression
RED_036679,Happy,Happy,Happy
RED_036690,Happy,Happy,Happy
RED_036693,Depression,Depression,Depression
RED_036695,Depression,Depression,Depression
RED_036696,Neutral,Neutral,Neutral
RED_036710,Depression,Depression,Depression
RED_036763,Depression,Depression,Depression
RED_036766,Neutral,Neutral,Neutral
RED_036786,Depression,Depression,Depression
RED_036789,Depression,Depression,Depression
RED_036798,Happy,Happy,Happy
RED_036801,Depression,Depression,Depression
RED_036816,Happy,Happy,Happy
RED_036817,Depression,Depression,Depression
RED_036841,Neutral,Neutral,Neutral
RED_036859,Depression,Depression,Depression
RED_036864,Neutral,Neutral,Neutral
RED_036869,Happy,Happy,Happy
RED_036871,Depression,Depression,Depression
RED_036888,Neutral,Neutral,Neutral
RED_036895,Neutral,Neutral,Neutral
RED_036906,Happy,Happy,Happy
RED_036937,Happy,Neutral,Neutral
RED_036943,Happy,Happy,Happy
RED_036945,Happy,Happy,Happy
RED_036952,Neutral,Neutral,Neutral
RED_036955,Neutral,Neutral,Neutral
RED_036960,Neutral,Neutral,Neutral
RED_036961,Neutral,Neutral,Neutral
RED_036975,Depression,Depression,Depression
RED_037020,Happy,Happy,Happy
RED_037029,Neutral,Neutral,Neutral
RED_037030,Neutral,Neutral,Neutral
RED_037038,Happy,Happy,Happy
RED_037040,Happy,Happy,Happy
RED_037043,Happy,Happy,Happy
RED_037046,Depression,Depression,Depression
RED_037048,Depression,Depression,Depression
RED_037054,Neutral,Neutral,Neutral
RED_037064,Neutral,Neutral,Neutral
RED_037066,Neutral,Neutral,Neutral
RED_037074,Neutral,Neutral,Neutral
RED_037087,Depression,Depression,Depression
RED_037098,Happy,Happy,Happy
RED_037101,Happy,Happy,Happy
RED_037121,Neutral,Neutral,Neutral
RED_037123,Happy,Happy,Happy
RED_037134,Happy,Happy,Happy
RED_037153,Depression,Depression,Depression
RED_037159,Depression,Depression,Depression
RED_037162,Depression,Depression,Depression
RED_037171,Neutral,Neutral,Neutral
RED_037178,Happy,Happy,Happy
RED_037195,Neutral,Neutral,Neutral
RED_037198,Neutral,Neutral,Neutral
RED_037204,Depression,Depression,Depression
RED_037209,Happy,Happy,Happy
RED_037233,Happy,Happy,Happy
RED_037238,Neutral,Neutral,Neutral
RED_037258,Neutral,Neutral,Neutral
RED_037270,Depression,Depression,Depression
RED_037282,Neutral,Neutral,Neutral
RED_037301,Depression,Depression,Depression
RED_037303,Neutral,Neutral,Neutral
RED_037304,Neutral,Neutral,Neutral
RED_037319,Neutral,Neutral,Neutral
RED_037322,Depression,Depression,Depression
RED_037329,Neutral,Neutral,Neutral
RED_037337,Neutral,Neutral,Neutral
RED_037338,Happy,Happy,Happy
RED_037349,Neutral,Neutral,Neutral
RED_037356,Happy,Happy,Happy
RED_037417,Neutral,Neutral,Neutral
RED_037422,Depression,Depression,Depression
RED_037436,Happy,Happy,Happy
RED_037439,Depression,Depression,Depression
RED_037440,Happy,Happy,Happy
RED_037441,Neutral,Neutral,Neutral
RED_037449,Happy,Happy,Happy
RED_037457,Happy,Happy,Happy
RED_037486,Neutral,Neutral,Neutral
RED_037497,Happy,Happy,Happy
RED_037500,Happy,Happy,Happy
RED_037526,Neutral,Neutral,Neutral
RED_037537,Happy,Happy,Happy
RED_037551,Depression,Depression,Depression
RED_037557,Happy,Happy,Happy
RED_037577,Depression,Depression,Depression
RED_037586,Neutral,Neutral,Neutral
RED_037593,Happy,Happy,Happy
RED_037603,Happy,Happy,Happy
RED_037628,Depression,Depression,Depression
RED_037643,Depression,Depression,Depression
RED_037648,Happy,Happy,Happy
RED_037658,Depression,Depression,Depression
RED_037686,Happy,Happy,Happy
RED_037699,Neutral,Neutral,Neutral
RED_037713,Depression,Depression,Depression
RED_037736,Neutral,Neutral,Neutral
RED_037751,Happy,Happy,Happy
RED_037759,Happy,Happy,Happy
RED_037776,Neutral,Neutral,Neutral
RED_037797,Happy,Happy,Happy
RED_037810,Depression,Depression,Depression
RED_037812,Happy,Depression,Depression
RED_037849,Depression,Depression,Depression
RED_037851,Neutral,Neutral,Neutral
RED_037852,Neutral,Neutral,Neutral
RED_037865,Neutral,Neutral,Neutral
RED_037886,Depression,Depression,Depression
RED_037887,Depression,Depression,Depression
RED_037888,Happy,Happy,Happy
RED_037911,Depression,Depression,Depression
RED_037913,Neutral,Neutral,Neutral
RED_037914,Depression,Depression,Depression
RED_037925,Neutral,Neutral,Neutral
RED_037934,Happy,Happy,Happy
RED_037940,Depression,Depression,Depression
RED_037961,Neutral,Neutral,Neutral
RED_037991,Neutral,Neutral,Neutral
RED_038002,Depression,Depression,Depression
RED_038013,Neutral,Neutral,Neutral
RED_038023,Depression,Depression,Depression
RED_038029,Depression,Depression,Depression
RED_038086,Depression,Depression,Depression
RED_038088,Depression,Depression,Depression
RED_038101,Neutral,Neutral,Neutral
RED_038129,Happy,Happy,Happy
RED_038148,Neutral,Neutral,Neutral
RED_038151,Depression,Depression,Depression
RED_038154,Depression,Depression,Depression
RED_038162,Neutral,Neutral,Neutral
RED_038167,Neutral,Neutral,Neutral
RED_038195,Neutral,Neutral,Neutral
RED_038208,Neutral,Neutral,Neutral
RED_038222,Happy,Happy,Happy
RED_038237,Neutral,Happy,Happy
RED_038259,Neutral,Neutral,Neutral
RED_038264,Neutral,Neutral,Neutral
RED_038285,Happy,Happy,Happy
RED_038312,Happy,Happy,Happy
RED_038315,Depression,Depression,Depression
RED_038320,Happy,Happy,Happy
RED_038326,Depression,Depression,Depression
RED_038332,Happy,Happy,Happy
RED_038348,Depression,Depression,Depression
RED_038355,Depression,Depression,Depression
RED_038359,Depression,Depression,Depression
RED_038379,Neutral,Neutral,Neutral
RED_038383,Depression,Depression,Depression
RED_038389,Neutral,Neutral,Neutral
RED_038419,Happy,Happy,Happy
RED_038465,Depression,Depression,Depression
RED_038466,Happy,Happy,Happy
RED_038468,Happy,Happy,Happy
RED_038472,Neutral,Neutral,Neutral
RED_038474,Depression,Depression,Depression
RED_038476,Neutral,Neutral,Neutral
RED_038492,Happy,Happy,Happy
RED_038500,Depression,Depression,Depression
RED_038502,Depression,Depression,Depression
RED_038504,Happy,Happy,Happy
RED_038509,Depression,Depression,Depression
RED_038526,Depression,Depression,Depression
RED_038528,Depression,Depression,Depression
RED_038541,Neutral,Neutral,Neutral
RED_038569,Happy,Happy,Happy
RED_038571,Happy,Happy,Happy
RED_038588,Neutral,Neutral,Neutral
RED_038603,Depression,Depression,Depression
RED_038606,Happy,Happy,Happy
RED_038611,Depression,Depression,Depression
RED_038630,Neutral,Neutral,Neutral
RED_038634,Happy,Happy,Happy
RED_038650,Depression,Depression,Depression
RED_038661,Happy,Happy,Happy
RED_038667,Happy,Happy,Happy
RED_038682,Neutral,Neutral,Neutral
RED_038694,Depression,Depression,Depression
RED_038708,Depression,Depression,Depression
RED_038733,Neutral,Neutral,Neutral
RED_038754,Neutral,Neutral,Neutral
RED_038816,Happy,Happy,Happy
RED_038829,Depression,Depression,Depression
RED_038844,Happy,Happy,Happy
RED_038846,Neutral,Neutral,Neutral
RED_038848,Happy,Happy,Happy
RED_038850,Depression,Depression,Depression
RED_038853,Depression,Depression,Depression
RED_038868,Depression,Depression,Depression
RED_038871,Neutral,Neutral,Neutral
RED_038881,Depression,Depression,Depression
RED_038886,Depression,Depression,Depression
RED_038897,Happy,Happy,Happy
RED_038898,Depression,Depression,Depression
RED_038899,Happy,Happy,Happy
RED_038927,Happy,Happy,Happy
RED_038928,Neutral,Neutral,Neutral
RED_038934,Neutral,Neutral,Neutral
RED_038936,Depression,Depression,Depression
RED_038942,Neutral,Neutral,Neutral
RED_038945,Neutral,Neutral,Neutral
RED_038953,Happy,Happy,Happy
RED_038954,Happy,Happy,Happy
RED_038958,Happy,Happy,Happy
RED_038975,Happy,Happy,Happy
RED_038988,Depression,Depression,Depression
RED_039004,Neutral,Neutral,Neutral
RED_039041,Depression,Depression,Depression
RED_039044,Neutral,Neutral,Neutral
RED_039046,Depression,Depression,Depression
RED_039064,Depression,Depression,Depression
RED_039067,Depression,Depression,Depression
RED_039069,Happy,Happy,Happy
RED_039073,Happy,Happy,Happy
RED_039086,Depression,Depression,Depression
RED_039088,Happy,Happy,Happy
RED_039110,Depression,Depression,Depression
RED_039112,Happy,Happy,Happy
RED_039139,Depression,Depression,Depression
RED_039151,Neutral,Neutral,Neutral
RED_039153,Depression,Depression,Depression
RED_039166,Depression,Depression,Depression
RED_039172,Neutral,Neutral,Neutral
RED_039174,Neutral,Neutral,Neutral
RED_039180,Neutral,Neutral,Neutral
RED_039182,Depression,Depression,Depression
RED_039199,Neutral,Neutral,Neutral
RED_039214,Happy,Happy,Happy
RED_039238,Neutral,Neutral,Neutral
RED_039246,Depression,Depression,Depression
RED_039258,Depression,Depression,Depression
RED_039271,Neutral,Neutral,Neutral
RED_039278,Neutral,Neutral,Neutral
RED_039281,Happy,Happy,Happy
RED_039282,Depression,Depression,Depression
RED_039317,Neutral,Neutral,Neutral
RED_039352,Depression,Depression,Depression
RED_039358,Neutral,Neutral,Neutral
RED_039379,Depression,Depression,Depression
RED_039407,Neutral,Neutral,Neutral
RED_039409,Depression,Depression,Depression
RED_039425,Happy,Happy,Happy
RED_039427,Neutral,Neutral,Neutral
RED_039434,Neutral,Neutral,Neutral
RED_039440,Happy,Happy,Happy
RED_039449,Neutral,Neutral,Neutral
RED_039455,Happy,Happy,Happy
RED_039460,Depression,Depression,Depression
RED_039463,Neutral,Neutral,Neutral
RED_039469,Neutral,Neutral,Neutral
RED_039473,Happy,Happy,Happy
RED_039476,Depression,Depression,Depression
RED_039490,Neutral,Neutral,Neutral
RED_039495,Happy,Happy,Happy
RED_039526,Neutral,Neutral,Neutral
RED_039532,Happy,Happy,Happy
RED_039543,Happy,Happy,Happy
RED_039550,Happy,Happy,Happy
RED_039564,Neutral,Neutral,Neutral
RED_039567,Happy,Happy,Happy
RED_039573,Neutral,Neutral,Neutral
RED_039584,Depression,Depression,Depression
RED_039587,Happy,Happy,Happy
RED_039590,Neutral,Neutral,Neutral
RED_039597,Neutral,Neutral,Neutral
RED_039599,Neutral,Neutral,Neutral
RED_039601,Depression,Depression,Depression
RED_039604,Neutral,Neutral,Neutral
RED_039605,Depression,Depression,Depression
RED_039617,Neutral,Neutral,Neutral
RED_039619,Neutral,Neutral,Neutral
RED_039625,Depression,Depression,Depression
RED_039635,Depression,Depression,Depression
RED_039653,Happy,Happy,Happy
RED_039654,Happy,Happy,Happy
RED_039680,Depression,Depression,Depression
RED_039705,Neutral,Neutral,Neutral
RED_039711,Happy,Happy,Happy
RED_039746,Neutral,Neutral,Neutral
RED_039747,Depression,Depression,Depression
RED_039793,Depression,Depression,Depression
RED_039807,Happy,Happy,Happy
RED_039808,Depression,Depression,Depression
RED_039809,Neutral,Neutral,Neutral
RED_039815,Depression,Depression,Depression
RED_039835,Depression,Depression,Depression
RED_039860,Neutral,Neutral,Neutral
RED_039862,Depression,Depression,Depression
RED_039863,Neutral,Neutral,Neutral
RED_039865,Neutral,Neutral,Neutral
RED_039907,Happy,Happy,Happy
RED_039920,Depression,Depression,Depression
RED_039930,Neutral,Neutral,Neutral
RED_039937,Depression,Depression,Depression
RED_039940,Depression,Depression,Depression
RED_039944,Happy,Happy,Happy
RED_039947,Neutral,Neutral,Neutral
RED_039960,Neutral,Neutral,Neutral
RED_039964,Happy,Happy,Happy
RED_039981,Neutral,Neutral,Neutral
RED_039984,Neutral,Neutral,Neutral
RED_039987,Neutral,Neutral,Neutral
RED_039992,Neutral,Neutral,Neutral
RED_039997,Happy,Depression,Happy
RED_040013,Neutral,Neutral,Neutral
RED_040020,Happy,Happy,Happy
RED_040021,Happy,Happy,Happy
RED_040023,Happy,Happy,Happy
RED_040030,Neutral,Neutral,Neutral
RED_040032,Depression,Depression,Depression
RED_040034,Happy,Happy,Happy
RED_040055,Neutral,Neutral,Neutral
RED_040065,Neutral,Neutral,Neutral
RED_040078,Happy,Happy,Happy
RED_040094,Happy,Happy,Happy
RED_040110,Neutral,Neutral,Neutral
RED_040116,Depression,Depression,Depression
RED_040117,Depression,Depression,Depression
RED_040133,Neutral,Neutral,Neutral
RED_040134,Neutral,Neutral,Neutral
RED_040143,Neutral,Neutral,Neutral
RED_040152,Neutral,Neutral,Neutral
RED_040153,Depression,Depression,Depression
RED_040158,Depression,Depression,Depression
RED_040161,Happy,Happy,Happy
RED_040193,Depression,Depression,Depression
RED_040204,Neutral,Neutral,Neutral
RED_040211,Depression,Depression,Depression
RED_040233,Depression,Depression,Depression
RED_040245,Neutral,Neutral,Neutral
RED_040246,Depression,Depression,Depression
RED_040248,Happy,Happy,Happy
RED_040264,Depression,Depression,Depression
RED_040273,Neutral,Neutral,Neutral
RED_040300,Neutral,Neutral,Neutral
RED_040301,Depression,Depression,Depression
RED_040320,Happy,Happy,Happy
RED_040333,Neutral,Neutral,Neutral
RED_040354,Depression,Depression,Depression
RED_040383,Depression,Depression,Depression
RED_040399,Neutral,Neutral,Neutral
RED_040404,Neutral,Neutral,Neutral
RED_040426,Neutral,Neutral,Neutral
RED_040431,Happy,Happy,Happy
RED_040441,Neutral,Neutral,Neutral
RED_040452,Depression,Depression,Depression
RED_040454,Depression,Depression,Depression
RED_040461,Happy,Happy,Happy
RED_040467,Happy,Happy,Happy
RED_040469,Depression,Depression,Depression
RED_040492,Depression,Depression,Depression
RED_040515,Neutral,Neutral,Neutral
RED_040518,Depression,Depression,Depression
RED_040519,Happy,Happy,Happy
RED_040530,Happy,Happy,Happy
RED_040534,Happy,Happy,Happy
RED_040539,Neutral,Neutral,Neutral
RED_040547,Depression,Depression,Depression
RED_040556,Depression,Depression,Depression
RED_040565,Depression,Depression,Depression
RED_040570,Happy,Happy,Happy
RED_040582,Happy,Happy,Happy
RED_040587,Happy,Happy,Happy
RED_040594,Happy,Happy,Happy
RED_040618,Depression,Depression,Depression
RED_040620,Happy,Happy,Happy
RED_040625,Depression,Depression,Depression
RED_040663,Neutral,Neutral,Neutral
RED_040665,Depression,Depression,Depression
RED_040671,Depression,Depression,Depression
RED_040674,Neutral,Neutral,Neutral
RED_040679,Happy,Happy,Happy
RED_040684,Depression,Depression,Depression
RED_040685,Happy,Happy,Happy
RED_040686,Neutral,Neutral,Neutral
RED_040719,Happy,Happy,Happy
RED_040728,Happy,Depression,Depression
RED_040736,Depression,Depression,Depression
RED_040749,Neutral,Neutral,Neutral
RED_040754,Neutral,Neutral,Neutral
RED_040759,Happy,Happy,Happy
RED_040765,Depression,Depression,Depression
RED_040770,Happy,Happy,Happy
RED_040779,Happy,Happy,Happy
RED_040788,Depression,Depression,Depression
RED_040791,Neutral,Neutral,Neutral
RED_040795,Neutral,Neutral,Neutral
RED_040796,Depression,Depression,Depression
RED_040808,Neutral,Neutral,Neutral
RED_040815,Happy,Happy,Happy
RED_040836,Depression,Depression,Depression
RED_040840,Happy,Happy,Happy
RED_040874,Neutral,Neutral,Neutral
RED_040879,Neutral,Neutral,Neutral
RED_040883,Happy,Happy,Happy
RED_040886,Neutral,Neutral,Neutral
RED_040908,Depression,Depression,Depression
RED_040911,Happy,Happy,Happy
RED_040912,Depression,Depression,Depression
RED_040927,Happy,Happy,Happy
RED_040939,Happy,Happy,Happy
RED_040942,Depression,Depression,Depression
RED_040950,Depression,Depression,Depression
RED_040966,Happy,Happy,Happy
RED_040975,Neutral,Neutral,Neutral
RED_040983,Depression,Depression,Depression
RED_040989,Happy,Happy,Happy
RED_040995,Depression,Neutral,Neutral
RED_041029,Depression,Happy,Happy
RED_041050,Happy,Happy,Happy
RED_041069,Depression,Depression,Depression
RED_041074,Neutral,Neutral,Neutral
RED_041076,Depression,Depression,Depression
RED_041080,Happy,Happy,Happy
RED_041089,Happy,Happy,Happy
RED_041104,Neutral,Neutral,Neutral
RED_041105,Neutral,Neutral,Neutral
RED_041113,Happy,Happy,Happy
RED_041116,Neutral,Neutral,Neutral
RED_041117,Neutral,Neutral,Neutral
RED_041131,Happy,Happy,Happy
RED_041157,Happy,Happy,Happy
RED_041165,Neutral,Neutral,Neutral
RED_041168,Depression,Depression,Depression
RED_041174,Neutral,Neutral,Neutral
RED_041189,Neutral,Neutral,Neutral
RED_041194,Neutral,Neutral,Neutral
RED_041207,Depression,Depression,Depression
RED_041238,Depression,Depression,Depression
RED_041259,Depression,Depression,Depression
RED_041283,Depression,Depression,Depression
RED_041353,Depression,Depression,Depression
RED_041363,Happy,Happy,Happy
RED_041368,Neutral,Neutral,Neutral
RED_041375,Neutral,Neutral,Neutral
RED_041389,Neutral,Neutral,Neutral
RED_041399,Neutral,Neutral,Neutral
RED_041413,Depression,Depression,Depression
RED_041434,Neutral,Neutral,Neutral
RED_041436,Neutral,Neutral,Neutral
RED_041445,Neutral,Neutral,Neutral
RED_041449,Happy,Happy,Happy
RED_041463,Neutral,Neutral,Neutral
RED_041483,Happy,Depression,Depression
RED_041486,Depression,Depression,Depression
RED_041519,Happy,Happy,Happy
RED_041522,Happy,Happy,Happy
RED_041526,Happy,Happy,Happy
RED_041528,Depression,Depression,Depression
RED_041541,Neutral,Neutral,Neutral
RED_041555,Neutral,Neutral,Neutral
RED_041564,Neutral,Neutral,Neutral
RED_041572,Depression,Depression,Depression
RED_041605,Depression,Depression,Depression
RED_041606,Happy,Happy,Happy
RED_041612,Happy,Happy,Happy
RED_041620,Happy,Happy,Happy
RED_041643,Happy,Happy,Happy
RED_041661,Happy,Happy,Happy
RED_041665,Depression,Depression,Depression
RED_041673,Happy,Happy,Happy
RED_041680,Happy,Happy,Happy
RED_041688,Neutral,Neutral,Neutral
RED_041695,Happy,Happy,Happy
RED_041699,Neutral,Neutral,Neutral
RED_041709,Neutral,Neutral,Neutral
RED_041714,Happy,Happy,Happy
RED_041733,Depression,Depression,Neutral
RED_041736,Depression,Depression,Depression
RED_041741,Depression,Happy,Happy
RED_041749,Depression,Depression,Depression
RED_041754,Happy,Happy,Happy
RED_041755,Happy,Happy,Happy
RED_041764,Neutral,Neutral,Neutral
RED_041783,Neutral,Neutral,Neutral
RED_041805,Depression,Depression,Depression
RED_041811,Neutral,Neutral,Neutral
RED_041818,Happy,Happy,Happy
RED_041821,Depression,Depression,Depression
RED_041830,Depression,Depression,Depression
RED_041832,Happy,Happy,Happy
RED_041834,Happy,Happy,Happy
RED_041849,Neutral,Neutral,Neutral
RED_041850,Happy,Happy,Happy
RED_041851,Happy,Happy,Happy
RED_041886,Happy,Happy,Happy
RED_041904,Neutral,Neutral,Neutral
RED_041923,Depression,Depression,Depression
RED_041924,Happy,Happy,Happy
RED_041939,Depression,Depression,Depression
RED_041960,Depression,Depression,Depression
RED_041963,Neutral,Neutral,Neutral
RED_041986,Depression,Depression,Depression
RED_041992,Neutral,Neutral,Neutral
RED_041998,Neutral,Neutral,Neutral
RED_042000,Neutral,Neutral,Neutral
RED_042025,Neutral,Neutral,Neutral
RED_042049,Neutral,Neutral,Neutral
RED_042065,Happy,Happy,Happy
RED_042071,Happy,Happy,Happy
RED_042083,Depression,Depression,Depression
RED_042085,Depression,Depression,Depression
RED_042107,Happy,Happy,Happy
RED_042111,Neutral,Neutral,Neutral
RED_042125,Happy,Happy,Happy
RED_042126,Depression,Depression,Depression
RED_042134,Depression,Depression,Depression
RED_042135,Depression,Depression,Depression
RED_042144,Neutral,Neutral,Neutral
RED_042154,Happy,Happy,Happy
RED_042174,Neutral,Neutral,Neutral
RED_042178,Neutral,Neutral,Neutral
RED_042180,Happy,Happy,Happy
RED_042182,Happy,Happy,Happy
RED_042192,Depression,Depression,Depression
RED_042205,Depression,Depression,Depression
RED_042225,Neutral,Neutral,Neutral
RED_042233,Depression,Depression,Depression
RED_042250,Neutral,Neutral,Neutral
RED_042256,Neutral,Neutral,Neutral
RED_042284,Neutral,Neutral,Neutral
RED_042285,Depression,Depression,Depression
RED_042303,Happy,Happy,Happy
RED_042311,Neutral,Neutral,Neutral
RED_042313,Depression,Depression,Depression
RED_042316,Neutral,Neutral,Neutral
RED_042327,Neutral,Neutral,Neutral
RED_042329,Neutral,Neutral,Neutral
RED_042351,Neutral,Neutral,Neutral
RED_042356,Happy,Happy,Happy
RED_042360,Neutral,Neutral,Neutral
RED_042367,Happy,Happy,Happy
RED_042377,Depression,Depression,Depression
RED_042388,Happy,Happy,Happy
RED_042390,Happy,Happy,Happy
RED_042393,Depression,Depression,Depression
RED_042400,Happy,Happy,Happy
RED_042418,Neutral,Neutral,Neutral
RED_042424,Depression,Depression,Depression
RED_042428,Depression,Happy,Happy
RED_042431,Depression,Depression,Depression
RED_042450,Happy,Happy,Happy
RED_042452,Happy,Happy,Happy
RED_042465,Depression,Depression,Depression
RED_042487,Depression,Depression,Depression
RED_042489,Neutral,Neutral,Neutral
RED_042493,Neutral,Neutral,Neutral
RED_042504,Neutral,Neutral,Neutral
RED_042509,Happy,Happy,Happy
RED_042522,Neutral,Neutral,Neutral
RED_042523,Happy,Happy,Happy
RED_042533,Depression,Depression,Depression
RED_042540,Happy,Depression,Depression
RED_042582,Neutral,Neutral,Neutral
RED_042586,Happy,Happy,Happy
RED_042594,Happy,Depression,Depression
RED_042595,Happy,Neutral,Neutral
RED_042597,Depression,Depression,Depression
RED_042598,Neutral,Neutral,Neutral
RED_042613,Happy,Happy,Happy
RED_042625,Depression,Depression,Depression
RED_042629,Depression,Depression,Depression
RED_042639,Depression,Depression,Depression
RED_042641,Happy,Happy,Happy
RED_042651,Neutral,Neutral,Neutral
RED_042679,Depression,Depression,Depression
RED_042686,Happy,Happy,Happy
RED_042693,Happy,Happy,Happy
RED_042695,Depression,Depression,Depression
RED_042703,Neutral,Neutral,Neutral
RED_042709,Neutral,Neutral,Neutral
RED_042729,Happy,Happy,Happy
RED_042754,Neutral,Neutral,Neutral
RED_042758,Neutral,Neutral,Neutral
RED_042773,Happy,Depression,Depression
RED_042778,Happy,Happy,Happy
RED_042780,Happy,Depression,Depression
RED_042790,Neutral,Neutral,Neutral
RED_042791,Depression,Depression,Depression
RED_042822,Happy,Happy,Happy
RED_042826,Neutral,Neutral,Neutral
RED_042831,Happy,Happy,Happy
RED_042842,Depression,Depression,Depression
RED_042843,Neutral,Neutral,Neutral
RED_042854,Neutral,Neutral,Neutral
RED_042892,Happy,Happy,Happy
RED_042897,Happy,Happy,Happy
RED_042902,Happy,Happy,Happy
RED_042909,Depression,Depression,Depression
RED_042910,Depression,Depression,Depression
RED_042913,Depression,Depression,Depression
RED_042930,Depression,Depression,Depression
RED_042933,Happy,Happy,Happy
RED_042950,Neutral,Neutral,Neutral
RED_042975,Happy,Happy,Happy
RED_042980,Happy,Happy,Happy
RED_042992,Happy,Happy,Happy
RED_043015,Happy,Happy,Happy
RED_043076,Happy,Happy,Happy
RED_043103,Depression,Depression,Depression
RED_043115,Neutral,Neutral,Neutral
RED_043125,Neutral,Neutral,Neutral
RED_043130,Happy,Happy,Happy
RED_043138,Happy,Happy,Happy
RED_043143,Depression,Happy,Happy
RED_043155,Neutral,Neutral,Neutral
RED_043159,Happy,Happy,Happy
RED_043162,Depression,Depression,Depression
RED_043166,Depression,Depression,Depression
RED_043167,Neutral,Neutral,Neutral
RED_043179,Depression,Depression,Depression
RED_043187,Depression,Depression,Depression
RED_043188,Depression,Depression,Depression
RED_043190,Happy,Happy,Happy
RED_043192,Neutral,Neutral,Neutral
RED_043198,Happy,Happy,Happy
RED_043204,Depression,Depression,Depression
RED_043213,Depression,Depression,Depression
RED_043257,Happy,Happy,Happy
RED_043266,Neutral,Neutral,Neutral
RED_043269,Neutral,Neutral,Neutral
RED_043273,Happy,Happy,Happy
RED_043293,Neutral,Neutral,Neutral
RED_043307,Neutral,Neutral,Neutral
RED_043317,Happy,Neutral,Neutral
RED_043328,Neutral,Neutral,Neutral
RED_043332,Depression,Depression,Depression
RED_043351,Neutral,Neutral,Neutral
RED_043382,Neutral,Neutral,Neutral
RED_043396,Happy,Happy,Happy
RED_043399,Neutral,Neutral,Neutral
RED_043400,Neutral,Neutral,Neutral
RED_043441,Depression,Depression,Depression
RED_043455,Neutral,Neutral,Neutral
RED_043473,Depression,Depression,Depression
RED_043477,Depression,Depression,Depression
RED_043485,Happy,Happy,Happy
RED_043486,Happy,Happy,Happy
RED_043491,Neutral,Neutral,Neutral
RED_043493,Depression,Depression,Depression
RED_043528,Depression,Depression,Depression
RED_043535,Neutral,Neutral,Neutral
RED_043565,Neutral,Neutral,Depression
RED_043612,Happy,Happy,Happy
RED_043625,Happy,Happy,Happy
RED_043651,Depression,Depression,Depression
RED_043663,Happy,Happy,Happy
RED_043665,Depression,Happy,Happy
RED_043672,Happy,Happy,Happy
RED_043678,Depression,Depression,Depression
RED_043681,Happy,Happy,Happy
RED_043685,Neutral,Neutral,Neutral
RED_043689,Happy,Happy,Happy
RED_043698,Neutral,Neutral,Neutral
RED_043701,Neutral,Neutral,Neutral
RED_043712,Happy,Happy,Happy
RED_043715,Neutral,Neutral,Neutral
RED_043741,Depression,Depression,Depression
RED_043746,Depression,Happy,Depression
RED_043758,Happy,Happy,Happy
RED_043760,Happy,Happy,Happy
RED_043761,Depression,Depression,Depression
RED_043763,Depression,Depression,Depression
RED_043770,Happy,Happy,Happy
RED_043774,Depression,Depression,Depression
RED_043783,Neutral,Neutral,Neutral
RED_043804,Neutral,Neutral,Neutral
RED_043809,Neutral,Neutral,Neutral
RED_043823,Neutral,Neutral,Neutral
RED_043830,Neutral,Neutral,Neutral
RED_043845,Happy,Happy,Happy
RED_043849,Neutral,Neutral,Neutral
RED_043856,Depression,Depression,Depression
RED_043861,Happy,Happy,Happy
RED_043866,Depression,Depression,Depression
RED_043868,Happy,Happy,Happy
RED_043900,Happy,Happy,Happy
RED_043903,Happy,Happy,Happy
RED_043922,Neutral,Neutral,Neutral
RED_043932,Happy,Happy,Happy
RED_043981,Happy,Happy,Happy
RED_043993,Neutral,Neutral,Neutral
RED_044022,Neutral,Neutral,Neutral
RED_044050,Depression,Depression,Depression
RED_044053,Depression,Depression,Depression
RED_044054,Happy,Happy,Happy
RED_044059,Neutral,Neutral,Neutral
RED_044065,Neutral,Neutral,Neutral
RED_044075,Happy,Happy,Happy
RED_044081,Neutral,Neutral,Neutral
RED_044082,Depression,Depression,Depression
RED_044085,Happy,Happy,Happy
RED_044086,Happy,Depression,Neutral
RED_044129,Depression,Depression,Depression
RED_044161,Neutral,Neutral,Neutral
RED_044163,Happy,Happy,Happy
RED_044174,Neutral,Neutral,Neutral
RED_044175,Happy,Happy,Happy
RED_044181,Neutral,Neutral,Neutral
RED_044190,Happy,Happy,Happy
RED_044209,Happy,Happy,Happy
RED_044217,Depression,Depression,Depression
RED_044247,Neutral,Neutral,Neutral
RED_044254,Depression,Depression,Depression
RED_044260,Neutral,Neutral,Neutral
RED_044297,Happy,Happy,Happy
RED_044301,Depression,Depression,Depression
RED_044310,Neutral,Neutral,Neutral
RED_044311,Neutral,Neutral,Neutral
RED_044320,Neutral,Neutral,Neutral
RED_044347,Happy,Happy,Happy
RED_044353,Happy,Happy,Happy
RED_044375,Happy,Happy,Happy
RED_044392,Neutral,Neutral,Neutral
RED_044399,Neutral,Neutral,Neutral
RED_044401,Neutral,Neutral,Neutral
RED_044440,Neutral,Neutral,Neutral
RED_044446,Happy,Happy,Happy
RED_044453,Happy,Happy,Happy
RED_044454,Happy,Happy,Happy
RED_044468,Happy,Happy,Happy
RED_044471,Neutral,Neutral,Neutral
RED_044472,Neutral,Neutral,Neutral
RED_044489,Neutral,Neutral,Neutral
RED_044490,Neutral,Neutral,Neutral
RED_044529,Happy,Happy,Happy
RED_044546,Neutral,Neutral,Neutral
RED_044558,Neutral,Neutral,Neutral
RED_044565,Depression,Depression,Depression
RED_044570,Depression,Depression,Depression
RED_044579,Depression,Depression,Depression
RED_044595,Neutral,Neutral,Neutral
RED_044622,Depression,Depression,Depression
RED_044624,Neutral,Neutral,Neutral
RED_044626,Happy,Happy,Happy
RED_044633,Happy,Happy,Happy
RED_044635,Depression,Depression,Depression
RED_044641,Happy,Happy,Happy
RED_044653,Happy,Happy,Happy
RED_044658,Depression,Depression,Depression
RED_044681,Depression,Depression,Depression
RED_044685,Happy,Happy,Happy
RED_044688,Happy,Happy,Happy
RED_044692,Happy,Happy,Happy
RED_044697,Neutral,Neutral,Neutral
RED_044700,Happy,Happy,Happy
RED_044702,Neutral,Neutral,Neutral
RED_044705,Neutral,Neutral,Neutral
RED_044708,Happy,Happy,Happy
RED_044712,Happy,Neutral,Neutral
RED_044733,Happy,Happy,Happy
RED_044745,Neutral,Neutral,Neutral
RED_044749,Neutral,Neutral,Neutral
RED_044779,Neutral,Neutral,Neutral
RED_044785,Neutral,Neutral,Neutral
RED_044790,Neutral,Neutral,Neutral
RED_044792,Depression,Depression,Depression
RED_044794,Happy,Happy,Happy
RED_044797,Depression,Depression,Depression
RED_044805,Happy,Happy,Happy
RED_044815,Depression,Depression,Depression
RED_044824,Neutral,Neutral,Neutral
RED_044854,Depression,Depression,Depression
RED_044861,Neutral,Neutral,Neutral
RED_044893,Neutral,Neutral,Neutral
RED_044899,Depression,Depression,Depression
RED_044909,Happy,Happy,Happy
RED_044927,Neutral,Neutral,Neutral
RED_044932,Neutral,Neutral,Neutral
RED_044942,Neutral,Neutral,Neutral
RED_044946,Depression,Depression,Depression
RED_044970,Neutral,Neutral,Neutral
RED_044974,Happy,Happy,Happy
RED_044992,Depression,Depression,Depression
RED_045009,Happy,Happy,Happy
RED_045012,Neutral,Neutral,Neutral
RED_045016,Happy,Happy,Happy
RED_045020,Happy,Happy,Happy
RED_045022,Happy,Happy,Happy
RED_045041,Neutral,Neutral,Neutral
RED_045061,Depression,Depression,Depression
RED_045091,Neutral,Neutral,Neutral
RED_045148,Neutral,Neutral,Neutral
RED_045154,Depression,Depression,Depression
RED_045160,Happy,Happy,Happy
RED_045163,Happy,Happy,Happy
RED_045184,Depression,Depression,Depression
RED_045194,Neutral,Neutral,Neutral
RED_045197,Depression,Depression,Depression
RED_045198,Depression,Happy,Happy
RED_045206,Neutral,Neutral,Neutral
RED_045207,Happy,Happy,Happy
RED_045210,Depression,Depression,Depression
RED_045220,Happy,Happy,Happy
RED_045230,Depression,Happy,Depression
RED_045236,Neutral,Neutral,Neutral
RED_045241,Neutral,Neutral,Neutral
RED_045249,Happy,Happy,Happy
RED_045254,Depression,Happy,Happy
RED_045260,Happy,Happy,Happy
RED_045282,Neutral,Neutral,Neutral
RED_045304,Neutral,Neutral,Neutral
RED_045309,Happy,Happy,Happy
RED_045316,Depression,Depression,Depression
RED_045322,Neutral,Neutral,Neutral
RED_045328,Depression,Depression,Depression
RED_045331,Happy,Happy,Happy
RED_045355,Depression,Depression,Depression
RED_045356,Neutral,Neutral,Neutral
RED_045366,Depression,Depression,Depression
RED_045406,Happy,Happy,Happy
RED_045417,Happy,Happy,Happy
RED_045427,Depression,Depression,Depression
RED_045429,Neutral,Neutral,Neutral
RED_045432,Neutral,Neutral,Neutral
RED_045437,Neutral,Neutral,Neutral
RED_045450,Depression,Depression,Depression
RED_045457,Happy,Happy,Happy
RED_045473,Happy,Happy,Happy
RED_045491,Happy,Happy,Happy
RED_045495,Neutral,Neutral,Neutral
RED_045508,Happy,Happy,Happy
RED_045513,Happy,Happy,Happy
RED_045553,Depression,Depression,Depression
RED_045558,Depression,Happy,Happy
RED_045561,Neutral,Neutral,Neutral
RED_045564,Happy,Happy,Happy
RED_045565,Depression,Depression,Depression
RED_045566,Happy,Happy,Happy
RED_045573,Happy,Happy,Happy
RED_045597,Happy,Happy,Happy
RED_045601,Happy,Happy,Happy
RED_045607,Happy,Happy,Happy
RED_045608,Depression,Depression,Depression
RED_045661,Happy,Happy,Happy
RED_045662,Depression,Depression,Depression
RED_045665,Neutral,Neutral,Neutral
RED_045690,Depression,Depression,Depression
RED_045694,Neutral,Neutral,Neutral
RED_045701,Neutral,Neutral,Neutral
RED_045709,Neutral,Neutral,Neutral
RED_045711,Depression,Depression,Depression
RED_045726,Happy,Happy,Happy
RED_045728,Depression,Depression,Depression
RED_045740,Happy,Happy,Happy
RED_045744,Neutral,Neutral,Neutral
RED_045754,Neutral,Happy,Happy
RED_045757,Happy,Happy,Happy
RED_045763,Depression,Depression,Depression
RED_045764,Depression,Depression,Depression
RED_045771,Happy,Happy,Happy
RED_045772,Happy,Happy,Happy
RED_045777,Happy,Happy,Happy
RED_045780,Depression,Depression,Depression
RED_045781,Depression,Depression,Depression
RED_045791,Depression,Depression,Depression
RED_045843,Happy,Happy,Happy
RED_045847,Depression,Depression,Depression
RED_045850,Neutral,Neutral,Neutral
RED_045851,Neutral,Neutral,Neutral
RED_045858,Depression,Depression,Depression
RED_045881,Depression,Happy,Depression
RED_045907,Depression,Depression,Depression
RED_045912,Happy,Happy,Happy
RED_045918,Depression,Depression,Depression
RED_045933,Neutral,Neutral,Neutral
RED_045939,Depression,Depression,Depression
RED_045962,Happy,Happy,Happy
RED_045982,Happy,Happy,Happy
RED_045985,Neutral,Neutral,Neutral
RED_045986,Depression,Depression,Depression
RED_046014,Depression,Depression,Depression
RED_046024,Depression,Depression,Depression
RED_046027,Neutral,Neutral,Neutral
RED_046042,Depression,Depression,Depression
RED_046062,Happy,Happy,Happy
RED_046067,Depression,Depression,Depression
RED_046071,Neutral,Neutral,Neutral
RED_046081,Depression,Depression,Depression
RED_046083,Neutral,Neutral,Neutral
RED_046084,Neutral,Neutral,Neutral
RED_046100,Depression,Depression,Depression
RED_046103,Happy,Happy,Happy
RED_046108,Neutral,Neutral,Neutral
RED_046109,Depression,Depression,Depression
RED_046125,Depression,Depression,Depression
RED_046130,Depression,Depression,Depression
RED_046131,Neutral,Neutral,Neutral
RED_046137,Happy,Happy,Happy
RED_046148,Neutral,Neutral,Neutral
RED_046156,Happy,Happy,Happy
RED_046166,Happy,Happy,Happy
RED_046171,Depression,Depression,Depression
RED_046175,Neutral,Neutral,Neutral
RED_046177,Depression,Depression,Depression
RED_046179,Depression,Depression,Depression
RED_046181,Depression,Depression,Depression
RED_046190,Happy,Happy,Happy
RED_046195,Depression,Depression,Depression
RED_046203,Happy,Happy,Happy
RED_046217,Happy,Happy,Happy
RED_046230,Neutral,Neutral,Neutral
RED_046241,Depression,Depression,Depression
RED_046285,Happy,Happy,Happy
RED_046292,Happy,Happy,Happy
RED_046301,Depression,Depression,Depression
RED_046311,Depression,Depression,Depression
RED_046314,Neutral,Neutral,Neutral
RED_046320,Neutral,Neutral,Neutral
RED_046335,Neutral,Neutral,Neutral
RED_046343,Happy,Happy,Happy
RED_046346,Neutral,Neutral,Neutral
RED_046362,Depression,Depression,Depression
RED_046372,Neutral,Neutral,Neutral
RED_046380,Depression,Depression,Depression
RED_046383,Neutral,Neutral,Neutral
RED_046392,Happy,Happy,Happy
RED_046423,Depression,Depression,Depression
RED_046442,Happy,Happy,Happy
RED_046470,Happy,Happy,Happy
RED_046491,Neutral,Happy,Happy
RED_046524,Depression,Depression,Depression
RED_046540,Neutral,Neutral,Neutral
RED_046551,Happy,Happy,Happy
RED_046552,Depression,Depression,Depression
RED_046570,Happy,Happy,Happy
RED_046593,Depression,Depression,Depression
RED_046600,Neutral,Neutral,Neutral
RED_046624,Happy,Happy,Happy
RED_046625,Depression,Depression,Depression
RED_046626,Depression,Depression,Depression
RED_046630,Happy,Happy,Happy
RED_046639,Happy,Happy,Happy
RED_046647,Happy,Happy,Happy
RED_046648,Depression,Depression,Depression
RED_046649,Depression,Depression,Depression
RED_046650,Depression,Depression,Depression
RED_046668,Depression,Depression,Depression
RED_046687,Neutral,Neutral,Neutral
RED_046702,Neutral,Neutral,Neutral
RED_046735,Neutral,Neutral,Neutral
RED_046752,Happy,Happy,Happy
RED_046758,Happy,Happy,Happy
RED_046769,Depression,Depression,Depression
RED_046778,Happy,Depression,Depression
RED_046784,Neutral,Neutral,Neutral
RED_046812,Depression,Depression,Depression
RED_046829,Depression,Depression,Depression
RED_046837,Neutral,Neutral,Neutral
RED_046838,Happy,Happy,Happy
RED_046843,Happy,Happy,Happy
RED_046845,Depression,Depression,Depression
RED_046848,Happy,Happy,Happy
RED_046852,Happy,Happy,Happy
RED_046853,Neutral,Neutral,Neutral
RED_046855,Happy,Happy,Happy
RED_046860,Depression,Depression,Depression
RED_046868,Happy,Happy,Happy
RED_046876,Neutral,Neutral,Neutral
RED_046881,Happy,Happy,Happy
RED_046886,Happy,Happy,Happy
RED_046887,Happy,Happy,Happy
RED_046937,Depression,Depression,Depression
RED_046941,Neutral,Neutral,Neutral
RED_046964,Happy,Happy,Happy
RED_046970,Happy,Neutral,Neutral
RED_046972,Happy,Happy,Happy
RED_046989,Depression,Depression,Depression
RED_046999,Depression,Depression,Depression
RED_047005,Happy,Happy,Happy
RED_047021,Happy,Happy,Happy
RED_047027,Happy,Happy,Happy
RED_047039,Neutral,Neutral,Neutral
RED_047064,Neutral,Neutral,Neutral
RED_047073,Happy,Happy,Happy
RED_047077,Neutral,Neutral,Neutral
RED_047105,Happy,Happy,Happy
RED_047127,Happy,Happy,Happy
RED_047138,Happy,Happy,Happy
RED_047151,Neutral,Neutral,Neutral
RED_047161,Happy,Happy,Happy
RED_047167,Depression,Depression,Depression
RED_047168,Depression,Depression,Depression
RED_047173,Neutral,Neutral,Neutral
RED_047185,Happy,Happy,Happy
RED_047186,Depression,Depression,Depression
RED_047191,Depression,Depression,Depression
RED_047208,Neutral,Neutral,Neutral
RED_047209,Depression,Depression,Depression
RED_047213,Neutral,Neutral,Neutral
RED_047217,Neutral,Neutral,Neutral
RED_047275,Neutral,Neutral,Neutral
RED_047289,Neutral,Neutral,Neutral
RED_047332,Neutral,Neutral,Neutral
RED_047351,Depression,Depression,Depression
RED_047357,Neutral,Neutral,Neutral
RED_047365,Neutral,Neutral,Neutral
RED_047368,Neutral,Neutral,Neutral
RED_047376,Happy,Happy,Happy
RED_047396,Depression,Depression,Depression
RED_047405,Neutral,Neutral,Neutral
RED_047407,Happy,Happy,Happy
RED_047412,Happy,Happy,Happy
RED_047416,Happy,Happy,Happy
RED_047437,Neutral,Neutral,Neutral
RED_047439,Neutral,Neutral,Neutral
RED_047447,Happy,Happy,Happy
RED_047449,Neutral,Neutral,Neutral
RED_047450,Depression,Depression,Depression
RED_047455,Depression,Depression,Depression
RED_047469,Happy,Happy,Happy
RED_047470,Neutral,Neutral,Neutral
RED_047500,Happy,Happy,Happy
RED_047506,Neutral,Neutral,Neutral
RED_047511,Happy,Happy,Happy
RED_047516,Neutral,Neutral,Neutral
RED_047544,Neutral,Neutral,Neutral
RED_047556,Depression,Depression,Depression
RED_047562,Neutral,Neutral,Neutral
RED_047565,Depression,Depression,Depression
RED_047571,Happy,Happy,Happy
RED_047584,Neutral,Neutral,Neutral
RED_047597,Happy,Happy,Happy
RED_047602,Happy,Happy,Happy
RED_047603,Neutral,Neutral,Neutral
RED_047615,Neutral,Neutral,Neutral
RED_047622,Neutral,Neutral,Neutral
RED_047631,Depression,Depression,Depression
RED_047647,Happy,Happy,Happy
RED_047653,Happy,Happy,Happy
RED_047664,Depression,Depression,Depression
RED_047675,Happy,Happy,Happy
RED_047679,Depression,Depression,Depression
RED_047688,Depression,Depression,Depression
RED_047700,Depression,Happy,Happy
RED_047702,Happy,Happy,Happy
RED_047705,Depression,Depression,Depression
RED_047714,Depression,Depression,Depression
RED_047732,Depression,Depression,Depression
RED_047734,Neutral,Neutral,Neutral
RED_047741,Happy,Happy,Happy
RED_047754,Neutral,Neutral,Neutral
RED_047755,Happy,Happy,Happy
RED_047767,Neutral,Neutral,Neutral
RED_047768,Happy,Happy,Happy
RED_047773,Neutral,Neutral,Neutral
RED_047774,Happy,Depression,Depression
RED_047790,Depression,Depression,Depression
RED_047791,Depression,Depression,Depression
RED_047808,Neutral,Neutral,Neutral
RED_047818,Neutral,Neutral,Neutral
RED_047825,Happy,Happy,Happy
RED_047828,Happy,Happy,Happy
RED_047832,Happy,Happy,Happy
RED_047836,Happy,Happy,Happy
RED_047848,Depression,Depression,Depression
RED_047853,Happy,Happy,Happy
RED_047857,Depression,Depression,Depression
RED_047893,Happy,Happy,Happy
RED_047925,Neutral,Neutral,Neutral
RED_047944,Happy,Happy,Happy
RED_047964,Neutral,Neutral,Neutral
RED_047972,Neutral,Neutral,Neutral
RED_047977,Depression,Depression,Depression
RED_047978,Depression,Depression,Depression
RED_047980,Neutral,Neutral,Neutral
RED_047983,Happy,Happy,Happy
RED_047990,Happy,Happy,Happy
RED_047991,Depression,Depression,Depression
RED_048006,Neutral,Neutral,Neutral
RED_048034,Depression,Depression,Depression
RED_048057,Depression,Depression,Depression
RED_048063,Neutral,Neutral,Neutral
RED_048068,Depression,Depression,Depression
RED_048078,Depression,Depression,Depression
RED_048098,Depression,Happy,Happy
RED_048105,Neutral,Neutral,Neutral
RED_048112,Depression,Depression,Depression
RED_048118,Depression,Depression,Depression
RED_048119,Depression,Depression,Depression
RED_048139,Neutral,Neutral,Neutral
RED_048149,Depression,Depression,Depression
RED_048152,Neutral,Neutral,Neutral
RED_048159,Neutral,Neutral,Neutral
RED_048166,Depression,Depression,Depression
RED_048172,Neutral,Neutral,Neutral
RED_048175,Happy,Depression,Depression
RED_048177,Happy,Happy,Happy
RED_048184,Neutral,Neutral,Neutral
RED_048190,Happy,Happy,Happy
RED_048229,Happy,Happy,Happy
RED_048234,Neutral,Neutral,Neutral
RED_048235,Happy,Happy,Happy
RED_048237,Happy,Happy,Happy
RED_048251,Happy,Happy,Happy
RED_048254,Neutral,Neutral,Neutral
RED_048265,Depression,Depression,Depression
RED_048275,Depression,Depression,Depression
RED_048284,Neutral,Neutral,Neutral
RED_048285,Neutral,Neutral,Neutral
RED_048305,Neutral,Neutral,Neutral
RED_048307,Happy,Depression,Depression
RED_048331,Happy,Happy,Happy
RED_048336,Depression,Depression,Depression
RED_048376,Happy,Happy,Happy
RED_048384,Neutral,Neutral,Neutral
RED_048387,Neutral,Neutral,Neutral
RED_048393,Neutral,Neutral,Neutral
RED_048398,Neutral,Neutral,Neutral
RED_048412,Happy,Happy,Happy
RED_048416,Neutral,Neutral,Neutral
RED_048419,Neutral,Neutral,Neutral
RED_048433,Happy,Happy,Happy
RED_048445,Neutral,Neutral,Neutral
RED_048462,Happy,Happy,Happy
RED_048464,Happy,Happy,Happy
RED_048466,Neutral,Neutral,Neutral
RED_048474,Happy,Happy,Happy
RED_048505,Happy,Happy,Happy
RED_048507,Happy,Happy,Happy
RED_048511,Neutral,Neutral,Neutral
RED_048514,Depression,Depression,Depression
RED_048537,Depression,Depression,Depression
RED_048540,Neutral,Neutral,Neutral
RED_048562,Neutral,Neutral,Neutral
RED_048563,Depression,Depression,Depression
RED_048572,Happy,Happy,Happy
RED_048574,Happy,Happy,Happy
RED_048577,Happy,Happy,Happy
RED_048584,Neutral,Neutral,Neutral
RED_048592,Depression,Depression,Depression
RED_048594,Neutral,Neutral,Neutral
RED_048606,Neutral,Neutral,Neutral
RED_048608,Happy,Happy,Happy
RED_048625,Happy,Happy,Happy
RED_048632,Depression,Depression,Depression
RED_048635,Depression,Depression,Depression
RED_048638,Happy,Happy,Happy
RED_048644,Depression,Depression,Depression
RED_048649,Depression,Depression,Depression
RED_048676,Neutral,Neutral,Neutral
RED_048684,Happy,Happy,Happy
RED_048687,Happy,Happy,Happy
RED_048688,Happy,Happy,Happy
RED_048694,Depression,Depression,Depression
RED_048696,Depression,Depression,Depression
RED_048716,Happy,Happy,Happy
RED_048719,Neutral,Neutral,Neutral
RED_048734,Happy,Happy,Happy
RED_048757,Depression,Depression,Depression
RED_048767,Depression,Depression,Depression
RED_048769,Neutral,Neutral,Neutral
RED_048775,Depression,Depression,Depression
RED_048782,Happy,Happy,Happy
RED_048789,Neutral,Neutral,Neutral
RED_048828,Happy,Happy,Happy
RED_048852,Neutral,Neutral,Neutral
RED_048877,Happy,Happy,Happy
RED_048884,Happy,Happy,Happy
RED_048892,Neutral,Neutral,Neutral
RED_048897,Neutral,Neutral,Neutral
RED_048902,Depression,Depression,Depression
RED_048908,Happy,Happy,Happy
RED_048909,Depression,Depression,Depression
RED_048916,Neutral,Neutral,Neutral
RED_048924,Depression,Depression,Depression
RED_048927,Happy,Happy,Happy
RED_048943,Depression,Depression,Depression
RED_048945,Neutral,Neutral,Neutral
RED_048970,Happy,Happy,Happy
RED_048977,Depression,Depression,Depression
RED_049001,Neutral,Neutral,Neutral
RED_049003,Happy,Happy,Happy
RED_049022,Happy,Happy,Happy
RED_049036,Happy,Happy,Happy
RED_049041,Neutral,Neutral,Neutral
RED_049043,Happy,Happy,Happy
RED_049045,Depression,Depression,Depression
RED_049081,Depression,Depression,Depression
RED_049101,Happy,Happy,Happy
RED_049106,Neutral,Neutral,Neutral
RED_049109,Happy,Happy,Happy
RED_049117,Depression,Depression,Depression
RED_049139,Depression,Depression,Depression
RED_049140,Neutral,Neutral,Neutral
RED_049178,Depression,Depression,Depression
RED_049179,Happy,Happy,Happy
RED_049192,Depression,Depression,Depression
RED_049194,Depression,Depression,Depression
RED_049195,Depression,Depression,Depression
RED_049203,Happy,Happy,Happy
RED_049207,Depression,Depression,Depression
RED_049216,Happy,Happy,Happy
RED_049221,Happy,Happy,Happy
RED_049228,Neutral,Neutral,Neutral
RED_049229,Neutral,Neutral,Neutral
RED_049243,Happy,Neutral,Neutral
RED_049249,Happy,Happy,Happy
RED_049255,Depression,Depression,Depression
RED_049256,Depression,Depression,Depression
RED_049263,Neutral,Neutral,Neutral
RED_049270,Depression,Happy,Happy
RED_049279,Happy,Happy,Happy
RED_049288,Depression,Depression,Depression
RED_049292,Depression,Depression,Depression
RED_049297,Depression,Happy,Happy
RED_049305,Neutral,Neutral,Neutral
RED_049311,Neutral,Neutral,Neutral
RED_049328,Neutral,Neutral,Neutral
RED_049340,Neutral,Neutral,Neutral
RED_049348,Depression,Depression,Depression
RED_049366,Happy,Happy,Happy
RED_049383,Happy,Happy,Happy
RED_049392,Happy,Happy,Happy
RED_049404,Depression,Depression,Depression
RED_049411,Neutral,Neutral,Neutral
RED_049413,Neutral,Neutral,Neutral
RED_049425,Depression,Depression,Depression
RED_049440,Happy,Happy,Happy
RED_049449,Depression,Depression,Depression
RED_049453,Happy,Happy,Happy
RED_049454,Neutral,Neutral,Neutral
RED_049456,Neutral,Neutral,Neutral
RED_049463,Depression,Depression,Depression
RED_049472,Happy,Happy,Happy
RED_049478,Neutral,Neutral,Neutral
RED_049480,Neutral,Neutral,Neutral
RED_049488,Happy,Happy,Happy
RED_049499,Neutral,Neutral,Neutral
RED_049501,Happy,Happy,Happy
RED_049519,Neutral,Neutral,Neutral
RED_049534,Depression,Depression,Depression
RED_049543,Happy,Happy,Happy
RED_049546,Depression,Depression,Depression
RED_049548,Happy,Happy,Happy
RED_049588,Depression,Depression,Depression
RED_049602,Happy,Happy,Happy
RED_049613,Neutral,Neutral,Neutral
RED_049632,Depression,Depression,Depression
RED_049633,Neutral,Neutral,Neutral
RED_049651,Depression,Depression,Depression
RED_049670,Happy,Happy,Happy
RED_049671,Depression,Depression,Depression
RED_049678,Happy,Happy,Happy
RED_049693,Depression,Happy,Depression
RED_049694,Happy,Happy,Happy
RED_049707,Depression,Depression,Depression
RED_049709,Neutral,Neutral,Neutral
RED_049713,Happy,Happy,Happy
RED_049719,Happy,Happy,Happy
RED_049727,Happy,Happy,Happy
RED_049733,Neutral,Neutral,Neutral
RED_049748,Neutral,Neutral,Neutral
RED_049769,Depression,Depression,Depression
RED_049793,Happy,Depression,Depression
RED_049823,Depression,Depression,Depression
RED_049833,Neutral,Neutral,Neutral
RED_049885,Neutral,Neutral,Neutral
RED_049893,Neutral,Neutral,Neutral
RED_049904,Happy,Happy,Happy
RED_049908,Depression,Depression,Depression
RED_049923,Happy,Happy,Happy
RED_049928,Neutral,Neutral,Neutral
RED_049938,Neutral,Neutral,Neutral
RED_049957,Neutral,Neutral,Neutral
RED_049964,Happy,Happy,Happy
RED_049965,Depression,Depression,Depression
RED_049966,Happy,Happy,Happy
RED_049967,Happy,Happy,Happy
RED_049991,Happy,Neutral,Neutral
RED_049993,Neutral,Neutral,Neutral
RED_049997,Happy,Happy,Happy
RED_049999,Happy,Happy,Happy
RED_050000,Happy,Happy,Happy
RED_050013,Depression,Depression,Depression
RED_050016,Happy,Happy,Happy
RED_050017,Depression,Depression,Depression
RED_050031,Happy,Happy,Happy
RED_050032,Happy,Happy,Happy
RED_050039,Depression,Depression,Depression
RED_050043,Depression,Depression,Depression
RED_050063,Happy,Happy,Happy
RED_050067,Depression,Depression,Depression
RED_050069,Happy,Happy,Happy
RED_050086,Depression,Depression,Depression
RED_050089,Neutral,Neutral,Neutral
RED_050103,Depression,Happy,Depression
RED_050121,Depression,Depression,Depression
RED_050135,Neutral,Neutral,Neutral
RED_050153,Neutral,Neutral,Neutral
RED_050155,Neutral,Neutral,Neutral
RED_050158,Happy,Happy,Happy
RED_050166,Neutral,Neutral,Neutral
RED_050180,Happy,Happy,Happy
RED_050205,Neutral,Neutral,Neutral
RED_050210,Neutral,Neutral,Neutral
RED_050225,Happy,Happy,Happy
RED_050241,Depression,Depression,Depression
RED_050274,Depression,Depression,Depression
RED_050276,Neutral,Neutral,Neutral
RED_050277,Depression,Depression,Depression
RED_050281,Happy,Happy,Happy
RED_050293,Happy,Happy,Happy
RED_050308,Happy,Happy,Happy
RED_050315,Neutral,Neutral,Neutral
RED_050316,Happy,Happy,Happy
RED_050320,Neutral,Neutral,Neutral
RED_050336,Depression,Depression,Depression
RED_050343,Happy,Happy,Happy
RED_050349,Happy,Happy,Happy
RED_050352,Depression,Depression,Depression
RED_050359,Depression,Depression,Depression
RED_050386,Depression,Depression,Depression
RED_050387,Depression,Depression,Depression
RED_050399,Happy,Happy,Happy
RED_050400,Happy,Happy,Happy
RED_050415,Neutral,Neutral,Neutral
RED_050416,Neutral,Neutral,Neutral
RED_050420,Depression,Depression,Depression
RED_050429,Happy,Happy,Happy
RED_050434,Depression,Depression,Depression
RED_050442,Neutral,Neutral,Neutral
RED_050469,Neutral,Neutral,Neutral
RED_050474,Depression,Depression,Depression
RED_050489,Happy,Happy,Happy
RED_050490,Happy,Happy,Happy
RED_050499,Happy,Happy,Happy
RED_050502,Happy,Happy,Happy
RED_050505,Neutral,Neutral,Neutral
RED_050514,Neutral,Neutral,Neutral
RED_050516,Happy,Happy,Happy
RED_050540,Neutral,Neutral,Neutral
RED_050550,Happy,Happy,Happy
RED_050558,Happy,Happy,Happy
RED_050560,Happy,Happy,Happy
RED_050568,Neutral,Neutral,Neutral
RED_050586,Neutral,Neutral,Neutral
RED_050599,Depression,Depression,Depression
RED_050608,Depression,Depression,Depression
RED_050613,Happy,Happy,Happy
RED_050635,Depression,Depression,Depression
RED_050638,Neutral,Neutral,Neutral
RED_050640,Happy,Happy,Happy
RED_050650,Neutral,Neutral,Neutral
RED_050654,Depression,Depression,Depression
RED_050660,Neutral,Neutral,Neutral
RED_050661,Happy,Happy,Happy
RED_050673,Happy,Happy,Happy
RED_050681,Depression,Depression,Depression
RED_050684,Neutral,Neutral,Neutral
RED_050700,Neutral,Neutral,Neutral
RED_050713,Happy,Happy,Happy
RED_050717,Neutral,Neutral,Neutral
RED_050718,Happy,Happy,Happy
RED_050725,Depression,Depression,Depression
RED_050727,Happy,Happy,Happy
RED_050752,Happy,Happy,Happy
RED_050759,Neutral,Neutral,Neutral
RED_050764,Happy,Happy,Happy
RED_050771,Neutral,Neutral,Neutral
RED_050780,Depression,Depression,Depression
RED_050781,Neutral,Neutral,Neutral
RED_050795,Depression,Depression,Depression
RED_050810,Depression,Depression,Depression
RED_050817,Depression,Depression,Depression
RED_050820,Neutral,Neutral,Neutral
RED_050821,Happy,Happy,Happy
RED_050843,Depression,Depression,Depression
RED_050848,Depression,Depression,Depression
RED_050851,Happy,Happy,Happy
RED_050863,Happy,Happy,Happy
RED_050864,Happy,Happy,Happy
RED_050882,Neutral,Neutral,Neutral
RED_050898,Neutral,Neutral,Neutral
RED_050901,Happy,Happy,Happy
RED_050942,Neutral,Neutral,Neutral
RED_050965,Happy,Happy,Happy
RED_050966,Depression,Depression,Depression
RED_050974,Depression,Depression,Depression
RED_050978,Neutral,Neutral,Neutral
RED_050982,Depression,Depression,Depression
RED_050998,Happy,Happy,Happy
RED_050999,Happy,Happy,Happy
RED_051005,Depression,Depression,Depression
RED_051013,Neutral,Neutral,Neutral
RED_051027,Depression,Depression,Depression
RED_051037,Depression,Depression,Depression
RED_051051,Depression,Depression,Depression
RED_051057,Depression,Depression,Depression
RED_051058,Depression,Depression,Depression
RED_051065,Happy,Happy,Happy
RED_051066,Happy,Happy,Happy
RED_051083,Happy,Happy,Happy
RED_051096,Neutral,Neutral,Neutral
RED_051100,Happy,Happy,Happy
RED_051105,Happy,Happy,Happy
RED_051118,Depression,Depression,Depression
RED_051119,Neutral,Neutral,Neutral
RED_051121,Depression,Depression,Depression
RED_051130,Depression,Depression,Depression
RED_051142,Depression,Depression,Depression
RED_051145,Neutral,Neutral,Neutral
RED_051155,Neutral,Neutral,Neutral
RED_051157,Depression,Depression,Depression
RED_051169,Depression,Depression,Depression
RED_051194,Neutral,Neutral,Neutral
RED_051203,Happy,Happy,Happy
RED_051230,Neutral,Neutral,Neutral
RED_051244,Happy,Neutral,Neutral
RED_051255,Depression,Depression,Depression
RED_051258,Neutral,Neutral,Neutral
RED_051282,Depression,Depression,Depression
RED_051286,Depression,Depression,Depression
RED_051295,Happy,Happy,Happy
RED_051296,Happy,Happy,Happy
RED_051302,Depression,Happy,Happy
RED_051304,Happy,Happy,Happy
RED_051313,Depression,Depression,Depression
RED_051322,Depression,Depression,Depression
RED_051325,Neutral,Neutral,Neutral
RED_051345,Neutral,Neutral,Neutral
RED_051351,Depression,Depression,Depression
RED_051373,Neutral,Neutral,Neutral
RED_051375,Neutral,Neutral,Neutral
RED_051398,Depression,Depression,Depression
RED_051399,Happy,Happy,Happy
RED_051400,Happy,Happy,Happy
RED_051401,Depression,Depression,Depression
RED_051452,Happy,Happy,Happy
RED_051456,Neutral,Neutral,Neutral
RED_051483,Neutral,Neutral,Neutral
RED_051502,Happy,Happy,Happy
RED_051511,Happy,Happy,Happy
RED_051522,Neutral,Neutral,Neutral
RED_051529,Neutral,Neutral,Neutral
RED_051531,Depression,Depression,Depression
RED_051543,Happy,Happy,Happy
RED_051549,Happy,Happy,Happy
RED_051550,Depression,Depression,Depression
RED_051552,Depression,Depression,Depression
RED_051570,Depression,Depression,Depression
RED_051571,Happy,Happy,Happy
RED_051606,Happy,Happy,Happy
RED_051613,Depression,Depression,Depression
RED_051632,Neutral,Neutral,Neutral
RED_051648,Depression,Happy,Happy
RED_051664,Happy,Happy,Happy
RED_051665,Happy,Happy,Happy
RED_051680,Happy,Happy,Happy
RED_051687,Neutral,Neutral,Neutral
RED_051691,Neutral,Neutral,Neutral
RED_051697,Depression,Depression,Depression
RED_051713,Happy,Happy,Happy
RED_051717,Depression,Depression,Depression
RED_051727,Depression,Depression,Depression
RED_051729,Happy,Happy,Happy
RED_051735,Happy,Happy,Happy
RED_051768,Happy,Happy,Happy
RED_051804,Neutral,Neutral,Neutral
RED_051805,Happy,Depression,Depression
RED_051808,Happy,Happy,Happy
RED_051814,Happy,Happy,Happy
RED_051822,Happy,Happy,Happy
RED_051823,Neutral,Neutral,Neutral
RED_051825,Happy,Happy,Happy
RED_051855,Happy,Happy,Happy
RED_051863,Depression,Depression,Depression
RED_051868,Depression,Depression,Depression
RED_051874,Neutral,Neutral,Neutral
RED_051880,Neutral,Neutral,Neutral
RED_051886,Depression,Depression,Depression
RED_051894,Neutral,Neutral,Neutral
RED_051904,Depression,Depression,Depression
RED_051911,Neutral,Neutral,Neutral
RED_051913,Neutral,Neutral,Neutral
RED_051921,Happy,Happy,Happy
RED_051937,Neutral,Neutral,Neutral
RED_051962,Happy,Happy,Happy
RED_051965,Neutral,Neutral,Neutral
RED_051966,Neutral,Neutral,Neutral
RED_051974,Happy,Happy,Happy
RED_051975,Happy,Happy,Happy
RED_051976,Depression,Depression,Depression
RED_051982,Depression,Depression,Depression
RED_052006,Depression,Depression,Depression
RED_052015,Depression,Depression,Depression
RED_052038,Depression,Depression,Depression
RED_052041,Neutral,Neutral,Neutral
RED_052051,Happy,Happy,Happy
RED_052055,Neutral,Neutral,Neutral
RED_052060,Depression,Happy,Depression
RED_052075,Neutral,Neutral,Neutral
RED_052078,Neutral,Neutral,Neutral
RED_052092,Depression,Depression,Depression
RED_052095,Depression,Depression,Depression
RED_052099,Happy,Happy,Happy
RED_052101,Neutral,Neutral,Neutral
RED_052119,Depression,Depression,Depression
RED_052126,Neutral,Neutral,Neutral
RED_052128,Depression,Depression,Depression
RED_052134,Happy,Happy,Happy
RED_052161,Neutral,Neutral,Neutral
RED_052165,Neutral,Neutral,Neutral
RED_052174,Happy,Happy,Happy
RED_052181,Happy,Happy,Happy
RED_052190,Depression,Depression,Depression
RED_052197,Happy,Happy,Happy
RED_052205,Neutral,Neutral,Neutral
RED_052206,Happy,Happy,Happy
RED_052208,Depression,Depression,Depression
RED_052209,Depression,Depression,Depression
RED_052218,Depression,Depression,Depression
RED_052227,Neutral,Neutral,Neutral
RED_052229,Happy,Happy,Happy
RED_052233,Neutral,Neutral,Neutral
RED_052239,Neutral,Neutral,Neutral
RED_052241,Happy,Happy,Happy
RED_052254,Neutral,Neutral,Neutral
RED_052285,Neutral,Neutral,Neutral
RED_052302,Happy,Happy,Happy
RED_052332,Depression,Depression,Depression
RED_052333,Neutral,Neutral,Neutral
RED_052334,Happy,Happy,Happy
RED_052335,Depression,Depression,Depression
RED_052336,Neutral,Neutral,Neutral
RED_052347,Neutral,Neutral,Neutral
RED_052360,Happy,Happy,Happy
RED_052371,Happy,Happy,Happy
RED_052380,Neutral,Neutral,Neutral
RED_052385,Depression,Depression,Depression
RED_052392,Depression,Depression,Depression
RED_052393,Happy,Happy,Happy
RED_052396,Neutral,Neutral,Neutral
RED_052397,Happy,Happy,Happy
RED_052410,Depression,Depression,Depression
RED_052445,Depression,Depression,Depression
RED_052446,Depression,Depression,Depression
RED_052451,Depression,Depression,Depression
RED_052469,Neutral,Neutral,Neutral
RED_052483,Neutral,Neutral,Neutral
RED_052490,Happy,Happy,Happy
RED_052535,Neutral,Neutral,Neutral
RED_052542,Depression,Depression,Depression
RED_052549,Happy,Happy,Happy
RED_052557,Neutral,Neutral,Neutral
RED_052584,Neutral,Neutral,Neutral
RED_052586,Happy,Depression,Depression
RED_052587,Neutral,Neutral,Neutral
RED_052610,Depression,Depression,Depression
RED_052613,Depression,Depression,Depression
RED_052622,Depression,Depression,Depression
RED_052633,Happy,Happy,Happy
RED_052677,Happy,Happy,Happy
RED_052699,Happy,Happy,Happy
RED_052711,Depression,Happy,Happy
RED_052721,Neutral,Neutral,Neutral
RED_052741,Happy,Happy,Happy
RED_052754,Happy,Happy,Happy
RED_052760,Happy,Happy,Happy
RED_052777,Depression,Depression,Depression
RED_052779,Depression,Depression,Depression
RED_052791,Neutral,Neutral,Neutral
RED_052792,Neutral,Neutral,Neutral
RED_052802,Happy,Happy,Happy
RED_052818,Happy,Happy,Happy
RED_052830,Depression,Depression,Depression
RED_052846,Happy,Happy,Happy
RED_052866,Depression,Depression,Depression
RED_052869,Neutral,Neutral,Neutral
RED_052876,Neutral,Neutral,Neutral
RED_052877,Neutral,Neutral,Neutral
RED_052884,Neutral,Neutral,Neutral
RED_052888,Depression,Depression,Depression
RED_052911,Happy,Happy,Happy
RED_052918,Neutral,Neutral,Neutral
RED_052919,Neutral,Neutral,Neutral
RED_052922,Depression,Depression,Depression
RED_052929,Depression,Depression,Depression
RED_052946,Depression,Depression,Depression
RED_052952,Depression,Depression,Depression
RED_052964,Depression,Depression,Depression
RED_052973,Neutral,Neutral,Neutral
RED_052980,Happy,Happy,Happy
RED_052987,Happy,Happy,Happy
RED_052995,Depression,Depression,Depression
RED_053016,Depression,Depression,Depression
RED_053022,Neutral,Neutral,Neutral
RED_053032,Neutral,Neutral,Neutral
RED_053062,Depression,Depression,Depression
RED_053063,Depression,Depression,Depression
RED_053071,Neutral,Neutral,Neutral
RED_053074,Happy,Happy,Happy
RED_053075,Neutral,Neutral,Neutral
RED_053080,Happy,Depression,Depression
RED_053083,Neutral,Neutral,Neutral
RED_053101,Depression,Depression,Depression
RED_053110,Neutral,Neutral,Neutral
RED_053112,Neutral,Neutral,Neutral
RED_053136,Happy,Happy,Happy
RED_053173,Neutral,Neutral,Neutral
RED_053178,Happy,Happy,Happy
RED_053179,Depression,Depression,Depression
RED_053193,Depression,Depression,Depression
RED_053217,Happy,Happy,Happy
RED_053228,Depression,Depression,Depression
RED_053243,Neutral,Neutral,Neutral
RED_053247,Neutral,Neutral,Neutral
RED_053256,Happy,Happy,Happy
RED_053261,Neutral,Neutral,Neutral
RED_053274,Happy,Happy,Happy
RED_053281,Depression,Depression,Depression
RED_053289,Neutral,Neutral,Neutral
RED_053304,Depression,Depression,Depression
RED_053333,Depression,Depression,Depression
RED_053334,Neutral,Neutral,Neutral
RED_053343,Depression,Depression,Depression
RED_053345,Neutral,Neutral,Neutral
RED_053351,Happy,Happy,Happy
RED_053353,Happy,Happy,Happy
RED_053361,Depression,Depression,Depression
RED_053368,Depression,Depression,Depression
RED_053369,Depression,Depression,Depression
RED_053373,Depression,Depression,Depression
RED_053390,Depression,Depression,Depression
RED_053400,Happy,Happy,Happy
RED_053405,Happy,Happy,Happy
RED_053408,Neutral,Neutral,Neutral
RED_053410,Happy,Happy,Happy
RED_053413,Happy,Happy,Happy
RED_053417,Happy,Happy,Happy
RED_053423,Neutral,Neutral,Neutral
RED_053443,Happy,Happy,Happy
RED_053468,Neutral,Neutral,Neutral
RED_053503,Neutral,Neutral,Neutral
RED_053512,Happy,Happy,Happy
RED_053513,Neutral,Neutral,Neutral
RED_053519,Happy,Depression,Depression
RED_053533,Depression,Depression,Depression
RED_053536,Neutral,Neutral,Neutral
RED_053537,Depression,Depression,Depression
RED_053542,Neutral,Neutral,Neutral
RED_053550,Depression,Depression,Depression
RED_053564,Neutral,Neutral,Neutral
RED_053570,Happy,Happy,Happy
RED_053575,Depression,Depression,Depression
RED_053578,Neutral,Neutral,Neutral
RED_053587,Neutral,Neutral,Neutral
RED_053593,Happy,Happy,Happy
RED_053606,Neutral,Neutral,Neutral
RED_053614,Depression,Depression,Depression
RED_053618,Neutral,Neutral,Neutral
RED_053640,Depression,Depression,Depression
RED_053643,Happy,Happy,Happy
RED_053652,Depression,Depression,Depression
RED_053657,Happy,Depression,Neutral
RED_053664,Happy,Happy,Happy
RED_053685,Neutral,Neutral,Neutral
RED_053690,Neutral,Neutral,Neutral
RED_053730,Depression,Depression,Depression
RED_053742,Neutral,Neutral,Neutral
RED_053748,Neutral,Neutral,Neutral
RED_053774,Happy,Happy,Happy
RED_053779,Neutral,Neutral,Neutral
RED_053787,Depression,Depression,Depression
RED_053791,Depression,Depression,Depression
RED_053793,Neutral,Neutral,Neutral
RED_053829,Depression,Depression,Depression
RED_053837,Depression,Depression,Depression
RED_053841,Happy,Happy,Happy
RED_053856,Neutral,Neutral,Neutral
RED_053871,Neutral,Neutral,Neutral
RED_053895,Happy,Happy,Happy
RED_053909,Neutral,Neutral,Neutral
RED_053910,Depression,Depression,Depression
RED_053918,Neutral,Neutral,Neutral
RED_053930,Happy,Happy,Happy
RED_053938,Happy,Happy,Happy
RED_053940,Neutral,Neutral,Neutral
RED_053941,Happy,Happy,Happy
RED_053959,Happy,Happy,Happy
RED_053966,Happy,Happy,Happy
RED_053982,Neutral,Neutral,Neutral
RED_053991,Happy,Happy,Happy
RED_054000,Depression,Depression,Depression
RED_054008,Happy,Happy,Happy
RED_054026,Happy,Depression,Depression
RED_054030,Happy,Happy,Happy
RED_054035,Happy,Happy,Happy
RED_054049,Neutral,Neutral,Neutral
RED_054077,Depression,Depression,Depression
RED_054079,Happy,Happy,Happy
RED_054085,Depression,Depression,Depression
RED_054091,Depression,Depression,Depression
RED_054098,Depression,Depression,Depression
RED_054103,Depression,Depression,Depression
RED_054104,Neutral,Neutral,Neutral
RED_054105,Happy,Happy,Happy
RED_054107,Happy,Happy,Happy
RED_054113,Happy,Happy,Happy
RED_054120,Depression,Depression,Depression
RED_054125,Happy,Happy,Happy
RED_054142,Depression,Depression,Depression
RED_054167,Happy,Happy,Happy
RED_054174,Depression,Depression,Depression
RED_054183,Happy,Happy,Happy
RED_054184,Happy,Depression,Depression
RED_054189,Neutral,Neutral,Neutral
RED_054199,Depression,Depression,Depression
RED_054219,Depression,Depression,Depression
RED_054224,Depression,Depression,Depression
RED_054249,Happy,Happy,Happy
RED_054260,Depression,Depression,Depression
RED_054264,Depression,Depression,Depression
RED_054267,Neutral,Neutral,Neutral
RED_054268,Depression,Depression,Depression
RED_054269,Neutral,Neutral,Neutral
RED_054274,Happy,Happy,Happy
RED_054280,Happy,Happy,Happy
RED_054284,Depression,Depression,Depression
RED_054285,Neutral,Neutral,Neutral
RED_054299,Neutral,Neutral,Neutral
RED_054310,Neutral,Neutral,Neutral
RED_054316,Depression,Depression,Depression
RED_054332,Neutral,Neutral,Neutral
RED_054337,Neutral,Neutral,Neutral
RED_054351,Depression,Depression,Depression
RED_054360,Happy,Happy,Happy
RED_054385,Neutral,Neutral,Neutral
RED_054409,Happy,Happy,Happy
RED_054425,Neutral,Neutral,Neutral
RED_054427,Happy,Happy,Happy
RED_054446,Neutral,Neutral,Neutral
RED_054454,Depression,Depression,Depression
RED_054458,Depression,Depression,Depression
RED_054471,Depression,Depression,Depression
RED_054490,Neutral,Neutral,Neutral
RED_054515,Depression,Depression,Depression
RED_054519,Depression,Depression,Depression
RED_054547,Happy,Happy,Happy
RED_054552,Happy,Happy,Happy
RED_054567,Neutral,Neutral,Neutral
RED_054577,Happy,Happy,Happy
RED_054589,Neutral,Neutral,Neutral
RED_054601,Happy,Happy,Happy
RED_054602,Happy,Happy,Happy
RED_054618,Neutral,Neutral,Neutral
RED_054619,Neutral,Neutral,Neutral
RED_054621,Depression,Depression,Depression
RED_054624,Neutral,Neutral,Neutral
RED_054629,Neutral,Neutral,Neutral
RED_054659,Neutral,Neutral,Neutral
RED_054678,Neutral,Neutral,Neutral
RED_054704,Depression,Depression,Depression
RED_054710,Depression,Depression,Depression
RED_054726,Happy,Depression,Depression
RED_054757,Neutral,Neutral,Neutral
RED_054765,Happy,Happy,Happy
RED_054776,Neutral,Neutral,Neutral
RED_054784,Depression,Depression,Depression
RED_054792,Happy,Happy,Happy
RED_054793,Happy,Happy,Happy
RED_054803,Neutral,Neutral,Neutral
RED_054823,Depression,Depression,Depression
RED_054825,Happy,Depression,Neutral
RED_054827,Neutral,Neutral,Neutral
RED_054832,Depression,Depression,Depression
RED_054839,Happy,Happy,Happy
RED_054845,Happy,Happy,Happy
RED_054857,Depression,Depression,Depression
RED_054863,Happy,Happy,Happy
RED_054865,Depression,Depression,Depression
RED_054880,Depression,Happy,Happy
RED_054904,Happy,Happy,Happy
RED_054914,Neutral,Neutral,Neutral
RED_054916,Depression,Happy,Depression
RED_054919,Depression,Depression,Depression
RED_054924,Depression,Depression,Depression
RED_054925,Neutral,Neutral,Neutral
RED_054932,Neutral,Neutral,Neutral
RED_054945,Depression,Depression,Depression
RED_054964,Depression,Depression,Depression
RED_054966,Neutral,Neutral,Neutral
RED_054984,Happy,Happy,Happy
RED_054988,Neutral,Neutral,Neutral
RED_055003,Depression,Depression,Depression
RED_055006,Neutral,Neutral,Neutral
RED_055018,Neutral,Neutral,Neutral
RED_055022,Happy,Happy,Happy
RED_055024,Depression,Depression,Depression
RED_055031,Neutral,Neutral,Neutral
RED_055034,Depression,Depression,Depression
RED_055036,Happy,Happy,Happy
RED_055037,Happy,Happy,Happy
RED_055042,Happy,Happy,Happy
RED_055046,Neutral,Neutral,Neutral
RED_055073,Neutral,Neutral,Neutral
RED_055079,Neutral,Neutral,Neutral
RED_055084,Neutral,Neutral,Neutral
RED_055089,Happy,Happy,Happy
RED_055090,Happy,Happy,Happy
RED_055095,Depression,Depression,Depression
RED_055106,Neutral,Neutral,Neutral
RED_055118,Depression,Depression,Depression
RED_055125,Depression,Depression,Depression
RED_055136,Happy,Happy,Happy
RED_055142,Neutral,Neutral,Neutral
RED_055152,Depression,Depression,Depression
RED_055158,Happy,Happy,Happy
RED_055162,Neutral,Neutral,Neutral
RED_055171,Happy,Happy,Happy
RED_055174,Happy,Happy,Happy
RED_055205,Neutral,Neutral,Neutral
RED_055230,Neutral,Neutral,Neutral
RED_055233,Neutral,Neutral,Neutral
RED_055243,Happy,Happy,Happy
RED_055249,Neutral,Neutral,Neutral
RED_055257,Neutral,Neutral,Neutral
RED_055259,Depression,Depression,Depression
RED_055285,Depression,Depression,Depression
RED_055297,Neutral,Neutral,Neutral
RED_055298,Neutral,Neutral,Neutral
RED_055312,Neutral,Neutral,Neutral
RED_055317,Depression,Depression,Depression
RED_055330,Depression,Depression,Depression
RED_055331,Depression,Depression,Depression
RED_055334,Happy,Happy,Happy
RED_055340,Depression,Depression,Depression
RED_055367,Neutral,Neutral,Neutral
RED_055375,Neutral,Neutral,Neutral
RED_055380,Happy,Happy,Happy
RED_055393,Depression,Depression,Depression
RED_055415,Depression,Depression,Depression
RED_055421,Depression,Depression,Depression
RED_055424,Neutral,Neutral,Neutral
RED_055454,Happy,Happy,Happy
RED_055462,Happy,Happy,Happy
RED_055465,Happy,Happy,Happy
RED_055470,Depression,Depression,Depression
RED_055475,Happy,Happy,Happy
RED_055485,Depression,Depression,Depression
RED_055492,Happy,Happy,Happy
RED_055495,Depression,Depression,Depression
RED_055508,Happy,Happy,Happy
RED_055515,Depression,Depression,Depression
RED_055516,Neutral,Neutral,Neutral
RED_055518,Happy,Happy,Happy
RED_055568,Depression,Depression,Depression
RED_055575,Depression,Depression,Depression
RED_055577,Depression,Depression,Depression
RED_055580,Neutral,Neutral,Neutral
RED_055608,Neutral,Neutral,Neutral
RED_055610,Happy,Happy,Happy
RED_055616,Depression,Depression,Depression
RED_055620,Neutral,Neutral,Neutral
RED_055627,Happy,Happy,Happy
RED_055628,Happy,Happy,Happy
RED_055646,Neutral,Neutral,Neutral
RED_055669,Neutral,Neutral,Neutral
RED_055674,Neutral,Neutral,Neutral
RED_055675,Depression,Depression,Depression
RED_055678,Neutral,Neutral,Neutral
RED_055696,Neutral,Neutral,Neutral
RED_055702,Depression,Depression,Depression
RED_055710,Neutral,Neutral,Neutral
RED_055720,Neutral,Neutral,Neutral
RED_055731,Depression,Depression,Depression
RED_055743,Happy,Happy,Happy
RED_055744,Neutral,Neutral,Neutral
RED_055759,Happy,Happy,Happy
RED_055765,Happy,Happy,Happy
RED_055788,Depression,Depression,Depression
RED_055793,Depression,Depression,Depression
RED_055796,Happy,Happy,Happy
RED_055824,Depression,Depression,Depression
RED_055828,Happy,Depression,Depression
RED_055866,Happy,Happy,Happy
RED_055874,Depression,Depression,Depression
RED_055876,Neutral,Neutral,Neutral
RED_055879,Neutral,Neutral,Neutral
RED_055889,Happy,Happy,Happy
RED_055904,Happy,Happy,Happy
RED_055930,Neutral,Neutral,Neutral
RED_055942,Depression,Depression,Depression
RED_055957,Depression,Depression,Depression
RED_055961,Neutral,Neutral,Neutral
RED_055963,Depression,Depression,Depression
RED_055967,Depression,Depression,Depression
RED_055986,Neutral,Neutral,Neutral
RED_055988,Neutral,Neutral,Neutral
RED_055992,Neutral,Neutral,Neutral
RED_055998,Neutral,Neutral,Neutral
RED_056011,Depression,Depression,Depression
RED_056016,Depression,Depression,Depression
RED_056017,Depression,Happy,Depression
RED_056052,Neutral,Neutral,Neutral
RED_056077,Happy,Happy,Happy
RED_056081,Neutral,Neutral,Neutral
RED_056083,Neutral,Neutral,Neutral
RED_056095,Happy,Happy,Happy
RED_056098,Neutral,Neutral,Neutral
RED_056099,Depression,Depression,Depression
RED_056102,Depression,Depression,Depression
RED_056121,Depression,Depression,Depression
RED_056123,Depression,Depression,Depression
RED_056126,Depression,Depression,Depression
RED_056131,Neutral,Neutral,Neutral
RED_056160,Happy,Happy,Happy
RED_056170,Happy,Happy,Happy
RED_056182,Depression,Depression,Depression
RED_056191,Neutral,Neutral,Neutral
RED_056197,Happy,Happy,Happy
RED_056200,Happy,Happy,Happy
RED_056208,Depression,Depression,Depression
RED_056222,Depression,Depression,Depression
RED_056223,Depression,Depression,Depression
RED_056232,Happy,Happy,Happy
RED_056235,Neutral,Neutral,Neutral
RED_056240,Neutral,Neutral,Neutral
RED_056259,Depression,Depression,Depression
RED_056285,Happy,Happy,Happy
RED_056291,Neutral,Neutral,Neutral
RED_056299,Happy,Happy,Happy
RED_056323,Neutral,Neutral,Neutral
RED_056331,Happy,Happy,Happy
RED_056339,Happy,Happy,Happy
RED_056346,Happy,Happy,Happy
RED_056348,Happy,Happy,Happy
RED_056370,Neutral,Neutral,Neutral
RED_056377,Happy,Happy,Happy
RED_056387,Happy,Happy,Happy
RED_056388,Depression,Depression,Depression
RED_056400,Happy,Happy,Happy
RED_056417,Depression,Depression,Depression
RED_056426,Depression,Depression,Depression
RED_056451,Neutral,Neutral,Neutral
RED_056484,Neutral,Neutral,Neutral
RED_056488,Depression,Depression,Depression
RED_056498,Happy,Happy,Happy
RED_056507,Happy,Happy,Happy
RED_056515,Neutral,Neutral,Neutral
RED_056520,Happy,Happy,Happy
RED_056525,Depression,Depression,Depression
RED_056531,Happy,Happy,Happy
RED_056537,Neutral,Neutral,Neutral
RED_056567,Happy,Happy,Happy
RED_056571,Happy,Happy,Happy
RED_056586,Depression,Depression,Depression
RED_056595,Happy,Happy,Happy
RED_056597,Happy,Happy,Happy
RED_056599,Happy,Happy,Happy
RED_056610,Neutral,Neutral,Neutral
RED_056613,Neutral,Neutral,Neutral
RED_056627,Depression,Depression,Depression
RED_056642,Depression,Depression,Depression
RED_056675,Neutral,Neutral,Neutral
RED_056681,Happy,Happy,Happy
RED_056683,Happy,Happy,Happy
RED_056684,Happy,Happy,Happy
RED_056688,Depression,Depression,Depression
RED_056698,Happy,Happy,Happy
RED_056704,Neutral,Neutral,Neutral
RED_056726,Depression,Happy,Depression
RED_056735,Depression,Depression,Depression
RED_056745,Depression,Depression,Depression
RED_056758,Neutral,Neutral,Neutral
RED_056766,Neutral,Neutral,Neutral
RED_056806,Happy,Happy,Happy
RED_056828,Depression,Depression,Depression
RED_056829,Happy,Happy,Happy
RED_056833,Happy,Happy,Happy
RED_056852,Depression,Depression,Depression
RED_056857,Happy,Happy,Happy
RED_056874,Neutral,Neutral,Neutral
RED_056887,Depression,Depression,Depression
RED_056888,Happy,Happy,Happy
RED_056897,Depression,Depression,Depression
RED_056911,Happy,Happy,Happy
RED_056928,Neutral,Neutral,Neutral
RED_056936,Depression,Depression,Depression
RED_056945,Happy,Happy,Happy
RED_056948,Neutral,Neutral,Neutral
RED_056962,Happy,Happy,Happy
RED_056967,Depression,Depression,Depression
RED_056981,Neutral,Neutral,Neutral
RED_056994,Depression,Depression,Depression
RED_057002,Depression,Depression,Depression
RED_057004,Neutral,Neutral,Neutral
RED_057018,Happy,Happy,Happy
RED_057028,Happy,Happy,Happy
RED_057039,Neutral,Neutral,Neutral
RED_057042,Happy,Happy,Happy
RED_057071,Neutral,Neutral,Neutral
RED_057093,Neutral,Neutral,Neutral
RED_057118,Depression,Depression,Depression
RED_057123,Depression,Depression,Depression
RED_057128,Happy,Happy,Happy
RED_057131,Neutral,Neutral,Neutral
RED_057138,Happy,Happy,Happy
RED_057139,Neutral,Neutral,Neutral
RED_057140,Neutral,Neutral,Neutral
RED_057143,Depression,Depression,Depression
RED_057176,Happy,Happy,Happy
RED_057189,Happy,Happy,Happy
RED_057197,Depression,Depression,Depression
RED_057199,Depression,Depression,Depression
RED_057203,Neutral,Neutral,Neutral
RED_057208,Neutral,Neutral,Neutral
RED_057212,Happy,Happy,Happy
RED_057233,Neutral,Neutral,Neutral
RED_057240,Depression,Happy,Happy
RED_057242,Depression,Depression,Depression
RED_057272,Happy,Happy,Happy
RED_057278,Happy,Happy,Happy
RED_057291,Happy,Happy,Happy
RED_057295,Depression,Depression,Depression
RED_057302,Depression,Depression,Depression
RED_057310,Neutral,Neutral,Neutral
RED_057312,Neutral,Neutral,Neutral
RED_057315,Happy,Happy,Happy
RED_057316,Depression,Depression,Depression
RED_057331,Neutral,Neutral,Neutral
RED_057333,Depression,Depression,Depression
RED_057334,Depression,Depression,Depression
RED_057335,Happy,Happy,Happy
RED_057382,Happy,Happy,Happy
RED_057392,Depression,Depression,Depression
RED_057401,Neutral,Neutral,Neutral
RED_057417,Depression,Depression,Depression
RED_057425,Depression,Depression,Depression
RED_057426,Neutral,Neutral,Neutral
RED_057433,Depression,Depression,Depression
RED_057444,Neutral,Neutral,Neutral
RED_057466,Happy,Happy,Happy
RED_057478,Depression,Depression,Depression
RED_057492,Neutral,Neutral,Neutral
RED_057494,Depression,Depression,Depression
RED_057507,Depression,Depression,Depression
RED_057511,Neutral,Neutral,Neutral
RED_057519,Depression,Depression,Depression
RED_057524,Happy,Happy,Happy
RED_057525,Neutral,Neutral,Neutral
RED_057536,Depression,Depression,Depression
RED_057553,Happy,Happy,Happy
RED_057558,Depression,Depression,Depression
RED_057565,Happy,Happy,Happy
RED_057568,Neutral,Neutral,Neutral
RED_057570,Neutral,Neutral,Neutral
RED_057578,Neutral,Neutral,Neutral
RED_057588,Happy,Happy,Happy
RED_057592,Neutral,Neutral,Neutral
RED_057593,Depression,Depression,Depression
RED_057600,Happy,Happy,Happy
RED_057603,Depression,Depression,Depression
RED_057615,Happy,Happy,Happy
RED_057616,Happy,Happy,Happy
RED_057623,Happy,Happy,Happy
RED_057628,Happy,Happy,Happy
RED_057634,Depression,Depression,Depression
RED_057655,Happy,Happy,Happy
RED_057656,Neutral,Neutral,Neutral
RED_057659,Neutral,Neutral,Neutral
RED_057666,Depression,Depression,Depression
RED_057690,Depression,Depression,Depression
RED_057693,Happy,Happy,Happy
RED_057700,Neutral,Neutral,Neutral
RED_057704,Neutral,Neutral,Neutral
RED_057729,Happy,Happy,Happy
RED_057736,Depression,Depression,Depression
RED_057738,Neutral,Neutral,Neutral
RED_057751,Depression,Depression,Depression
RED_057755,Neutral,Depression,Depression
RED_057756,Depression,Depression,Depression
RED_057765,Happy,Happy,Happy
RED_057771,Depression,Depression,Depression
RED_057773,Neutral,Neutral,Neutral
RED_057780,Depression,Depression,Depression
RED_057784,Neutral,Neutral,Neutral
RED_057796,Happy,Happy,Happy
RED_057805,Happy,Happy,Happy
RED_057818,Happy,Happy,Happy
RED_057824,Depression,Depression,Depression
RED_057841,Neutral,Neutral,Neutral
RED_057848,Neutral,Neutral,Neutral
RED_057859,Depression,Depression,Depression
RED_057869,Neutral,Neutral,Neutral
RED_057880,Happy,Happy,Happy
RED_057889,Neutral,Neutral,Neutral
RED_057892,Depression,Happy,Happy
RED_057911,Neutral,Neutral,Neutral
RED_057932,Happy,Happy,Happy
RED_057955,Neutral,Neutral,Neutral
RED_057958,Happy,Happy,Happy
RED_057964,Happy,Happy,Happy
RED_057967,Happy,Happy,Happy
RED_057974,Neutral,Neutral,Neutral
RED_057992,Neutral,Neutral,Neutral
RED_058005,Neutral,Neutral,Neutral
RED_058008,Happy,Happy,Happy
RED_058013,Depression,Depression,Depression
RED_058021,Happy,Happy,Happy
RED_058022,Neutral,Neutral,Neutral
RED_058027,Depression,Depression,Depression
RED_058036,Neutral,Neutral,Neutral
RED_058042,Neutral,Neutral,Neutral
RED_058044,Happy,Happy,Happy
RED_058050,Depression,Depression,Depression
RED_058062,Neutral,Neutral,Neutral
RED_058066,Neutral,Neutral,Neutral
RED_058073,Happy,Happy,Happy
RED_058081,Neutral,Neutral,Neutral
RED_058095,Depression,Depression,Depression
RED_058104,Depression,Depression,Depression
RED_058111,Depression,Depression,Depression
RED_058148,Happy,Happy,Happy
RED_058151,Happy,Happy,Happy
RED_058182,Neutral,Neutral,Neutral
RED_058189,Depression,Depression,Depression
RED_058192,Happy,Happy,Happy
RED_058194,Neutral,Neutral,Neutral
RED_058205,Happy,Happy,Happy
RED_058219,Happy,Happy,Happy
RED_058222,Happy,Happy,Happy
RED_058246,Neutral,Neutral,Neutral
RED_058260,Neutral,Neutral,Neutral
RED_058284,Happy,Happy,Happy
RED_058302,Happy,Depression,Depression
RED_058303,Happy,Happy,Happy
RED_058305,Happy,Happy,Happy
RED_058324,Depression,Depression,Depression
RED_058326,Neutral,Neutral,Neutral
RED_058329,Happy,Happy,Happy
RED_058345,Happy,Happy,Happy
RED_058353,Happy,Happy,Happy
RED_058360,Depression,Depression,Depression
RED_058363,Happy,Depression,Depression
RED_058366,Happy,Happy,Happy
RED_058371,Happy,Happy,Happy
RED_058377,Depression,Depression,Depression
RED_058385,Happy,Happy,Happy
RED_058398,Happy,Happy,Happy
RED_058399,Happy,Happy,Happy
RED_058403,Neutral,Neutral,Neutral
RED_058410,Neutral,Neutral,Neutral
RED_058412,Depression,Depression,Depression
RED_058414,Depression,Depression,Depression
RED_058417,Depression,Depression,Depression
RED_058425,Neutral,Neutral,Neutral
RED_058435,Happy,Happy,Happy
RED_058436,Neutral,Neutral,Neutral
RED_058437,Neutral,Neutral,Neutral
RED_058460,Depression,Depression,Depression
RED_058463,Happy,Happy,Happy
RED_058481,Neutral,Neutral,Neutral
RED_058487,Happy,Happy,Happy
RED_058502,Depression,Depression,Depression
RED_058516,Depression,Depression,Depression
RED_058519,Neutral,Neutral,Neutral
RED_058527,Neutral,Neutral,Neutral
RED_058539,Neutral,Happy,Neutral
RED_058544,Neutral,Neutral,Neutral
RED_058552,Depression,Depression,Depression
RED_058564,Neutral,Neutral,Neutral
RED_058568,Happy,Happy,Happy
RED_058569,Depression,Depression,Depression
RED_058574,Happy,Happy,Happy
RED_058597,Neutral,Neutral,Neutral
RED_058604,Neutral,Neutral,Neutral
RED_058605,Happy,Happy,Happy
RED_058630,Depression,Depression,Depression
RED_058634,Happy,Happy,Happy
RED_058642,Neutral,Neutral,Neutral
RED_058648,Neutral,Neutral,Neutral
RED_058649,Depression,Depression,Depression
RED_058652,Depression,Depression,Depression
RED_058653,Depression,Depression,Depression
RED_058660,Happy,Happy,Happy
RED_058661,Neutral,Neutral,Neutral
RED_058675,Neutral,Neutral,Neutral
RED_058689,Depression,Depression,Depression
RED_058691,Depression,Depression,Depression
RED_058700,Depression,Depression,Depression
RED_058742,Depression,Depression,Depression
RED_058746,Happy,Happy,Happy
RED_058751,Happy,Happy,Happy
RED_058752,Depression,Happy,Happy
RED_058755,Depression,Depression,Depression
RED_058774,Neutral,Neutral,Neutral
RED_058779,Depression,Depression,Depression
RED_058788,Depression,Depression,Depression
RED_058801,Neutral,Neutral,Neutral
RED_058802,Neutral,Neutral,Neutral
RED_058805,Depression,Depression,Depression
RED_058820,Depression,Depression,Depression
RED_058837,Depression,Depression,Depression
RED_058839,Neutral,Happy,Happy
RED_058840,Neutral,Happy,Happy
RED_058849,Happy,Happy,Happy
RED_058852,Neutral,Neutral,Neutral
RED_058853,Neutral,Neutral,Neutral
RED_058860,Depression,Depression,Depression
RED_058861,Depression,Depression,Depression
RED_058897,Neutral,Neutral,Neutral
RED_058910,Happy,Happy,Happy
RED_058920,Depression,Depression,Depression
RED_058921,Depression,Depression,Depression
RED_058943,Happy,Happy,Happy
RED_058946,Happy,Happy,Happy
RED_058961,Neutral,Neutral,Neutral
RED_058964,Neutral,Neutral,Neutral
RED_058977,Happy,Happy,Happy
RED_058984,Neutral,Neutral,Neutral
RED_059016,Happy,Happy,Happy
RED_059017,Neutral,Neutral,Neutral
RED_059021,Depression,Depression,Depression
RED_059023,Neutral,Neutral,Neutral
RED_059029,Neutral,Neutral,Neutral
RED_059051,Happy,Happy,Happy
RED_059055,Happy,Happy,Happy
RED_059068,Depression,Depression,Depression
RED_059085,Neutral,Neutral,Neutral
RED_059086,Neutral,Neutral,Neutral
RED_059087,Depression,Depression,Depression
RED_059089,Neutral,Neutral,Neutral
RED_059099,Neutral,Neutral,Neutral
RED_059102,Neutral,Neutral,Neutral
RED_059104,Happy,Happy,Happy
RED_059112,Depression,Depression,Depression
RED_059143,Happy,Happy,Happy
RED_059144,Depression,Depression,Depression
RED_059145,Neutral,Neutral,Neutral
RED_059155,Neutral,Neutral,Neutral
RED_059169,Happy,Happy,Happy
RED_059175,Neutral,Neutral,Neutral
RED_059189,Neutral,Neutral,Neutral
RED_059190,Happy,Happy,Happy
RED_059220,Happy,Happy,Happy
RED_059238,Depression,Depression,Depression
RED_059249,Happy,Happy,Happy
RED_059255,Depression,Depression,Depression
RED_059262,Neutral,Neutral,Neutral
RED_059287,Happy,Happy,Happy
RED_059288,Depression,Depression,Depression
RED_059302,Neutral,Neutral,Neutral
RED_059310,Depression,Depression,Depression
RED_059311,Neutral,Neutral,Neutral
RED_059314,Happy,Happy,Happy
RED_059315,Happy,Happy,Happy
RED_059320,Happy,Happy,Happy
RED_059326,Happy,Happy,Happy
RED_059343,Depression,Depression,Depression
RED_059353,Happy,Happy,Happy
RED_059361,Neutral,Neutral,Neutral
RED_059363,Neutral,Neutral,Neutral
RED_059366,Neutral,Neutral,Neutral
RED_059367,Happy,Happy,Happy
RED_059379,Happy,Happy,Happy
RED_059383,Neutral,Neutral,Neutral
RED_059387,Neutral,Neutral,Neutral
RED_059389,Neutral,Neutral,Neutral
RED_059395,Happy,Happy,Happy
RED_059419,Depression,Depression,Depression
RED_059439,Depression,Depression,Depression
RED_059444,Neutral,Depression,Depression
RED_059457,Depression,Depression,Depression
RED_059469,Happy,Happy,Happy
RED_059485,Neutral,Neutral,Neutral
RED_059496,Depression,Depression,Depression
RED_059515,Neutral,Neutral,Neutral
RED_059516,Depression,Depression,Depression
RED_059523,Neutral,Neutral,Neutral
RED_059525,Happy,Happy,Happy
RED_059527,Depression,Depression,Depression
RED_059536,Happy,Happy,Happy
RED_059539,Happy,Happy,Depression
RED_059541,Depression,Depression,Depression
RED_059554,Neutral,Neutral,Neutral
RED_059560,Happy,Happy,Happy
RED_059561,Neutral,Neutral,Neutral
RED_059575,Depression,Depression,Depression
RED_059582,Neutral,Neutral,Neutral
RED_059602,Neutral,Neutral,Neutral
RED_059603,Neutral,Neutral,Neutral
RED_059608,Depression,Depression,Depression
RED_059611,Happy,Happy,Happy
RED_059613,Depression,Depression,Depression
RED_059620,Depression,Depression,Depression
RED_059624,Depression,Depression,Depression
RED_059630,Neutral,Neutral,Neutral
RED_059642,Neutral,Neutral,Neutral
RED_059671,Depression,Depression,Depression
RED_059687,Depression,Depression,Depression
RED_059697,Neutral,Neutral,Neutral
RED_059706,Happy,Happy,Happy
RED_059710,Happy,Happy,Happy
RED_059719,Depression,Depression,Depression
RED_059733,Neutral,Neutral,Neutral
RED_059740,Depression,Depression,Depression
RED_059749,Depression,Depression,Depression
RED_059779,Depression,Depression,Depression
RED_059795,Happy,Happy,Happy
RED_059802,Neutral,Neutral,Neutral
RED_059803,Neutral,Neutral,Neutral
RED_059808,Neutral,Neutral,Neutral
RED_059840,Happy,Happy,Happy
RED_059866,Happy,Happy,Happy
RED_059872,Neutral,Neutral,Neutral
RED_059878,Depression,Depression,Depression
RED_059879,Neutral,Neutral,Neutral
RED_059884,Neutral,Neutral,Neutral
RED_059897,Depression,Depression,Depression
RED_059908,Neutral,Neutral,Neutral
RED_059909,Neutral,Neutral,Neutral
RED_059910,Neutral,Neutral,Neutral
RED_059919,Neutral,Neutral,Neutral
RED_059931,Depression,Depression,Depression
RED_059936,Depression,Depression,Depression
RED_059944,Depression,Happy,Happy
RED_059961,Depression,Depression,Depression
RED_059964,Happy,Happy,Happy
RED_059971,Depression,Depression,Depression
RED_059979,Depression,Depression,Depression
RED_059993,Neutral,Neutral,Neutral
RED_060001,Happy,Happy,Happy
RED_060008,Happy,Happy,Happy
RED_060042,Depression,Depression,Depression
RED_060047,Happy,Happy,Happy
RED_060057,Depression,Depression,Depression
RED_060064,Depression,Depression,Depression
RED_060088,Happy,Happy,Happy
RED_060089,Happy,Happy,Happy
RED_060094,Neutral,Neutral,Neutral
RED_060098,Neutral,Neutral,Neutral
RED_060101,Neutral,Neutral,Neutral
RED_060116,Happy,Happy,Happy
RED_060127,Happy,Happy,Happy
RED_060132,Neutral,Neutral,Neutral
RED_060133,Happy,Happy,Happy
RED_060141,Neutral,Neutral,Neutral
RED_060147,Neutral,Neutral,Neutral
RED_060149,Neutral,Neutral,Neutral
RED_060157,Happy,Happy,Happy
RED_060166,Depression,Depression,Depression
RED_060179,Depression,Depression,Depression
RED_060183,Depression,Depression,Depression
RED_060184,Depression,Happy,Happy
RED_060196,Neutral,Neutral,Neutral
RED_060215,Neutral,Neutral,Neutral
RED_060227,Happy,Happy,Happy
RED_060240,Depression,Depression,Depression
RED_060247,Depression,Depression,Depression
RED_060249,Depression,Depression,Depression
RED_060274,Happy,Happy,Happy
RED_060283,Depression,Depression,Depression
RED_060288,Depression,Depression,Depression
RED_060302,Neutral,Neutral,Neutral
RED_060312,Depression,Depression,Depression
RED_060352,Depression,Depression,Depression
RED_060374,Neutral,Neutral,Neutral
RED_060375,Depression,Depression,Depression
RED_060377,Depression,Depression,Depression
RED_060381,Depression,Depression,Depression
RED_060383,Depression,Depression,Depression
RED_060384,Happy,Happy,Happy
RED_060409,Happy,Happy,Happy
RED_060414,Happy,Happy,Happy
RED_060427,Depression,Depression,Depression
RED_060428,Depression,Depression,Depression
RED_060433,Happy,Happy,Happy
RED_060434,Happy,Happy,Happy
RED_060437,Depression,Depression,Depression
RED_060440,Happy,Happy,Happy
RED_060442,Neutral,Neutral,Neutral
RED_060446,Happy,Happy,Happy
RED_060467,Happy,Happy,Happy
RED_060468,Depression,Depression,Depression
RED_060490,Depression,Depression,Depression
RED_060499,Depression,Depression,Depression
RED_060502,Neutral,Neutral,Neutral
RED_060503,Neutral,Neutral,Neutral
RED_060508,Depression,Depression,Depression
RED_060512,Happy,Happy,Happy
RED_060513,Neutral,Neutral,Neutral
RED_060522,Neutral,Neutral,Neutral
RED_060538,Neutral,Neutral,Neutral
RED_060543,Neutral,Neutral,Neutral
RED_060547,Happy,Happy,Happy
RED_060552,Neutral,Neutral,Neutral
RED_060554,Neutral,Neutral,Neutral
RED_060555,Depression,Depression,Depression
RED_060564,Happy,Happy,Happy
RED_060567,Happy,Happy,Happy
RED_060585,Depression,Depression,Depression
RED_060586,Neutral,Neutral,Neutral
RED_060597,Depression,Depression,Depression
RED_060608,Neutral,Neutral,Neutral
RED_060609,Happy,Happy,Happy
RED_060610,Depression,Depression,Depression
RED_060615,Happy,Happy,Happy
RED_060628,Neutral,Neutral,Neutral
RED_060638,Happy,Happy,Happy
RED_060665,Depression,Depression,Depression
RED_060688,Happy,Happy,Happy
RED_060692,Happy,Happy,Happy
RED_060695,Neutral,Neutral,Neutral
RED_060738,Happy,Happy,Happy
RED_060752,Neutral,Neutral,Neutral
RED_060770,Neutral,Neutral,Neutral
RED_060785,Depression,Depression,Depression
RED_060824,Happy,Happy,Happy
RED_060839,Neutral,Happy,Happy
RED_060844,Neutral,Neutral,Neutral
RED_060846,Depression,Depression,Depression
RED_060848,Depression,Depression,Depression
RED_060851,Neutral,Neutral,Neutral
RED_060854,Depression,Depression,Depression
RED_060863,Depression,Depression,Depression
RED_060867,Neutral,Neutral,Neutral
RED_060869,Neutral,Neutral,Neutral
RED_060889,Depression,Depression,Depression
RED_060898,Neutral,Neutral,Neutral
RED_060915,Depression,Happy,Happy
RED_060926,Neutral,Neutral,Neutral
RED_060927,Neutral,Neutral,Neutral
RED_060928,Happy,Happy,Happy
RED_060939,Happy,Happy,Happy
RED_060947,Depression,Depression,Depression
RED_060971,Happy,Happy,Happy
RED_060988,Depression,Depression,Depression
RED_060993,Neutral,Neutral,Neutral
RED_060996,Happy,Happy,Happy
RED_061002,Depression,Happy,Happy
RED_061004,Depression,Depression,Depression
RED_061005,Happy,Happy,Happy
RED_061034,Neutral,Neutral,Neutral
RED_061050,Happy,Happy,Happy
RED_061064,Happy,Happy,Happy
RED_061067,Happy,Happy,Happy
RED_061071,Happy,Happy,Happy
RED_061072,Happy,Happy,Happy
RED_061074,Happy,Happy,Happy
RED_061081,Depression,Depression,Depression
RED_061089,Happy,Happy,Happy
RED_061104,Depression,Depression,Depression
RED_061128,Neutral,Neutral,Neutral
RED_061134,Neutral,Neutral,Neutral
RED_061141,Happy,Happy,Happy
RED_061142,Neutral,Neutral,Neutral
RED_061162,Neutral,Neutral,Neutral
RED_061163,Neutral,Neutral,Neutral
RED_061169,Neutral,Neutral,Neutral
RED_061185,Depression,Depression,Depression
RED_061195,Happy,Happy,Happy
RED_061198,Neutral,Neutral,Neutral
RED_061201,Happy,Happy,Happy
RED_061215,Depression,Depression,Depression
RED_061217,Depression,Depression,Depression
RED_061228,Happy,Happy,Happy
RED_061244,Neutral,Neutral,Neutral
RED_061289,Happy,Happy,Happy
RED_061292,Depression,Depression,Depression
RED_061294,Happy,Happy,Happy
RED_061300,Depression,Depression,Depression
RED_061305,Happy,Happy,Happy
RED_061314,Depression,Depression,Depression
RED_061326,Neutral,Neutral,Neutral
RED_061327,Depression,Depression,Depression
RED_061332,Neutral,Neutral,Neutral
RED_061343,Depression,Depression,Depression
RED_061350,Depression,Depression,Depression
RED_061352,Neutral,Neutral,Neutral
RED_061355,Happy,Happy,Happy
RED_061359,Happy,Happy,Happy
RED_061375,Neutral,Neutral,Neutral
RED_061396,Happy,Happy,Happy
RED_061400,Happy,Happy,Happy
RED_061419,Happy,Happy,Happy
RED_061425,Neutral,Neutral,Neutral
RED_061428,Depression,Depression,Depression
RED_061451,Happy,Happy,Happy
RED_061469,Happy,Happy,Happy
RED_061501,Happy,Happy,Happy
RED_061526,Neutral,Neutral,Neutral
RED_061548,Happy,Happy,Happy
RED_061559,Depression,Depression,Depression
RED_061562,Happy,Happy,Happy
RED_061570,Neutral,Neutral,Neutral
RED_061592,Depression,Depression,Depression
RED_061594,Happy,Happy,Happy
RED_061601,Neutral,Neutral,Neutral
RED_061604,Depression,Depression,Depression
RED_061621,Happy,Happy,Happy
RED_061623,Neutral,Neutral,Neutral
RED_061653,Depression,Depression,Depression
RED_061667,Happy,Happy,Happy
RED_061669,Happy,Happy,Happy
RED_061676,Happy,Happy,Happy
RED_061687,Depression,Depression,Depression
RED_061735,Depression,Depression,Depression
RED_061739,Depression,Depression,Depression
RED_061740,Depression,Depression,Depression
RED_061749,Happy,Neutral,Happy
RED_061753,Depression,Depression,Depression
RED_061761,Neutral,Neutral,Neutral
RED_061783,Neutral,Neutral,Neutral
RED_061790,Happy,Happy,Happy
RED_061794,Happy,Happy,Happy
RED_061812,Depression,Depression,Depression
RED_061820,Happy,Happy,Happy
RED_061823,Neutral,Neutral,Neutral
RED_061826,Depression,Depression,Depression
RED_061828,Happy,Happy,Happy
RED_061829,Happy,Happy,Happy
RED_061832,Depression,Depression,Depression
RED_061835,Neutral,Neutral,Neutral
RED_061846,Happy,Happy,Happy
RED_061851,Depression,Depression,Depression
RED_061861,Depression,Depression,Depression
RED_061897,Neutral,Neutral,Neutral
RED_061899,Happy,Happy,Happy
RED_061903,Neutral,Neutral,Neutral
RED_061915,Neutral,Neutral,Neutral
RED_061918,Depression,Depression,Depression
RED_061923,Neutral,Neutral,Neutral
RED_061942,Happy,Happy,Happy
RED_061947,Depression,Depression,Depression
RED_061948,Neutral,Neutral,Neutral
RED_061967,Depression,Depression,Depression
RED_061975,Depression,Depression,Depression
RED_061985,Happy,Happy,Happy
RED_061992,Depression,Depression,Depression
RED_061994,Depression,Depression,Depression
RED_061997,Neutral,Neutral,Neutral
RED_062006,Neutral,Neutral,Neutral
RED_062023,Depression,Depression,Depression
RED_062044,Neutral,Neutral,Neutral
RED_062068,Happy,Depression,Depression
RED_062072,Depression,Depression,Depression
RED_062073,Neutral,Neutral,Neutral
RED_062084,Depression,Happy,Happy
RED_062085,Neutral,Neutral,Neutral
RED_062088,Neutral,Neutral,Neutral
RED_062099,Happy,Depression,Depression
RED_062122,Neutral,Neutral,Neutral
RED_062133,Neutral,Neutral,Neutral
RED_062138,Happy,Happy,Happy
RED_062141,Neutral,Neutral,Neutral
RED_062145,Depression,Depression,Depression
RED_062156,Neutral,Neutral,Neutral
RED_062165,Neutral,Neutral,Neutral
RED_062190,Neutral,Neutral,Neutral
RED_062197,Neutral,Neutral,Neutral
RED_062225,Depression,Depression,Depression
RED_062237,Happy,Happy,Happy
RED_062267,Neutral,Neutral,Neutral
RED_062282,Neutral,Neutral,Neutral
RED_062313,Neutral,Neutral,Neutral
RED_062317,Neutral,Neutral,Neutral
RED_062321,Depression,Depression,Depression
RED_062342,Happy,Happy,Happy
RED_062396,Neutral,Neutral,Neutral
RED_062399,Happy,Happy,Happy
RED_062402,Neutral,Neutral,Neutral
RED_062406,Depression,Depression,Depression
RED_062424,Neutral,Neutral,Neutral
RED_062434,Neutral,Neutral,Neutral
RED_062440,Depression,Depression,Depression
RED_062442,Depression,Depression,Depression
RED_062445,Depression,Depression,Depression
RED_062448,Neutral,Neutral,Neutral
RED_062459,Happy,Happy,Happy
RED_062487,Happy,Happy,Happy
RED_062514,Depression,Depression,Depression
RED_062527,Happy,Happy,Happy
RED_062532,Neutral,Neutral,Neutral
RED_062537,Happy,Happy,Happy
RED_062609,Happy,Happy,Happy
RED_062618,Neutral,Neutral,Neutral
RED_062629,Neutral,Neutral,Neutral
RED_062630,Neutral,Neutral,Neutral
RED_062639,Neutral,Neutral,Neutral
RED_062654,Neutral,Neutral,Neutral
RED_062658,Neutral,Neutral,Neutral
RED_062661,Neutral,Neutral,Neutral
RED_062667,Neutral,Neutral,Neutral
RED_062670,Neutral,Neutral,Neutral
RED_062677,Neutral,Neutral,Neutral
RED_062687,Depression,Depression,Depression
RED_062691,Depression,Depression,Depression
RED_062693,Happy,Happy,Happy
RED_062708,Neutral,Neutral,Neutral
RED_062711,Depression,Happy,Happy
RED_062714,Happy,Happy,Happy
RED_062736,Neutral,Neutral,Neutral
RED_062759,Neutral,Neutral,Neutral
RED_062774,Depression,Depression,Depression
RED_062785,Neutral,Neutral,Neutral
RED_062802,Happy,Happy,Happy
RED_062832,Neutral,Neutral,Neutral
RED_062839,Depression,Depression,Depression
RED_062843,Happy,Happy,Happy
RED_062849,Depression,Happy,Happy
RED_062858,Depression,Depression,Depression
RED_062859,Neutral,Neutral,Neutral
RED_062872,Depression,Depression,Depression
RED_062875,Happy,Happy,Happy
RED_062909,Happy,Happy,Happy
RED_062916,Depression,Depression,Depression
RED_062917,Neutral,Neutral,Neutral
RED_062920,Depression,Depression,Depression
RED_062925,Neutral,Neutral,Neutral
RED_062935,Depression,Depression,Depression
RED_062939,Depression,Depression,Depression
RED_062971,Depression,Depression,Depression
RED_062980,Happy,Happy,Happy
RED_062985,Happy,Happy,Happy
RED_062994,Happy,Happy,Happy
RED_062998,Depression,Depression,Depression
RED_063002,Happy,Happy,Happy
RED_063010,Happy,Happy,Happy
RED_063047,Neutral,Neutral,Neutral
RED_063056,Happy,Happy,Happy
RED_063069,Happy,Depression,Depression
RED_063082,Depression,Depression,Depression
RED_063091,Neutral,Neutral,Neutral
RED_063097,Happy,Happy,Happy
RED_063099,Happy,Happy,Happy
RED_063102,Neutral,Neutral,Neutral
RED_063104,Neutral,Neutral,Neutral
RED_063135,Happy,Happy,Happy
RED_063148,Neutral,Neutral,Neutral
RED_063153,Happy,Happy,Happy
RED_063177,Depression,Depression,Depression
RED_063187,Neutral,Neutral,Neutral
RED_063191,Neutral,Neutral,Neutral
RED_063197,Neutral,Neutral,Neutral
RED_063203,Happy,Happy,Happy
RED_063208,Neutral,Neutral,Neutral
RED_063218,Neutral,Neutral,Neutral
RED_063227,Neutral,Neutral,Neutral
RED_063233,Neutral,Neutral,Neutral
RED_063244,Depression,Depression,Depression
RED_063252,Neutral,Neutral,Neutral
RED_063253,Neutral,Neutral,Neutral
RED_063263,Happy,Happy,Happy
RED_063272,Happy,Happy,Happy
RED_063274,Happy,Happy,Happy
RED_063279,Depression,Depression,Depression
RED_063297,Depression,Depression,Depression
RED_063306,Neutral,Neutral,Neutral
RED_063333,Neutral,Neutral,Neutral
RED_063340,Neutral,Neutral,Neutral
RED_063365,Happy,Happy,Happy
RED_063369,Neutral,Neutral,Neutral
RED_063404,Depression,Depression,Depression
RED_063406,Neutral,Neutral,Neutral
RED_063416,Depression,Depression,Depression
RED_063435,Happy,Happy,Happy
RED_063436,Depression,Depression,Depression
RED_063443,Happy,Happy,Happy
RED_063453,Depression,Depression,Depression
RED_063458,Happy,Happy,Happy
RED_063463,Neutral,Neutral,Neutral
RED_063465,Neutral,Neutral,Neutral
RED_063466,Happy,Happy,Happy
RED_063471,Depression,Depression,Depression
RED_063500,Neutral,Neutral,Neutral
RED_063544,Happy,Happy,Happy
RED_063548,Happy,Happy,Happy
RED_063558,Happy,Happy,Happy
RED_063560,Happy,Depression,Depression
RED_063568,Depression,Depression,Depression
RED_063584,Neutral,Neutral,Neutral
RED_063591,Depression,Depression,Depression
RED_063603,Happy,Happy,Happy
RED_063609,Depression,Depression,Depression
RED_063614,Depression,Depression,Depression
RED_063616,Neutral,Neutral,Neutral
RED_063618,Happy,Happy,Happy
RED_063632,Depression,Depression,Depression
RED_063644,Neutral,Neutral,Neutral
RED_063675,Depression,Depression,Depression
RED_063681,Neutral,Neutral,Neutral
RED_063694,Happy,Happy,Happy
RED_063713,Depression,Depression,Depression
RED_063718,Depression,Depression,Depression
RED_063743,Happy,Happy,Happy
RED_063748,Neutral,Neutral,Neutral
RED_063755,Neutral,Neutral,Neutral
RED_063762,Neutral,Depression,Depression
RED_063765,Depression,Depression,Depression
RED_063776,Depression,Depression,Depression
RED_063788,Happy,Happy,Happy
RED_063796,Depression,Depression,Depression
RED_063801,Neutral,Neutral,Neutral
RED_063807,Happy,Happy,Depression
RED_063808,Neutral,Neutral,Neutral
RED_063826,Happy,Happy,Happy
RED_063827,Depression,Depression,Depression
RED_063833,Neutral,Neutral,Neutral
RED_063840,Happy,Happy,Happy
RED_063847,Happy,Happy,Happy
RED_063849,Depression,Depression,Depression
RED_063867,Depression,Depression,Depression
RED_063872,Neutral,Neutral,Neutral
RED_063898,Neutral,Neutral,Neutral
RED_063902,Neutral,Neutral,Neutral
RED_063909,Depression,Depression,Depression
RED_063911,Neutral,Neutral,Neutral
RED_063931,Depression,Neutral,Depression
RED_063948,Neutral,Neutral,Neutral
RED_063949,Happy,Happy,Happy
RED_063956,Depression,Depression,Depression
RED_063983,Depression,Depression,Depression
RED_063988,Neutral,Neutral,Neutral
RED_063993,Happy,Happy,Happy
RED_063998,Happy,Happy,Happy
RED_063999,Depression,Depression,Depression
RED_064016,Neutral,Neutral,Neutral
RED_064027,Neutral,Neutral,Neutral
RED_064028,Neutral,Neutral,Neutral
RED_064040,Neutral,Neutral,Neutral
RED_064043,Happy,Happy,Happy
RED_064051,Depression,Depression,Depression
RED_064064,Neutral,Neutral,Neutral
RED_064108,Happy,Happy,Happy
RED_064132,Happy,Depression,Depression
RED_064146,Neutral,Neutral,Neutral
RED_064153,Happy,Happy,Happy
RED_064166,Depression,Depression,Depression
RED_064170,Neutral,Neutral,Neutral
RED_064174,Depression,Happy,Happy
RED_064177,Happy,Happy,Happy
RED_064184,Neutral,Neutral,Neutral
RED_064205,Depression,Depression,Depression
RED_064223,Depression,Depression,Depression
RED_064230,Neutral,Neutral,Neutral
RED_064232,Happy,Happy,Happy
RED_064263,Neutral,Neutral,Neutral
RED_064266,Neutral,Neutral,Neutral
RED_064267,Neutral,Neutral,Neutral
RED_064275,Depression,Depression,Depression
RED_064282,Happy,Happy,Happy
RED_064283,Depression,Depression,Depression
RED_064286,Neutral,Neutral,Neutral
RED_064287,Happy,Happy,Happy
RED_064291,Depression,Depression,Depression
RED_064293,Happy,Happy,Happy
RED_064296,Happy,Happy,Happy
RED_064314,Neutral,Neutral,Neutral
RED_064323,Depression,Depression,Depression
RED_064334,Happy,Happy,Happy
RED_064350,Neutral,Neutral,Neutral
RED_064362,Neutral,Neutral,Neutral
RED_064376,Neutral,Neutral,Neutral
RED_064381,Neutral,Neutral,Neutral
RED_064385,Happy,Happy,Happy
RED_064409,Neutral,Neutral,Neutral
RED_064410,Depression,Depression,Depression
RED_064422,Happy,Happy,Happy
RED_064466,Neutral,Neutral,Neutral
RED_064471,Depression,Depression,Depression
RED_064484,Depression,Depression,Depression
RED_064503,Happy,Happy,Happy
RED_064517,Neutral,Neutral,Neutral
RED_064519,Neutral,Neutral,Neutral
RED_064544,Neutral,Neutral,Neutral
RED_064604,Neutral,Neutral,Neutral
RED_064622,Happy,Happy,Happy
RED_064639,Happy,Happy,Happy
RED_064662,Happy,Happy,Happy
RED_064669,Depression,Depression,Depression
RED_064674,Depression,Depression,Depression
RED_064680,Happy,Happy,Happy
RED_064686,Depression,Depression,Depression
RED_064687,Happy,Happy,Happy
RED_064691,Happy,Happy,Happy
RED_064697,Neutral,Neutral,Neutral
RED_064698,Depression,Depression,Depression
RED_064709,Depression,Depression,Depression
RED_064726,Depression,Happy,Happy
RED_064741,Happy,Happy,Happy
RED_064755,Neutral,Neutral,Neutral
RED_064758,Happy,Happy,Happy
RED_064759,Happy,Happy,Happy
RED_064768,Depression,Depression,Depression
RED_064775,Depression,Depression,Depression
RED_064782,Neutral,Neutral,Neutral
RED_064784,Neutral,Neutral,Neutral
RED_064803,Depression,Depression,Depression
RED_064808,Neutral,Neutral,Neutral
RED_064809,Happy,Happy,Happy
RED_064819,Depression,Depression,Depression
RED_064829,Depression,Depression,Depression
RED_064832,Happy,Happy,Happy
RED_064841,Neutral,Neutral,Neutral
RED_064847,Neutral,Neutral,Neutral
RED_064848,Neutral,Neutral,Neutral
RED_064855,Neutral,Neutral,Neutral
RED_064857,Neutral,Neutral,Neutral
RED_064864,Happy,Happy,Happy
RED_064890,Happy,Happy,Happy
RED_064900,Neutral,Neutral,Neutral
RED_064912,Depression,Depression,Depression
RED_064913,Depression,Depression,Depression
RED_064922,Neutral,Neutral,Neutral
RED_064926,Happy,Happy,Happy
RED_064931,Happy,Happy,Happy
RED_064944,Happy,Happy,Happy
RED_064968,Depression,Depression,Depression
RED_064969,Depression,Depression,Depression
RED_064971,Neutral,Neutral,Neutral
RED_065010,Neutral,Neutral,Neutral
RED_065011,Depression,Depression,Depression
RED_065017,Depression,Depression,Depression
RED_065031,Happy,Happy,Happy
RED_065033,Depression,Depression,Depression
RED_065069,Depression,Depression,Depression
RED_065074,Depression,Depression,Depression
RED_065078,Depression,Neutral,Neutral
RED_065084,Depression,Depression,Depression
RED_065086,Happy,Happy,Happy
RED_065107,Happy,Depression,Depression
RED_065174,Depression,Depression,Depression
RED_065178,Depression,Depression,Depression
RED_065201,Neutral,Neutral,Neutral
RED_065205,Depression,Neutral,Neutral
RED_065206,Happy,Happy,Happy
RED_065207,Neutral,Neutral,Neutral
RED_065217,Neutral,Neutral,Neutral
RED_065229,Depression,Depression,Depression
RED_065266,Happy,Happy,Happy
RED_065272,Happy,Happy,Happy
RED_065279,Neutral,Neutral,Neutral
RED_065283,Happy,Happy,Happy
RED_065302,Neutral,Neutral,Neutral
RED_065303,Neutral,Neutral,Neutral
RED_065308,Depression,Depression,Depression
RED_065311,Depression,Depression,Depression
RED_065317,Depression,Depression,Depression
RED_065321,Happy,Happy,Happy
RED_065322,Depression,Depression,Depression
RED_065334,Happy,Happy,Happy
RED_065338,Depression,Depression,Depression
RED_065339,Neutral,Neutral,Neutral
RED_065353,Neutral,Neutral,Neutral
RED_065369,Happy,Happy,Happy
RED_065389,Neutral,Neutral,Neutral
RED_065391,Happy,Happy,Happy
RED_065403,Happy,Happy,Happy
RED_065426,Depression,Depression,Depression
RED_065432,Happy,Happy,Happy
RED_065447,Happy,Happy,Happy
RED_065452,Neutral,Neutral,Neutral
RED_065471,Happy,Happy,Happy
RED_065485,Happy,Happy,Happy
RED_065489,Neutral,Neutral,Neutral
RED_065493,Depression,Depression,Depression
RED_065495,Depression,Depression,Depression
RED_065498,Depression,Depression,Depression
RED_065502,Happy,Happy,Happy
RED_065521,Neutral,Neutral,Neutral
RED_065530,Neutral,Happy,Happy
RED_065537,Depression,Depression,Depression
RED_065540,Depression,Depression,Depression
RED_065555,Depression,Depression,Depression
RED_065569,Happy,Happy,Happy
RED_065573,Depression,Depression,Depression
RED_065574,Happy,Happy,Happy
RED_065581,Neutral,Neutral,Neutral
RED_065603,Depression,Depression,Depression
RED_065620,Happy,Happy,Happy
RED_065625,Happy,Happy,Happy
RED_065627,Happy,Happy,Happy
RED_065631,Neutral,Neutral,Neutral
RED_065637,Depression,Depression,Depression
RED_065645,Happy,Happy,Happy
RED_065647,Happy,Happy,Happy
RED_065655,Neutral,Neutral,Neutral
RED_065665,Depression,Depression,Depression
RED_065666,Depression,Depression,Depression
RED_065677,Happy,Happy,Happy
RED_065684,Neutral,Neutral,Neutral
RED_065689,Depression,Depression,Depression
RED_065694,Happy,Happy,Happy
RED_065716,Happy,Happy,Happy
RED_065719,Depression,Depression,Depression
RED_065725,Happy,Happy,Happy
RED_065738,Neutral,Neutral,Neutral
RED_065740,Neutral,Neutral,Neutral
RED_065742,Neutral,Neutral,Neutral
RED_065755,Happy,Happy,Happy
RED_065760,Happy,Happy,Happy
RED_065762,Happy,Happy,Happy
RED_065783,Depression,Depression,Depression
RED_065787,Neutral,Neutral,Neutral
RED_065793,Depression,Depression,Depression
RED_065855,Neutral,Neutral,Neutral
RED_065871,Happy,Happy,Happy
RED_065877,Depression,Depression,Depression
RED_065886,Depression,Depression,Depression
RED_065904,Happy,Happy,Happy
RED_065905,Depression,Depression,Depression
RED_065909,Depression,Depression,Depression
RED_065928,Happy,Happy,Happy
RED_065929,Depression,Depression,Depression
RED_065936,Happy,Neutral,Neutral
RED_065939,Depression,Depression,Depression
RED_065941,Neutral,Neutral,Neutral
RED_065987,Depression,Depression,Depression
RED_065993,Neutral,Neutral,Neutral
RED_065997,Depression,Depression,Depression
RED_066002,Depression,Depression,Depression
RED_066010,Happy,Happy,Happy
RED_066031,Depression,Depression,Depression
RED_066038,Depression,Depression,Depression
RED_066045,Neutral,Neutral,Neutral
RED_066059,Depression,Depression,Depression
RED_066071,Depression,Depression,Depression
RED_066081,Happy,Happy,Happy
RED_066089,Depression,Depression,Depression
RED_066106,Happy,Happy,Happy
RED_066118,Depression,Depression,Depression
RED_066120,Neutral,Neutral,Neutral
RED_066136,Neutral,Neutral,Neutral
RED_066140,Depression,Depression,Depression
RED_066146,Depression,Depression,Depression
RED_066152,Neutral,Neutral,Neutral
RED_066155,Depression,Depression,Depression
RED_066156,Depression,Depression,Depression
RED_066165,Depression,Depression,Depression
RED_066180,Happy,Happy,Happy
RED_066185,Neutral,Neutral,Neutral
RED_066201,Neutral,Neutral,Neutral
RED_066207,Happy,Happy,Happy
RED_066213,Neutral,Neutral,Neutral
RED_066217,Happy,Happy,Happy
RED_066223,Depression,Depression,Depression
RED_066238,Neutral,Neutral,Neutral
RED_066255,Depression,Depression,Depression
RED_066280,Depression,Depression,Depression
RED_066287,Depression,Depression,Depression
RED_066292,Neutral,Neutral,Neutral
RED_066293,Depression,Depression,Depression
RED_066295,Happy,Happy,Happy
RED_066298,Happy,Happy,Happy
RED_066300,Neutral,Neutral,Neutral
RED_066319,Happy,Happy,Happy
RED_066326,Depression,Depression,Depression
RED_066347,Happy,Happy,Happy
RED_066355,Happy,Happy,Happy
RED_066362,Happy,Depression,Depression
RED_066383,Happy,Happy,Happy
RED_066399,Happy,Happy,Happy
RED_066400,Neutral,Neutral,Neutral
RED_066422,Neutral,Neutral,Neutral
RED_066427,Happy,Happy,Happy
RED_066432,Neutral,Neutral,Neutral
RED_066463,Happy,Happy,Happy
RED_066469,Depression,Depression,Depression
RED_066472,Happy,Happy,Happy
RED_066480,Happy,Depression,Depression
RED_066502,Happy,Neutral,Neutral
RED_066505,Neutral,Neutral,Neutral
RED_066514,Happy,Happy,Happy
RED_066527,Happy,Happy,Happy
RED_066556,Happy,Happy,Happy
RED_066570,Happy,Happy,Happy
RED_066577,Depression,Depression,Depression
RED_066585,Happy,Happy,Happy
RED_066597,Depression,Depression,Depression
RED_066610,Neutral,Neutral,Neutral
RED_066611,Depression,Happy,Happy
RED_066619,Happy,Happy,Happy
RED_066633,Depression,Happy,Happy
RED_066657,Depression,Depression,Depression
RED_066664,Depression,Depression,Depression
RED_066677,Depression,Depression,Depression
RED_066681,Neutral,Neutral,Neutral
RED_066682,Neutral,Neutral,Neutral
RED_066710,Depression,Depression,Depression
RED_066722,Happy,Happy,Happy
RED_066726,Happy,Happy,Happy
RED_066729,Neutral,Neutral,Neutral
RED_066737,Neutral,Neutral,Neutral
RED_066767,Neutral,Neutral,Neutral
RED_066770,Happy,Happy,Happy
RED_066788,Happy,Happy,Happy
RED_066808,Happy,Happy,Happy
RED_066837,Neutral,Neutral,Neutral
RED_066839,Happy,Happy,Happy
RED_066854,Neutral,Neutral,Neutral
RED_066873,Neutral,Neutral,Neutral
RED_066878,Neutral,Neutral,Neutral
RED_066892,Depression,Depression,Depression
RED_066898,Depression,Depression,Depression
RED_066907,Happy,Happy,Happy
RED_066909,Happy,Happy,Happy
RED_066917,Happy,Happy,Happy
RED_066932,Happy,Happy,Happy
RED_066935,Neutral,Neutral,Neutral
RED_066941,Neutral,Neutral,Neutral
RED_066965,Happy,Happy,Happy
RED_066979,Depression,Depression,Depression
RED_066982,Depression,Depression,Depression
RED_066983,Neutral,Neutral,Neutral
RED_067012,Happy,Happy,Happy
RED_067029,Happy,Depression,Depression
RED_067031,Depression,Depression,Depression
RED_067033,Neutral,Neutral,Neutral
RED_067043,Depression,Depression,Depression
RED_067044,Happy,Happy,Happy
RED_067049,Neutral,Neutral,Neutral
RED_067058,Happy,Happy,Happy
RED_067078,Happy,Happy,Happy
RED_067085,Depression,Neutral,Neutral
RED_067092,Neutral,Neutral,Neutral
RED_067097,Happy,Happy,Happy
RED_067103,Happy,Happy,Happy
RED_067120,Neutral,Neutral,Neutral
RED_067122,Happy,Happy,Happy
RED_067128,Depression,Depression,Depression
RED_067134,Happy,Happy,Happy
RED_067148,Depression,Depression,Depression
RED_067154,Depression,Depression,Depression
RED_067156,Depression,Depression,Depression
RED_067160,Happy,Happy,Happy
RED_067163,Happy,Happy,Happy
RED_067168,Neutral,Neutral,Neutral
RED_067169,Depression,Depression,Depression
RED_067176,Neutral,Neutral,Neutral
RED_067179,Happy,Happy,Happy
RED_067183,Neutral,Neutral,Neutral
RED_067199,Happy,Happy,Happy
RED_067206,Neutral,Neutral,Neutral
RED_067208,Neutral,Neutral,Neutral
RED_067210,Happy,Happy,Happy
RED_067237,Depression,Happy,Happy
RED_067245,Depression,Depression,Depression
RED_067246,Happy,Happy,Happy
RED_067249,Neutral,Neutral,Neutral
RED_067253,Neutral,Neutral,Neutral
RED_067287,Depression,Depression,Depression
RED_067293,Neutral,Neutral,Neutral
RED_067295,Depression,Depression,Depression
RED_067308,Happy,Happy,Happy
RED_067318,Depression,Depression,Depression
RED_067320,Neutral,Neutral,Neutral
RED_067323,Depression,Depression,Depression
RED_067328,Happy,Happy,Happy
RED_067330,Happy,Happy,Happy
RED_067333,Depression,Depression,Depression
RED_067334,Depression,Depression,Depression
RED_067338,Depression,Depression,Depression
RED_067341,Depression,Depression,Depression
RED_067344,Happy,Depression,Depression
RED_067355,Depression,Depression,Depression
RED_067358,Happy,Happy,Happy
RED_067359,Depression,Depression,Depression
RED_067360,Depression,Depression,Depression
RED_067367,Happy,Happy,Happy
RED_067387,Depression,Depression,Depression
RED_067390,Neutral,Neutral,Neutral
RED_067398,Depression,Depression,Depression
RED_067404,Depression,Depression,Depression
RED_067408,Neutral,Neutral,Neutral
RED_067414,Depression,Neutral,Neutral
RED_067430,Neutral,Neutral,Neutral
RED_067456,Happy,Happy,Happy
RED_067460,Depression,Depression,Depression
RED_067473,Happy,Happy,Happy
RED_067483,Depression,Depression,Depression
RED_067490,Happy,Happy,Happy
RED_067493,Happy,Happy,Happy
RED_067516,Neutral,Neutral,Neutral
RED_067535,Depression,Depression,Depression
RED_067537,Neutral,Neutral,Neutral
RED_067542,Neutral,Neutral,Neutral
RED_067556,Neutral,Neutral,Neutral
RED_067568,Neutral,Neutral,Neutral
RED_067571,Neutral,Neutral,Neutral
RED_067573,Neutral,Neutral,Neutral
RED_067592,Neutral,Neutral,Neutral
RED_067599,Neutral,Neutral,Neutral
RED_067604,Neutral,Neutral,Neutral
RED_067605,Depression,Depression,Depression
RED_067606,Neutral,Neutral,Neutral
RED_067611,Neutral,Neutral,Neutral
RED_067613,Happy,Happy,Happy
RED_067620,Happy,Happy,Happy
RED_067638,Depression,Depression,Depression
RED_067656,Neutral,Neutral,Neutral
RED_067664,Happy,Happy,Happy
RED_067672,Depression,Depression,Depression
RED_067681,Happy,Happy,Happy
RED_067682,Happy,Happy,Happy
RED_067694,Depression,Depression,Depression
RED_067737,Happy,Happy,Happy
RED_067739,Happy,Happy,Happy
RED_067764,Happy,Happy,Happy
RED_067767,Depression,Depression,Depression
RED_067776,Neutral,Neutral,Neutral
RED_067803,Depression,Depression,Depression
RED_067849,Happy,Happy,Happy
RED_067853,Depression,Depression,Depression
RED_067879,Happy,Happy,Happy
RED_067880,Depression,Depression,Depression
RED_067884,Depression,Depression,Depression
RED_067899,Neutral,Neutral,Neutral
RED_067906,Happy,Happy,Happy
RED_067909,Neutral,Happy,Happy
RED_067919,Depression,Depression,Depression
RED_067921,Depression,Depression,Depression
RED_067926,Neutral,Neutral,Neutral
RED_067928,Happy,Happy,Happy
RED_067929,Neutral,Neutral,Neutral
RED_067940,Neutral,Neutral,Neutral
RED_067945,Happy,Happy,Happy
RED_067953,Happy,Happy,Happy
RED_067958,Depression,Depression,Depression
RED_067967,Neutral,Neutral,Neutral
RED_067975,Neutral,Neutral,Neutral
RED_067980,Neutral,Neutral,Neutral
RED_067986,Depression,Depression,Depression
RED_067997,Depression,Depression,Depression
RED_067998,Happy,Happy,Happy
RED_068000,Depression,Depression,Depression
RED_068007,Depression,Depression,Depression
RED_068008,Depression,Depression,Depression
RED_068012,Depression,Depression,Depression
RED_068025,Depression,Depression,Depression
RED_068031,Neutral,Neutral,Neutral
RED_068055,Happy,Happy,Happy
RED_068058,Depression,Depression,Depression
RED_068088,Depression,Happy,Depression
RED_068094,Neutral,Neutral,Neutral
RED_068095,Happy,Happy,Happy
RED_068099,Neutral,Neutral,Neutral
RED_068113,Depression,Depression,Depression
RED_068117,Happy,Happy,Happy
RED_068125,Happy,Happy,Happy
RED_068143,Neutral,Neutral,Neutral
RED_068144,Neutral,Neutral,Neutral
RED_068145,Happy,Happy,Happy
RED_068169,Happy,Happy,Happy
RED_068171,Neutral,Neutral,Neutral
RED_068180,Happy,Happy,Happy
RED_068181,Happy,Happy,Happy
RED_068182,Neutral,Neutral,Neutral
RED_068185,Neutral,Neutral,Neutral
RED_068186,Neutral,Neutral,Neutral
RED_068189,Happy,Happy,Happy
RED_068197,Happy,Happy,Happy
RED_068214,Depression,Depression,Depression
RED_068220,Depression,Depression,Depression
RED_068222,Depression,Neutral,Neutral
RED_068231,Depression,Depression,Depression
RED_068263,Depression,Depression,Depression
RED_068267,Neutral,Neutral,Neutral
RED_068276,Happy,Happy,Happy
RED_068280,Neutral,Neutral,Neutral
RED_068281,Neutral,Neutral,Neutral
RED_068290,Happy,Happy,Happy
RED_068303,Neutral,Neutral,Neutral
RED_068313,Neutral,Neutral,Neutral
RED_068320,Neutral,Neutral,Neutral
RED_068331,Happy,Happy,Happy
RED_068335,Depression,Depression,Depression
RED_068364,Depression,Happy,Depression
RED_068396,Depression,Depression,Depression
RED_068405,Happy,Happy,Happy
RED_068428,Neutral,Neutral,Neutral
RED_068432,Neutral,Neutral,Neutral
RED_068439,Neutral,Neutral,Neutral
RED_068502,Neutral,Neutral,Neutral
RED_068542,Depression,Depression,Depression
RED_068549,Happy,Happy,Happy
RED_068554,Neutral,Neutral,Neutral
RED_068557,Depression,Depression,Depression
RED_068571,Happy,Happy,Happy
RED_068579,Depression,Depression,Depression
RED_068584,Neutral,Neutral,Neutral
RED_068647,Depression,Depression,Depression
RED_068661,Happy,Happy,Happy
RED_068710,Depression,Depression,Depression
RED_068720,Depression,Depression,Depression
RED_068724,Happy,Happy,Happy
RED_068729,Neutral,Neutral,Neutral
RED_068739,Depression,Depression,Depression
RED_068746,Neutral,Neutral,Neutral
RED_068747,Neutral,Neutral,Neutral
RED_068757,Depression,Depression,Depression
RED_068762,Depression,Depression,Depression
RED_068791,Neutral,Neutral,Neutral
RED_068805,Neutral,Neutral,Neutral
RED_068834,Neutral,Happy,Happy
RED_068856,Happy,Happy,Happy
RED_068857,Happy,Happy,Happy
RED_068860,Depression,Depression,Depression
RED_068870,Depression,Depression,Depression
RED_068878,Neutral,Neutral,Neutral
RED_068884,Neutral,Neutral,Neutral
RED_068889,Depression,Depression,Depression
RED_068960,Happy,Happy,Happy
RED_068976,Neutral,Happy,Happy
RED_068984,Neutral,Neutral,Happy
RED_069011,Happy,Happy,Happy
RED_069030,Depression,Depression,Depression
RED_069041,Depression,Depression,Depression
RED_069066,Neutral,Neutral,Neutral
RED_069078,Neutral,Neutral,Neutral
RED_069097,Depression,Depression,Depression
RED_069099,Happy,Happy,Happy
RED_069100,Neutral,Neutral,Neutral
RED_069107,Happy,Happy,Happy
RED_069128,Depression,Depression,Depression
RED_069132,Depression,Depression,Depression
RED_069151,Neutral,Neutral,Neutral
RED_069154,Happy,Happy,Happy
RED_069157,Depression,Depression,Depression
RED_069167,Depression,Depression,Depression
RED_069182,Depression,Depression,Depression
RED_069188,Neutral,Neutral,Neutral
RED_069189,Neutral,Neutral,Neutral
RED_069200,Depression,Depression,Depression
RED_069201,Happy,Happy,Happy
RED_069219,Neutral,Neutral,Neutral
RED_069232,Depression,Depression,Depression
RED_069234,Neutral,Neutral,Neutral
RED_069235,Depression,Depression,Depression
RED_069253,Happy,Happy,Happy
RED_069262,Neutral,Neutral,Neutral
RED_069264,Neutral,Neutral,Neutral
RED_069265,Happy,Happy,Happy
RED_069283,Neutral,Neutral,Neutral
RED_069297,Neutral,Neutral,Neutral
RED_069302,Depression,Depression,Depression
RED_069333,Neutral,Neutral,Neutral
RED_069336,Depression,Depression,Depression
RED_069337,Happy,Happy,Happy
RED_069340,Neutral,Neutral,Neutral
RED_069351,Depression,Depression,Depression
RED_069371,Neutral,Neutral,Neutral
RED_069384,Happy,Happy,Happy
RED_069408,Neutral,Neutral,Neutral
RED_069424,Depression,Happy,Depression
RED_069425,Neutral,Neutral,Neutral
RED_069435,Happy,Happy,Happy
RED_069439,Depression,Depression,Depression
RED_069442,Happy,Happy,Happy
RED_069463,Neutral,Neutral,Neutral
RED_069464,Depression,Depression,Depression
RED_069482,Depression,Depression,Depression
RED_069487,Depression,Depression,Depression
RED_069490,Depression,Depression,Depression
RED_069497,Depression,Depression,Depression
RED_069502,Happy,Happy,Happy
RED_069523,Depression,Happy,Happy
RED_069525,Neutral,Neutral,Neutral
RED_069540,Depression,Happy,Happy
RED_069552,Neutral,Neutral,Neutral
RED_069553,Happy,Happy,Happy
RED_069559,Depression,Depression,Depression
RED_069565,Depression,Depression,Depression
RED_069570,Depression,Depression,Depression
RED_069591,Neutral,Neutral,Neutral
RED_069610,Happy,Happy,Happy
RED_069613,Neutral,Neutral,Neutral
RED_069627,Neutral,Neutral,Neutral
RED_069636,Depression,Depression,Depression
RED_069640,Neutral,Neutral,Neutral
RED_069649,Happy,Happy,Happy
RED_069663,Depression,Depression,Depression
RED_069668,Happy,Happy,Happy
RED_069690,Depression,Depression,Depression
RED_069692,Happy,Happy,Happy
RED_069693,Depression,Depression,Depression
RED_069696,Happy,Happy,Happy
RED_069703,Neutral,Neutral,Neutral
RED_069705,Neutral,Neutral,Neutral
RED_069706,Happy,Happy,Happy
RED_069707,Depression,Depression,Depression
RED_069712,Depression,Depression,Depression
RED_069724,Neutral,Neutral,Neutral
RED_069726,Depression,Depression,Depression
RED_069747,Neutral,Neutral,Neutral
RED_069748,Depression,Depression,Depression
RED_069752,Happy,Happy,Happy
RED_069753,Happy,Happy,Happy
RED_069783,Neutral,Neutral,Neutral
RED_069785,Happy,Happy,Happy
RED_069786,Depression,Depression,Depression
RED_069789,Happy,Happy,Happy
RED_069808,Happy,Happy,Happy
RED_069813,Depression,Depression,Depression
RED_069817,Neutral,Neutral,Neutral
RED_069824,Depression,Depression,Depression
RED_069836,Depression,Depression,Depression
RED_069839,Neutral,Neutral,Neutral
RED_069840,Depression,Depression,Depression
RED_069841,Neutral,Neutral,Neutral
RED_069855,Neutral,Neutral,Neutral
RED_069870,Depression,Depression,Depression
RED_069877,Depression,Depression,Depression
RED_069897,Depression,Depression,Depression
RED_069910,Neutral,Neutral,Neutral
RED_069920,Depression,Depression,Depression
RED_069923,Depression,Depression,Depression
RED_069929,Depression,Depression,Depression
RED_069945,Depression,Depression,Depression
RED_069946,Happy,Happy,Happy
RED_069947,Neutral,Neutral,Neutral
RED_069962,Depression,Depression,Depression
RED_069973,Neutral,Neutral,Neutral
RED_069979,Neutral,Neutral,Neutral
RED_070015,Neutral,Neutral,Neutral
RED_070033,Depression,Depression,Depression
RED_070049,Depression,Depression,Depression
RED_070055,Neutral,Neutral,Neutral
RED_070086,Neutral,Neutral,Neutral
RED_070102,Neutral,Neutral,Neutral
RED_070103,Depression,Depression,Depression
RED_070115,Neutral,Neutral,Neutral
RED_070123,Depression,Happy,Happy
RED_070125,Depression,Depression,Depression
RED_070130,Depression,Depression,Depression
RED_070134,Depression,Depression,Depression
RED_070139,Neutral,Neutral,Neutral
RED_070164,Depression,Depression,Depression
RED_070168,Happy,Happy,Happy
RED_070169,Happy,Happy,Happy
RED_070177,Neutral,Neutral,Neutral
RED_070181,Happy,Happy,Happy
RED_070185,Depression,Depression,Depression
RED_070209,Happy,Happy,Happy
RED_070211,Depression,Depression,Depression
RED_070223,Depression,Depression,Depression
RED_070237,Neutral,Neutral,Neutral
RED_070243,Depression,Depression,Depression
RED_070244,Happy,Happy,Happy
RED_070246,Happy,Happy,Happy
RED_070261,Happy,Happy,Happy
RED_070270,Neutral,Neutral,Neutral
RED_070281,Depression,Depression,Depression
RED_070295,Neutral,Neutral,Neutral
RED_070313,Neutral,Neutral,Neutral
RED_070352,Happy,Happy,Happy
RED_070354,Neutral,Neutral,Neutral
RED_070375,Neutral,Neutral,Neutral
RED_070377,Neutral,Neutral,Neutral
RED_070380,Happy,Happy,Happy
RED_070416,Depression,Depression,Depression
RED_070423,Neutral,Neutral,Neutral
RED_070431,Depression,Depression,Depression
RED_070437,Depression,Depression,Depression
RED_070439,Depression,Depression,Depression
RED_070444,Depression,Depression,Depression
RED_070448,Neutral,Neutral,Neutral
RED_070452,Neutral,Neutral,Neutral
RED_070456,Neutral,Neutral,Neutral
RED_070466,Happy,Happy,Happy
RED_070478,Depression,Depression,Depression
RED_070483,Neutral,Neutral,Neutral
RED_070496,Depression,Depression,Depression
RED_070506,Happy,Happy,Happy
RED_070512,Happy,Happy,Happy
RED_070526,Depression,Depression,Depression
RED_070529,Depression,Depression,Depression
RED_070549,Happy,Happy,Happy
RED_070579,Depression,Depression,Depression
RED_070589,Neutral,Neutral,Neutral
RED_070603,Neutral,Neutral,Neutral
RED_070608,Neutral,Neutral,Neutral
RED_070620,Happy,Happy,Happy
RED_070637,Happy,Happy,Happy
RED_070638,Depression,Depression,Depression
RED_070639,Depression,Happy,Happy
RED_070641,Happy,Happy,Happy
RED_070650,Neutral,Happy,Happy
RED_070657,Depression,Depression,Depression
RED_070660,Happy,Happy,Happy
RED_070665,Depression,Depression,Depression
RED_070669,Depression,Depression,Depression
RED_070670,Neutral,Neutral,Neutral
RED_070674,Happy,Happy,Happy
RED_070680,Happy,Happy,Happy
RED_070691,Depression,Depression,Depression
RED_070698,Depression,Depression,Depression
RED_070699,Neutral,Neutral,Neutral
RED_070702,Neutral,Neutral,Neutral
RED_070705,Neutral,Neutral,Neutral
RED_070712,Depression,Depression,Depression
RED_070719,Depression,Depression,Depression
RED_070723,Happy,Happy,Happy
RED_070729,Happy,Happy,Happy
RED_070736,Depression,Depression,Depression
RED_070743,Depression,Depression,Depression
RED_070753,Depression,Depression,Depression
RED_070754,Happy,Happy,Happy
RED_070781,Neutral,Neutral,Neutral
RED_070797,Depression,Depression,Depression
RED_070800,Neutral,Neutral,Neutral
RED_070841,Depression,Depression,Depression
RED_070852,Depression,Depression,Depression
RED_070862,Depression,Depression,Depression
RED_070871,Depression,Depression,Depression
RED_070886,Neutral,Neutral,Neutral
RED_070890,Happy,Happy,Happy
RED_070897,Neutral,Neutral,Neutral
RED_070907,Happy,Happy,Happy
RED_070912,Happy,Happy,Happy
RED_070918,Happy,Happy,Happy
RED_070926,Happy,Happy,Happy
RED_070952,Neutral,Neutral,Neutral
RED_070958,Depression,Depression,Depression
RED_070968,Depression,Depression,Depression
RED_070978,Neutral,Neutral,Neutral
RED_070984,Neutral,Neutral,Neutral
RED_071006,Depression,Depression,Depression
RED_071017,Depression,Depression,Depression
RED_071024,Happy,Happy,Happy
RED_071040,Depression,Depression,Depression
RED_071125,Happy,Happy,Happy
RED_071138,Depression,Depression,Depression
RED_071155,Depression,Depression,Depression
RED_071157,Depression,Depression,Depression
RED_071163,Depression,Depression,Depression
RED_071201,Neutral,Neutral,Neutral
RED_071202,Happy,Happy,Happy
RED_071219,Happy,Happy,Happy
RED_071226,Happy,Happy,Happy
RED_071229,Happy,Happy,Happy
RED_071244,Depression,Depression,Depression
RED_071245,Happy,Happy,Happy
RED_071251,Happy,Depression,Depression
RED_071282,Depression,Depression,Depression
RED_071289,Depression,Depression,Depression
RED_071292,Neutral,Neutral,Neutral
RED_071311,Depression,Depression,Depression
RED_071326,Happy,Happy,Happy
RED_071331,Happy,Depression,Depression
RED_071339,Depression,Depression,Depression
RED_071370,Neutral,Neutral,Neutral
RED_071374,Neutral,Neutral,Neutral
RED_071377,Depression,Depression,Depression
RED_071378,Happy,Happy,Happy
RED_071411,Depression,Depression,Depression
RED_071412,Happy,Happy,Happy
RED_071426,Neutral,Neutral,Neutral
RED_071427,Happy,Happy,Happy
RED_071436,Depression,Depression,Depression
RED_071459,Depression,Depression,Depression
RED_071474,Depression,Depression,Depression
RED_071492,Neutral,Neutral,Neutral
RED_071507,Depression,Depression,Depression
RED_071525,Happy,Happy,Happy
RED_071549,Depression,Depression,Depression
RED_071552,Depression,Depression,Depression
RED_071566,Depression,Depression,Depression
RED_071577,Depression,Depression,Depression
RED_071578,Happy,Happy,Happy
RED_071579,Depression,Depression,Depression
RED_071603,Neutral,Neutral,Neutral
RED_071616,Depression,Depression,Depression
RED_071619,Happy,Happy,Happy
RED_071642,Happy,Happy,Happy
RED_071646,Depression,Depression,Depression
RED_071663,Depression,Depression,Depression
RED_071667,Depression,Depression,Depression
RED_071680,Neutral,Neutral,Neutral
RED_071684,Happy,Happy,Happy
RED_071689,Happy,Happy,Happy
RED_071708,Neutral,Neutral,Neutral
RED_071714,Depression,Depression,Depression
RED_071724,Happy,Happy,Happy
RED_071726,Neutral,Neutral,Neutral
RED_071744,Neutral,Neutral,Neutral
RED_071745,Happy,Happy,Happy
RED_071777,Neutral,Neutral,Neutral
RED_071780,Depression,Depression,Depression
RED_071784,Neutral,Neutral,Neutral
RED_071791,Depression,Depression,Depression
RED_071794,Happy,Happy,Happy
RED_071808,Happy,Happy,Happy
RED_071819,Depression,Depression,Depression
RED_071820,Depression,Depression,Depression
RED_071824,Neutral,Neutral,Neutral
RED_071830,Depression,Depression,Depression
RED_071834,Neutral,Neutral,Neutral
RED_071840,Neutral,Neutral,Neutral
RED_071847,Neutral,Neutral,Neutral
RED_071851,Happy,Happy,Happy
RED_071859,Depression,Depression,Depression
RED_071866,Depression,Depression,Depression
RED_071869,Depression,Depression,Depression
RED_071871,Happy,Happy,Happy
RED_071876,Happy,Happy,Happy
RED_071888,Depression,Depression,Depression
RED_071890,Depression,Depression,Depression
RED_071894,Happy,Happy,Happy
RED_071898,Happy,Happy,Happy
RED_071902,Neutral,Neutral,Neutral
RED_071916,Happy,Happy,Happy
RED_071918,Neutral,Neutral,Neutral
RED_071932,Happy,Happy,Happy
RED_071968,Depression,Depression,Depression
RED_071993,Depression,Depression,Depression
RED_071994,Happy,Happy,Happy
RED_071997,Neutral,Neutral,Neutral
RED_072009,Neutral,Neutral,Neutral
RED_072032,Neutral,Neutral,Neutral
RED_072044,Happy,Depression,Depression
RED_072053,Neutral,Neutral,Neutral
RED_072054,Neutral,Neutral,Neutral
RED_072055,Happy,Happy,Happy
RED_072077,Neutral,Neutral,Neutral
RED_072078,Neutral,Neutral,Neutral
RED_072081,Neutral,Neutral,Neutral
RED_072087,Depression,Depression,Depression
RED_072096,Depression,Depression,Depression
RED_072113,Depression,Depression,Depression
RED_072119,Depression,Depression,Depression
RED_072120,Depression,Depression,Depression
RED_072123,Happy,Happy,Happy
RED_072143,Neutral,Neutral,Neutral
RED_072149,Depression,Depression,Depression
RED_072171,Depression,Depression,Depression
RED_072176,Neutral,Neutral,Neutral
RED_072178,Happy,Happy,Happy
RED_072186,Depression,Depression,Depression
RED_072205,Depression,Depression,Depression
RED_072206,Neutral,Neutral,Neutral
RED_072222,Neutral,Neutral,Neutral
RED_072225,Happy,Happy,Happy
RED_072231,Happy,Happy,Happy
RED_072232,Depression,Depression,Depression
RED_072236,Happy,Happy,Happy
RED_072237,Neutral,Neutral,Neutral
RED_072238,Depression,Depression,Depression
RED_072254,Happy,Happy,Happy
RED_072258,Depression,Depression,Depression
RED_072263,Neutral,Neutral,Neutral
RED_072282,Neutral,Neutral,Neutral
RED_072287,Neutral,Neutral,Neutral
RED_072288,Neutral,Neutral,Neutral
RED_072298,Neutral,Neutral,Neutral
RED_072300,Depression,Depression,Depression
RED_072302,Depression,Depression,Depression
RED_072308,Neutral,Neutral,Neutral
RED_072318,Neutral,Neutral,Neutral
RED_072334,Neutral,Neutral,Neutral
RED_072345,Depression,Depression,Depression
RED_072373,Neutral,Neutral,Neutral
RED_072387,Depression,Depression,Depression
RED_072402,Happy,Happy,Happy
RED_072408,Happy,Happy,Happy
RED_072413,Neutral,Neutral,Neutral
RED_072432,Depression,Depression,Depression
RED_072459,Neutral,Neutral,Depression
RED_072480,Neutral,Neutral,Neutral
RED_072481,Neutral,Neutral,Neutral
RED_072484,Neutral,Neutral,Neutral
RED_072488,Neutral,Neutral,Neutral
RED_072489,Neutral,Neutral,Neutral
RED_072492,Depression,Depression,Depression
RED_072505,Happy,Happy,Happy
RED_072508,Depression,Depression,Depression
RED_072512,Depression,Depression,Depression
RED_072524,Happy,Happy,Happy
RED_072535,Happy,Happy,Happy
RED_072550,Happy,Happy,Happy
RED_072554,Neutral,Neutral,Neutral
RED_072575,Happy,Happy,Happy
RED_072587,Happy,Happy,Happy
RED_072620,Happy,Happy,Happy
RED_072632,Neutral,Neutral,Neutral
RED_072635,Happy,Happy,Happy
RED_072641,Depression,Depression,Depression
RED_072642,Happy,Happy,Happy
RED_072646,Happy,Happy,Happy
RED_072655,Depression,Depression,Depression
RED_072665,Happy,Happy,Happy
RED_072676,Depression,Depression,Depression
RED_072690,Neutral,Neutral,Neutral
RED_072707,Happy,Happy,Happy
RED_072728,Depression,Depression,Depression
RED_072735,Happy,Happy,Happy
RED_072738,Happy,Happy,Happy
RED_072749,Depression,Depression,Depression
RED_072754,Neutral,Neutral,Neutral
RED_072757,Depression,Depression,Depression
RED_072785,Depression,Depression,Depression
RED_072799,Depression,Depression,Depression
RED_072802,Happy,Happy,Happy
RED_072817,Neutral,Neutral,Neutral
RED_072827,Happy,Happy,Happy
RED_072828,Depression,Depression,Depression
RED_072838,Neutral,Neutral,Neutral
RED_072841,Happy,Happy,Happy
RED_072852,Depression,Depression,Depression
RED_072867,Depression,Depression,Depression
RED_072877,Neutral,Neutral,Neutral
RED_072881,Depression,Depression,Depression
RED_072894,Depression,Depression,Depression
RED_072898,Depression,Depression,Depression
RED_072899,Happy,Happy,Happy
RED_072906,Neutral,Neutral,Neutral
RED_072916,Happy,Happy,Happy
RED_072917,Happy,Happy,Happy
RED_072929,Neutral,Neutral,Neutral
RED_072931,Depression,Depression,Depression
RED_072943,Depression,Depression,Depression
RED_072944,Happy,Happy,Happy
RED_072949,Neutral,Neutral,Neutral
RED_072950,Happy,Happy,Happy
RED_072962,Depression,Depression,Depression
RED_072982,Neutral,Neutral,Neutral
RED_073002,Depression,Depression,Depression
RED_073005,Depression,Depression,Depression
RED_073028,Neutral,Neutral,Neutral
RED_073031,Neutral,Neutral,Neutral
RED_073044,Depression,Depression,Depression
RED_073057,Happy,Happy,Happy
RED_073064,Depression,Depression,Depression
RED_073066,Happy,Happy,Happy
RED_073070,Happy,Happy,Happy
RED_073083,Neutral,Neutral,Neutral
RED_073091,Neutral,Neutral,Neutral
RED_073092,Depression,Depression,Depression
RED_073104,Depression,Depression,Depression
RED_073112,Neutral,Neutral,Neutral
RED_073128,Neutral,Neutral,Neutral
RED_073138,Depression,Depression,Depression
RED_073143,Depression,Depression,Depression
RED_073152,Happy,Happy,Happy
RED_073156,Depression,Depression,Depression
RED_073158,Neutral,Neutral,Neutral
RED_073180,Depression,Depression,Depression
RED_073192,Neutral,Neutral,Neutral
RED_073206,Happy,Happy,Happy
RED_073216,Neutral,Neutral,Neutral
RED_073220,Depression,Depression,Depression
RED_073223,Happy,Happy,Happy
RED_073226,Neutral,Neutral,Neutral
RED_073244,Neutral,Neutral,Neutral
RED_073249,Neutral,Neutral,Neutral
RED_073276,Neutral,Neutral,Neutral
RED_073280,Neutral,Neutral,Neutral
RED_073292,Depression,Depression,Depression
RED_073317,Depression,Depression,Depression
RED_073318,Happy,Happy,Happy
RED_073324,Happy,Happy,Happy
RED_073338,Neutral,Neutral,Neutral
RED_073353,Depression,Happy,Happy
RED_073365,Happy,Happy,Happy
RED_073386,Happy,Happy,Happy
RED_073389,Happy,Depression,Depression
RED_073400,Happy,Happy,Happy
RED_073404,Happy,Happy,Happy
RED_073426,Neutral,Neutral,Neutral
RED_073427,Depression,Depression,Depression
RED_073435,Neutral,Neutral,Neutral
RED_073446,Depression,Depression,Depression
RED_073450,Happy,Happy,Happy
RED_073452,Depression,Happy,Happy
RED_073460,Depression,Depression,Depression
RED_073470,Happy,Happy,Happy
RED_073477,Neutral,Neutral,Neutral
RED_073480,Neutral,Neutral,Neutral
RED_073496,Depression,Depression,Depression
RED_073505,Depression,Depression,Depression
RED_073517,Happy,Happy,Happy
RED_073520,Neutral,Neutral,Neutral
RED_073524,Happy,Happy,Happy
RED_073527,Neutral,Neutral,Neutral
RED_073536,Depression,Depression,Depression
RED_073539,Neutral,Neutral,Neutral
RED_073543,Happy,Happy,Happy
RED_073545,Happy,Happy,Happy
RED_073555,Neutral,Neutral,Neutral
RED_073557,Happy,Happy,Happy
RED_073579,Depression,Depression,Depression
RED_073596,Neutral,Neutral,Neutral
RED_073605,Depression,Depression,Depression
RED_073612,Neutral,Neutral,Neutral
RED_073614,Happy,Happy,Happy
RED_073616,Neutral,Neutral,Neutral
RED_073621,Depression,Depression,Depression
RED_073637,Depression,Depression,Depression
RED_073640,Neutral,Neutral,Neutral
RED_073648,Neutral,Neutral,Neutral
RED_073653,Neutral,Neutral,Neutral
RED_073662,Depression,Depression,Depression
RED_073664,Happy,Happy,Happy
RED_073668,Happy,Happy,Happy
RED_073677,Neutral,Neutral,Neutral
RED_073690,Happy,Happy,Happy
RED_073695,Depression,Depression,Depression
RED_073699,Happy,Depression,Depression
RED_073717,Neutral,Neutral,Neutral
RED_073723,Depression,Depression,Depression
RED_073724,Depression,Depression,Depression
RED_073731,Depression,Depression,Depression
RED_073742,Depression,Depression,Depression
RED_073749,Depression,Depression,Depression
RED_073757,Happy,Happy,Happy
RED_073762,Neutral,Neutral,Neutral
RED_073774,Neutral,Neutral,Neutral
RED_073788,Happy,Happy,Happy
RED_073795,Depression,Happy,Depression
RED_073797,Happy,Happy,Happy
RED_073829,Neutral,Neutral,Neutral
RED_073831,Neutral,Neutral,Neutral
RED_073833,Happy,Happy,Happy
RED_073835,Neutral,Neutral,Neutral
RED_073844,Depression,Depression,Depression
RED_073862,Happy,Happy,Happy
RED_073864,Happy,Happy,Happy
RED_073873,Neutral,Neutral,Neutral
RED_073876,Neutral,Neutral,Neutral
RED_073886,Depression,Depression,Depression
RED_073895,Neutral,Neutral,Neutral
RED_073899,Neutral,Neutral,Neutral
RED_073908,Happy,Happy,Happy
RED_073913,Happy,Happy,Happy
RED_073937,Happy,Happy,Happy
RED_073941,Neutral,Neutral,Neutral
RED_073970,Neutral,Neutral,Neutral
RED_073978,Happy,Happy,Happy
RED_073982,Happy,Happy,Happy
RED_074017,Happy,Happy,Happy
RED_074030,Neutral,Neutral,Neutral
RED_074032,Neutral,Neutral,Neutral
RED_074063,Happy,Happy,Happy
RED_074074,Neutral,Neutral,Neutral
RED_074083,Neutral,Neutral,Neutral
RED_074106,Neutral,Neutral,Neutral
RED_074110,Neutral,Neutral,Neutral
RED_074112,Neutral,Neutral,Neutral
RED_074117,Happy,Happy,Happy
RED_074121,Happy,Happy,Happy
RED_074131,Happy,Happy,Happy
RED_074141,Depression,Depression,Depression
RED_074144,Neutral,Neutral,Neutral
RED_074146,Happy,Happy,Happy
RED_074174,Neutral,Neutral,Neutral
RED_074177,Depression,Depression,Depression
RED_074178,Neutral,Neutral,Neutral
RED_074187,Happy,Happy,Happy
RED_074230,Neutral,Neutral,Neutral
RED_074231,Happy,Happy,Happy
RED_074260,Depression,Depression,Depression
RED_074274,Depression,Depression,Depression
RED_074281,Depression,Depression,Depression
RED_074300,Neutral,Neutral,Neutral
RED_074305,Neutral,Neutral,Neutral
RED_074322,Happy,Happy,Happy
RED_074336,Depression,Depression,Depression
RED_074348,Depression,Depression,Depression
RED_074351,Neutral,Neutral,Neutral
RED_074352,Happy,Happy,Happy
RED_074363,Depression,Depression,Depression
RED_074375,Neutral,Neutral,Neutral
RED_074376,Neutral,Neutral,Neutral
RED_074396,Neutral,Neutral,Neutral
RED_074415,Happy,Happy,Happy
RED_074426,Depression,Depression,Depression
RED_074429,Neutral,Neutral,Neutral
RED_074434,Neutral,Neutral,Neutral
RED_074442,Happy,Happy,Happy
RED_074446,Happy,Happy,Happy
RED_074450,Happy,Happy,Happy
RED_074455,Neutral,Neutral,Neutral
RED_074460,Happy,Happy,Happy
RED_074482,Neutral,Neutral,Neutral
RED_074494,Neutral,Neutral,Neutral
RED_074505,Depression,Depression,Depression
RED_074506,Depression,Depression,Depression
RED_074507,Depression,Depression,Depression
RED_074510,Depression,Depression,Depression
RED_074516,Neutral,Neutral,Neutral
RED_074520,Depression,Depression,Depression
RED_074526,Happy,Happy,Happy
RED_074529,Happy,Happy,Happy
RED_074541,Happy,Happy,Happy
RED_074553,Depression,Depression,Depression
RED_074564,Depression,Depression,Depression
RED_074578,Neutral,Neutral,Neutral
RED_074582,Happy,Depression,Happy
RED_074583,Happy,Happy,Happy
RED_074596,Neutral,Neutral,Neutral
RED_074614,Depression,Depression,Depression
RED_074620,Depression,Depression,Depression
RED_074623,Depression,Depression,Depression
RED_074625,Happy,Happy,Happy
RED_074634,Happy,Happy,Happy
RED_074638,Happy,Happy,Happy
RED_074640,Happy,Happy,Happy
RED_074655,Happy,Happy,Happy
RED_074659,Happy,Happy,Happy
RED_074670,Happy,Happy,Happy
RED_074673,Happy,Happy,Happy
RED_074695,Neutral,Neutral,Neutral
RED_074697,Happy,Happy,Happy
RED_074714,Neutral,Depression,Depression
RED_074724,Happy,Happy,Happy
RED_074729,Depression,Depression,Depression
RED_074802,Depression,Happy,Happy
RED_074819,Happy,Happy,Happy
RED_074824,Neutral,Neutral,Neutral
RED_074841,Happy,Happy,Happy
RED_074854,Depression,Depression,Depression
RED_074868,Depression,Depression,Depression
RED_074874,Neutral,Neutral,Neutral
RED_074886,Neutral,Neutral,Neutral
RED_074887,Depression,Neutral,Depression
RED_074893,Happy,Happy,Happy
RED_074898,Happy,Happy,Happy
RED_074899,Neutral,Neutral,Neutral
RED_074906,Depression,Depression,Depression
RED_074907,Depression,Depression,Depression
RED_074923,Neutral,Neutral,Neutral
RED_074960,Depression,Depression,Depression
RED_074963,Happy,Happy,Happy
RED_074968,Depression,Depression,Depression
RED_074974,Neutral,Neutral,Neutral
RED_074980,Happy,Happy,Happy
RED_074992,Neutral,Neutral,Neutral
RED_075000,Depression,Depression,Depression
RED_075001,Happy,Happy,Happy
RED_075014,Neutral,Neutral,Neutral
RED_075017,Happy,Happy,Happy
RED_075019,Neutral,Neutral,Neutral
RED_075023,Neutral,Neutral,Neutral
RED_075036,Depression,Depression,Depression
RED_075048,Happy,Happy,Happy
RED_075056,Depression,Depression,Depression
RED_075060,Depression,Depression,Depression
RED_075076,Happy,Depression,Depression
RED_075110,Neutral,Neutral,Neutral
RED_075116,Neutral,Neutral,Neutral
RED_075126,Neutral,Neutral,Neutral
RED_075132,Happy,Happy,Happy
RED_075134,Happy,Happy,Happy
RED_075157,Happy,Happy,Happy
RED_075161,Depression,Happy,Happy
RED_075171,Depression,Depression,Depression
RED_075211,Neutral,Neutral,Neutral
RED_075221,Depression,Depression,Depression
RED_075226,Depression,Depression,Depression
RED_075256,Happy,Happy,Happy
RED_075262,Happy,Happy,Happy
RED_075264,Depression,Depression,Depression
RED_075280,Depression,Depression,Depression
RED_075301,Neutral,Neutral,Neutral
RED_075302,Neutral,Neutral,Neutral
RED_075313,Happy,Depression,Depression
RED_075326,Happy,Happy,Happy
RED_075350,Neutral,Neutral,Neutral
RED_075373,Neutral,Neutral,Neutral
RED_075388,Neutral,Neutral,Neutral
RED_075405,Happy,Happy,Happy
RED_075440,Depression,Depression,Depression
RED_075441,Depression,Depression,Depression
RED_075442,Happy,Happy,Happy
RED_075473,Happy,Happy,Happy
RED_075478,Neutral,Neutral,Neutral
RED_075505,Happy,Happy,Happy
RED_075527,Depression,Depression,Depression
RED_075549,Happy,Happy,Happy
RED_075569,Depression,Depression,Depression
RED_075572,Happy,Happy,Happy
RED_075617,Depression,Depression,Depression
RED_075624,Neutral,Neutral,Neutral
RED_075625,Depression,Depression,Depression
RED_075634,Happy,Happy,Happy
RED_075643,Neutral,Neutral,Neutral
RED_075644,Happy,Happy,Happy
RED_075646,Depression,Depression,Depression
RED_075650,Neutral,Neutral,Neutral
RED_075651,Happy,Happy,Happy
RED_075656,Neutral,Neutral,Neutral
RED_075665,Happy,Happy,Happy
RED_075680,Neutral,Neutral,Neutral
RED_075689,Depression,Depression,Depression
RED_075703,Happy,Happy,Happy
RED_075711,Happy,Happy,Happy
RED_075729,Depression,Depression,Depression
RED_075763,Neutral,Neutral,Neutral
RED_075764,Depression,Depression,Depression
RED_075780,Depression,Depression,Depression
RED_075788,Depression,Depression,Depression
RED_075791,Happy,Happy,Happy
RED_075804,Depression,Depression,Depression
RED_075835,Happy,Happy,Happy
RED_075844,Neutral,Neutral,Neutral
RED_075894,Depression,Depression,Depression
RED_075902,Neutral,Neutral,Neutral
RED_075904,Neutral,Happy,Happy
RED_075906,Depression,Depression,Depression
RED_075907,Depression,Depression,Depression
RED_075911,Neutral,Neutral,Neutral
RED_075933,Depression,Depression,Depression
RED_075936,Happy,Happy,Happy
RED_075939,Depression,Depression,Depression
RED_075954,Happy,Happy,Happy
RED_075973,Depression,Depression,Depression
RED_075992,Happy,Happy,Happy
RED_075993,Depression,Depression,Depression
RED_076002,Happy,Happy,Happy
RED_076034,Neutral,Neutral,Neutral
RED_076046,Depression,Depression,Depression
RED_076051,Neutral,Neutral,Neutral
RED_076053,Neutral,Neutral,Neutral
RED_076054,Depression,Depression,Depression
RED_076057,Neutral,Neutral,Neutral
RED_076062,Depression,Depression,Depression
RED_076070,Neutral,Neutral,Neutral
RED_076079,Depression,Depression,Depression
RED_076089,Neutral,Neutral,Neutral
RED_076101,Happy,Happy,Happy
RED_076106,Happy,Happy,Happy
RED_076120,Depression,Depression,Depression
RED_076129,Neutral,Neutral,Neutral
RED_076139,Neutral,Neutral,Neutral
RED_076147,Depression,Depression,Depression
RED_076169,Neutral,Neutral,Neutral
RED_076171,Happy,Happy,Happy
RED_076177,Neutral,Neutral,Neutral
RED_076178,Happy,Happy,Happy
RED_076191,Happy,Happy,Happy
RED_076211,Depression,Depression,Depression
RED_076213,Depression,Depression,Depression
RED_076219,Depression,Depression,Depression
RED_076252,Happy,Happy,Happy
RED_076282,Happy,Happy,Happy
RED_076289,Depression,Depression,Depression
RED_076291,Depression,Depression,Depression
RED_076295,Happy,Happy,Happy
RED_076297,Happy,Happy,Happy
RED_076305,Depression,Depression,Depression
RED_076322,Happy,Happy,Happy
RED_076337,Happy,Happy,Happy
RED_076341,Depression,Depression,Depression
RED_076403,Neutral,Neutral,Neutral
RED_076411,Neutral,Neutral,Neutral
RED_076418,Happy,Happy,Happy
RED_076429,Happy,Happy,Happy
RED_076433,Depression,Depression,Depression
RED_076435,Depression,Depression,Depression
RED_076445,Depression,Depression,Depression
RED_076447,Neutral,Neutral,Neutral
RED_076472,Happy,Happy,Happy
RED_076488,Happy,Happy,Happy
RED_076490,Neutral,Neutral,Neutral
RED_076500,Happy,Happy,Happy
RED_076503,Happy,Happy,Happy
RED_076507,Depression,Depression,Depression
RED_076514,Depression,Depression,Depression
RED_076537,Depression,Depression,Depression
RED_076562,Depression,Depression,Depression
RED_076565,Depression,Depression,Depression
RED_076567,Depression,Depression,Depression
RED_076570,Depression,Depression,Depression
RED_076581,Neutral,Neutral,Neutral
RED_076587,Happy,Happy,Happy
RED_076595,Neutral,Neutral,Neutral
RED_076609,Happy,Happy,Happy
RED_076617,Depression,Depression,Depression
RED_076618,Depression,Depression,Depression
RED_076627,Neutral,Neutral,Neutral
RED_076664,Depression,Happy,Happy
RED_076674,Neutral,Neutral,Neutral
RED_076682,Depression,Neutral,Neutral
RED_076689,Depression,Depression,Depression
RED_076690,Neutral,Neutral,Neutral
RED_076691,Happy,Happy,Happy
RED_076698,Depression,Depression,Depression
RED_076699,Happy,Happy,Happy
RED_076702,Neutral,Neutral,Neutral
RED_076709,Neutral,Neutral,Neutral
RED_076724,Neutral,Neutral,Neutral
RED_076730,Happy,Happy,Happy
RED_076762,Happy,Happy,Happy
RED_076769,Depression,Depression,Depression
RED_076774,Neutral,Neutral,Neutral
RED_076789,Neutral,Neutral,Neutral
RED_076790,Neutral,Neutral,Neutral
RED_076799,Depression,Depression,Depression
RED_076801,Happy,Happy,Happy
RED_076823,Depression,Depression,Depression
RED_076862,Happy,Happy,Happy
RED_076867,Depression,Depression,Depression
RED_076881,Happy,Happy,Happy
RED_076889,Depression,Depression,Depression
RED_076899,Happy,Depression,Depression
RED_076900,Happy,Happy,Happy
RED_076903,Happy,Happy,Happy
RED_076906,Neutral,Neutral,Neutral
RED_076930,Depression,Depression,Depression
RED_076946,Depression,Depression,Depression
RED_076948,Happy,Depression,Depression
RED_076951,Depression,Depression,Depression
RED_076964,Happy,Happy,Happy
RED_076979,Happy,Happy,Happy
RED_076981,Neutral,Neutral,Neutral
RED_076991,Depression,Depression,Depression
RED_077004,Neutral,Neutral,Neutral
RED_077008,Happy,Happy,Happy
RED_077009,Neutral,Neutral,Neutral
RED_077040,Depression,Depression,Depression
RED_077050,Happy,Happy,Happy
RED_077056,Depression,Depression,Depression
RED_077062,Neutral,Neutral,Neutral
RED_077066,Neutral,Neutral,Neutral
RED_077068,Depression,Depression,Depression
RED_077072,Happy,Happy,Happy
RED_077074,Neutral,Neutral,Neutral
RED_077095,Neutral,Neutral,Neutral
RED_077100,Neutral,Neutral,Neutral
RED_077111,Happy,Happy,Happy
RED_077113,Happy,Happy,Happy
RED_077114,Neutral,Neutral,Neutral
RED_077136,Happy,Happy,Happy
RED_077158,Neutral,Neutral,Neutral
RED_077163,Depression,Depression,Depression
RED_077165,Depression,Depression,Depression
RED_077170,Depression,Happy,Happy
RED_077174,Neutral,Neutral,Neutral
RED_077180,Happy,Happy,Happy
RED_077185,Neutral,Neutral,Neutral
RED_077193,Neutral,Neutral,Neutral
RED_077221,Happy,Happy,Happy
RED_077222,Depression,Depression,Depression
RED_077257,Happy,Happy,Happy
RED_077281,Happy,Depression,Depression
RED_077286,Neutral,Neutral,Neutral
RED_077293,Happy,Happy,Happy
RED_077298,Neutral,Neutral,Neutral
RED_077300,Happy,Happy,Happy
RED_077315,Neutral,Neutral,Neutral
RED_077323,Depression,Depression,Depression
RED_077329,Neutral,Neutral,Neutral
RED_077334,Happy,Happy,Happy
RED_077368,Happy,Happy,Happy
RED_077380,Depression,Depression,Depression
RED_077395,Happy,Happy,Happy
RED_077402,Happy,Happy,Happy
RED_077404,Happy,Happy,Happy
RED_077420,Happy,Happy,Happy
RED_077433,Happy,Happy,Happy
RED_077448,Happy,Happy,Happy
RED_077454,Happy,Depression,Depression
RED_077468,Depression,Depression,Depression
RED_077473,Depression,Depression,Depression
RED_077494,Depression,Depression,Depression
RED_077501,Happy,Happy,Happy
RED_077511,Neutral,Neutral,Neutral
RED_077516,Depression,Depression,Depression
RED_077547,Happy,Happy,Happy
RED_077556,Happy,Happy,Happy
RED_077563,Neutral,Neutral,Neutral
RED_077571,Depression,Depression,Depression
RED_077578,Depression,Depression,Depression
RED_077590,Happy,Happy,Happy
RED_077607,Depression,Depression,Depression
RED_077624,Happy,Happy,Happy
RED_077635,Neutral,Neutral,Neutral
RED_077645,Neutral,Neutral,Neutral
RED_077650,Neutral,Neutral,Neutral
RED_077651,Neutral,Neutral,Neutral
RED_077653,Happy,Happy,Happy
RED_077654,Neutral,Neutral,Neutral
RED_077660,Depression,Depression,Depression
RED_077671,Depression,Depression,Depression
RED_077676,Neutral,Neutral,Neutral
RED_077678,Happy,Happy,Happy
RED_077685,Neutral,Neutral,Neutral
RED_077686,Happy,Happy,Happy
RED_077700,Neutral,Neutral,Neutral
RED_077704,Neutral,Neutral,Neutral
RED_077710,Depression,Depression,Depression
RED_077750,Happy,Happy,Happy
RED_077760,Happy,Happy,Happy
RED_077779,Depression,Depression,Depression
RED_077788,Happy,Happy,Happy
RED_077792,Depression,Depression,Depression
RED_077800,Happy,Happy,Happy
RED_077815,Depression,Depression,Depression
RED_077824,Depression,Depression,Depression
RED_077834,Depression,Depression,Depression
RED_077847,Depression,Depression,Depression
RED_077889,Depression,Depression,Depression
RED_077890,Neutral,Neutral,Neutral
RED_077899,Depression,Depression,Depression
RED_077954,Happy,Depression,Depression
RED_077962,Happy,Happy,Happy
RED_077966,Depression,Depression,Depression
RED_077994,Happy,Happy,Happy
RED_078012,Happy,Happy,Happy
RED_078015,Happy,Happy,Happy
RED_078021,Neutral,Neutral,Neutral
RED_078055,Depression,Depression,Depression
RED_078059,Happy,Happy,Happy
RED_078064,Depression,Depression,Depression
RED_078083,Happy,Happy,Happy
RED_078087,Happy,Happy,Happy
RED_078089,Neutral,Neutral,Neutral
RED_078105,Depression,Depression,Depression
RED_078120,Depression,Depression,Depression
RED_078135,Depression,Depression,Depression
RED_078159,Happy,Happy,Happy
RED_078161,Happy,Happy,Happy
RED_078163,Depression,Depression,Depression
RED_078177,Neutral,Neutral,Neutral
RED_078180,Happy,Happy,Happy
RED_078182,Happy,Happy,Happy
RED_078186,Happy,Happy,Happy
RED_078190,Happy,Happy,Happy
RED_078193,Neutral,Neutral,Neutral
RED_078210,Depression,Depression,Depression
RED_078214,Neutral,Neutral,Neutral
RED_078223,Happy,Happy,Happy
RED_078228,Depression,Depression,Depression
RED_078229,Neutral,Neutral,Neutral
RED_078246,Happy,Happy,Happy
RED_078255,Happy,Happy,Happy
RED_078266,Depression,Depression,Depression
RED_078269,Happy,Happy,Happy
RED_078276,Depression,Depression,Depression
RED_078290,Neutral,Neutral,Neutral
RED_078295,Happy,Happy,Happy
RED_078302,Neutral,Neutral,Neutral
RED_078304,Happy,Happy,Happy
RED_078308,Depression,Depression,Depression
RED_078311,Neutral,Neutral,Neutral
RED_078327,Happy,Happy,Happy
RED_078330,Neutral,Neutral,Neutral
RED_078334,Depression,Depression,Depression
RED_078339,Depression,Depression,Depression
RED_078340,Happy,Happy,Happy
RED_078344,Happy,Happy,Happy
RED_078349,Happy,Happy,Happy
RED_078358,Depression,Depression,Depression
RED_078359,Depression,Depression,Depression
RED_078365,Neutral,Neutral,Neutral
RED_078379,Depression,Depression,Depression
RED_078380,Happy,Happy,Happy
RED_078414,Depression,Depression,Depression
RED_078415,Depression,Depression,Depression
RED_078418,Depression,Depression,Depression
RED_078420,Happy,Happy,Happy
RED_078423,Depression,Depression,Depression
RED_078429,Happy,Happy,Happy
RED_078432,Happy,Happy,Happy
RED_078443,Depression,Depression,Depression
RED_078454,Happy,Happy,Happy
RED_078455,Depression,Depression,Depression
RED_078464,Happy,Happy,Happy
RED_078477,Depression,Depression,Depression
RED_078483,Depression,Depression,Depression
RED_078485,Neutral,Neutral,Neutral
RED_078486,Depression,Depression,Depression
RED_078494,Neutral,Neutral,Neutral
RED_078496,Neutral,Neutral,Neutral
RED_078497,Neutral,Neutral,Neutral
RED_078503,Happy,Happy,Happy
RED_078504,Neutral,Neutral,Neutral
RED_078531,Depression,Depression,Depression
RED_078541,Happy,Happy,Happy
RED_078559,Neutral,Neutral,Neutral
RED_078562,Depression,Depression,Depression
RED_078575,Depression,Depression,Depression
RED_078587,Happy,Happy,Happy
RED_078595,Depression,Depression,Depression
RED_078596,Depression,Depression,Depression
RED_078597,Depression,Depression,Depression
RED_078601,Depression,Depression,Depression
RED_078609,Neutral,Neutral,Neutral
RED_078627,Neutral,Neutral,Neutral
RED_078660,Happy,Happy,Happy
RED_078675,Neutral,Neutral,Neutral
RED_078676,Neutral,Neutral,Neutral
RED_078686,Happy,Happy,Happy
RED_078687,Happy,Happy,Happy
RED_078690,Happy,Happy,Happy
RED_078706,Happy,Happy,Happy
RED_078722,Happy,Happy,Happy
RED_078725,Depression,Happy,Happy
RED_078737,Happy,Happy,Happy
RED_078740,Neutral,Neutral,Neutral
RED_078743,Depression,Depression,Depression
RED_078746,Depression,Depression,Depression
RED_078772,Neutral,Neutral,Neutral
RED_078803,Happy,Happy,Happy
RED_078830,Depression,Neutral,Neutral
RED_078834,Neutral,Neutral,Neutral
RED_078838,Neutral,Neutral,Neutral
RED_078841,Depression,Depression,Depression
RED_078842,Depression,Depression,Depression
RED_078865,Neutral,Neutral,Neutral
RED_078866,Neutral,Neutral,Neutral
RED_078875,Depression,Depression,Depression
RED_078915,Neutral,Neutral,Neutral
RED_078930,Happy,Happy,Happy
RED_078934,Depression,Depression,Depression
RED_078952,Neutral,Neutral,Neutral
RED_078965,Neutral,Neutral,Neutral
RED_078966,Neutral,Neutral,Neutral
RED_078968,Depression,Depression,Depression
RED_078977,Depression,Depression,Depression
RED_078998,Happy,Happy,Happy
RED_079002,Happy,Happy,Happy
RED_079038,Happy,Depression,Depression
RED_079047,Depression,Depression,Depression
RED_079054,Happy,Happy,Happy
RED_079071,Happy,Happy,Happy
RED_079082,Depression,Depression,Depression
RED_079085,Depression,Depression,Depression
RED_079097,Depression,Depression,Depression
RED_079120,Neutral,Neutral,Neutral
RED_079123,Happy,Happy,Happy
RED_079124,Depression,Depression,Depression
RED_079125,Depression,Depression,Depression
RED_079127,Happy,Happy,Happy
RED_079177,Depression,Depression,Depression
RED_079190,Depression,Depression,Depression
RED_079191,Happy,Happy,Happy
RED_079194,Happy,Happy,Happy
RED_079199,Depression,Depression,Depression
RED_079222,Depression,Depression,Depression
RED_079226,Happy,Happy,Happy
RED_079227,Depression,Depression,Depression
RED_079252,Happy,Happy,Happy
RED_079253,Happy,Happy,Happy
RED_079277,Happy,Happy,Happy
RED_079318,Happy,Happy,Happy
RED_079319,Happy,Happy,Happy
RED_079339,Depression,Depression,Depression
RED_079354,Depression,Depression,Depression
RED_079374,Happy,Happy,Happy
RED_079377,Depression,Depression,Depression
RED_079398,Depression,Depression,Depression
RED_079405,Happy,Happy,Happy
RED_079416,Neutral,Neutral,Neutral
RED_079426,Happy,Happy,Happy
RED_079436,Depression,Depression,Depression
RED_079441,Neutral,Neutral,Neutral
RED_079442,Neutral,Neutral,Neutral
RED_079446,Depression,Depression,Depression
RED_079466,Depression,Depression,Depression
RED_079475,Depression,Depression,Depression
RED_079497,Depression,Depression,Depression
RED_079513,Depression,Depression,Depression
RED_079515,Happy,Happy,Happy
RED_079525,Happy,Happy,Happy
RED_079537,Neutral,Neutral,Neutral
RED_079557,Neutral,Neutral,Neutral
RED_079558,Neutral,Neutral,Neutral
RED_079564,Neutral,Neutral,Neutral
RED_079588,Neutral,Neutral,Neutral
RED_079598,Depression,Depression,Depression
RED_079609,Neutral,Neutral,Neutral
RED_079613,Neutral,Neutral,Neutral
RED_079623,Depression,Depression,Depression
RED_079625,Neutral,Neutral,Neutral
RED_079633,Neutral,Neutral,Neutral
RED_079639,Neutral,Neutral,Neutral
RED_079646,Happy,Happy,Happy
RED_079653,Depression,Depression,Depression
RED_079659,Happy,Happy,Happy
RED_079667,Neutral,Neutral,Neutral
RED_079685,Neutral,Neutral,Neutral
RED_079686,Depression,Depression,Depression
RED_079691,Happy,Happy,Happy
RED_079693,Depression,Depression,Depression
RED_079694,Depression,Depression,Depression
RED_079731,Neutral,Neutral,Neutral
RED_079745,Neutral,Neutral,Neutral
RED_079763,Depression,Depression,Depression
RED_079766,Depression,Depression,Depression
RED_079783,Neutral,Neutral,Neutral
RED_079788,Happy,Happy,Happy
RED_079798,Happy,Happy,Happy
RED_079804,Neutral,Neutral,Neutral
RED_079808,Happy,Happy,Happy
RED_079827,Depression,Depression,Depression
RED_079834,Happy,Happy,Happy
RED_079855,Depression,Depression,Depression
RED_079867,Depression,Depression,Depression
RED_079875,Happy,Happy,Happy
RED_079878,Depression,Depression,Depression
RED_079888,Depression,Depression,Depression
RED_079889,Neutral,Neutral,Neutral
RED_079896,Depression,Depression,Depression
RED_079902,Depression,Depression,Depression
RED_079903,Depression,Depression,Depression
RED_079908,Depression,Depression,Depression
RED_079920,Depression,Depression,Depression
RED_079935,Happy,Happy,Happy
RED_079944,Neutral,Neutral,Neutral
RED_079955,Happy,Happy,Happy
RED_079956,Neutral,Neutral,Neutral
RED_079957,Happy,Happy,Happy
RED_079959,Neutral,Neutral,Neutral
RED_079964,Depression,Depression,Depression
RED_079968,Happy,Happy,Happy
RED_079973,Happy,Happy,Happy
RED_080005,Depression,Depression,Depression
RED_080010,Happy,Happy,Happy
RED_080013,Happy,Happy,Happy
RED_080031,Depression,Depression,Depression
RED_080039,Neutral,Neutral,Neutral
RED_080042,Neutral,Neutral,Neutral
RED_080046,Neutral,Neutral,Neutral
RED_080049,Happy,Happy,Happy
RED_080055,Depression,Depression,Depression
RED_080057,Happy,Happy,Happy
RED_080060,Happy,Happy,Happy
RED_080065,Depression,Depression,Depression
RED_080080,Depression,Depression,Depression
RED_080081,Depression,Depression,Depression
RED_080086,Depression,Depression,Depression
RED_080097,Happy,Happy,Happy
RED_080100,Depression,Depression,Depression
RED_080102,Neutral,Neutral,Neutral
RED_080108,Depression,Depression,Depression
RED_080110,Depression,Depression,Depression
RED_080117,Depression,Depression,Depression
RED_080132,Depression,Depression,Depression
RED_080140,Happy,Happy,Happy
RED_080160,Happy,Happy,Happy
RED_080162,Happy,Happy,Happy
RED_080181,Happy,Happy,Happy
RED_080184,Depression,Depression,Depression
RED_080209,Neutral,Neutral,Neutral
RED_080221,Happy,Happy,Happy
RED_080241,Neutral,Neutral,Neutral
RED_080252,Neutral,Neutral,Neutral
RED_080254,Depression,Depression,Depression
RED_080261,Depression,Depression,Depression
RED_080276,Neutral,Neutral,Neutral
RED_080280,Neutral,Neutral,Neutral
RED_080281,Neutral,Neutral,Neutral
RED_080290,Happy,Happy,Happy
RED_080291,Neutral,Neutral,Neutral
RED_080297,Neutral,Neutral,Neutral
RED_080306,Depression,Depression,Depression
RED_080321,Happy,Happy,Happy
RED_080337,Depression,Depression,Depression
RED_080347,Neutral,Neutral,Neutral
RED_080353,Happy,Happy,Happy
RED_080354,Happy,Happy,Happy
RED_080361,Happy,Happy,Depression
RED_080370,Depression,Depression,Depression
RED_080380,Depression,Depression,Depression
RED_080394,Neutral,Neutral,Neutral
RED_080399,Neutral,Neutral,Neutral
RED_080400,Depression,Depression,Depression
RED_080415,Neutral,Neutral,Neutral
RED_080432,Depression,Depression,Depression
RED_080433,Depression,Depression,Depression
RED_080437,Happy,Happy,Happy
RED_080464,Happy,Happy,Happy
RED_080470,Neutral,Neutral,Neutral
RED_080474,Neutral,Neutral,Neutral
RED_080479,Happy,Happy,Happy
RED_080501,Neutral,Neutral,Neutral
RED_080504,Happy,Happy,Happy
RED_080506,Happy,Happy,Happy
RED_080510,Neutral,Neutral,Neutral
RED_080528,Happy,Happy,Happy
RED_080536,Neutral,Neutral,Neutral
RED_080540,Depression,Depression,Depression
RED_080556,Happy,Happy,Happy
RED_080566,Happy,Happy,Happy
RED_080571,Neutral,Neutral,Neutral
RED_080576,Happy,Happy,Happy
RED_080587,Depression,Depression,Depression
RED_080622,Depression,Depression,Depression
RED_080626,Happy,Happy,Depression
RED_080631,Depression,Neutral,Neutral
RED_080641,Happy,Happy,Happy
RED_080643,Depression,Depression,Depression
RED_080645,Depression,Depression,Depression
RED_080686,Depression,Depression,Depression
RED_080689,Happy,Happy,Happy
RED_080712,Depression,Depression,Depression
RED_080740,Happy,Happy,Happy
RED_080754,Neutral,Neutral,Neutral
RED_080756,Depression,Depression,Depression
RED_080765,Happy,Happy,Happy
RED_080769,Depression,Depression,Depression
RED_080777,Happy,Happy,Happy
RED_080781,Neutral,Neutral,Neutral
RED_080786,Depression,Depression,Depression
RED_080789,Depression,Depression,Depression
RED_080790,Depression,Depression,Depression
RED_080794,Depression,Depression,Depression
RED_080795,Neutral,Neutral,Neutral
RED_080796,Happy,Happy,Happy
RED_080804,Depression,Depression,Depression
RED_080809,Depression,Depression,Depression
RED_080856,Neutral,Neutral,Neutral
RED_080871,Depression,Happy,Happy
RED_080878,Happy,Happy,Happy
RED_080880,Depression,Depression,Depression
RED_080889,Happy,Happy,Happy
RED_080892,Depression,Depression,Depression
RED_080917,Neutral,Neutral,Neutral
RED_080924,Depression,Depression,Depression
RED_080928,Neutral,Neutral,Neutral
RED_080933,Neutral,Neutral,Neutral
RED_080970,Happy,Happy,Happy
RED_080972,Neutral,Neutral,Neutral
RED_080993,Neutral,Neutral,Neutral
RED_081001,Neutral,Neutral,Neutral
RED_081003,Neutral,Neutral,Neutral
RED_081005,Depression,Depression,Depression
RED_081025,Depression,Depression,Depression
RED_081032,Depression,Happy,Happy
RED_081036,Neutral,Neutral,Neutral
RED_081040,Depression,Depression,Depression
RED_081043,Depression,Depression,Depression
RED_081048,Happy,Happy,Happy
RED_081076,Neutral,Neutral,Neutral
RED_081080,Neutral,Neutral,Neutral
RED_081082,Depression,Depression,Depression
RED_081092,Neutral,Neutral,Neutral
RED_081093,Happy,Happy,Happy
RED_081102,Depression,Depression,Depression
RED_081111,Happy,Happy,Happy
RED_081132,Depression,Depression,Depression
RED_081150,Depression,Depression,Depression
RED_081155,Depression,Depression,Depression
RED_081156,Neutral,Neutral,Neutral
RED_081161,Depression,Depression,Depression
RED_081205,Depression,Depression,Depression
RED_081208,Happy,Happy,Happy
RED_081221,Happy,Happy,Happy
RED_081240,Neutral,Neutral,Neutral
RED_081254,Depression,Depression,Depression
RED_081265,Depression,Depression,Depression
RED_081266,Neutral,Neutral,Neutral
RED_081268,Neutral,Neutral,Neutral
RED_081271,Happy,Happy,Happy
RED_081278,Depression,Depression,Depression
RED_081279,Depression,Depression,Depression
RED_081303,Neutral,Neutral,Neutral
RED_081305,Depression,Depression,Depression
RED_081365,Neutral,Neutral,Neutral
RED_081368,Happy,Happy,Happy
RED_081371,Neutral,Neutral,Neutral
RED_081383,Happy,Happy,Happy
RED_081387,Neutral,Neutral,Neutral
RED_081391,Neutral,Neutral,Neutral
RED_081407,Depression,Depression,Depression
RED_081415,Depression,Depression,Depression
RED_081425,Happy,Happy,Happy
RED_081479,Depression,Depression,Depression
RED_081481,Neutral,Neutral,Neutral
RED_081482,Happy,Happy,Happy
RED_081491,Depression,Depression,Depression
RED_081505,Depression,Depression,Depression
RED_081508,Neutral,Neutral,Neutral
RED_081521,Neutral,Neutral,Neutral
RED_081522,Depression,Depression,Depression
RED_081528,Neutral,Neutral,Neutral
RED_081541,Depression,Depression,Depression
RED_081561,Depression,Depression,Depression
RED_081578,Happy,Happy,Happy
RED_081583,Neutral,Neutral,Neutral
RED_081594,Depression,Depression,Depression
RED_081601,Depression,Depression,Depression
RED_081602,Happy,Happy,Happy
RED_081610,Depression,Depression,Depression
RED_081613,Happy,Happy,Happy
RED_081615,Neutral,Neutral,Neutral
RED_081647,Neutral,Neutral,Neutral
RED_081655,Depression,Depression,Depression
RED_081663,Depression,Depression,Depression
RED_081675,Happy,Happy,Happy
RED_081679,Happy,Happy,Happy
RED_081703,Depression,Depression,Depression
RED_081724,Happy,Happy,Happy
RED_081756,Depression,Depression,Depression
RED_081758,Depression,Depression,Depression
RED_081792,Neutral,Neutral,Neutral
RED_081797,Neutral,Neutral,Neutral
RED_081813,Neutral,Neutral,Neutral
RED_081824,Happy,Happy,Happy
RED_081827,Depression,Depression,Depression
RED_081832,Happy,Happy,Happy
RED_081865,Neutral,Neutral,Neutral
RED_081911,Happy,Happy,Happy
RED_081912,Happy,Happy,Happy
RED_081926,Happy,Happy,Happy
RED_081935,Depression,Depression,Depression
RED_081948,Depression,Depression,Depression
RED_081956,Depression,Depression,Depression
RED_081986,Happy,Happy,Happy
RED_081990,Depression,Depression,Depression
RED_081994,Happy,Happy,Happy
RED_081995,Happy,Happy,Happy
RED_082013,Neutral,Neutral,Neutral
RED_082016,Neutral,Neutral,Neutral
RED_082019,Neutral,Neutral,Neutral
RED_082022,Depression,Depression,Depression
RED_082029,Depression,Depression,Depression
RED_082054,Happy,Happy,Happy
RED_082059,Depression,Depression,Depression
RED_082064,Depression,Depression,Depression
RED_082087,Neutral,Neutral,Neutral
RED_082097,Happy,Happy,Happy
RED_082110,Neutral,Neutral,Neutral
RED_082140,Depression,Depression,Depression
RED_082142,Neutral,Neutral,Neutral
RED_082148,Neutral,Neutral,Neutral
RED_082149,Neutral,Neutral,Neutral
RED_082162,Neutral,Neutral,Neutral
RED_082167,Depression,Depression,Depression
RED_082171,Depression,Depression,Depression
RED_082175,Neutral,Neutral,Neutral
RED_082180,Depression,Depression,Depression
RED_082205,Neutral,Neutral,Neutral
RED_082209,Happy,Happy,Happy
RED_082228,Neutral,Neutral,Neutral
RED_082230,Happy,Happy,Happy
RED_082246,Depression,Depression,Depression
RED_082270,Happy,Happy,Happy
RED_082274,Neutral,Neutral,Neutral
RED_082315,Happy,Happy,Happy
RED_082321,Depression,Depression,Depression
RED_082324,Happy,Happy,Happy
RED_082334,Neutral,Neutral,Neutral
RED_082344,Depression,Depression,Depression
RED_082367,Depression,Depression,Depression
RED_082376,Depression,Depression,Depression
RED_082382,Neutral,Neutral,Neutral
RED_082392,Neutral,Neutral,Neutral
RED_082413,Depression,Depression,Depression
RED_082414,Happy,Happy,Happy
RED_082427,Depression,Depression,Depression
RED_082432,Depression,Depression,Depression
RED_082445,Depression,Depression,Depression
RED_082451,Depression,Depression,Depression
RED_082458,Depression,Depression,Depression
RED_082462,Neutral,Neutral,Neutral
RED_082464,Depression,Depression,Depression
RED_082468,Depression,Depression,Depression
RED_082481,Neutral,Happy,Happy
RED_082496,Happy,Depression,Depression
RED_082516,Neutral,Neutral,Neutral
RED_082533,Neutral,Neutral,Neutral
RED_082576,Neutral,Neutral,Neutral
RED_082587,Neutral,Neutral,Neutral
RED_082588,Depression,Depression,Depression
RED_082589,Depression,Happy,Happy
RED_082627,Neutral,Neutral,Neutral
RED_082634,Neutral,Neutral,Neutral
RED_082643,Neutral,Neutral,Neutral
RED_082647,Depression,Depression,Depression
RED_082660,Happy,Happy,Happy
RED_082682,Depression,Depression,Depression
RED_082683,Happy,Happy,Happy
RED_082684,Neutral,Neutral,Neutral
RED_082702,Neutral,Neutral,Neutral
RED_082704,Neutral,Neutral,Neutral
RED_082706,Neutral,Depression,Depression
RED_082708,Depression,Depression,Depression
RED_082711,Depression,Depression,Depression
RED_082727,Neutral,Neutral,Neutral
RED_082764,Happy,Happy,Happy
RED_082766,Depression,Depression,Depression
RED_082786,Neutral,Neutral,Neutral
RED_082789,Neutral,Neutral,Neutral
RED_082792,Happy,Happy,Happy
RED_082793,Neutral,Neutral,Neutral
RED_082794,Depression,Depression,Depression
RED_082823,Depression,Depression,Depression
RED_082829,Neutral,Neutral,Neutral
RED_082836,Neutral,Neutral,Neutral
RED_082851,Neutral,Neutral,Neutral
RED_082864,Depression,Depression,Depression
RED_082935,Neutral,Neutral,Neutral
RED_082938,Neutral,Neutral,Neutral
RED_082960,Depression,Happy,Happy
RED_082965,Neutral,Neutral,Neutral
RED_082966,Neutral,Neutral,Neutral
RED_082970,Depression,Depression,Depression
RED_082974,Depression,Depression,Depression
RED_082975,Happy,Happy,Happy
RED_083004,Neutral,Neutral,Neutral
RED_083012,Neutral,Neutral,Neutral
RED_083017,Depression,Depression,Depression
RED_083018,Neutral,Neutral,Neutral
RED_083024,Depression,Depression,Depression
RED_083030,Happy,Happy,Happy
RED_083041,Neutral,Neutral,Neutral
RED_083048,Depression,Depression,Depression
RED_083062,Depression,Depression,Depression
RED_083063,Neutral,Neutral,Neutral
RED_083079,Happy,Happy,Happy
RED_083088,Happy,Happy,Happy
RED_083089,Depression,Depression,Depression
RED_083095,Depression,Happy,Depression
RED_083103,Neutral,Neutral,Neutral
RED_083104,Happy,Happy,Happy
RED_083139,Depression,Depression,Depression
RED_083147,Depression,Depression,Depression
RED_083171,Neutral,Neutral,Neutral
RED_083184,Neutral,Neutral,Neutral
RED_083190,Depression,Depression,Depression
RED_083195,Depression,Depression,Depression
RED_083199,Depression,Depression,Depression
RED_083202,Neutral,Neutral,Neutral
RED_083207,Neutral,Neutral,Neutral
RED_083208,Neutral,Neutral,Neutral
RED_083231,Happy,Happy,Happy
RED_083232,Neutral,Neutral,Neutral
RED_083237,Happy,Happy,Happy
RED_083257,Neutral,Neutral,Neutral
RED_083258,Neutral,Neutral,Neutral
RED_083269,Depression,Depression,Depression
RED_083292,Neutral,Neutral,Neutral
RED_083302,Depression,Depression,Depression
RED_083308,Happy,Happy,Happy
RED_083314,Depression,Depression,Depression
RED_083316,Happy,Happy,Happy
RED_083318,Happy,Happy,Happy
RED_083325,Happy,Happy,Happy
RED_083327,Neutral,Neutral,Neutral
RED_083345,Neutral,Neutral,Neutral
RED_083346,Happy,Happy,Happy
RED_083355,Neutral,Neutral,Neutral
RED_083356,Happy,Happy,Happy
RED_083357,Depression,Depression,Depression
RED_083359,Depression,Depression,Depression
RED_083389,Happy,Happy,Happy
RED_083441,Neutral,Neutral,Neutral
RED_083445,Neutral,Neutral,Neutral
RED_083447,Depression,Depression,Depression
RED_083458,Depression,Depression,Depression
RED_083472,Depression,Depression,Depression
RED_083478,Happy,Happy,Happy
RED_083492,Depression,Depression,Depression
RED_083497,Neutral,Neutral,Neutral
RED_083517,Happy,Happy,Happy
RED_083520,Depression,Depression,Depression
RED_083553,Happy,Happy,Happy
RED_083558,Depression,Depression,Depression
RED_083563,Happy,Happy,Happy
RED_083568,Depression,Depression,Depression
RED_083570,Happy,Happy,Happy
RED_083580,Depression,Depression,Depression
RED_083586,Neutral,Neutral,Neutral
RED_083597,Happy,Happy,Happy
RED_083611,Happy,Happy,Happy
RED_083651,Neutral,Neutral,Neutral
RED_083665,Neutral,Neutral,Neutral
RED_083682,Depression,Depression,Depression
RED_083692,Happy,Happy,Happy
RED_083702,Neutral,Neutral,Neutral
RED_083721,Depression,Depression,Depression
RED_083732,Depression,Depression,Depression
RED_083734,Happy,Happy,Happy
RED_083749,Neutral,Neutral,Neutral
RED_083756,Neutral,Neutral,Neutral
RED_083757,Neutral,Neutral,Neutral
RED_083767,Happy,Happy,Happy
RED_083770,Happy,Happy,Happy
RED_083781,Happy,Happy,Happy
RED_083783,Happy,Happy,Happy
RED_083788,Neutral,Neutral,Neutral
RED_083795,Depression,Depression,Depression
RED_083798,Neutral,Neutral,Neutral
RED_083803,Neutral,Neutral,Neutral
RED_083812,Neutral,Neutral,Neutral
RED_083831,Depression,Depression,Depression
RED_083832,Happy,Happy,Happy
RED_083836,Depression,Depression,Depression
RED_083842,Neutral,Neutral,Neutral
RED_083845,Depression,Depression,Depression
RED_083846,Depression,Depression,Depression
RED_083860,Happy,Happy,Happy
RED_083873,Neutral,Neutral,Neutral
RED_083888,Happy,Happy,Happy
RED_083889,Neutral,Neutral,Neutral
RED_083896,Happy,Happy,Happy
RED_083922,Neutral,Neutral,Neutral
RED_083923,Depression,Depression,Depression
RED_083937,Happy,Happy,Happy
RED_083954,Depression,Depression,Depression
RED_083973,Neutral,Neutral,Neutral
RED_083980,Depression,Depression,Depression
RED_083994,Happy,Neutral,Neutral
RED_084026,Depression,Depression,Depression
RED_084029,Neutral,Neutral,Neutral
RED_084041,Depression,Depression,Depression
RED_084044,Happy,Happy,Happy
RED_084049,Depression,Depression,Depression
RED_084056,Depression,Depression,Depression
RED_084067,Neutral,Neutral,Neutral
RED_084073,Neutral,Neutral,Neutral
RED_084079,Neutral,Neutral,Neutral
RED_084082,Neutral,Neutral,Neutral
RED_084086,Happy,Happy,Happy
RED_084100,Depression,Depression,Depression
RED_084110,Happy,Happy,Happy
RED_084115,Happy,Happy,Happy
RED_084118,Depression,Depression,Depression
RED_084123,Depression,Depression,Depression
RED_084128,Happy,Happy,Happy
RED_084132,Happy,Happy,Happy
RED_084135,Neutral,Neutral,Neutral
RED_084147,Happy,Depression,Depression
RED_084153,Happy,Happy,Happy
RED_084155,Happy,Happy,Happy
RED_084156,Neutral,Neutral,Neutral
RED_084163,Depression,Depression,Depression
RED_084165,Neutral,Neutral,Neutral
RED_084169,Happy,Happy,Happy
RED_084173,Happy,Happy,Happy
RED_084178,Depression,Depression,Depression
RED_084181,Happy,Happy,Happy
RED_084183,Happy,Happy,Happy
RED_084187,Depression,Depression,Depression
RED_084205,Depression,Depression,Depression
RED_084207,Happy,Happy,Happy
RED_084218,Depression,Depression,Depression
RED_084252,Depression,Depression,Depression
RED_084295,Happy,Happy,Happy
RED_084318,Happy,Happy,Happy
RED_084344,Neutral,Neutral,Neutral
RED_084353,Depression,Depression,Depression
RED_084359,Depression,Depression,Depression
RED_084362,Happy,Happy,Happy
RED_084374,Happy,Happy,Happy
RED_084375,Depression,Depression,Depression
RED_084385,Neutral,Neutral,Neutral
RED_084387,Depression,Depression,Depression
RED_084399,Depression,Depression,Depression
RED_084402,Depression,Depression,Depression
RED_084415,Happy,Happy,Happy
RED_084438,Happy,Happy,Happy
RED_084451,Neutral,Neutral,Neutral
RED_084452,Happy,Happy,Happy
RED_084473,Depression,Depression,Depression
RED_084474,Depression,Depression,Depression
RED_084483,Depression,Depression,Depression
RED_084484,Depression,Depression,Depression
RED_084495,Depression,Depression,Depression
RED_084529,Happy,Happy,Happy
RED_084535,Happy,Happy,Happy
RED_084536,Neutral,Neutral,Neutral
RED_084539,Happy,Happy,Happy
RED_084543,Happy,Happy,Happy
RED_084561,Neutral,Neutral,Neutral
RED_084572,Depression,Depression,Depression
RED_084600,Neutral,Neutral,Neutral
RED_084601,Depression,Depression,Depression
RED_084620,Happy,Happy,Happy
RED_084622,Depression,Depression,Depression
RED_084630,Depression,Depression,Depression
RED_084636,Depression,Depression,Depression
RED_084637,Happy,Happy,Happy
RED_084643,Neutral,Neutral,Neutral
RED_084644,Neutral,Neutral,Neutral
RED_084651,Neutral,Neutral,Neutral
RED_084652,Neutral,Neutral,Neutral
RED_084682,Depression,Depression,Depression
RED_084687,Depression,Depression,Depression
RED_084704,Depression,Depression,Depression
RED_084707,Depression,Depression,Depression
RED_084712,Happy,Happy,Happy
RED_084718,Neutral,Neutral,Neutral
RED_084728,Neutral,Neutral,Neutral
RED_084730,Happy,Happy,Happy
RED_084743,Happy,Happy,Happy
RED_084748,Depression,Depression,Depression
RED_084751,Depression,Depression,Depression
RED_084753,Depression,Depression,Depression
RED_084765,Depression,Depression,Depression
RED_084767,Depression,Depression,Depression
RED_084791,Neutral,Neutral,Neutral
RED_084793,Neutral,Neutral,Neutral
RED_084808,Neutral,Neutral,Neutral
RED_084814,Neutral,Neutral,Neutral
RED_084815,Neutral,Neutral,Neutral
RED_084822,Depression,Depression,Depression
RED_084831,Neutral,Neutral,Neutral
RED_084861,Depression,Depression,Depression
RED_084867,Depression,Depression,Depression
RED_084873,Neutral,Neutral,Neutral
RED_084880,Happy,Happy,Happy
RED_084881,Happy,Happy,Happy
RED_084897,Neutral,Neutral,Neutral
RED_084903,Happy,Happy,Happy
RED_084904,Neutral,Neutral,Neutral
RED_084913,Depression,Depression,Depression
RED_084917,Depression,Depression,Depression
RED_084951,Happy,Happy,Happy
RED_084975,Neutral,Neutral,Neutral
RED_084976,Happy,Happy,Depression
RED_084997,Happy,Happy,Happy
RED_085005,Happy,Happy,Happy
RED_085008,Neutral,Neutral,Neutral
RED_085009,Happy,Happy,Happy
RED_085011,Neutral,Neutral,Neutral
RED_085016,Depression,Depression,Depression
RED_085028,Happy,Happy,Happy
RED_085029,Happy,Happy,Happy
RED_085035,Depression,Depression,Depression
RED_085038,Neutral,Neutral,Neutral
RED_085069,Neutral,Neutral,Neutral
RED_085072,Depression,Depression,Depression
RED_085079,Happy,Happy,Happy
RED_085093,Neutral,Neutral,Neutral
RED_085110,Happy,Happy,Happy
RED_085128,Neutral,Neutral,Neutral
RED_085133,Neutral,Neutral,Neutral
RED_085135,Depression,Depression,Depression
RED_085136,Depression,Depression,Depression
RED_085145,Happy,Happy,Happy
RED_085146,Depression,Depression,Depression
RED_085155,Happy,Happy,Happy
RED_085164,Depression,Depression,Depression
RED_085171,Happy,Happy,Happy
RED_085184,Neutral,Neutral,Neutral
RED_085206,Happy,Happy,Happy
RED_085227,Happy,Happy,Happy
RED_085233,Happy,Happy,Happy
RED_085242,Neutral,Neutral,Neutral
RED_085248,Neutral,Neutral,Neutral
RED_085259,Depression,Depression,Depression
RED_085262,Depression,Depression,Depression
RED_085267,Neutral,Neutral,Neutral
RED_085285,Neutral,Neutral,Neutral
RED_085287,Depression,Depression,Depression
RED_085289,Depression,Depression,Depression
RED_085305,Happy,Happy,Happy
RED_085306,Happy,Happy,Happy
RED_085311,Happy,Happy,Happy
RED_085333,Neutral,Neutral,Neutral
RED_085335,Depression,Depression,Depression
RED_085354,Happy,Happy,Happy
RED_085371,Depression,Depression,Depression
RED_085372,Depression,Depression,Depression
RED_085389,Happy,Happy,Happy
RED_085399,Neutral,Neutral,Neutral
RED_085406,Neutral,Neutral,Neutral
RED_085411,Neutral,Neutral,Neutral
RED_085414,Depression,Happy,Happy
RED_085416,Neutral,Neutral,Neutral
RED_085426,Happy,Happy,Happy
RED_085438,Neutral,Neutral,Neutral
RED_085477,Happy,Happy,Happy
RED_085482,Happy,Happy,Happy
RED_085488,Happy,Happy,Happy
RED_085500,Happy,Happy,Happy
RED_085501,Happy,Happy,Happy
RED_085523,Happy,Happy,Happy
RED_085529,Depression,Depression,Depression
RED_085531,Happy,Neutral,Neutral
RED_085534,Happy,Happy,Happy
RED_085542,Depression,Depression,Depression
RED_085547,Depression,Depression,Depression
RED_085558,Neutral,Neutral,Neutral
RED_085560,Depression,Depression,Depression
RED_085578,Neutral,Neutral,Neutral
RED_085580,Neutral,Neutral,Neutral
RED_085583,Happy,Happy,Happy
RED_085590,Happy,Happy,Happy
RED_085591,Depression,Depression,Depression
RED_085592,Happy,Happy,Happy
RED_085622,Neutral,Neutral,Neutral
RED_085629,Neutral,Neutral,Neutral
RED_085640,Neutral,Neutral,Neutral
RED_085645,Neutral,Neutral,Neutral
RED_085657,Depression,Depression,Depression
RED_085675,Neutral,Neutral,Neutral
RED_085696,Neutral,Neutral,Neutral
RED_085710,Neutral,Neutral,Neutral
RED_085729,Happy,Happy,Depression
RED_085736,Happy,Happy,Happy
RED_085748,Depression,Depression,Depression
RED_085769,Neutral,Neutral,Neutral
RED_085794,Happy,Happy,Happy
RED_085808,Depression,Depression,Depression
RED_085815,Happy,Happy,Happy
RED_085829,Neutral,Neutral,Neutral
RED_085836,Neutral,Neutral,Neutral
RED_085864,Depression,Depression,Depression
RED_085902,Neutral,Neutral,Neutral
RED_085907,Neutral,Neutral,Neutral
RED_085911,Neutral,Neutral,Neutral
RED_085946,Depression,Depression,Depression
RED_085948,Neutral,Neutral,Neutral
RED_085951,Depression,Depression,Depression
RED_085955,Neutral,Neutral,Neutral
RED_085957,Depression,Depression,Depression
RED_085992,Depression,Depression,Depression
RED_086008,Happy,Happy,Happy
RED_086016,Neutral,Neutral,Neutral
RED_086019,Depression,Depression,Depression
RED_086024,Depression,Depression,Depression
RED_086032,Happy,Happy,Happy
RED_086034,Depression,Depression,Depression
RED_086044,Happy,Happy,Happy
RED_086055,Happy,Happy,Happy
RED_086056,Happy,Happy,Happy
RED_086065,Depression,Depression,Depression
RED_086074,Depression,Depression,Depression
RED_086108,Neutral,Neutral,Neutral
RED_086114,Neutral,Neutral,Neutral
RED_086115,Neutral,Neutral,Neutral
RED_086132,Depression,Depression,Depression
RED_086138,Depression,Depression,Depression
RED_086140,Depression,Depression,Depression
RED_086151,Neutral,Neutral,Neutral
RED_086153,Happy,Happy,Happy
RED_086174,Depression,Depression,Depression
RED_086182,Neutral,Neutral,Neutral
RED_086204,Depression,Depression,Depression
RED_086212,Depression,Depression,Depression
RED_086213,Happy,Happy,Happy
RED_086220,Depression,Depression,Depression
RED_086228,Depression,Depression,Depression
RED_086249,Happy,Happy,Happy
RED_086257,Depression,Happy,Happy
RED_086283,Neutral,Neutral,Neutral
RED_086284,Happy,Happy,Happy
RED_086298,Depression,Depression,Depression
RED_086308,Happy,Happy,Happy
RED_086333,Neutral,Neutral,Neutral
RED_086348,Depression,Depression,Depression
RED_086353,Depression,Depression,Depression
RED_086366,Happy,Happy,Happy
RED_086372,Depression,Depression,Depression
RED_086375,Neutral,Neutral,Neutral
RED_086382,Happy,Happy,Happy
RED_086388,Happy,Happy,Happy
RED_086390,Neutral,Neutral,Neutral
RED_086416,Neutral,Neutral,Neutral
RED_086420,Happy,Happy,Happy
RED_086446,Depression,Depression,Depression
RED_086472,Neutral,Neutral,Neutral
RED_086474,Happy,Happy,Happy
RED_086475,Depression,Depression,Depression
RED_086529,Depression,Depression,Depression
RED_086541,Happy,Happy,Happy
RED_086545,Happy,Happy,Happy
RED_086551,Depression,Depression,Depression
RED_086561,Depression,Depression,Depression
RED_086586,Neutral,Neutral,Neutral
RED_086595,Happy,Happy,Happy
RED_086628,Neutral,Neutral,Neutral
RED_086639,Depression,Depression,Depression
RED_086641,Happy,Happy,Happy
RED_086646,Neutral,Neutral,Neutral
RED_086661,Depression,Depression,Depression
RED_086662,Neutral,Neutral,Neutral
RED_086689,Depression,Depression,Depression
RED_086699,Depression,Depression,Depression
RED_086713,Neutral,Depression,Depression
RED_086738,Neutral,Neutral,Neutral
RED_086742,Depression,Depression,Depression
RED_086748,Depression,Depression,Depression
RED_086749,Depression,Depression,Depression
RED_086784,Neutral,Neutral,Neutral
RED_086785,Depression,Depression,Depression
RED_086799,Happy,Happy,Happy
RED_086807,Depression,Depression,Depression
RED_086816,Happy,Happy,Happy
RED_086818,Neutral,Neutral,Neutral
RED_086825,Neutral,Neutral,Neutral
RED_086829,Depression,Depression,Depression
RED_086832,Neutral,Neutral,Neutral
RED_086834,Depression,Depression,Depression
RED_086835,Happy,Happy,Happy
RED_086836,Depression,Depression,Depression
RED_086848,Happy,Happy,Happy
RED_086860,Happy,Happy,Happy
RED_086886,Neutral,Neutral,Neutral
RED_086887,Neutral,Neutral,Neutral
RED_086904,Happy,Happy,Happy
RED_086911,Happy,Happy,Happy
RED_086919,Neutral,Neutral,Neutral
RED_086939,Happy,Happy,Happy
RED_086955,Neutral,Neutral,Neutral
RED_086965,Depression,Depression,Depression
RED_087012,Neutral,Neutral,Neutral
RED_087034,Neutral,Neutral,Neutral
RED_087048,Depression,Depression,Depression
RED_087067,Neutral,Neutral,Neutral
RED_087078,Happy,Happy,Happy
RED_087099,Neutral,Neutral,Neutral
RED_087110,Depression,Depression,Depression
RED_087111,Happy,Happy,Happy
RED_087124,Depression,Depression,Depression
RED_087161,Depression,Happy,Depression
RED_087165,Neutral,Neutral,Neutral
RED_087166,Depression,Depression,Depression
RED_087181,Depression,Depression,Depression
RED_087184,Depression,Depression,Depression
RED_087214,Neutral,Neutral,Neutral
RED_087219,Depression,Depression,Depression
RED_087222,Depression,Depression,Depression
RED_087243,Depression,Depression,Depression
RED_087244,Happy,Happy,Happy
RED_087245,Neutral,Neutral,Neutral
RED_087256,Neutral,Neutral,Neutral
RED_087291,Happy,Happy,Happy
RED_087303,Depression,Depression,Depression
RED_087317,Happy,Happy,Happy
RED_087318,Happy,Happy,Happy
RED_087342,Neutral,Neutral,Neutral
RED_087357,Depression,Depression,Depression
RED_087377,Depression,Depression,Depression
RED_087380,Happy,Happy,Happy
RED_087384,Depression,Depression,Depression
RED_087387,Neutral,Neutral,Neutral
RED_087394,Happy,Happy,Happy
RED_087397,Depression,Depression,Depression
RED_087414,Neutral,Neutral,Neutral
RED_087434,Depression,Depression,Depression
RED_087440,Happy,Happy,Happy
RED_087452,Neutral,Neutral,Neutral
RED_087453,Happy,Happy,Happy
RED_087455,Neutral,Happy,Happy
RED_087459,Happy,Happy,Happy
RED_087471,Neutral,Neutral,Neutral
RED_087496,Happy,Happy,Happy
RED_087499,Happy,Happy,Happy
RED_087516,Happy,Happy,Happy
RED_087519,Neutral,Neutral,Neutral
RED_087523,Depression,Depression,Depression
RED_087530,Depression,Depression,Depression
RED_087557,Neutral,Neutral,Neutral
RED_087558,Neutral,Neutral,Neutral
RED_087562,Neutral,Neutral,Neutral
RED_087577,Happy,Happy,Happy
RED_087585,Depression,Depression,Depression
RED_087589,Depression,Depression,Depression
RED_087615,Depression,Depression,Depression
RED_087617,Happy,Happy,Happy
RED_087627,Happy,Happy,Happy
RED_087637,Happy,Happy,Happy
RED_087641,Neutral,Neutral,Neutral
RED_087643,Happy,Happy,Happy
RED_087646,Happy,Happy,Happy
RED_087656,Neutral,Neutral,Neutral
RED_087676,Happy,Happy,Happy
RED_087697,Depression,Depression,Depression
RED_087712,Depression,Depression,Depression
RED_087738,Depression,Depression,Depression
RED_087755,Neutral,Neutral,Neutral
RED_087757,Depression,Depression,Depression
RED_087760,Depression,Depression,Depression
RED_087788,Depression,Depression,Depression
RED_087793,Neutral,Neutral,Neutral
RED_087796,Happy,Happy,Happy
RED_087798,Neutral,Neutral,Neutral
RED_087801,Happy,Happy,Happy
RED_087804,Depression,Depression,Depression
RED_087818,Depression,Depression,Depression
RED_087838,Depression,Depression,Depression
RED_087884,Neutral,Neutral,Neutral
RED_087892,Happy,Happy,Happy
RED_087896,Happy,Happy,Happy
RED_087897,Depression,Depression,Depression
RED_087912,Depression,Depression,Depression
RED_087918,Neutral,Neutral,Neutral
RED_087925,Happy,Happy,Happy
RED_087931,Happy,Happy,Happy
RED_087932,Depression,Depression,Depression
RED_087941,Depression,Depression,Depression
RED_087943,Depression,Depression,Depression
RED_087948,Depression,Depression,Depression
RED_087952,Depression,Depression,Depression
RED_087958,Neutral,Neutral,Neutral
RED_087961,Happy,Happy,Happy
RED_087962,Depression,Happy,Happy
RED_087964,Happy,Happy,Happy
RED_087968,Happy,Happy,Happy
RED_087970,Neutral,Neutral,Neutral
RED_087979,Happy,Happy,Happy
RED_087980,Happy,Happy,Happy
RED_087984,Depression,Depression,Depression
RED_087989,Depression,Depression,Depression
RED_087999,Depression,Depression,Depression
RED_088018,Happy,Happy,Happy
RED_088020,Happy,Happy,Happy
RED_088021,Neutral,Neutral,Neutral
RED_088033,Depression,Depression,Depression
RED_088048,Happy,Happy,Happy
RED_088049,Neutral,Neutral,Neutral
RED_088057,Depression,Depression,Depression
RED_088066,Depression,Depression,Depression
RED_088071,Happy,Happy,Happy
RED_088075,Happy,Happy,Happy
RED_088079,Happy,Neutral,Neutral
RED_088083,Neutral,Neutral,Neutral
RED_088085,Neutral,Neutral,Neutral
RED_088090,Depression,Depression,Depression
RED_088094,Depression,Depression,Depression
RED_088097,Depression,Depression,Depression
RED_088156,Neutral,Neutral,Neutral
RED_088167,Happy,Happy,Happy
RED_088182,Happy,Depression,Happy
RED_088186,Happy,Happy,Happy
RED_088200,Depression,Depression,Depression
RED_088202,Depression,Depression,Depression
RED_088208,Neutral,Neutral,Neutral
RED_088209,Depression,Depression,Depression
RED_088213,Depression,Depression,Depression
RED_088231,Neutral,Neutral,Neutral
RED_088244,Neutral,Neutral,Neutral
RED_088251,Neutral,Neutral,Neutral
RED_088284,Depression,Depression,Depression
RED_088294,Depression,Depression,Depression
RED_088311,Depression,Depression,Depression
RED_088313,Neutral,Neutral,Neutral
RED_088315,Neutral,Neutral,Neutral
RED_088317,Happy,Happy,Happy
RED_088325,Happy,Happy,Happy
RED_088327,Neutral,Neutral,Neutral
RED_088329,Happy,Happy,Happy
RED_088344,Neutral,Neutral,Neutral
RED_088346,Happy,Happy,Happy
RED_088380,Depression,Depression,Depression
RED_088387,Depression,Depression,Depression
RED_088405,Happy,Happy,Happy
RED_088423,Happy,Happy,Happy
RED_088433,Happy,Happy,Happy
RED_088441,Neutral,Neutral,Neutral
RED_088444,Neutral,Neutral,Neutral
RED_088451,Happy,Happy,Happy
RED_088453,Neutral,Neutral,Neutral
RED_088465,Happy,Happy,Happy
RED_088478,Depression,Depression,Depression
RED_088505,Happy,Happy,Happy
RED_088506,Neutral,Neutral,Neutral
RED_088508,Neutral,Neutral,Neutral
RED_088524,Neutral,Neutral,Neutral
RED_088535,Depression,Depression,Depression
RED_088538,Happy,Happy,Happy
RED_088540,Happy,Happy,Happy
RED_088560,Neutral,Neutral,Neutral
RED_088578,Neutral,Neutral,Neutral
RED_088590,Happy,Happy,Happy
RED_088594,Depression,Depression,Depression
RED_088606,Depression,Depression,Depression
RED_088608,Depression,Depression,Depression
RED_088632,Happy,Happy,Happy
RED_088636,Depression,Depression,Depression
RED_088638,Neutral,Neutral,Neutral
RED_088647,Happy,Happy,Happy
RED_088651,Neutral,Neutral,Neutral
RED_088655,Happy,Happy,Happy
RED_088662,Neutral,Neutral,Neutral
RED_088670,Happy,Happy,Happy
RED_088672,Depression,Depression,Depression
RED_088694,Happy,Happy,Happy
RED_088717,Happy,Happy,Happy
RED_088720,Depression,Depression,Depression
RED_088726,Depression,Depression,Depression
RED_088744,Depression,Depression,Depression
RED_088752,Depression,Depression,Depression
RED_088787,Neutral,Neutral,Neutral
RED_088811,Depression,Depression,Depression
RED_088821,Happy,Happy,Happy
RED_088827,Happy,Happy,Happy
RED_088834,Neutral,Neutral,Neutral
RED_088837,Neutral,Neutral,Neutral
RED_088888,Neutral,Neutral,Neutral
RED_088893,Happy,Happy,Happy
RED_088898,Happy,Happy,Happy
RED_088904,Happy,Happy,Happy
RED_088909,Neutral,Neutral,Neutral
RED_088920,Happy,Happy,Happy
RED_088929,Depression,Depression,Depression
RED_088942,Happy,Happy,Happy
RED_088954,Neutral,Neutral,Neutral
RED_088955,Happy,Happy,Happy
RED_088964,Happy,Happy,Happy
RED_088977,Neutral,Neutral,Neutral
RED_089024,Depression,Depression,Depression
RED_089035,Neutral,Neutral,Neutral
RED_089040,Happy,Happy,Happy
RED_089045,Depression,Depression,Depression
RED_089056,Neutral,Neutral,Neutral
RED_089064,Happy,Happy,Happy
RED_089072,Neutral,Neutral,Neutral
RED_089087,Neutral,Neutral,Depression
RED_089091,Neutral,Neutral,Neutral
RED_089100,Neutral,Neutral,Neutral
RED_089107,Neutral,Neutral,Neutral
RED_089119,Happy,Happy,Happy
RED_089142,Neutral,Neutral,Neutral
RED_089153,Neutral,Neutral,Neutral
RED_089158,Neutral,Neutral,Neutral
RED_089167,Neutral,Neutral,Neutral
RED_089184,Neutral,Neutral,Neutral
RED_089204,Neutral,Neutral,Neutral
RED_089217,Depression,Depression,Depression
RED_089227,Neutral,Neutral,Neutral
RED_089242,Neutral,Neutral,Neutral
RED_089262,Happy,Happy,Happy
RED_089263,Neutral,Neutral,Neutral
RED_089265,Depression,Depression,Depression
RED_089277,Happy,Happy,Happy
RED_089286,Happy,Happy,Happy
RED_089290,Depression,Depression,Depression
RED_089329,Depression,Depression,Depression
RED_089331,Neutral,Neutral,Neutral
RED_089334,Depression,Depression,Depression
RED_089343,Depression,Depression,Depression
RED_089353,Happy,Happy,Happy
RED_089362,Depression,Depression,Depression
RED_089363,Happy,Happy,Happy
RED_089379,Neutral,Neutral,Neutral
RED_089383,Depression,Depression,Depression
RED_089384,Happy,Happy,Happy
RED_089385,Neutral,Neutral,Neutral
RED_089387,Neutral,Neutral,Neutral
RED_089412,Neutral,Neutral,Neutral
RED_089427,Depression,Depression,Depression
RED_089428,Depression,Depression,Depression
RED_089445,Neutral,Neutral,Neutral
RED_089447,Happy,Happy,Happy
RED_089451,Depression,Depression,Depression
RED_089458,Depression,Depression,Depression
RED_089464,Happy,Happy,Happy
RED_089471,Neutral,Neutral,Neutral
RED_089490,Happy,Happy,Happy
RED_089491,Happy,Happy,Happy
RED_089508,Neutral,Neutral,Neutral
RED_089511,Neutral,Neutral,Neutral
RED_089513,Happy,Happy,Happy
RED_089518,Happy,Happy,Happy
RED_089523,Neutral,Neutral,Neutral
RED_089534,Neutral,Neutral,Neutral
RED_089539,Depression,Happy,Depression
RED_089542,Happy,Happy,Happy
RED_089549,Depression,Depression,Depression
RED_089553,Neutral,Neutral,Neutral
RED_089569,Happy,Happy,Happy
RED_089586,Depression,Depression,Depression
RED_089589,Depression,Happy,Happy
RED_089623,Depression,Depression,Depression
RED_089626,Neutral,Neutral,Neutral
RED_089629,Neutral,Neutral,Neutral
RED_089631,Depression,Depression,Depression
RED_089643,Happy,Happy,Happy
RED_089649,Happy,Happy,Happy
RED_089684,Happy,Happy,Happy
RED_089687,Happy,Happy,Happy
RED_089689,Neutral,Neutral,Neutral
RED_089696,Neutral,Neutral,Neutral
RED_089702,Neutral,Neutral,Neutral
RED_089711,Neutral,Neutral,Neutral
RED_089715,Happy,Happy,Happy
RED_089748,Happy,Happy,Happy
RED_089770,Depression,Depression,Depression
RED_089772,Depression,Depression,Depression
RED_089787,Depression,Depression,Depression
RED_089798,Happy,Happy,Happy
RED_089818,Neutral,Neutral,Neutral
RED_089844,Neutral,Neutral,Neutral
RED_089856,Happy,Happy,Happy
RED_089868,Depression,Depression,Depression
RED_089877,Depression,Depression,Depression
RED_089881,Happy,Happy,Happy
RED_089891,Happy,Happy,Happy
RED_089929,Happy,Happy,Happy
RED_089931,Depression,Depression,Depression
RED_089942,Neutral,Neutral,Neutral
RED_089943,Neutral,Neutral,Neutral
RED_089958,Depression,Depression,Depression
RED_089961,Neutral,Neutral,Neutral
RED_089975,Neutral,Neutral,Neutral
RED_090004,Neutral,Neutral,Neutral
RED_090008,Happy,Happy,Happy
RED_090014,Depression,Depression,Depression
RED_090054,Depression,Depression,Depression
RED_090057,Happy,Happy,Happy
RED_090067,Depression,Depression,Depression
RED_090085,Neutral,Neutral,Neutral
RED_090094,Depression,Depression,Depression
RED_090098,Happy,Happy,Happy
RED_090106,Neutral,Neutral,Neutral
RED_090108,Depression,Depression,Depression
RED_090131,Happy,Happy,Happy
RED_090143,Depression,Depression,Depression
RED_090147,Neutral,Neutral,Neutral
RED_090185,Happy,Happy,Happy
RED_090196,Happy,Happy,Happy
RED_090209,Happy,Happy,Happy
RED_090212,Depression,Depression,Depression
RED_090222,Depression,Happy,Happy
RED_090225,Depression,Depression,Depression
RED_090243,Neutral,Neutral,Neutral
RED_090245,Neutral,Neutral,Neutral
RED_090246,Depression,Depression,Depression
RED_090252,Neutral,Neutral,Neutral
RED_090255,Neutral,Neutral,Neutral
RED_090269,Depression,Depression,Depression
RED_090323,Depression,Depression,Depression
RED_090355,Happy,Happy,Happy
RED_090369,Happy,Happy,Happy
RED_090385,Neutral,Neutral,Neutral
RED_090390,Neutral,Neutral,Neutral
RED_090405,Depression,Depression,Depression
RED_090406,Happy,Happy,Happy
RED_090412,Depression,Depression,Depression
RED_090418,Neutral,Neutral,Neutral
RED_090431,Depression,Depression,Depression
RED_090438,Depression,Depression,Depression
RED_090460,Depression,Depression,Depression
RED_090474,Depression,Depression,Depression
RED_090475,Depression,Depression,Depression
RED_090481,Neutral,Neutral,Neutral
RED_090483,Depression,Depression,Depression
RED_090486,Depression,Depression,Depression
RED_090488,Depression,Depression,Depression
RED_090495,Depression,Depression,Depression
RED_090499,Happy,Happy,Happy
RED_090505,Happy,Happy,Happy
RED_090506,Depression,Depression,Depression
RED_090510,Happy,Happy,Happy
RED_090526,Neutral,Neutral,Neutral
RED_090528,Neutral,Neutral,Neutral
RED_090531,Happy,Depression,Happy
RED_090533,Depression,Depression,Depression
RED_090539,Depression,Depression,Depression
RED_090558,Depression,Depression,Depression
RED_090562,Happy,Happy,Happy
RED_090564,Neutral,Neutral,Neutral
RED_090574,Neutral,Neutral,Neutral
RED_090576,Neutral,Neutral,Neutral
RED_090584,Happy,Happy,Happy
RED_090602,Neutral,Neutral,Neutral
RED_090608,Happy,Happy,Happy
RED_090613,Neutral,Neutral,Neutral
RED_090625,Neutral,Neutral,Neutral
RED_090627,Depression,Depression,Depression
RED_090629,Happy,Happy,Happy
RED_090635,Depression,Depression,Depression
RED_090650,Neutral,Neutral,Neutral
RED_090701,Neutral,Neutral,Neutral
RED_090726,Happy,Happy,Happy
RED_090743,Neutral,Neutral,Neutral
RED_090772,Neutral,Neutral,Neutral
RED_090779,Depression,Depression,Depression
RED_090794,Neutral,Neutral,Neutral
RED_090798,Happy,Happy,Happy
RED_090818,Depression,Depression,Depression
RED_090824,Neutral,Neutral,Neutral
RED_090826,Neutral,Neutral,Neutral
RED_090841,Happy,Happy,Happy
RED_090845,Happy,Happy,Happy
RED_090879,Happy,Happy,Happy
RED_090891,Happy,Happy,Happy
RED_090921,Happy,Happy,Happy
RED_090925,Depression,Depression,Depression
RED_090938,Neutral,Neutral,Neutral
RED_090952,Neutral,Neutral,Neutral
RED_090958,Happy,Happy,Happy
RED_090969,Depression,Depression,Depression
RED_090982,Happy,Happy,Happy
RED_090989,Neutral,Neutral,Neutral
RED_090991,Happy,Happy,Happy
RED_091029,Happy,Happy,Happy
RED_091044,Neutral,Neutral,Neutral
RED_091051,Neutral,Neutral,Neutral
RED_091056,Depression,Depression,Depression
RED_091071,Depression,Depression,Depression
RED_091082,Neutral,Neutral,Neutral
RED_091084,Depression,Depression,Depression
RED_091092,Happy,Happy,Happy
RED_091125,Happy,Happy,Happy
RED_091192,Happy,Happy,Happy
RED_091193,Depression,Depression,Depression
RED_091194,Depression,Happy,Happy
RED_091205,Happy,Happy,Happy
RED_091210,Happy,Happy,Happy
RED_091220,Happy,Happy,Happy
RED_091228,Neutral,Neutral,Neutral
RED_091231,Neutral,Neutral,Neutral
RED_091232,Happy,Happy,Happy
RED_091236,Neutral,Neutral,Neutral
RED_091239,Happy,Happy,Happy
RED_091242,Depression,Happy,Happy
RED_091269,Happy,Happy,Happy
RED_091274,Happy,Happy,Happy
RED_091278,Depression,Depression,Depression
RED_091285,Happy,Happy,Happy
RED_091292,Neutral,Neutral,Neutral
RED_091296,Neutral,Neutral,Neutral
RED_091303,Happy,Happy,Happy
RED_091330,Depression,Depression,Depression
RED_091331,Happy,Happy,Happy
RED_091332,Neutral,Neutral,Neutral
RED_091344,Neutral,Neutral,Neutral
RED_091367,Happy,Happy,Happy
RED_091372,Neutral,Neutral,Neutral
RED_091373,Happy,Happy,Happy
RED_091376,Neutral,Neutral,Neutral
RED_091378,Neutral,Neutral,Neutral
RED_091407,Neutral,Neutral,Neutral
RED_091415,Happy,Happy,Happy
RED_091417,Happy,Happy,Happy
RED_091430,Happy,Happy,Happy
RED_091451,Depression,Depression,Depression
RED_091475,Depression,Depression,Depression
RED_091484,Depression,Depression,Depression
RED_091488,Depression,Depression,Depression
RED_091491,Depression,Depression,Depression
RED_091492,Neutral,Neutral,Neutral
RED_091495,Depression,Depression,Depression
RED_091512,Happy,Happy,Happy
RED_091521,Happy,Happy,Happy
RED_091522,Happy,Happy,Happy
RED_091525,Neutral,Neutral,Neutral
RED_091536,Neutral,Neutral,Neutral
RED_091537,Neutral,Neutral,Neutral
RED_091557,Depression,Depression,Depression
RED_091570,Neutral,Neutral,Neutral
RED_091571,Happy,Happy,Happy
RED_091574,Happy,Happy,Happy
RED_091576,Depression,Depression,Depression
RED_091622,Depression,Depression,Depression
RED_091627,Happy,Happy,Happy
RED_091634,Happy,Happy,Happy
RED_091646,Happy,Happy,Happy
RED_091681,Neutral,Neutral,Neutral
RED_091684,Depression,Depression,Depression
RED_091702,Depression,Depression,Depression
RED_091703,Neutral,Neutral,Neutral
RED_091714,Depression,Depression,Depression
RED_091731,Depression,Depression,Depression
RED_091737,Depression,Depression,Depression
RED_091746,Happy,Happy,Happy
RED_091750,Neutral,Neutral,Neutral
RED_091753,Happy,Happy,Happy
RED_091756,Neutral,Neutral,Neutral
RED_091757,Depression,Depression,Depression
RED_091772,Neutral,Neutral,Neutral
RED_091775,Neutral,Neutral,Depression
RED_091781,Happy,Happy,Happy
RED_091795,Depression,Depression,Depression
RED_091832,Happy,Happy,Happy
RED_091843,Neutral,Neutral,Neutral
RED_091847,Neutral,Neutral,Neutral
RED_091882,Neutral,Neutral,Neutral
RED_091884,Depression,Depression,Depression
RED_091887,Happy,Happy,Happy
RED_091895,Neutral,Neutral,Neutral
RED_091898,Happy,Happy,Happy
RED_091920,Depression,Depression,Depression
RED_091923,Neutral,Neutral,Neutral
RED_091925,Neutral,Neutral,Neutral
RED_091929,Depression,Depression,Depression
RED_091930,Neutral,Neutral,Neutral
RED_091944,Neutral,Neutral,Neutral
RED_091954,Depression,Happy,Happy
RED_091962,Neutral,Neutral,Neutral
RED_091963,Depression,Depression,Depression
RED_091990,Neutral,Neutral,Neutral
RED_091998,Neutral,Neutral,Neutral
RED_092004,Happy,Happy,Happy
RED_092009,Happy,Happy,Happy
RED_092010,Depression,Happy,Happy
RED_092022,Neutral,Neutral,Neutral
RED_092025,Happy,Happy,Happy
RED_092027,Happy,Happy,Happy
RED_092040,Neutral,Neutral,Neutral
RED_092045,Neutral,Neutral,Neutral
RED_092054,Happy,Happy,Happy
RED_092068,Happy,Happy,Happy
RED_092077,Depression,Depression,Depression
RED_092078,Happy,Happy,Happy
RED_092080,Depression,Depression,Depression
RED_092095,Neutral,Neutral,Neutral
RED_092096,Happy,Depression,Depression
RED_092104,Happy,Happy,Happy
RED_092119,Happy,Happy,Happy
RED_092124,Neutral,Neutral,Neutral
RED_092127,Happy,Happy,Happy
RED_092158,Neutral,Neutral,Neutral
RED_092167,Happy,Happy,Happy
RED_092173,Depression,Depression,Depression
RED_092176,Depression,Depression,Depression
RED_092185,Depression,Happy,Happy
RED_092193,Neutral,Happy,Happy
RED_092203,Happy,Neutral,Neutral
RED_092206,Neutral,Neutral,Neutral
RED_092216,Happy,Happy,Happy
RED_092217,Happy,Happy,Happy
RED_092230,Depression,Depression,Depression
RED_092241,Depression,Depression,Depression
RED_092247,Happy,Happy,Happy
RED_092268,Happy,Depression,Depression
RED_092284,Depression,Depression,Depression
RED_092294,Happy,Happy,Happy
RED_092304,Depression,Depression,Depression
RED_092330,Happy,Happy,Happy
RED_092360,Depression,Depression,Depression
RED_092370,Neutral,Neutral,Neutral
RED_092383,Happy,Happy,Happy
RED_092397,Neutral,Neutral,Neutral
RED_092412,Depression,Depression,Depression
RED_092415,Happy,Happy,Happy
RED_092416,Happy,Happy,Happy
RED_092439,Happy,Happy,Happy
RED_092440,Neutral,Neutral,Neutral
RED_092443,Depression,Depression,Depression
RED_092450,Happy,Happy,Happy
RED_092461,Depression,Happy,Depression
RED_092463,Neutral,Neutral,Neutral
RED_092466,Neutral,Neutral,Neutral
RED_092472,Happy,Happy,Happy
RED_092502,Happy,Happy,Happy
RED_092508,Happy,Happy,Happy
RED_092510,Happy,Happy,Happy
RED_092519,Happy,Happy,Happy
RED_092532,Neutral,Neutral,Neutral
RED_092534,Neutral,Neutral,Neutral
RED_092554,Happy,Happy,Happy
RED_092555,Neutral,Neutral,Neutral
RED_092556,Happy,Happy,Happy
RED_092577,Depression,Depression,Depression
RED_092584,Happy,Happy,Happy
RED_092588,Happy,Happy,Happy
RED_092597,Neutral,Neutral,Neutral
RED_092603,Neutral,Neutral,Neutral
RED_092606,Depression,Depression,Depression
RED_092613,Depression,Depression,Depression
RED_092638,Neutral,Neutral,Neutral
RED_092639,Neutral,Neutral,Neutral
RED_092645,Happy,Happy,Happy
RED_092654,Depression,Depression,Depression
RED_092661,Depression,Depression,Depression
RED_092664,Neutral,Neutral,Neutral
RED_092665,Happy,Happy,Happy
RED_092675,Depression,Happy,Happy
RED_092680,Happy,Happy,Happy
RED_092696,Happy,Happy,Happy
RED_092701,Neutral,Neutral,Neutral
RED_092703,Happy,Depression,Depression
RED_092715,Depression,Happy,Happy
RED_092732,Depression,Depression,Depression
RED_092751,Neutral,Neutral,Neutral
RED_092753,Happy,Happy,Happy
RED_092755,Happy,Happy,Happy
RED_092760,Happy,Happy,Happy
RED_092793,Neutral,Neutral,Neutral
RED_092799,Neutral,Neutral,Neutral
RED_092805,Happy,Happy,Happy
RED_092826,Happy,Happy,Happy
RED_092833,Depression,Depression,Depression
RED_092839,Depression,Depression,Depression
RED_092843,Happy,Happy,Happy
RED_092853,Happy,Happy,Happy
RED_092856,Happy,Happy,Happy
RED_092860,Depression,Depression,Depression
RED_092867,Happy,Happy,Happy
RED_092870,Neutral,Neutral,Neutral
RED_092881,Happy,Happy,Happy
RED_092885,Neutral,Neutral,Neutral
RED_092895,Neutral,Neutral,Neutral
RED_092897,Neutral,Neutral,Neutral
RED_092912,Neutral,Neutral,Neutral
RED_092934,Happy,Happy,Happy
RED_092940,Depression,Depression,Depression
RED_092945,Depression,Depression,Depression
RED_092948,Happy,Happy,Happy
RED_092952,Depression,Depression,Depression
RED_092980,Neutral,Neutral,Neutral
RED_092987,Neutral,Neutral,Neutral
RED_092991,Neutral,Neutral,Neutral
RED_092997,Happy,Happy,Happy
RED_093002,Depression,Depression,Depression
RED_093006,Depression,Depression,Depression
RED_093007,Depression,Depression,Depression
RED_093053,Happy,Happy,Happy
RED_093064,Depression,Depression,Depression
RED_093074,Depression,Depression,Depression
RED_093081,Happy,Happy,Happy
RED_093083,Happy,Happy,Happy
RED_093091,Happy,Happy,Happy
RED_093096,Happy,Happy,Happy
RED_093147,Depression,Depression,Depression
RED_093156,Depression,Depression,Depression
RED_093162,Neutral,Neutral,Neutral
RED_093170,Happy,Happy,Happy
RED_093175,Depression,Depression,Depression
RED_093181,Happy,Happy,Happy
RED_093193,Happy,Happy,Happy
RED_093215,Neutral,Neutral,Neutral
RED_093218,Depression,Depression,Depression
RED_093227,Neutral,Neutral,Neutral
RED_093228,Depression,Depression,Depression
RED_093267,Depression,Depression,Depression
RED_093270,Neutral,Neutral,Neutral
RED_093273,Happy,Happy,Happy
RED_093277,Neutral,Neutral,Neutral
RED_093278,Neutral,Neutral,Neutral
RED_093286,Neutral,Neutral,Neutral
RED_093287,Depression,Depression,Depression
RED_093308,Depression,Depression,Depression
RED_093344,Neutral,Neutral,Neutral
RED_093366,Happy,Happy,Happy
RED_093367,Depression,Depression,Depression
RED_093371,Neutral,Neutral,Neutral
RED_093389,Depression,Depression,Depression
RED_093454,Happy,Happy,Happy
RED_093468,Happy,Happy,Happy
RED_093480,Neutral,Neutral,Neutral
RED_093483,Neutral,Neutral,Neutral
RED_093484,Neutral,Neutral,Neutral
RED_093488,Neutral,Neutral,Neutral
RED_093514,Happy,Happy,Happy
RED_093529,Depression,Depression,Depression
RED_093530,Happy,Happy,Happy
RED_093541,Happy,Happy,Happy
RED_093550,Neutral,Neutral,Neutral
RED_093552,Happy,Happy,Happy
RED_093556,Depression,Depression,Depression
RED_093563,Neutral,Neutral,Neutral
RED_093568,Neutral,Neutral,Neutral
RED_093591,Happy,Happy,Happy
RED_093604,Depression,Happy,Neutral
RED_093613,Depression,Depression,Depression
RED_093619,Neutral,Neutral,Neutral
RED_093628,Depression,Depression,Depression
RED_093671,Happy,Happy,Happy
RED_093676,Happy,Happy,Happy
RED_093678,Happy,Happy,Happy
RED_093682,Happy,Happy,Happy
RED_093706,Neutral,Neutral,Neutral
RED_093725,Depression,Depression,Depression
RED_093746,Depression,Depression,Depression
RED_093748,Neutral,Neutral,Neutral
RED_093759,Depression,Depression,Depression
RED_093762,Neutral,Neutral,Neutral
RED_093764,Neutral,Neutral,Neutral
RED_093782,Depression,Depression,Depression
RED_093797,Neutral,Neutral,Neutral
RED_093812,Happy,Happy,Happy
RED_093824,Happy,Happy,Happy
RED_093841,Happy,Happy,Happy
RED_093848,Happy,Happy,Happy
RED_093853,Depression,Depression,Depression
RED_093855,Happy,Happy,Happy
RED_093877,Depression,Depression,Depression
RED_093891,Neutral,Neutral,Neutral
RED_093896,Neutral,Neutral,Neutral
RED_093902,Depression,Depression,Depression
RED_093946,Neutral,Neutral,Neutral
RED_093949,Neutral,Neutral,Neutral
RED_093972,Depression,Depression,Depression
RED_093997,Happy,Happy,Happy
RED_094001,Happy,Happy,Happy
RED_094004,Depression,Depression,Depression
RED_094017,Neutral,Neutral,Neutral
RED_094025,Depression,Depression,Depression
RED_094032,Neutral,Neutral,Neutral
RED_094033,Neutral,Neutral,Neutral
RED_094037,Happy,Happy,Happy
RED_094050,Happy,Happy,Happy
RED_094057,Depression,Depression,Depression
RED_094059,Depression,Depression,Depression
RED_094066,Happy,Depression,Depression
RED_094110,Depression,Depression,Depression
RED_094123,Happy,Happy,Happy
RED_094146,Neutral,Neutral,Neutral
RED_094148,Happy,Happy,Happy
RED_094153,Neutral,Neutral,Neutral
RED_094154,Depression,Depression,Depression
RED_094165,Happy,Happy,Happy
RED_094180,Depression,Depression,Depression
RED_094199,Neutral,Neutral,Neutral
RED_094205,Neutral,Neutral,Neutral
RED_094209,Depression,Depression,Depression
RED_094234,Neutral,Neutral,Neutral
RED_094241,Depression,Depression,Depression
RED_094260,Neutral,Neutral,Neutral
RED_094271,Neutral,Neutral,Neutral
RED_094272,Happy,Happy,Happy
RED_094274,Happy,Happy,Happy
RED_094280,Depression,Depression,Depression
RED_094302,Depression,Depression,Depression
RED_094314,Neutral,Neutral,Neutral
RED_094326,Happy,Happy,Happy
RED_094329,Neutral,Neutral,Neutral
RED_094338,Neutral,Neutral,Neutral
RED_094372,Happy,Neutral,Neutral
RED_094384,Happy,Happy,Happy
RED_094391,Happy,Happy,Happy
RED_094398,Happy,Happy,Happy
RED_094400,Neutral,Neutral,Neutral
RED_094427,Depression,Depression,Depression
RED_094430,Happy,Happy,Happy
RED_094431,Neutral,Neutral,Neutral
RED_094432,Neutral,Neutral,Neutral
RED_094441,Neutral,Neutral,Neutral
RED_094450,Happy,Happy,Happy
RED_094475,Depression,Depression,Depression
RED_094501,Neutral,Neutral,Neutral
RED_094511,Depression,Depression,Depression
RED_094533,Neutral,Neutral,Neutral
RED_094538,Happy,Happy,Happy
RED_094553,Happy,Happy,Happy
RED_094564,Happy,Happy,Happy
RED_094566,Neutral,Neutral,Neutral
RED_094568,Depression,Depression,Depression
RED_094580,Happy,Happy,Happy
RED_094597,Happy,Happy,Happy
RED_094602,Happy,Happy,Happy
RED_094623,Depression,Depression,Depression
RED_094643,Happy,Happy,Happy
RED_094651,Depression,Happy,Happy
RED_094653,Neutral,Neutral,Neutral
RED_094661,Neutral,Neutral,Neutral
RED_094676,Depression,Depression,Depression
RED_094679,Happy,Happy,Happy
RED_094682,Happy,Happy,Happy
RED_094700,Happy,Happy,Happy
RED_094701,Depression,Depression,Depression
RED_094706,Neutral,Neutral,Neutral
RED_094718,Happy,Happy,Happy
RED_094721,Happy,Happy,Happy
RED_094723,Neutral,Neutral,Neutral
RED_094734,Depression,Depression,Depression
RED_094765,Neutral,Neutral,Neutral
RED_094771,Happy,Happy,Happy
RED_094847,Happy,Happy,Happy
RED_094869,Happy,Happy,Happy
RED_094876,Happy,Happy,Happy
RED_094880,Neutral,Neutral,Neutral
RED_094885,Depression,Depression,Depression
RED_094887,Depression,Depression,Depression
RED_094898,Depression,Happy,Happy
RED_094906,Happy,Happy,Happy
RED_094909,Happy,Happy,Happy
RED_094932,Happy,Happy,Happy
RED_094934,Depression,Depression,Depression
RED_094939,Neutral,Neutral,Neutral
RED_094962,Happy,Happy,Happy
RED_094972,Happy,Happy,Happy
RED_094981,Depression,Depression,Depression
RED_095027,Depression,Depression,Depression
RED_095032,Neutral,Neutral,Neutral
RED_095049,Happy,Happy,Happy
RED_095058,Depression,Depression,Depression
RED_095060,Depression,Depression,Depression
RED_095070,Neutral,Neutral,Neutral
RED_095109,Neutral,Neutral,Neutral
RED_095113,Depression,Depression,Depression
RED_095119,Neutral,Neutral,Neutral
RED_095140,Happy,Depression,Depression
RED_095157,Neutral,Neutral,Neutral
RED_095158,Happy,Happy,Happy
RED_095168,Happy,Happy,Happy
RED_095222,Neutral,Neutral,Neutral
RED_095236,Depression,Depression,Depression
RED_095241,Depression,Depression,Depression
RED_095245,Depression,Depression,Depression
RED_095252,Neutral,Neutral,Neutral
RED_095264,Neutral,Neutral,Neutral
RED_095271,Depression,Depression,Depression
RED_095276,Neutral,Neutral,Neutral
RED_095294,Happy,Happy,Happy
RED_095350,Neutral,Neutral,Neutral
RED_095364,Depression,Depression,Depression
RED_095367,Depression,Depression,Depression
RED_095375,Happy,Happy,Happy
RED_095376,Happy,Happy,Happy
RED_095377,Depression,Depression,Depression
RED_095379,Depression,Depression,Depression
RED_095391,Neutral,Neutral,Neutral
RED_095395,Happy,Happy,Happy
RED_095445,Neutral,Neutral,Neutral
RED_095450,Happy,Happy,Happy
RED_095456,Happy,Happy,Happy
RED_095491,Depression,Depression,Depression
RED_095496,Neutral,Neutral,Neutral
RED_095500,Happy,Happy,Happy
RED_095502,Happy,Happy,Happy
RED_095553,Depression,Depression,Depression
RED_095559,Neutral,Neutral,Neutral
RED_095560,Neutral,Neutral,Neutral
RED_095567,Happy,Happy,Happy
RED_095574,Depression,Depression,Depression
RED_095579,Neutral,Neutral,Neutral
RED_095581,Happy,Happy,Happy
RED_095611,Happy,Depression,Depression
RED_095613,Happy,Happy,Happy
RED_095660,Depression,Depression,Depression
RED_095685,Happy,Happy,Happy
RED_095690,Neutral,Neutral,Neutral
RED_095692,Happy,Happy,Happy
RED_095701,Happy,Happy,Happy
RED_095715,Depression,Depression,Depression
RED_095716,Depression,Depression,Depression
RED_095719,Happy,Happy,Happy
RED_095720,Depression,Depression,Depression
RED_095730,Happy,Happy,Happy
RED_095731,Neutral,Neutral,Neutral
RED_095738,Neutral,Neutral,Neutral
RED_095750,Neutral,Neutral,Neutral
RED_095772,Neutral,Neutral,Neutral
RED_095783,Depression,Depression,Depression
RED_095785,Happy,Happy,Happy
RED_095787,Depression,Depression,Depression
RED_095790,Happy,Happy,Happy
RED_095796,Happy,Happy,Happy
RED_095800,Happy,Happy,Happy
RED_095812,Happy,Happy,Happy
RED_095813,Happy,Happy,Happy
RED_095816,Depression,Depression,Depression
RED_095840,Depression,Depression,Depression
RED_095871,Neutral,Neutral,Neutral
RED_095874,Depression,Depression,Depression
RED_095903,Neutral,Neutral,Neutral
RED_095909,Depression,Happy,Depression
RED_095913,Depression,Depression,Depression
RED_095914,Happy,Happy,Happy
RED_095916,Depression,Depression,Depression
RED_095925,Depression,Depression,Depression
RED_095927,Depression,Depression,Depression
RED_095936,Happy,Happy,Happy
RED_095946,Depression,Depression,Depression
RED_095949,Depression,Depression,Depression
RED_095951,Happy,Happy,Happy
RED_095967,Neutral,Neutral,Neutral
RED_095974,Neutral,Neutral,Neutral
RED_095991,Depression,Depression,Depression
RED_096004,Happy,Happy,Happy
RED_096005,Happy,Happy,Happy
RED_096016,Happy,Happy,Happy
RED_096018,Happy,Happy,Happy
RED_096020,Depression,Depression,Depression
RED_096032,Happy,Happy,Happy
RED_096036,Happy,Happy,Happy
RED_096044,Neutral,Neutral,Neutral
RED_096056,Neutral,Neutral,Neutral
RED_096081,Neutral,Neutral,Neutral
RED_096090,Happy,Depression,Neutral
RED_096092,Happy,Happy,Happy
RED_096100,Happy,Happy,Happy
RED_096134,Depression,Depression,Depression
RED_096169,Depression,Depression,Depression
RED_096177,Depression,Depression,Depression
RED_096191,Happy,Happy,Happy
RED_096193,Neutral,Neutral,Neutral
RED_096198,Happy,Happy,Happy
RED_096205,Neutral,Neutral,Neutral
RED_096210,Neutral,Neutral,Neutral
RED_096215,Happy,Happy,Happy
RED_096218,Happy,Happy,Happy
RED_096228,Neutral,Neutral,Neutral
RED_096231,Depression,Depression,Depression
RED_096241,Depression,Depression,Depression
RED_096274,Happy,Happy,Happy
RED_096278,Depression,Depression,Depression
RED_096291,Neutral,Neutral,Neutral
RED_096297,Depression,Depression,Depression
RED_096299,Depression,Depression,Depression
RED_096310,Depression,Depression,Depression
RED_096314,Neutral,Neutral,Neutral
RED_096328,Happy,Neutral,Neutral
RED_096337,Happy,Happy,Happy
RED_096362,Neutral,Neutral,Neutral
RED_096373,Depression,Depression,Depression
RED_096390,Neutral,Neutral,Neutral
RED_096398,Neutral,Neutral,Neutral
RED_096419,Depression,Depression,Depression
RED_096434,Depression,Depression,Neutral
RED_096438,Neutral,Neutral,Neutral
RED_096448,Happy,Happy,Happy
RED_096449,Happy,Happy,Happy
RED_096462,Happy,Depression,Depression
RED_096482,Neutral,Neutral,Neutral
RED_096491,Neutral,Neutral,Neutral
RED_096519,Neutral,Neutral,Neutral
RED_096524,Happy,Happy,Happy
RED_096531,Happy,Happy,Happy
RED_096538,Neutral,Neutral,Neutral
RED_096542,Depression,Depression,Depression
RED_096560,Neutral,Neutral,Neutral
RED_096562,Depression,Depression,Depression
RED_096569,Neutral,Neutral,Neutral
RED_096573,Happy,Happy,Happy
RED_096574,Happy,Happy,Happy
RED_096579,Depression,Depression,Depression
RED_096595,Happy,Happy,Happy
RED_096599,Depression,Depression,Depression
RED_096613,Happy,Happy,Happy
RED_096643,Happy,Happy,Happy
RED_096651,Depression,Depression,Depression
RED_096652,Neutral,Neutral,Neutral
RED_096654,Happy,Happy,Happy
RED_096656,Depression,Depression,Depression
RED_096671,Neutral,Neutral,Neutral
RED_096674,Depression,Depression,Depression
RED_096679,Depression,Depression,Depression
RED_096680,Happy,Happy,Happy
RED_096685,Happy,Happy,Happy
RED_096689,Neutral,Neutral,Neutral
RED_096691,Neutral,Neutral,Neutral
RED_096699,Neutral,Neutral,Neutral
RED_096712,Depression,Depression,Depression
RED_096723,Happy,Happy,Happy
RED_096727,Neutral,Neutral,Neutral
RED_096732,Neutral,Neutral,Neutral
RED_096733,Neutral,Neutral,Neutral
RED_096737,Happy,Happy,Happy
RED_096770,Neutral,Neutral,Neutral
RED_096793,Neutral,Neutral,Neutral
RED_096795,Neutral,Neutral,Neutral
RED_096798,Depression,Depression,Depression
RED_096806,Neutral,Neutral,Neutral
RED_096813,Neutral,Neutral,Neutral
RED_096829,Neutral,Neutral,Neutral
RED_096831,Happy,Happy,Happy
RED_096833,Neutral,Neutral,Neutral
RED_096856,Depression,Depression,Depression
RED_096859,Depression,Depression,Depression
RED_096874,Happy,Happy,Happy
RED_096887,Depression,Depression,Depression
RED_096889,Depression,Depression,Depression
RED_096902,Happy,Happy,Happy
RED_096911,Happy,Happy,Happy
RED_096916,Neutral,Neutral,Neutral
RED_096922,Depression,Depression,Depression
RED_096929,Happy,Happy,Happy
RED_096931,Happy,Happy,Happy
RED_096933,Depression,Depression,Depression
RED_096957,Happy,Happy,Happy
RED_096976,Happy,Happy,Happy
RED_096987,Happy,Happy,Happy
RED_096991,Depression,Depression,Depression
RED_096995,Neutral,Neutral,Neutral
RED_097008,Happy,Happy,Happy
RED_097011,Depression,Happy,Happy
RED_097023,Neutral,Neutral,Neutral
RED_097032,Neutral,Neutral,Neutral
RED_097049,Depression,Depression,Depression
RED_097054,Neutral,Neutral,Neutral
RED_097061,Happy,Happy,Happy
RED_097064,Happy,Happy,Happy
RED_097075,Happy,Happy,Happy
RED_097080,Happy,Happy,Happy
RED_097095,Neutral,Neutral,Neutral
RED_097106,Depression,Depression,Depression
RED_097112,Neutral,Neutral,Neutral
RED_097117,Happy,Happy,Happy
RED_097121,Neutral,Neutral,Neutral
RED_097124,Neutral,Neutral,Neutral
RED_097126,Neutral,Neutral,Neutral
RED_097133,Depression,Depression,Depression
RED_097135,Happy,Happy,Happy
RED_097143,Depression,Depression,Depression
RED_097160,Neutral,Neutral,Neutral
RED_097162,Neutral,Happy,Happy
RED_097170,Happy,Happy,Happy
RED_097175,Depression,Depression,Depression
RED_097179,Happy,Happy,Happy
RED_097184,Depression,Depression,Depression
RED_097193,Happy,Happy,Happy
RED_097205,Depression,Depression,Depression
RED_097223,Neutral,Neutral,Neutral
RED_097235,Depression,Depression,Depression
RED_097274,Neutral,Neutral,Neutral
RED_097276,Neutral,Neutral,Neutral
RED_097283,Happy,Happy,Happy
RED_097288,Depression,Happy,Depression
RED_097291,Neutral,Neutral,Neutral
RED_097298,Depression,Depression,Depression
RED_097311,Happy,Happy,Happy
RED_097320,Depression,Depression,Depression
RED_097327,Neutral,Neutral,Neutral
RED_097337,Neutral,Neutral,Neutral
RED_097339,Happy,Happy,Happy
RED_097341,Neutral,Depression,Depression
RED_097348,Depression,Depression,Depression
RED_097349,Happy,Happy,Happy
RED_097351,Neutral,Neutral,Neutral
RED_097363,Depression,Depression,Depression
RED_097365,Neutral,Neutral,Neutral
RED_097377,Depression,Depression,Depression
RED_097387,Happy,Happy,Happy
RED_097399,Neutral,Neutral,Neutral
RED_097400,Neutral,Neutral,Neutral
RED_097425,Depression,Depression,Depression
RED_097430,Happy,Happy,Happy
RED_097447,Depression,Depression,Depression
RED_097454,Neutral,Neutral,Neutral
RED_097471,Happy,Happy,Happy
RED_097473,Happy,Happy,Happy
RED_097476,Neutral,Neutral,Neutral
RED_097480,Neutral,Neutral,Neutral
RED_097490,Happy,Happy,Happy
RED_097502,Happy,Happy,Happy
RED_097507,Depression,Depression,Depression
RED_097512,Depression,Depression,Depression
RED_097528,Neutral,Neutral,Neutral
RED_097533,Depression,Depression,Depression
RED_097558,Happy,Happy,Happy
RED_097562,Happy,Happy,Happy
RED_097565,Happy,Happy,Happy
RED_097605,Neutral,Neutral,Neutral
RED_097607,Happy,Happy,Happy
RED_097614,Neutral,Neutral,Neutral
RED_097618,Depression,Depression,Depression
RED_097633,Neutral,Neutral,Neutral
RED_097634,Depression,Depression,Depression
RED_097645,Neutral,Neutral,Neutral
RED_097651,Depression,Depression,Depression
RED_097661,Neutral,Neutral,Neutral
RED_097662,Depression,Depression,Depression
RED_097667,Neutral,Neutral,Neutral
RED_097673,Happy,Happy,Happy
RED_097678,Happy,Depression,Depression
RED_097684,Depression,Depression,Depression
RED_097697,Happy,Happy,Happy
RED_097719,Depression,Depression,Depression
RED_097734,Neutral,Neutral,Neutral
RED_097774,Neutral,Neutral,Neutral
RED_097814,Happy,Happy,Happy
RED_097821,Depression,Depression,Depression
RED_097827,Happy,Happy,Happy
RED_097834,Depression,Depression,Depression
RED_097856,Neutral,Neutral,Neutral
RED_097873,Neutral,Neutral,Neutral
RED_097879,Depression,Depression,Depression
RED_097882,Happy,Happy,Happy
RED_097901,Happy,Happy,Happy
RED_097914,Neutral,Neutral,Neutral
RED_097922,Happy,Happy,Happy
RED_097924,Happy,Happy,Happy
RED_097927,Happy,Happy,Happy
RED_097936,Depression,Depression,Depression
RED_097943,Happy,Happy,Happy
RED_097955,Happy,Happy,Happy
RED_097958,Happy,Happy,Happy
RED_097964,Neutral,Neutral,Neutral
RED_097966,Neutral,Neutral,Neutral
RED_097967,Neutral,Neutral,Neutral
RED_097984,Happy,Happy,Happy
RED_097997,Happy,Happy,Happy
RED_098000,Happy,Happy,Happy
RED_098035,Neutral,Neutral,Neutral
RED_098066,Depression,Depression,Depression
RED_098073,Happy,Happy,Happy
RED_098081,Neutral,Neutral,Neutral
RED_098084,Depression,Depression,Depression
RED_098100,Happy,Happy,Happy
RED_098110,Neutral,Neutral,Neutral
RED_098113,Happy,Depression,Depression
RED_098122,Happy,Happy,Happy
RED_098128,Depression,Depression,Depression
RED_098133,Happy,Happy,Happy
RED_098137,Depression,Depression,Depression
RED_098146,Neutral,Neutral,Neutral
RED_098150,Neutral,Neutral,Neutral
RED_098160,Depression,Depression,Depression
RED_098175,Depression,Depression,Depression
RED_098179,Neutral,Neutral,Neutral
RED_098181,Happy,Happy,Happy
RED_098190,Depression,Depression,Depression
RED_098197,Depression,Depression,Depression
RED_098209,Happy,Happy,Happy
RED_098212,Neutral,Neutral,Neutral
RED_098218,Happy,Happy,Happy
RED_098228,Happy,Happy,Happy
RED_098242,Neutral,Neutral,Neutral
RED_098248,Neutral,Neutral,Neutral
RED_098251,Neutral,Neutral,Neutral
RED_098275,Happy,Happy,Happy
RED_098281,Happy,Happy,Happy
RED_098285,Depression,Depression,Depression
RED_098326,Happy,Happy,Happy
RED_098350,Depression,Depression,Depression
RED_098362,Happy,Happy,Happy
RED_098368,Happy,Happy,Happy
RED_098386,Happy,Happy,Happy
RED_098397,Neutral,Neutral,Neutral
RED_098398,Happy,Happy,Happy
RED_098428,Neutral,Neutral,Neutral
RED_098437,Neutral,Neutral,Neutral
RED_098441,Depression,Depression,Depression
RED_098444,Neutral,Neutral,Neutral
RED_098453,Neutral,Neutral,Neutral
RED_098460,Happy,Happy,Happy
RED_098472,Neutral,Neutral,Neutral
RED_098474,Happy,Depression,Depression
RED_098481,Neutral,Neutral,Neutral
RED_098483,Happy,Happy,Happy
RED_098493,Happy,Happy,Happy
RED_098495,Neutral,Neutral,Neutral
RED_098498,Depression,Depression,Depression
RED_098505,Happy,Happy,Happy
RED_098513,Happy,Happy,Happy
RED_098531,Happy,Happy,Happy
RED_098532,Neutral,Neutral,Neutral
RED_098534,Happy,Happy,Happy
RED_098552,Happy,Happy,Happy
RED_098571,Neutral,Neutral,Neutral
RED_098581,Neutral,Neutral,Neutral
RED_098584,Depression,Depression,Depression
RED_098598,Neutral,Neutral,Neutral
RED_098629,Depression,Depression,Depression
RED_098643,Happy,Happy,Happy
RED_098662,Neutral,Neutral,Neutral
RED_098663,Happy,Happy,Happy
RED_098676,Happy,Happy,Happy
RED_098677,Depression,Depression,Depression
RED_098682,Happy,Happy,Happy
RED_098690,Neutral,Neutral,Neutral
RED_098702,Happy,Happy,Happy
RED_098703,Depression,Happy,Happy
RED_098709,Happy,Happy,Happy
RED_098710,Neutral,Neutral,Neutral
RED_098716,Depression,Depression,Depression
RED_098719,Depression,Depression,Depression
RED_098729,Neutral,Neutral,Neutral
RED_098736,Depression,Depression,Depression
RED_098738,Depression,Depression,Depression
RED_098770,Neutral,Neutral,Neutral
RED_098780,Depression,Depression,Depression
RED_098781,Neutral,Neutral,Neutral
RED_098790,Happy,Happy,Happy
RED_098798,Neutral,Neutral,Neutral
RED_098832,Depression,Depression,Depression
RED_098844,Neutral,Depression,Depression
RED_098846,Neutral,Neutral,Neutral
RED_098852,Depression,Depression,Depression
RED_098860,Neutral,Neutral,Neutral
RED_098878,Neutral,Neutral,Neutral
RED_098889,Neutral,Neutral,Neutral
RED_098902,Neutral,Neutral,Neutral
RED_098916,Happy,Happy,Happy
RED_098920,Depression,Depression,Depression
RED_098926,Depression,Depression,Depression
RED_098929,Neutral,Neutral,Neutral
RED_098930,Neutral,Neutral,Neutral
RED_098957,Neutral,Neutral,Neutral
RED_098966,Neutral,Neutral,Neutral
RED_098992,Neutral,Neutral,Neutral
RED_099008,Neutral,Neutral,Neutral
RED_099027,Neutral,Neutral,Neutral
RED_099053,Neutral,Neutral,Neutral
RED_099091,Depression,Depression,Depression
RED_099093,Happy,Happy,Happy
RED_099098,Depression,Depression,Depression
RED_099103,Depression,Depression,Depression
RED_099104,Happy,Happy,Happy
RED_099105,Depression,Depression,Depression
RED_099114,Neutral,Neutral,Neutral
RED_099155,Depression,Depression,Depression
RED_099161,Neutral,Neutral,Neutral
RED_099199,Depression,Depression,Depression
RED_099201,Neutral,Neutral,Neutral
RED_099207,Neutral,Neutral,Neutral
RED_099212,Happy,Happy,Happy
RED_099232,Depression,Depression,Depression
RED_099237,Neutral,Neutral,Neutral
RED_099245,Happy,Happy,Happy
RED_099249,Happy,Happy,Happy
RED_099256,Depression,Depression,Depression
RED_099262,Depression,Depression,Depression
RED_099263,Happy,Happy,Happy
RED_099265,Happy,Happy,Happy
RED_099267,Neutral,Neutral,Neutral
RED_099269,Depression,Depression,Depression
RED_099275,Depression,Happy,Happy
RED_099302,Depression,Depression,Depression
RED_099305,Depression,Depression,Depression
RED_099319,Neutral,Neutral,Neutral
RED_099328,Happy,Happy,Happy
RED_099332,Neutral,Neutral,Neutral
RED_099336,Depression,Depression,Depression
RED_099345,Happy,Happy,Happy
RED_099361,Depression,Depression,Depression
RED_099369,Depression,Depression,Depression
RED_099390,Happy,Happy,Happy
RED_099419,Happy,Happy,Happy
RED_099451,Happy,Happy,Happy
RED_099452,Happy,Happy,Happy
RED_099453,Neutral,Neutral,Neutral
RED_099456,Happy,Happy,Happy
RED_099464,Happy,Happy,Happy
RED_099467,Neutral,Neutral,Neutral
RED_099474,Happy,Happy,Happy
RED_099480,Depression,Depression,Depression
RED_099492,Neutral,Neutral,Neutral
RED_099497,Happy,Happy,Happy
RED_099546,Neutral,Happy,Happy
RED_099548,Neutral,Neutral,Neutral
RED_099553,Happy,Happy,Happy
RED_099554,Depression,Depression,Depression
RED_099560,Happy,Happy,Happy
RED_099561,Neutral,Neutral,Neutral
RED_099563,Happy,Happy,Happy
RED_099572,Happy,Happy,Happy
RED_099577,Neutral,Neutral,Neutral
RED_099581,Happy,Happy,Happy
RED_099582,Depression,Depression,Depression
RED_099597,Neutral,Neutral,Neutral
RED_099608,Happy,Happy,Happy
RED_099630,Happy,Happy,Happy
RED_099661,Neutral,Neutral,Neutral
RED_099677,Neutral,Neutral,Neutral
RED_099702,Depression,Depression,Depression
RED_099710,Happy,Happy,Happy
RED_099714,Happy,Happy,Happy
RED_099731,Depression,Depression,Depression
RED_099756,Neutral,Neutral,Neutral
RED_099758,Depression,Depression,Depression
RED_099763,Depression,Depression,Depression
RED_099776,Happy,Happy,Happy
RED_099778,Neutral,Neutral,Neutral
RED_099785,Happy,Happy,Happy
RED_099799,Depression,Depression,Depression
RED_099841,Neutral,Neutral,Neutral
RED_099849,Depression,Depression,Depression
RED_099859,Depression,Depression,Depression
RED_099862,Neutral,Neutral,Neutral
RED_099863,Depression,Depression,Depression
RED_099887,Happy,Happy,Happy
RED_099893,Neutral,Neutral,Neutral
RED_099900,Neutral,Neutral,Neutral
RED_099904,Depression,Depression,Depression
RED_099926,Happy,Happy,Happy
RED_099927,Happy,Happy,Happy
RED_099935,Depression,Depression,Depression
RED_099940,Neutral,Neutral,Neutral
RED_099941,Neutral,Neutral,Neutral
RED_099944,Happy,Happy,Happy
RED_099946,Neutral,Neutral,Neutral
RED_099956,Neutral,Neutral,Neutral
RED_099985,Depression,Depression,Depression
RED_099993,Happy,Happy,Happy
RED_100003,Depression,Depression,Depression
RED_100005,Depression,Depression,Depression
RED_100021,Neutral,Neutral,Neutral
RED_100045,Depression,Depression,Depression
RED_100048,Neutral,Neutral,Neutral
RED_100072,Happy,Happy,Happy
RED_100075,Neutral,Neutral,Neutral
RED_100081,Happy,Happy,Happy
RED_100083,Neutral,Neutral,Neutral
RED_100093,Depression,Depression,Depression
RED_100096,Happy,Happy,Happy
RED_100117,Neutral,Neutral,Neutral
RED_100128,Neutral,Neutral,Neutral
RED_100135,Neutral,Neutral,Neutral
RED_100141,Neutral,Neutral,Neutral
RED_100147,Happy,Happy,Happy
RED_100156,Happy,Happy,Happy
RED_100159,Happy,Happy,Happy
RED_100175,Neutral,Neutral,Neutral
RED_100181,Happy,Depression,Depression
RED_100184,Depression,Depression,Depression
RED_100189,Depression,Depression,Depression
RED_100195,Depression,Depression,Depression
RED_100216,Happy,Happy,Happy
RED_100217,Neutral,Neutral,Neutral
RED_100220,Depression,Depression,Depression
RED_100227,Neutral,Neutral,Neutral
RED_100234,Happy,Happy,Happy
RED_100239,Neutral,Neutral,Neutral
RED_100245,Depression,Depression,Depression
RED_100271,Depression,Happy,Happy
RED_100293,Neutral,Neutral,Neutral
RED_100295,Depression,Depression,Depression
RED_100330,Depression,Depression,Depression
RED_100344,Happy,Happy,Happy
RED_100357,Depression,Depression,Depression
RED_100375,Happy,Happy,Happy
RED_100379,Depression,Depression,Depression
RED_100380,Depression,Depression,Depression
RED_100386,Neutral,Neutral,Neutral
RED_100398,Neutral,Neutral,Neutral
RED_100415,Happy,Happy,Happy
RED_100426,Neutral,Neutral,Neutral
RED_100430,Neutral,Neutral,Neutral
RED_100436,Depression,Depression,Depression
RED_100441,Depression,Depression,Depression
RED_100445,Happy,Happy,Happy
RED_100450,Happy,Happy,Happy
RED_100460,Happy,Happy,Happy
RED_100463,Neutral,Neutral,Neutral
RED_100482,Depression,Depression,Depression
RED_100483,Neutral,Happy,Happy
RED_100485,Neutral,Neutral,Neutral
RED_100486,Happy,Happy,Happy
RED_100494,Happy,Depression,Depression
RED_100521,Neutral,Neutral,Neutral
RED_100530,Depression,Depression,Depression
RED_100531,Depression,Depression,Depression
RED_100535,Depression,Depression,Depression
RED_100536,Neutral,Neutral,Neutral
RED_100538,Depression,Happy,Depression
RED_100543,Depression,Depression,Depression
RED_100544,Neutral,Neutral,Neutral
RED_100613,Neutral,Neutral,Neutral
RED_100630,Happy,Happy,Happy
RED_100632,Depression,Depression,Depression
RED_100639,Happy,Happy,Happy
RED_100644,Neutral,Neutral,Neutral
RED_100658,Happy,Happy,Happy
RED_100676,Depression,Depression,Depression
RED_100687,Depression,Depression,Depression
RED_100691,Depression,Depression,Depression
RED_100693,Happy,Neutral,Neutral
RED_100715,Neutral,Neutral,Neutral
RED_100717,Neutral,Neutral,Neutral
RED_100722,Depression,Depression,Depression
RED_100725,Happy,Happy,Happy
RED_100746,Happy,Happy,Happy
RED_100760,Happy,Happy,Happy
RED_100767,Happy,Happy,Happy
RED_100773,Depression,Depression,Depression
RED_100798,Depression,Depression,Depression
RED_100819,Happy,Happy,Happy
RED_100823,Happy,Happy,Happy
RED_100834,Neutral,Neutral,Neutral
RED_100852,Happy,Happy,Happy
RED_100893,Happy,Happy,Happy
RED_100899,Neutral,Neutral,Neutral
RED_100907,Neutral,Neutral,Neutral
RED_100926,Neutral,Neutral,Neutral
RED_100931,Depression,Depression,Depression
RED_100932,Happy,Happy,Happy
RED_100934,Depression,Happy,Happy
RED_100935,Depression,Depression,Depression
RED_100939,Depression,Depression,Depression
RED_100966,Depression,Depression,Depression
RED_100975,Happy,Happy,Happy
RED_100976,Happy,Depression,Depression
RED_100980,Happy,Happy,Happy
RED_100990,Neutral,Neutral,Neutral
RED_100991,Happy,Happy,Happy
RED_100993,Neutral,Neutral,Neutral
RED_100999,Depression,Depression,Depression
RED_101010,Happy,Happy,Happy
RED_101036,Depression,Depression,Depression
RED_101053,Happy,Happy,Happy
RED_101058,Happy,Happy,Happy
RED_101070,Depression,Depression,Depression
RED_101071,Neutral,Neutral,Neutral
RED_101094,Depression,Depression,Depression
RED_101102,Depression,Depression,Depression
RED_101105,Neutral,Neutral,Neutral
RED_101109,Depression,Depression,Depression
RED_101130,Happy,Happy,Happy
RED_101138,Happy,Happy,Happy
RED_101140,Happy,Happy,Happy
RED_101153,Depression,Depression,Depression
RED_101161,Neutral,Neutral,Neutral
RED_101166,Happy,Happy,Happy
RED_101173,Depression,Depression,Depression
RED_101178,Depression,Depression,Depression
RED_101181,Depression,Depression,Depression
RED_101195,Happy,Happy,Happy
RED_101196,Neutral,Neutral,Neutral
RED_101226,Happy,Happy,Happy
RED_101233,Happy,Happy,Happy
RED_101234,Neutral,Neutral,Neutral
RED_101254,Happy,Happy,Happy
RED_101260,Neutral,Neutral,Neutral
RED_101261,Depression,Depression,Depression
RED_101284,Depression,Depression,Depression
RED_101290,Depression,Depression,Depression
RED_101300,Depression,Depression,Depression
RED_101301,Happy,Happy,Happy
RED_101303,Neutral,Neutral,Neutral
RED_101314,Neutral,Neutral,Neutral
RED_101323,Happy,Happy,Happy
RED_101329,Happy,Happy,Happy
RED_101350,Happy,Happy,Happy
RED_101378,Neutral,Neutral,Neutral
RED_101392,Happy,Happy,Happy
RED_101395,Happy,Happy,Happy
RED_101396,Happy,Happy,Happy
RED_101407,Depression,Depression,Depression
RED_101409,Neutral,Neutral,Neutral
RED_101420,Happy,Happy,Happy
RED_101421,Happy,Happy,Happy
RED_101422,Happy,Happy,Happy
RED_101424,Happy,Happy,Happy
RED_101447,Happy,Happy,Happy
RED_101451,Neutral,Neutral,Neutral
RED_101453,Neutral,Neutral,Neutral
RED_101455,Neutral,Neutral,Neutral
RED_101456,Depression,Depression,Depression
RED_101501,Depression,Depression,Depression
RED_101505,Depression,Depression,Depression
RED_101508,Depression,Depression,Depression
RED_101510,Depression,Depression,Depression
RED_101512,Neutral,Neutral,Neutral
RED_101519,Neutral,Neutral,Neutral
RED_101538,Depression,Depression,Depression
RED_101567,Depression,Depression,Depression
RED_101574,Depression,Depression,Depression
RED_101577,Neutral,Neutral,Neutral
RED_101592,Depression,Depression,Depression
RED_101607,Depression,Depression,Depression
RED_101609,Depression,Depression,Depression
RED_101612,Neutral,Neutral,Neutral
RED_101639,Neutral,Neutral,Neutral
RED_101661,Depression,Depression,Depression
RED_101688,Neutral,Neutral,Neutral
RED_101700,Neutral,Neutral,Neutral
RED_101720,Neutral,Neutral,Neutral
RED_101729,Neutral,Neutral,Neutral
RED_101742,Happy,Happy,Happy
RED_101779,Depression,Depression,Depression
RED_101781,Depression,Depression,Depression
RED_101822,Depression,Depression,Depression
RED_101838,Depression,Depression,Depression
RED_101851,Neutral,Neutral,Neutral
RED_101861,Neutral,Neutral,Neutral
RED_101889,Neutral,Neutral,Neutral
RED_101892,Neutral,Neutral,Neutral
RED_101897,Happy,Happy,Happy
RED_101904,Neutral,Neutral,Neutral
RED_101907,Depression,Depression,Depression
RED_101914,Depression,Depression,Depression
RED_101922,Depression,Depression,Depression
RED_101923,Neutral,Neutral,Neutral
RED_101948,Happy,Depression,Depression
RED_101959,Happy,Happy,Happy
RED_101968,Neutral,Neutral,Neutral
RED_101974,Neutral,Neutral,Neutral
RED_101977,Depression,Depression,Depression
RED_101988,Happy,Happy,Happy
RED_102005,Neutral,Neutral,Neutral
RED_102007,Depression,Depression,Depression
RED_102033,Happy,Happy,Happy
RED_102040,Happy,Happy,Happy
RED_102049,Depression,Depression,Depression
RED_102061,Neutral,Neutral,Neutral
RED_102063,Happy,Happy,Happy
RED_102092,Depression,Happy,Neutral
RED_102102,Depression,Depression,Depression
RED_102120,Happy,Happy,Happy
RED_102167,Neutral,Neutral,Neutral
RED_102177,Happy,Happy,Happy
RED_102181,Neutral,Neutral,Neutral
RED_102194,Neutral,Neutral,Neutral
RED_102214,Depression,Depression,Depression
RED_102226,Depression,Depression,Depression
RED_102234,Happy,Happy,Happy
RED_102245,Happy,Happy,Happy
RED_102259,Neutral,Neutral,Neutral
RED_102267,Depression,Depression,Depression
RED_102268,Depression,Depression,Depression
RED_102269,Depression,Depression,Depression
RED_102295,Happy,Happy,Happy
RED_102298,Happy,Happy,Happy
RED_102299,Depression,Depression,Depression
RED_102301,Happy,Happy,Happy
RED_102327,Neutral,Neutral,Neutral
RED_102329,Depression,Depression,Depression
RED_102336,Depression,Depression,Depression
RED_102338,Neutral,Neutral,Neutral
RED_102342,Neutral,Neutral,Neutral
RED_102346,Neutral,Neutral,Neutral
RED_102348,Neutral,Neutral,Neutral
RED_102349,Neutral,Neutral,Neutral
RED_102351,Happy,Happy,Happy
RED_102355,Happy,Happy,Happy
RED_102360,Happy,Happy,Happy
RED_102370,Neutral,Neutral,Neutral
RED_102398,Happy,Happy,Happy
RED_102401,Depression,Depression,Depression
RED_102406,Neutral,Neutral,Neutral
RED_102423,Happy,Happy,Happy
RED_102439,Happy,Happy,Happy
RED_102440,Depression,Depression,Depression
RED_102446,Depression,Depression,Depression
RED_102452,Happy,Happy,Happy
RED_102457,Happy,Happy,Happy
RED_102465,Neutral,Neutral,Neutral
RED_102470,Neutral,Neutral,Neutral
RED_102472,Depression,Depression,Depression
RED_102481,Neutral,Neutral,Neutral
RED_102482,Depression,Depression,Depression
RED_102489,Depression,Happy,Happy
RED_102516,Depression,Depression,Depression
RED_102528,Happy,Happy,Happy
RED_102529,Depression,Depression,Depression
RED_102553,Happy,Happy,Happy
RED_102569,Happy,Happy,Happy
RED_102575,Happy,Depression,Neutral
RED_102581,Happy,Happy,Happy
RED_102590,Happy,Happy,Happy
RED_102624,Happy,Happy,Happy
RED_102657,Happy,Happy,Happy
RED_102660,Depression,Depression,Depression
RED_102687,Neutral,Neutral,Neutral
RED_102698,Neutral,Neutral,Neutral
RED_102714,Neutral,Neutral,Neutral
RED_102723,Happy,Happy,Happy
RED_102729,Happy,Happy,Happy
RED_102733,Neutral,Neutral,Neutral
RED_102741,Happy,Happy,Happy
RED_102745,Depression,Depression,Depression
RED_102746,Happy,Happy,Happy
RED_102760,Neutral,Neutral,Neutral
RED_102761,Happy,Happy,Happy
RED_102771,Depression,Depression,Depression
RED_102776,Neutral,Neutral,Neutral
RED_102777,Neutral,Neutral,Neutral
RED_102781,Happy,Happy,Happy
RED_102784,Neutral,Neutral,Neutral
RED_102787,Happy,Happy,Happy
RED_102808,Neutral,Neutral,Neutral
RED_102812,Depression,Depression,Depression
RED_102818,Neutral,Neutral,Neutral
RED_102826,Depression,Depression,Depression
RED_102862,Neutral,Neutral,Neutral
RED_102881,Depression,Depression,Depression
RED_102891,Neutral,Neutral,Neutral
RED_102901,Neutral,Neutral,Neutral
RED_102911,Neutral,Neutral,Neutral
RED_102927,Neutral,Neutral,Neutral
RED_102931,Happy,Depression,Depression
RED_102933,Neutral,Neutral,Neutral
RED_102939,Depression,Depression,Depression
RED_102950,Neutral,Neutral,Neutral
RED_102963,Depression,Depression,Depression
RED_102967,Neutral,Neutral,Neutral
RED_102995,Neutral,Neutral,Neutral
RED_103022,Depression,Depression,Depression
RED_103024,Happy,Happy,Happy
RED_103055,Happy,Happy,Happy
RED_103063,Neutral,Neutral,Neutral
RED_103068,Neutral,Neutral,Neutral
RED_103076,Depression,Depression,Depression
RED_103077,Happy,Happy,Happy
RED_103078,Happy,Happy,Happy
RED_103083,Neutral,Neutral,Neutral
RED_103092,Neutral,Neutral,Neutral
RED_103096,Neutral,Neutral,Neutral
RED_103113,Neutral,Neutral,Neutral
RED_103127,Happy,Happy,Happy
RED_103138,Depression,Depression,Depression
RED_103140,Neutral,Neutral,Neutral
RED_103178,Depression,Depression,Depression
RED_103186,Neutral,Neutral,Neutral
RED_103229,Depression,Depression,Depression
RED_103251,Depression,Depression,Depression
RED_103252,Neutral,Neutral,Neutral
RED_103287,Happy,Happy,Happy
RED_103319,Depression,Depression,Depression
RED_103352,Happy,Happy,Happy
RED_103359,Happy,Happy,Happy
RED_103360,Neutral,Neutral,Neutral
RED_103377,Neutral,Neutral,Neutral
RED_103383,Depression,Depression,Depression
RED_103385,Neutral,Neutral,Neutral
RED_103393,Neutral,Neutral,Neutral
RED_103413,Happy,Happy,Happy
RED_103426,Neutral,Neutral,Neutral
RED_103427,Depression,Depression,Depression
RED_103432,Neutral,Neutral,Neutral
RED_103442,Happy,Happy,Happy
RED_103443,Depression,Depression,Depression
RED_103446,Depression,Depression,Depression
RED_103448,Depression,Depression,Depression
RED_103449,Depression,Depression,Depression
RED_103466,Neutral,Neutral,Neutral
RED_103468,Depression,Depression,Depression
RED_103473,Happy,Happy,Happy
RED_103488,Depression,Depression,Depression
RED_103501,Happy,Happy,Happy
RED_103531,Neutral,Neutral,Neutral
RED_103535,Depression,Depression,Depression
RED_103556,Depression,Depression,Depression
RED_103566,Depression,Depression,Depression
RED_103578,Happy,Happy,Happy
RED_103597,Neutral,Neutral,Neutral
RED_103600,Depression,Depression,Depression
RED_103609,Neutral,Neutral,Neutral
RED_103626,Happy,Happy,Happy
RED_103638,Happy,Happy,Happy
RED_103639,Happy,Happy,Happy
RED_103647,Happy,Happy,Happy
RED_103662,Happy,Happy,Happy
RED_103663,Happy,Neutral,Neutral
RED_103674,Happy,Happy,Happy
RED_103676,Happy,Happy,Happy
RED_103701,Neutral,Neutral,Neutral
RED_103708,Neutral,Neutral,Neutral
RED_103719,Depression,Depression,Depression
RED_103723,Depression,Depression,Depression
RED_103738,Neutral,Neutral,Neutral
RED_103739,Neutral,Neutral,Neutral
RED_103742,Depression,Depression,Depression
RED_103753,Neutral,Neutral,Neutral
RED_103758,Neutral,Neutral,Neutral
RED_103762,Happy,Happy,Happy
RED_103769,Happy,Happy,Happy
RED_103771,Depression,Depression,Depression
RED_103773,Happy,Happy,Happy
RED_103778,Depression,Depression,Depression
RED_103795,Neutral,Neutral,Neutral
RED_103803,Depression,Depression,Depression
RED_103804,Happy,Happy,Happy
RED_103810,Depression,Depression,Depression
RED_103812,Happy,Happy,Happy
RED_103813,Happy,Happy,Happy
RED_103831,Depression,Depression,Depression
RED_103843,Depression,Happy,Happy
RED_103852,Depression,Depression,Depression
RED_103854,Neutral,Neutral,Neutral
RED_103870,Neutral,Neutral,Neutral
RED_103898,Depression,Depression,Depression
RED_103904,Happy,Happy,Happy
RED_103910,Happy,Happy,Happy
RED_103911,Depression,Depression,Depression
RED_103912,Neutral,Neutral,Neutral
RED_103918,Neutral,Neutral,Neutral
RED_103923,Neutral,Neutral,Neutral
RED_103934,Neutral,Neutral,Neutral
RED_103945,Happy,Neutral,Neutral
RED_103947,Happy,Happy,Happy
RED_103951,Depression,Depression,Depression
RED_103954,Neutral,Neutral,Neutral
RED_103956,Neutral,Neutral,Neutral
RED_103976,Neutral,Neutral,Neutral
RED_103979,Depression,Depression,Depression
RED_103990,Depression,Depression,Depression
RED_103994,Depression,Depression,Depression
RED_103999,Depression,Depression,Depression
RED_104023,Neutral,Neutral,Neutral
RED_104027,Neutral,Neutral,Neutral
RED_104030,Neutral,Neutral,Neutral
RED_104042,Depression,Depression,Depression
RED_104052,Happy,Neutral,Neutral
RED_104070,Happy,Happy,Happy
RED_104074,Depression,Depression,Depression
RED_104076,Depression,Depression,Depression
RED_104078,Neutral,Neutral,Neutral
RED_104090,Depression,Depression,Depression
RED_104096,Happy,Happy,Happy
RED_104100,Neutral,Neutral,Neutral
RED_104103,Neutral,Neutral,Neutral
RED_104104,Depression,Depression,Depression
RED_104121,Depression,Depression,Depression
RED_104129,Happy,Happy,Happy
RED_104141,Happy,Happy,Happy
RED_104149,Happy,Happy,Happy
RED_104152,Neutral,Neutral,Neutral
RED_104170,Neutral,Neutral,Neutral
RED_104183,Happy,Happy,Happy
RED_104203,Neutral,Neutral,Neutral
RED_104205,Depression,Depression,Depression
RED_104211,Happy,Happy,Happy
RED_104215,Depression,Happy,Happy
RED_104226,Happy,Depression,Depression
RED_104229,Happy,Happy,Happy
RED_104249,Depression,Depression,Depression
RED_104255,Neutral,Neutral,Neutral
RED_104256,Depression,Depression,Depression
RED_104268,Happy,Happy,Happy
RED_104273,Neutral,Neutral,Neutral
RED_104278,Depression,Depression,Depression
RED_104312,Happy,Happy,Happy
RED_104322,Depression,Depression,Depression
RED_104334,Depression,Depression,Depression
RED_104338,Neutral,Neutral,Neutral
RED_104340,Neutral,Neutral,Neutral
RED_104341,Depression,Depression,Depression
RED_104346,Depression,Depression,Depression
RED_104349,Neutral,Neutral,Neutral
RED_104352,Happy,Happy,Happy
RED_104355,Happy,Happy,Happy
RED_104363,Depression,Depression,Depression
RED_104369,Depression,Depression,Depression
RED_104379,Happy,Happy,Happy
RED_104392,Depression,Depression,Depression
RED_104436,Neutral,Neutral,Neutral
RED_104441,Neutral,Neutral,Neutral
RED_104450,Happy,Happy,Happy
RED_104457,Happy,Happy,Happy
RED_104458,Depression,Depression,Depression
RED_104460,Happy,Happy,Happy
RED_104467,Neutral,Neutral,Neutral
RED_104485,Neutral,Neutral,Neutral
RED_104492,Depression,Depression,Depression
RED_104500,Neutral,Neutral,Neutral
RED_104513,Depression,Depression,Depression
RED_104523,Neutral,Neutral,Neutral
RED_104526,Depression,Depression,Depression
RED_104539,Neutral,Neutral,Neutral
RED_104545,Neutral,Neutral,Neutral
RED_104546,Depression,Depression,Depression
RED_104552,Depression,Depression,Depression
RED_104566,Depression,Depression,Depression
RED_104601,Neutral,Neutral,Neutral
RED_104602,Depression,Depression,Depression
RED_104603,Depression,Depression,Depression
RED_104615,Neutral,Neutral,Neutral
RED_104629,Happy,Happy,Happy
RED_104630,Happy,Happy,Happy
RED_104638,Happy,Happy,Happy
RED_104642,Neutral,Neutral,Neutral
RED_104649,Neutral,Neutral,Neutral
RED_104650,Neutral,Neutral,Neutral
RED_104652,Happy,Happy,Happy
RED_104663,Depression,Depression,Depression
RED_104665,Neutral,Neutral,Neutral
RED_104676,Happy,Happy,Happy
RED_104678,Happy,Happy,Happy
RED_104724,Happy,Happy,Happy
RED_104726,Depression,Depression,Depression
RED_104741,Neutral,Neutral,Neutral
RED_104747,Depression,Neutral,Neutral
RED_104748,Neutral,Neutral,Neutral
RED_104755,Happy,Happy,Happy
RED_104765,Happy,Happy,Happy
RED_104769,Neutral,Neutral,Neutral
RED_104773,Happy,Happy,Happy
RED_104774,Depression,Depression,Depression
RED_104791,Neutral,Neutral,Neutral
RED_104798,Happy,Happy,Happy
RED_104812,Depression,Depression,Depression
RED_104819,Neutral,Neutral,Neutral
RED_104827,Depression,Depression,Depression
RED_104855,Neutral,Neutral,Neutral
RED_104857,Depression,Depression,Depression
RED_104863,Depression,Depression,Depression
RED_104871,Depression,Depression,Depression
RED_104880,Happy,Happy,Happy
RED_104889,Neutral,Neutral,Neutral
RED_104890,Neutral,Neutral,Neutral
RED_104902,Neutral,Neutral,Neutral
RED_104903,Neutral,Neutral,Neutral
RED_104907,Happy,Happy,Happy
RED_104914,Neutral,Neutral,Neutral
RED_104922,Happy,Happy,Happy
RED_104926,Depression,Depression,Depression
RED_104927,Happy,Happy,Happy
RED_104929,Neutral,Neutral,Neutral
RED_104961,Depression,Depression,Depression
RED_104962,Neutral,Neutral,Neutral
RED_104965,Neutral,Neutral,Neutral
RED_104973,Neutral,Neutral,Neutral
RED_104991,Depression,Depression,Depression
RED_104996,Happy,Happy,Happy
RED_104998,Happy,Happy,Happy
RED_105008,Depression,Depression,Depression
RED_105030,Happy,Happy,Happy
RED_105061,Depression,Depression,Depression
RED_105084,Happy,Happy,Happy
RED_105085,Neutral,Neutral,Neutral
RED_105097,Depression,Depression,Depression
RED_105100,Depression,Depression,Depression
RED_105108,Depression,Depression,Depression
RED_105117,Happy,Happy,Happy
RED_105131,Neutral,Neutral,Neutral
RED_105151,Happy,Happy,Happy
RED_105164,Neutral,Neutral,Neutral
RED_105178,Happy,Happy,Happy
RED_105199,Happy,Happy,Happy
RED_105216,Neutral,Neutral,Neutral
RED_105228,Happy,Happy,Happy
RED_105236,Neutral,Neutral,Neutral
RED_105244,Depression,Depression,Depression
RED_105256,Neutral,Neutral,Neutral
RED_105258,Happy,Happy,Happy
RED_105282,Happy,Happy,Happy
RED_105284,Neutral,Neutral,Neutral
RED_105293,Depression,Depression,Depression
RED_105294,Neutral,Neutral,Neutral
RED_105307,Happy,Happy,Happy
RED_105325,Happy,Happy,Happy
RED_105329,Neutral,Neutral,Neutral
RED_105337,Neutral,Neutral,Neutral
RED_105355,Happy,Happy,Happy
RED_105369,Happy,Happy,Happy
RED_105383,Happy,Happy,Happy
RED_105393,Neutral,Neutral,Neutral
RED_105416,Depression,Depression,Depression
RED_105426,Happy,Happy,Happy
RED_105441,Happy,Happy,Happy
RED_105443,Depression,Depression,Depression
RED_105448,Happy,Happy,Happy
RED_105458,Depression,Depression,Depression
RED_105463,Happy,Happy,Happy
RED_105468,Depression,Depression,Depression
RED_105469,Depression,Depression,Depression
RED_105495,Happy,Happy,Happy
RED_105497,Neutral,Neutral,Neutral
RED_105523,Neutral,Neutral,Neutral
RED_105524,Happy,Happy,Happy
RED_105530,Neutral,Neutral,Neutral
RED_105533,Happy,Happy,Happy
RED_105538,Happy,Happy,Happy
RED_105541,Neutral,Neutral,Neutral
RED_105550,Neutral,Neutral,Neutral
RED_105568,Neutral,Neutral,Neutral
RED_105570,Neutral,Neutral,Neutral
RED_105582,Depression,Depression,Depression
RED_105584,Neutral,Neutral,Neutral
RED_105593,Neutral,Neutral,Neutral
RED_105617,Depression,Depression,Depression
RED_105619,Neutral,Neutral,Neutral
RED_105625,Neutral,Neutral,Neutral
RED_105638,Happy,Happy,Happy
RED_105648,Neutral,Neutral,Neutral
RED_105653,Happy,Happy,Happy
RED_105689,Depression,Happy,Depression
RED_105692,Neutral,Neutral,Neutral
RED_105705,Neutral,Neutral,Neutral
RED_105723,Happy,Happy,Happy
RED_105724,Depression,Depression,Depression
RED_105735,Neutral,Neutral,Neutral
RED_105738,Depression,Depression,Depression
RED_105745,Happy,Happy,Happy
RED_105746,Happy,Happy,Happy
RED_105747,Happy,Happy,Happy
RED_105749,Depression,Depression,Depression
RED_105773,Neutral,Neutral,Neutral
RED_105790,Neutral,Neutral,Neutral
RED_105800,Happy,Happy,Happy
RED_105847,Happy,Happy,Happy
RED_105872,Depression,Depression,Depression
RED_105883,Depression,Depression,Depression
RED_105885,Depression,Depression,Depression
RED_105887,Depression,Depression,Depression
RED_105890,Happy,Happy,Happy
RED_105896,Depression,Depression,Depression
RED_105904,Happy,Happy,Happy
RED_105905,Neutral,Neutral,Neutral
RED_105912,Happy,Happy,Happy
RED_105918,Happy,Happy,Happy
RED_105919,Depression,Depression,Depression
RED_105938,Happy,Happy,Happy
RED_105939,Neutral,Neutral,Neutral
RED_105955,Depression,Depression,Depression
RED_105958,Depression,Depression,Depression
RED_105996,Happy,Happy,Happy
RED_105999,Depression,Depression,Depression
RED_106002,Happy,Happy,Happy
RED_106007,Depression,Depression,Depression
RED_106012,Neutral,Neutral,Neutral
RED_106018,Happy,Happy,Happy
RED_106029,Neutral,Neutral,Neutral
RED_106034,Neutral,Neutral,Neutral
RED_106037,Happy,Happy,Happy
RED_106043,Depression,Depression,Depression
RED_106061,Happy,Happy,Happy
RED_106065,Depression,Depression,Depression
RED_106078,Depression,Depression,Depression
RED_106087,Happy,Happy,Happy
RED_106089,Happy,Happy,Happy
RED_106106,Depression,Depression,Depression
RED_106110,Neutral,Neutral,Neutral
RED_106122,Happy,Happy,Happy
RED_106133,Neutral,Neutral,Neutral
RED_106135,Happy,Happy,Happy
RED_106172,Happy,Happy,Happy
RED_106174,Happy,Happy,Happy
RED_106176,Depression,Depression,Depression
RED_106188,Happy,Happy,Happy
RED_106193,Depression,Depression,Depression
RED_106210,Neutral,Neutral,Neutral
RED_106229,Depression,Depression,Depression
RED_106245,Happy,Happy,Happy
RED_106263,Neutral,Depression,Depression
RED_106268,Depression,Depression,Depression
RED_106269,Happy,Happy,Happy
RED_106277,Happy,Happy,Happy
RED_106281,Neutral,Neutral,Neutral
RED_106296,Happy,Happy,Happy
RED_106358,Neutral,Neutral,Neutral
RED_106375,Depression,Depression,Depression
RED_106399,Depression,Depression,Depression
RED_106405,Happy,Happy,Happy
RED_106410,Happy,Happy,Happy
RED_106424,Happy,Depression,Depression
RED_106445,Depression,Depression,Depression
RED_106446,Happy,Happy,Happy
RED_106456,Happy,Happy,Happy
RED_106481,Neutral,Neutral,Neutral
RED_106491,Neutral,Neutral,Neutral
RED_106499,Depression,Depression,Depression
RED_106511,Happy,Happy,Happy
RED_106554,Happy,Happy,Happy
RED_106563,Neutral,Neutral,Neutral
RED_106568,Happy,Happy,Happy
RED_106575,Depression,Depression,Depression
RED_106583,Depression,Depression,Depression
RED_106590,Happy,Happy,Happy
RED_106593,Depression,Depression,Depression
RED_106597,Depression,Depression,Depression
RED_106598,Depression,Depression,Depression
RED_106610,Happy,Happy,Happy
RED_106616,Depression,Depression,Depression
RED_106628,Happy,Happy,Happy
RED_106636,Neutral,Neutral,Neutral
RED_106645,Neutral,Neutral,Neutral
RED_106650,Neutral,Neutral,Neutral
RED_106671,Neutral,Neutral,Neutral
RED_106694,Happy,Happy,Happy
RED_106698,Depression,Depression,Depression
RED_106711,Happy,Happy,Happy
RED_106712,Happy,Happy,Happy
RED_106716,Happy,Happy,Happy
RED_106723,Depression,Depression,Depression
RED_106753,Happy,Happy,Happy
RED_106756,Depression,Depression,Depression
RED_106775,Neutral,Neutral,Neutral
RED_106790,Happy,Happy,Happy
RED_106798,Neutral,Neutral,Neutral
RED_106820,Depression,Depression,Depression
RED_106833,Neutral,Neutral,Neutral
RED_106838,Neutral,Neutral,Neutral
RED_106839,Depression,Depression,Depression
RED_106840,Neutral,Neutral,Neutral
RED_106854,Neutral,Neutral,Neutral
RED_106857,Neutral,Neutral,Neutral
RED_106858,Neutral,Neutral,Neutral
RED_106867,Depression,Depression,Depression
RED_106876,Neutral,Neutral,Neutral
RED_106890,Depression,Depression,Depression
RED_106894,Happy,Happy,Happy
RED_106895,Neutral,Neutral,Neutral
RED_106903,Depression,Depression,Depression
RED_106911,Depression,Depression,Depression
RED_106922,Neutral,Neutral,Neutral
RED_106942,Happy,Happy,Happy
RED_106971,Neutral,Neutral,Neutral
RED_106977,Happy,Happy,Happy
RED_106983,Depression,Depression,Depression
RED_106985,Depression,Depression,Depression
RED_106996,Neutral,Neutral,Neutral
RED_107007,Neutral,Neutral,Neutral
RED_107023,Neutral,Neutral,Neutral
RED_107063,Neutral,Neutral,Neutral
RED_107088,Depression,Depression,Depression
RED_107092,Neutral,Neutral,Neutral
RED_107104,Neutral,Neutral,Neutral
RED_107112,Happy,Happy,Happy
RED_107127,Depression,Depression,Depression
RED_107130,Happy,Happy,Happy
RED_107166,Depression,Depression,Depression
RED_107173,Happy,Happy,Happy
RED_107186,Happy,Happy,Happy
RED_107190,Neutral,Neutral,Neutral
RED_107196,Happy,Happy,Happy
RED_107204,Depression,Happy,Happy
RED_107238,Depression,Depression,Depression
RED_107244,Depression,Depression,Depression
RED_107255,Neutral,Neutral,Neutral
RED_107275,Depression,Depression,Depression
RED_107286,Neutral,Neutral,Neutral
RED_107296,Neutral,Neutral,Neutral
RED_107316,Neutral,Neutral,Neutral
RED_107322,Depression,Depression,Depression
RED_107331,Neutral,Neutral,Neutral
RED_107344,Neutral,Neutral,Neutral
RED_107354,Neutral,Neutral,Neutral
RED_107394,Happy,Happy,Happy
RED_107448,Neutral,Neutral,Neutral
RED_107457,Depression,Depression,Depression
RED_107473,Neutral,Neutral,Neutral
RED_107484,Neutral,Neutral,Neutral
RED_107502,Neutral,Neutral,Neutral
RED_107537,Happy,Happy,Happy
RED_107553,Depression,Depression,Depression
RED_107559,Depression,Depression,Depression
RED_107562,Depression,Depression,Depression
RED_107565,Neutral,Neutral,Neutral
RED_107568,Depression,Depression,Depression
RED_107570,Neutral,Neutral,Neutral
RED_107576,Happy,Happy,Happy
RED_107579,Happy,Happy,Happy
RED_107582,Neutral,Neutral,Neutral
RED_107585,Depression,Depression,Depression
RED_107587,Neutral,Neutral,Neutral
RED_107590,Neutral,Neutral,Neutral
RED_107612,Happy,Happy,Happy
RED_107625,Depression,Depression,Depression
RED_107647,Happy,Happy,Happy
RED_107666,Depression,Depression,Depression
RED_107667,Depression,Depression,Depression
RED_107669,Happy,Depression,Depression
RED_107677,Depression,Depression,Depression
RED_107685,Neutral,Neutral,Neutral
RED_107708,Neutral,Neutral,Neutral
RED_107719,Neutral,Neutral,Neutral
RED_107722,Depression,Depression,Depression
RED_107734,Neutral,Neutral,Neutral
RED_107769,Happy,Happy,Happy
RED_107771,Neutral,Neutral,Neutral
RED_107783,Neutral,Neutral,Neutral
RED_107786,Neutral,Neutral,Neutral
RED_107788,Depression,Depression,Depression
RED_107789,Neutral,Neutral,Neutral
RED_107793,Depression,Depression,Neutral
RED_107796,Neutral,Neutral,Neutral
RED_107807,Neutral,Neutral,Neutral
RED_107811,Neutral,Neutral,Neutral
RED_107835,Depression,Depression,Depression
RED_107842,Happy,Happy,Happy
RED_107844,Depression,Depression,Depression
RED_107849,Depression,Depression,Depression
RED_107859,Happy,Happy,Happy
RED_107872,Neutral,Neutral,Neutral
RED_107882,Depression,Depression,Depression
RED_107886,Depression,Depression,Depression
RED_107898,Neutral,Neutral,Neutral
RED_107899,Neutral,Neutral,Neutral
RED_107909,Happy,Happy,Happy
RED_107915,Neutral,Neutral,Neutral
RED_107916,Neutral,Neutral,Neutral
RED_107930,Happy,Happy,Happy
RED_107931,Neutral,Neutral,Neutral
RED_107951,Neutral,Neutral,Neutral
RED_107952,Happy,Happy,Happy
RED_107972,Happy,Happy,Happy
RED_107997,Neutral,Neutral,Neutral
RED_108026,Happy,Happy,Happy
RED_108059,Depression,Depression,Depression
RED_108083,Happy,Happy,Happy
RED_108089,Happy,Happy,Happy
RED_108094,Depression,Depression,Depression
RED_108099,Happy,Happy,Happy
RED_108102,Depression,Depression,Depression
RED_108115,Neutral,Neutral,Neutral
RED_108116,Happy,Happy,Happy
RED_108117,Depression,Depression,Depression
RED_108122,Neutral,Neutral,Neutral
RED_108139,Depression,Depression,Depression
RED_108153,Depression,Depression,Depression
RED_108159,Depression,Depression,Depression
RED_108160,Happy,Happy,Happy
RED_108179,Happy,Happy,Happy
RED_108182,Depression,Depression,Depression
RED_108183,Happy,Happy,Happy
RED_108189,Happy,Happy,Happy
RED_108191,Depression,Depression,Depression
RED_108194,Happy,Happy,Happy
RED_108208,Happy,Happy,Happy
RED_108213,Happy,Happy,Happy
RED_108225,Happy,Happy,Happy
RED_108244,Happy,Happy,Happy
RED_108251,Happy,Happy,Happy
RED_108255,Happy,Happy,Happy
RED_108275,Happy,Happy,Happy
RED_108276,Depression,Depression,Depression
RED_108294,Depression,Depression,Depression
RED_108299,Depression,Depression,Depression
RED_108302,Happy,Happy,Happy
RED_108303,Happy,Happy,Happy
RED_108318,Happy,Happy,Happy
RED_108331,Neutral,Neutral,Neutral
RED_108337,Neutral,Neutral,Neutral
RED_108341,Happy,Happy,Happy
RED_108358,Depression,Depression,Depression
RED_108359,Neutral,Neutral,Neutral
RED_108360,Depression,Depression,Depression
RED_108371,Happy,Happy,Happy
RED_108375,Depression,Depression,Depression
RED_108376,Happy,Happy,Happy
RED_108383,Neutral,Neutral,Neutral
RED_108398,Depression,Depression,Depression
RED_108400,Depression,Depression,Depression
RED_108409,Happy,Happy,Happy
RED_108410,Depression,Depression,Depression
RED_108416,Neutral,Neutral,Neutral
RED_108419,Neutral,Neutral,Neutral
RED_108423,Depression,Depression,Depression
RED_108434,Happy,Happy,Happy
RED_108445,Happy,Happy,Happy
RED_108446,Happy,Happy,Happy
RED_108447,Happy,Happy,Happy
RED_108457,Neutral,Neutral,Neutral
RED_108463,Happy,Happy,Happy
RED_108464,Depression,Depression,Depression
RED_108465,Depression,Depression,Depression
RED_108466,Neutral,Neutral,Neutral
RED_108470,Depression,Depression,Depression
RED_108478,Happy,Happy,Happy
RED_108480,Depression,Depression,Depression
RED_108492,Neutral,Neutral,Neutral
RED_108505,Happy,Happy,Happy
RED_108518,Happy,Happy,Happy
RED_108521,Depression,Depression,Depression
RED_108525,Happy,Happy,Happy
RED_108563,Neutral,Neutral,Neutral
RED_108564,Happy,Happy,Happy
RED_108599,Neutral,Neutral,Neutral
RED_108600,Happy,Happy,Happy
RED_108634,Happy,Happy,Happy
RED_108643,Depression,Depression,Depression
RED_108664,Depression,Depression,Depression
RED_108670,Neutral,Neutral,Neutral
RED_108683,Neutral,Neutral,Neutral
RED_108687,Depression,Depression,Depression
RED_108688,Neutral,Neutral,Neutral
RED_108708,Neutral,Depression,Depression
RED_108723,Neutral,Neutral,Neutral
RED_108733,Depression,Depression,Depression
RED_108735,Happy,Happy,Happy
RED_108740,Happy,Depression,Depression
RED_108746,Neutral,Neutral,Neutral
RED_108758,Happy,Happy,Happy
RED_108760,Happy,Happy,Happy
RED_108764,Happy,Happy,Happy
RED_108769,Neutral,Neutral,Neutral
RED_108779,Depression,Depression,Depression
RED_108788,Happy,Happy,Happy
RED_108794,Happy,Happy,Happy
RED_108804,Happy,Happy,Happy
RED_108820,Depression,Depression,Depression
RED_108824,Neutral,Neutral,Neutral
RED_108827,Happy,Happy,Happy
RED_108832,Neutral,Neutral,Neutral
RED_108838,Happy,Happy,Happy
RED_108839,Happy,Happy,Happy
RED_108843,Happy,Happy,Happy
RED_108846,Depression,Depression,Depression
RED_108851,Depression,Depression,Depression
RED_108852,Happy,Happy,Happy
RED_108855,Depression,Depression,Depression
RED_108858,Depression,Depression,Depression
RED_108860,Happy,Happy,Happy
RED_108862,Neutral,Neutral,Neutral
RED_108879,Happy,Happy,Happy
RED_108913,Depression,Depression,Depression
RED_108927,Depression,Depression,Depression
RED_108936,Neutral,Neutral,Neutral
RED_108938,Neutral,Neutral,Neutral
RED_108939,Depression,Depression,Depression
RED_108944,Neutral,Neutral,Neutral
RED_108945,Depression,Depression,Depression
RED_108946,Depression,Depression,Depression
RED_108951,Depression,Depression,Depression
RED_108953,Neutral,Neutral,Neutral
RED_108957,Happy,Happy,Happy
RED_108970,Neutral,Neutral,Neutral
RED_108975,Neutral,Neutral,Neutral
RED_108979,Neutral,Neutral,Neutral
RED_108999,Happy,Happy,Happy
RED_109010,Neutral,Neutral,Neutral
RED_109012,Neutral,Neutral,Neutral
RED_109016,Depression,Depression,Depression
RED_109038,Happy,Happy,Happy
RED_109041,Happy,Happy,Happy
RED_109058,Depression,Depression,Depression
RED_109068,Happy,Happy,Happy
RED_109084,Happy,Happy,Happy
RED_109087,Depression,Depression,Depression
RED_109088,Neutral,Neutral,Neutral
RED_109104,Happy,Happy,Happy
RED_109124,Happy,Happy,Happy
RED_109130,Neutral,Neutral,Neutral
RED_109137,Neutral,Happy,Happy
RED_109153,Depression,Depression,Depression
RED_109170,Depression,Depression,Depression
RED_109181,Neutral,Neutral,Neutral
RED_109189,Neutral,Neutral,Neutral
RED_109201,Happy,Happy,Happy
RED_109202,Neutral,Neutral,Neutral
RED_109217,Neutral,Neutral,Neutral
RED_109220,Depression,Depression,Depression
RED_109224,Depression,Depression,Depression
RED_109235,Happy,Happy,Happy
RED_109245,Depression,Depression,Depression
RED_109251,Happy,Happy,Happy
RED_109257,Happy,Happy,Happy
RED_109264,Depression,Depression,Depression
RED_109292,Happy,Happy,Happy
RED_109309,Happy,Happy,Happy
RED_109337,Neutral,Neutral,Neutral
RED_109338,Neutral,Neutral,Neutral
RED_109340,Happy,Happy,Happy
RED_109356,Happy,Happy,Happy
RED_109359,Depression,Depression,Depression
RED_109361,Neutral,Neutral,Neutral
RED_109366,Neutral,Neutral,Neutral
RED_109380,Happy,Happy,Happy
RED_109382,Neutral,Neutral,Neutral
RED_109385,Depression,Depression,Depression
RED_109391,Happy,Happy,Happy
RED_109401,Happy,Happy,Happy
RED_109413,Depression,Depression,Depression
RED_109422,Happy,Happy,Happy
RED_109425,Happy,Happy,Happy
RED_109431,Neutral,Neutral,Neutral
RED_109454,Happy,Happy,Happy
RED_109467,Depression,Depression,Depression
RED_109472,Neutral,Neutral,Neutral
RED_109477,Depression,Depression,Depression
RED_109481,Neutral,Neutral,Neutral
RED_109483,Neutral,Neutral,Neutral
RED_109492,Happy,Happy,Happy
RED_109502,Depression,Depression,Depression
RED_109513,Depression,Depression,Depression
RED_109552,Happy,Happy,Happy
RED_109562,Neutral,Neutral,Neutral
RED_109572,Happy,Happy,Happy
RED_109581,Depression,Depression,Depression
RED_109588,Depression,Depression,Depression
RED_109602,Happy,Happy,Happy
RED_109609,Happy,Happy,Happy
RED_109620,Neutral,Neutral,Neutral
RED_109621,Depression,Depression,Depression
RED_109645,Depression,Depression,Depression
RED_109654,Depression,Depression,Depression
RED_109682,Depression,Depression,Depression
RED_109694,Neutral,Neutral,Neutral
RED_109698,Neutral,Neutral,Neutral
RED_109726,Neutral,Neutral,Neutral
RED_109729,Depression,Depression,Depression
RED_109735,Neutral,Neutral,Neutral
RED_109747,Neutral,Neutral,Neutral
RED_109752,Neutral,Neutral,Neutral
RED_109763,Depression,Happy,Happy
RED_109766,Neutral,Neutral,Neutral
RED_109775,Happy,Happy,Happy
RED_109787,Neutral,Neutral,Neutral
RED_109796,Neutral,Neutral,Neutral
RED_109797,Neutral,Neutral,Neutral
RED_109802,Happy,Happy,Happy
RED_109806,Depression,Depression,Depression
RED_109825,Happy,Happy,Happy
RED_109827,Happy,Happy,Happy
RED_109836,Neutral,Neutral,Neutral
RED_109840,Neutral,Neutral,Neutral
RED_109857,Neutral,Neutral,Neutral
RED_109862,Neutral,Neutral,Neutral
RED_109865,Happy,Happy,Happy
RED_109872,Happy,Happy,Happy
RED_109876,Happy,Happy,Happy
RED_109888,Happy,Happy,Happy
RED_109909,Neutral,Neutral,Neutral
RED_109918,Neutral,Neutral,Neutral
RED_109925,Happy,Happy,Happy
RED_109937,Neutral,Neutral,Neutral
RED_109938,Happy,Happy,Happy
RED_109967,Neutral,Neutral,Neutral
RED_109975,Depression,Depression,Depression
RED_109976,Happy,Happy,Happy
RED_109978,Depression,Depression,Depression
RED_109999,Happy,Happy,Happy
RED_110011,Depression,Depression,Depression
RED_110039,Depression,Depression,Depression
RED_110051,Neutral,Neutral,Neutral
RED_110072,Depression,Depression,Depression
RED_110073,Happy,Happy,Happy
RED_110088,Happy,Depression,Depression
RED_110098,Happy,Happy,Happy
RED_110101,Depression,Depression,Depression
RED_110103,Happy,Happy,Happy
RED_110110,Happy,Happy,Happy
RED_110115,Happy,Happy,Happy
RED_110125,Neutral,Neutral,Neutral
RED_110133,Depression,Depression,Depression
RED_110137,Happy,Happy,Happy
RED_110161,Depression,Depression,Depression
RED_110163,Depression,Depression,Depression
RED_110169,Happy,Depression,Depression
RED_110174,Depression,Depression,Depression
RED_110192,Happy,Happy,Happy
RED_110218,Neutral,Neutral,Neutral
RED_110223,Happy,Happy,Happy
RED_110229,Neutral,Neutral,Neutral
RED_110234,Happy,Happy,Happy
RED_110241,Depression,Depression,Depression
RED_110242,Happy,Happy,Happy
RED_110246,Neutral,Neutral,Neutral
RED_110248,Neutral,Neutral,Neutral
RED_110270,Depression,Depression,Depression
RED_110275,Happy,Happy,Happy
RED_110292,Depression,Depression,Depression
RED_110293,Happy,Happy,Happy
RED_110294,Happy,Happy,Happy
RED_110296,Neutral,Neutral,Neutral
RED_110308,Neutral,Neutral,Neutral
RED_110330,Depression,Depression,Depression
RED_110334,Neutral,Neutral,Neutral
RED_110361,Neutral,Neutral,Neutral
RED_110370,Neutral,Neutral,Neutral
RED_110390,Neutral,Neutral,Neutral
RED_110401,Happy,Happy,Happy
RED_110410,Depression,Depression,Depression
RED_110412,Neutral,Neutral,Neutral
RED_110413,Neutral,Neutral,Neutral
RED_110417,Happy,Happy,Happy
RED_110419,Happy,Happy,Happy
RED_110440,Happy,Happy,Happy
RED_110461,Happy,Happy,Happy
RED_110462,Depression,Depression,Depression
RED_110485,Depression,Depression,Depression
RED_110509,Happy,Happy,Happy
RED_110512,Neutral,Neutral,Neutral
RED_110513,Depression,Happy,Happy
RED_110520,Neutral,Neutral,Neutral
RED_110521,Happy,Happy,Happy
RED_110529,Depression,Depression,Depression
RED_110537,Neutral,Neutral,Neutral
RED_110559,Happy,Happy,Happy
RED_110562,Neutral,Neutral,Neutral
RED_110563,Neutral,Neutral,Neutral
RED_110576,Depression,Depression,Depression
RED_110582,Depression,Depression,Depression
RED_110585,Happy,Happy,Happy
RED_110633,Happy,Happy,Happy
RED_110655,Depression,Depression,Depression
RED_110662,Neutral,Neutral,Neutral
RED_110687,Depression,Depression,Depression
RED_110688,Neutral,Neutral,Neutral
RED_110690,Neutral,Neutral,Neutral
RED_110697,Depression,Depression,Depression
RED_110715,Neutral,Neutral,Neutral
RED_110717,Neutral,Neutral,Neutral
RED_110730,Neutral,Neutral,Neutral
RED_110753,Neutral,Happy,Happy
RED_110755,Happy,Happy,Happy
RED_110760,Happy,Happy,Happy
RED_110775,Depression,Depression,Depression
RED_110776,Neutral,Neutral,Neutral
RED_110781,Neutral,Neutral,Neutral
RED_110786,Neutral,Neutral,Neutral
RED_110789,Happy,Happy,Happy
RED_110791,Happy,Neutral,Neutral
RED_110794,Neutral,Neutral,Neutral
RED_110830,Neutral,Neutral,Neutral
RED_110842,Depression,Depression,Depression
RED_110843,Happy,Happy,Happy
RED_110855,Happy,Happy,Happy
RED_110869,Neutral,Neutral,Neutral
RED_110880,Neutral,Neutral,Neutral
RED_110899,Happy,Happy,Happy
RED_110913,Neutral,Neutral,Neutral
RED_110920,Depression,Depression,Depression
RED_110923,Neutral,Neutral,Neutral
RED_110927,Depression,Depression,Depression
RED_110932,Neutral,Neutral,Neutral
RED_110937,Depression,Depression,Depression
RED_110947,Depression,Depression,Depression
RED_110949,Neutral,Neutral,Neutral
RED_110959,Neutral,Neutral,Neutral
RED_110979,Happy,Happy,Happy
RED_110983,Happy,Happy,Happy
RED_110984,Neutral,Neutral,Neutral
RED_110995,Neutral,Neutral,Neutral
RED_111003,Depression,Depression,Depression
RED_111025,Neutral,Neutral,Neutral
RED_111033,Depression,Depression,Depression
RED_111065,Happy,Happy,Happy
RED_111074,Depression,Depression,Depression
RED_111079,Depression,Depression,Depression
RED_111090,Depression,Depression,Depression
RED_111095,Neutral,Neutral,Neutral
RED_111111,Happy,Happy,Happy
RED_111129,Happy,Happy,Happy
RED_111134,Happy,Happy,Happy
RED_111136,Happy,Happy,Happy
RED_111151,Neutral,Neutral,Neutral
RED_111162,Neutral,Neutral,Neutral
RED_111169,Happy,Happy,Happy
RED_111190,Depression,Depression,Depression
RED_111191,Happy,Happy,Happy
RED_111193,Happy,Happy,Happy
RED_111198,Depression,Depression,Depression
RED_111209,Happy,Happy,Happy
RED_111226,Happy,Happy,Happy
RED_111250,Depression,Depression,Depression
RED_111268,Neutral,Neutral,Neutral
RED_111282,Neutral,Neutral,Neutral
RED_111289,Happy,Happy,Happy
RED_111292,Depression,Depression,Depression
RED_111302,Happy,Happy,Happy
RED_111309,Neutral,Neutral,Neutral
RED_111322,Neutral,Neutral,Neutral
RED_111330,Happy,Happy,Happy
RED_111336,Depression,Depression,Depression
RED_111337,Neutral,Neutral,Neutral
RED_111338,Happy,Happy,Happy
RED_111347,Neutral,Neutral,Neutral
RED_111364,Neutral,Neutral,Neutral
RED_111384,Happy,Happy,Happy
RED_111401,Depression,Depression,Depression
RED_111416,Neutral,Neutral,Neutral
RED_111444,Depression,Depression,Depression
RED_111446,Happy,Happy,Happy
RED_111448,Neutral,Neutral,Neutral
RED_111460,Happy,Happy,Happy
RED_111465,Neutral,Neutral,Neutral
RED_111470,Happy,Happy,Happy
RED_111472,Happy,Happy,Happy
RED_111476,Happy,Happy,Happy
RED_111487,Depression,Depression,Depression
RED_111500,Happy,Happy,Happy
RED_111533,Depression,Depression,Depression
RED_111549,Depression,Depression,Depression
RED_111555,Happy,Happy,Happy
RED_111557,Neutral,Neutral,Neutral
RED_111561,Neutral,Neutral,Neutral
RED_111569,Happy,Happy,Happy
RED_111571,Happy,Happy,Happy
RED_111576,Happy,Happy,Happy
RED_111588,Happy,Happy,Happy
RED_111590,Happy,Happy,Happy
RED_111594,Depression,Depression,Depression
RED_111631,Neutral,Neutral,Neutral
RED_111634,Depression,Depression,Depression
RED_111637,Depression,Depression,Depression
RED_111651,Neutral,Neutral,Neutral
RED_111671,Neutral,Neutral,Neutral
RED_111689,Depression,Depression,Depression
RED_111702,Depression,Depression,Depression
RED_111704,Depression,Depression,Depression
RED_111717,Happy,Happy,Happy
RED_111730,Happy,Happy,Happy
RED_111743,Happy,Happy,Happy
RED_111745,Neutral,Neutral,Neutral
RED_111749,Happy,Happy,Happy
RED_111753,Depression,Depression,Depression
RED_111786,Neutral,Neutral,Neutral
RED_111804,Happy,Happy,Happy
RED_111805,Neutral,Neutral,Neutral
RED_111822,Depression,Happy,Depression
RED_111832,Depression,Depression,Depression
RED_111854,Happy,Happy,Happy
RED_111856,Depression,Depression,Depression
RED_111857,Happy,Happy,Happy
RED_111863,Depression,Depression,Depression
RED_111865,Neutral,Neutral,Neutral
RED_111881,Depression,Depression,Depression
RED_111882,Depression,Depression,Depression
RED_111885,Happy,Happy,Happy
RED_111889,Neutral,Neutral,Neutral
RED_111900,Neutral,Neutral,Neutral
RED_111904,Depression,Depression,Depression
RED_111906,Neutral,Neutral,Neutral
RED_111908,Depression,Depression,Depression
RED_111909,Happy,Happy,Happy
RED_111923,Neutral,Neutral,Neutral
RED_111930,Depression,Depression,Depression
RED_111943,Neutral,Neutral,Neutral
RED_111945,Happy,Happy,Happy
RED_111953,Neutral,Neutral,Neutral
RED_111987,Neutral,Neutral,Neutral
RED_111993,Depression,Depression,Depression
RED_111995,Neutral,Neutral,Neutral
RED_111998,Neutral,Neutral,Neutral
RED_112002,Neutral,Neutral,Neutral
RED_112003,Happy,Happy,Happy
RED_112012,Depression,Happy,Happy
RED_112040,Happy,Happy,Happy
RED_112044,Happy,Happy,Happy
RED_112051,Neutral,Neutral,Neutral
RED_112055,Happy,Happy,Happy
RED_112073,Depression,Neutral,Neutral
RED_112080,Depression,Depression,Depression
RED_112085,Happy,Happy,Happy
RED_112117,Happy,Happy,Happy
RED_112123,Neutral,Neutral,Neutral
RED_112125,Neutral,Neutral,Neutral
RED_112138,Depression,Depression,Depression
RED_112149,Neutral,Neutral,Neutral
RED_112162,Happy,Happy,Happy
RED_112175,Neutral,Neutral,Neutral
RED_112177,Happy,Depression,Depression
RED_112208,Depression,Depression,Depression
RED_112212,Depression,Depression,Depression
RED_112217,Happy,Happy,Happy
RED_112218,Depression,Depression,Depression
RED_112253,Depression,Depression,Depression
RED_112257,Happy,Happy,Happy
RED_112263,Depression,Depression,Depression
RED_112265,Neutral,Neutral,Neutral
RED_112278,Neutral,Neutral,Neutral
RED_112314,Neutral,Neutral,Neutral
RED_112317,Happy,Happy,Happy
RED_112347,Neutral,Neutral,Neutral
RED_112364,Happy,Happy,Happy
RED_112366,Depression,Depression,Depression
RED_112374,Depression,Depression,Depression
RED_112378,Neutral,Neutral,Neutral
RED_112386,Depression,Depression,Depression
RED_112389,Depression,Depression,Depression
RED_112392,Happy,Happy,Happy
RED_112406,Depression,Depression,Depression
RED_112409,Happy,Happy,Happy
RED_112418,Depression,Depression,Depression
RED_112434,Neutral,Neutral,Neutral
RED_112435,Depression,Depression,Depression
RED_112436,Neutral,Neutral,Neutral
RED_112440,Happy,Happy,Happy
RED_112441,Depression,Depression,Depression
RED_112449,Happy,Happy,Happy
RED_112478,Depression,Depression,Depression
RED_112501,Neutral,Neutral,Neutral
RED_112504,Depression,Depression,Depression
RED_112510,Depression,Depression,Depression
RED_112516,Happy,Depression,Depression
RED_112527,Depression,Depression,Depression
RED_112529,Happy,Happy,Happy
RED_112561,Neutral,Neutral,Neutral
RED_112598,Neutral,Neutral,Neutral
RED_112601,Neutral,Neutral,Neutral
RED_112607,Neutral,Neutral,Neutral
RED_112609,Happy,Happy,Happy
RED_112610,Neutral,Neutral,Neutral
RED_112622,Neutral,Neutral,Neutral
RED_112627,Neutral,Neutral,Neutral
RED_112631,Neutral,Neutral,Neutral
RED_112634,Happy,Happy,Happy
RED_112657,Happy,Happy,Happy
RED_112662,Neutral,Neutral,Neutral
RED_112666,Neutral,Neutral,Neutral
RED_112668,Depression,Depression,Depression
RED_112684,Depression,Depression,Depression
RED_112686,Neutral,Neutral,Neutral
RED_112695,Depression,Depression,Depression
RED_112697,Depression,Depression,Depression
RED_112706,Depression,Depression,Depression
RED_112707,Happy,Happy,Happy
RED_112717,Depression,Depression,Depression
RED_112719,Depression,Depression,Depression
RED_112724,Neutral,Neutral,Neutral
RED_112730,Happy,Happy,Happy
RED_112749,Happy,Happy,Happy
RED_112752,Happy,Happy,Happy
RED_112756,Happy,Happy,Happy
RED_112757,Neutral,Neutral,Neutral
RED_112769,Neutral,Neutral,Neutral
RED_112777,Happy,Happy,Happy
RED_112787,Neutral,Neutral,Neutral
RED_112809,Happy,Happy,Happy
RED_112833,Neutral,Neutral,Neutral
RED_112839,Happy,Happy,Happy
RED_112842,Depression,Depression,Depression
RED_112845,Neutral,Neutral,Neutral
RED_112864,Happy,Happy,Happy
RED_112873,Happy,Happy,Happy
RED_112877,Happy,Happy,Happy
RED_112887,Neutral,Neutral,Neutral
RED_112888,Neutral,Neutral,Neutral
RED_112910,Happy,Happy,Happy
RED_112914,Depression,Depression,Depression
RED_112917,Happy,Happy,Depression
RED_112935,Depression,Depression,Depression
RED_112936,Depression,Depression,Depression
RED_112951,Neutral,Neutral,Neutral
RED_112979,Happy,Happy,Happy
RED_112980,Happy,Happy,Happy
RED_112990,Happy,Happy,Happy
RED_112998,Happy,Happy,Happy
RED_113010,Depression,Depression,Depression
RED_113016,Depression,Depression,Depression
RED_113018,Happy,Happy,Happy
RED_113030,Depression,Depression,Depression
RED_113039,Depression,Depression,Depression
RED_113045,Neutral,Neutral,Neutral
RED_113053,Neutral,Neutral,Neutral
RED_113054,Neutral,Neutral,Neutral
RED_113064,Neutral,Neutral,Neutral
RED_113066,Depression,Depression,Depression
RED_113068,Neutral,Neutral,Neutral
RED_113073,Happy,Happy,Happy
RED_113076,Neutral,Neutral,Neutral
RED_113081,Depression,Depression,Depression
RED_113094,Neutral,Neutral,Neutral
RED_113095,Depression,Depression,Depression
RED_113100,Depression,Depression,Depression
RED_113117,Depression,Depression,Depression
RED_113124,Depression,Depression,Depression
RED_113130,Happy,Happy,Happy
RED_113131,Depression,Depression,Depression
RED_113137,Neutral,Neutral,Neutral
RED_113138,Happy,Happy,Happy
RED_113145,Depression,Depression,Depression
RED_113149,Depression,Depression,Depression
RED_113163,Depression,Depression,Depression
RED_113184,Depression,Depression,Depression
RED_113230,Happy,Happy,Happy
RED_113253,Depression,Depression,Depression
RED_113262,Happy,Happy,Happy
RED_113264,Depression,Depression,Depression
RED_113271,Happy,Happy,Happy
RED_113288,Neutral,Neutral,Neutral
RED_113311,Happy,Happy,Happy
RED_113326,Happy,Happy,Happy
RED_113360,Neutral,Neutral,Neutral
RED_113369,Happy,Happy,Happy
RED_113371,Depression,Depression,Depression
RED_113372,Happy,Happy,Happy
RED_113385,Depression,Depression,Depression
RED_113387,Depression,Depression,Depression
RED_113405,Happy,Happy,Happy
RED_113432,Happy,Happy,Happy
RED_113433,Depression,Depression,Depression
RED_113442,Happy,Happy,Happy
RED_113460,Happy,Happy,Happy
RED_113470,Happy,Happy,Happy
RED_113475,Depression,Depression,Depression
RED_113480,Depression,Depression,Depression
RED_113518,Happy,Happy,Happy
RED_113544,Happy,Happy,Happy
RED_113563,Neutral,Neutral,Neutral
RED_113567,Neutral,Neutral,Neutral
RED_113568,Depression,Depression,Depression
RED_113584,Depression,Depression,Depression
RED_113622,Depression,Happy,Happy
RED_113640,Happy,Happy,Happy
RED_113643,Depression,Depression,Depression
RED_113647,Neutral,Neutral,Neutral
RED_113664,Happy,Happy,Happy
RED_113679,Depression,Depression,Depression
RED_113687,Neutral,Neutral,Neutral
RED_113696,Depression,Depression,Depression
RED_113698,Depression,Depression,Depression
RED_113716,Happy,Happy,Happy
RED_113717,Neutral,Neutral,Neutral
RED_113725,Neutral,Neutral,Neutral
RED_113748,Depression,Depression,Depression
RED_113750,Depression,Depression,Depression
RED_113751,Depression,Depression,Depression
RED_113756,Depression,Depression,Depression
RED_113758,Neutral,Neutral,Neutral
RED_113774,Happy,Happy,Happy
RED_113795,Happy,Happy,Happy
RED_113828,Happy,Happy,Happy
RED_113837,Depression,Depression,Depression
RED_113844,Happy,Happy,Happy
RED_113852,Happy,Happy,Happy
RED_113869,Neutral,Neutral,Neutral
RED_113870,Neutral,Neutral,Neutral
RED_113886,Neutral,Neutral,Neutral
RED_113896,Depression,Depression,Depression
RED_113906,Depression,Depression,Depression
RED_113909,Depression,Depression,Depression
RED_113910,Neutral,Neutral,Neutral
RED_113911,Happy,Happy,Happy
RED_113913,Neutral,Neutral,Neutral
RED_113921,Happy,Happy,Happy
RED_113928,Neutral,Neutral,Neutral
RED_113934,Depression,Depression,Depression
RED_113942,Happy,Happy,Happy
RED_113943,Neutral,Neutral,Neutral
RED_113951,Happy,Happy,Happy
RED_113956,Neutral,Neutral,Neutral
RED_113965,Depression,Depression,Depression
RED_113982,Neutral,Neutral,Neutral
RED_113983,Depression,Depression,Depression
RED_113996,Neutral,Neutral,Neutral
RED_113998,Happy,Happy,Happy
RED_114001,Neutral,Neutral,Neutral
RED_114028,Depression,Depression,Depression
RED_114032,Happy,Happy,Happy
RED_114034,Neutral,Neutral,Neutral
RED_114044,Neutral,Neutral,Neutral
RED_114046,Neutral,Neutral,Neutral
RED_114048,Neutral,Neutral,Neutral
RED_114050,Neutral,Neutral,Neutral
RED_114055,Depression,Depression,Depression
RED_114056,Depression,Depression,Depression
RED_114057,Depression,Depression,Depression
RED_114062,Happy,Happy,Happy
RED_114086,Depression,Depression,Depression
RED_114128,Neutral,Neutral,Neutral
RED_114154,Neutral,Neutral,Neutral
RED_114163,Neutral,Neutral,Neutral
RED_114183,Happy,Happy,Happy
RED_114184,Depression,Depression,Depression
RED_114197,Depression,Depression,Depression
RED_114199,Depression,Depression,Depression
RED_114208,Depression,Depression,Depression
RED_114216,Neutral,Neutral,Neutral
RED_114217,Depression,Depression,Depression
RED_114234,Happy,Happy,Happy
RED_114244,Neutral,Neutral,Neutral
RED_114251,Neutral,Neutral,Neutral
RED_114258,Happy,Happy,Happy
RED_114264,Neutral,Neutral,Neutral
RED_114272,Neutral,Neutral,Neutral
RED_114324,Neutral,Neutral,Neutral
RED_114334,Depression,Depression,Depression
RED_114335,Depression,Depression,Depression
RED_114343,Depression,Depression,Depression
RED_114354,Neutral,Neutral,Neutral
RED_114362,Happy,Happy,Happy
RED_114364,Depression,Depression,Depression
RED_114391,Depression,Depression,Depression
RED_114401,Happy,Happy,Happy
RED_114411,Depression,Depression,Depression
RED_114412,Neutral,Neutral,Neutral
RED_114424,Happy,Happy,Happy
RED_114435,Depression,Depression,Depression
RED_114447,Happy,Happy,Happy
RED_114455,Neutral,Neutral,Neutral
RED_114471,Happy,Happy,Happy
RED_114476,Depression,Depression,Depression
RED_114485,Neutral,Neutral,Neutral
RED_114487,Neutral,Neutral,Neutral
RED_114491,Neutral,Neutral,Neutral
RED_114520,Depression,Depression,Depression
RED_114522,Happy,Happy,Happy
RED_114530,Neutral,Neutral,Neutral
RED_114534,Happy,Happy,Happy
RED_114543,Depression,Depression,Depression
RED_114549,Neutral,Neutral,Neutral
RED_114557,Happy,Happy,Happy
RED_114558,Depression,Depression,Neutral
RED_114578,Happy,Happy,Happy
RED_114585,Neutral,Neutral,Neutral
RED_114591,Happy,Happy,Happy
RED_114594,Neutral,Neutral,Neutral
RED_114598,Happy,Happy,Happy
RED_114600,Depression,Depression,Depression
RED_114611,Happy,Happy,Happy
RED_114612,Neutral,Neutral,Neutral
RED_114633,Depression,Depression,Depression
RED_114637,Depression,Depression,Neutral
RED_114638,Depression,Depression,Depression
RED_114640,Neutral,Neutral,Neutral
RED_114669,Depression,Depression,Depression
RED_114672,Depression,Depression,Depression
RED_114675,Depression,Depression,Depression
RED_114683,Depression,Happy,Happy
RED_114704,Neutral,Neutral,Neutral
RED_114721,Happy,Happy,Happy
RED_114730,Happy,Happy,Neutral
RED_114732,Depression,Depression,Depression
RED_114734,Depression,Depression,Depression
RED_114739,Happy,Happy,Happy
RED_114758,Neutral,Neutral,Neutral
RED_114764,Depression,Depression,Depression
RED_114771,Happy,Happy,Happy
RED_114777,Depression,Depression,Depression
RED_114781,Neutral,Neutral,Neutral
RED_114793,Neutral,Happy,Neutral
RED_114794,Neutral,Neutral,Neutral
RED_114808,Happy,Happy,Happy
RED_114809,Happy,Happy,Happy
RED_114810,Happy,Happy,Happy
RED_114816,Depression,Depression,Depression
RED_114833,Depression,Depression,Depression
RED_114840,Happy,Happy,Happy
RED_114846,Depression,Depression,Depression
RED_114860,Neutral,Neutral,Neutral
RED_114862,Neutral,Neutral,Neutral
RED_114881,Neutral,Neutral,Neutral
RED_114885,Neutral,Neutral,Neutral
RED_114890,Neutral,Neutral,Neutral
RED_114896,Happy,Happy,Happy
RED_114905,Neutral,Neutral,Neutral
RED_114918,Depression,Depression,Depression
RED_114927,Neutral,Neutral,Neutral
RED_114931,Neutral,Neutral,Neutral
RED_114933,Depression,Depression,Depression
RED_114957,Happy,Happy,Happy
RED_114959,Depression,Depression,Depression
RED_114963,Depression,Depression,Depression
RED_114964,Depression,Depression,Depression
RED_115011,Neutral,Neutral,Neutral
RED_115029,Happy,Happy,Happy
RED_115040,Happy,Happy,Happy
RED_115041,Neutral,Neutral,Neutral
RED_115056,Happy,Happy,Happy
RED_115063,Neutral,Neutral,Neutral
RED_115064,Happy,Happy,Happy
RED_115084,Neutral,Neutral,Neutral
RED_115099,Depression,Depression,Depression
RED_115103,Neutral,Neutral,Neutral
RED_115104,Neutral,Neutral,Neutral
RED_115106,Neutral,Neutral,Neutral
RED_115114,Happy,Happy,Happy
RED_115155,Neutral,Neutral,Neutral
RED_115157,Depression,Depression,Depression
RED_115171,Depression,Depression,Depression
RED_115173,Happy,Happy,Happy
RED_115175,Depression,Depression,Depression
RED_115186,Neutral,Neutral,Neutral
RED_115211,Neutral,Neutral,Neutral
RED_115212,Happy,Happy,Happy
RED_115227,Neutral,Neutral,Neutral
RED_115251,Depression,Depression,Depression
RED_115258,Depression,Depression,Depression
RED_115264,Happy,Happy,Happy
RED_115270,Happy,Neutral,Neutral
RED_115271,Neutral,Neutral,Neutral
RED_115273,Depression,Depression,Depression
RED_115278,Happy,Happy,Happy
RED_115284,Happy,Happy,Happy
RED_115323,Happy,Happy,Happy
RED_115333,Neutral,Happy,Happy
RED_115342,Neutral,Neutral,Neutral
RED_115343,Neutral,Neutral,Neutral
RED_115371,Depression,Depression,Depression
RED_115377,Depression,Depression,Depression
RED_115380,Happy,Happy,Happy
RED_115402,Happy,Happy,Happy
RED_115412,Happy,Happy,Happy
RED_115415,Happy,Happy,Happy
RED_115419,Depression,Depression,Depression
RED_115431,Depression,Depression,Depression
RED_115432,Happy,Happy,Happy
RED_115441,Depression,Depression,Depression
RED_115451,Depression,Depression,Depression
RED_115453,Depression,Depression,Depression
RED_115457,Neutral,Neutral,Neutral
RED_115459,Happy,Happy,Happy
RED_115463,Neutral,Neutral,Neutral
RED_115468,Happy,Happy,Happy
RED_115475,Neutral,Neutral,Neutral
RED_115478,Depression,Depression,Depression
RED_115526,Neutral,Neutral,Neutral
RED_115533,Happy,Happy,Happy
RED_115549,Neutral,Neutral,Neutral
RED_115566,Neutral,Neutral,Neutral
RED_115568,Depression,Depression,Depression
RED_115573,Depression,Depression,Depression
RED_115577,Neutral,Neutral,Neutral
RED_115593,Happy,Happy,Happy
RED_115613,Depression,Depression,Depression
RED_115634,Depression,Depression,Depression
RED_115639,Depression,Depression,Depression
RED_115642,Neutral,Neutral,Neutral
RED_115663,Happy,Happy,Happy
RED_115666,Depression,Happy,Happy
RED_115667,Neutral,Neutral,Neutral
RED_115670,Neutral,Neutral,Neutral
RED_115679,Depression,Depression,Depression
RED_115694,Depression,Depression,Depression
RED_115714,Happy,Happy,Happy
RED_115715,Neutral,Neutral,Neutral
RED_115749,Depression,Depression,Depression
RED_115752,Happy,Happy,Happy
RED_115756,Happy,Happy,Happy
RED_115758,Neutral,Neutral,Neutral
RED_115768,Depression,Depression,Depression
RED_115769,Happy,Happy,Happy
RED_115794,Neutral,Neutral,Neutral
RED_115798,Happy,Happy,Happy
RED_115815,Depression,Depression,Depression
RED_115821,Neutral,Neutral,Neutral
RED_115823,Depression,Depression,Depression
RED_115830,Depression,Happy,Happy
RED_115843,Neutral,Neutral,Neutral
RED_115849,Neutral,Neutral,Neutral
RED_115850,Neutral,Neutral,Neutral
RED_115875,Neutral,Neutral,Neutral
RED_115883,Happy,Neutral,Neutral
RED_115896,Happy,Happy,Happy
RED_115897,Neutral,Neutral,Neutral
RED_115899,Happy,Happy,Happy
RED_115912,Neutral,Neutral,Neutral
RED_115921,Neutral,Neutral,Neutral
RED_115931,Neutral,Neutral,Neutral
RED_115941,Depression,Depression,Depression
RED_115959,Depression,Depression,Depression
RED_115961,Happy,Happy,Happy
RED_115964,Happy,Depression,Depression
RED_115966,Happy,Happy,Happy
RED_115989,Happy,Happy,Happy
RED_116005,Happy,Happy,Happy
RED_116014,Happy,Happy,Happy
RED_116021,Depression,Depression,Depression
RED_116041,Depression,Depression,Depression
RED_116044,Depression,Depression,Depression
RED_116076,Depression,Depression,Depression
RED_116081,Neutral,Neutral,Neutral
RED_116101,Happy,Happy,Happy
RED_116111,Happy,Depression,Depression
RED_116113,Depression,Depression,Depression
RED_116116,Neutral,Neutral,Neutral
RED_116119,Depression,Depression,Depression
RED_116138,Happy,Depression,Depression
RED_116141,Neutral,Neutral,Neutral
RED_116142,Happy,Happy,Happy
RED_116146,Happy,Happy,Happy
RED_116154,Depression,Depression,Depression
RED_116162,Neutral,Neutral,Neutral
RED_116207,Happy,Happy,Happy
RED_116212,Depression,Depression,Depression
RED_116214,Depression,Depression,Depression
RED_116238,Happy,Happy,Happy
RED_116241,Happy,Happy,Happy
RED_116254,Depression,Depression,Depression
RED_116271,Depression,Depression,Depression
RED_116303,Depression,Depression,Depression
RED_116305,Neutral,Neutral,Neutral
RED_116318,Neutral,Neutral,Neutral
RED_116323,Happy,Happy,Happy
RED_116340,Neutral,Neutral,Neutral
RED_116341,Neutral,Neutral,Neutral
RED_116352,Depression,Depression,Depression
RED_116365,Happy,Happy,Happy
RED_116370,Happy,Happy,Happy
RED_116379,Depression,Depression,Depression
RED_116386,Neutral,Neutral,Neutral
RED_116387,Neutral,Neutral,Neutral
RED_116388,Depression,Depression,Depression
RED_116390,Depression,Depression,Depression
RED_116395,Depression,Depression,Depression
RED_116406,Happy,Happy,Happy
RED_116414,Depression,Depression,Depression
RED_116415,Neutral,Neutral,Neutral
RED_116430,Neutral,Neutral,Neutral
RED_116431,Neutral,Neutral,Neutral
RED_116445,Happy,Happy,Happy
RED_116447,Neutral,Neutral,Neutral
RED_116459,Depression,Depression,Depression
RED_116460,Neutral,Neutral,Neutral
RED_116467,Depression,Depression,Depression
RED_116470,Happy,Happy,Happy
RED_116498,Neutral,Neutral,Neutral
RED_116514,Depression,Depression,Depression
RED_116520,Happy,Happy,Happy
RED_116523,Depression,Depression,Depression
RED_116529,Neutral,Neutral,Neutral
RED_116561,Depression,Depression,Depression
RED_116569,Neutral,Neutral,Neutral
RED_116584,Depression,Depression,Depression
RED_116607,Depression,Depression,Depression
RED_116608,Neutral,Neutral,Neutral
RED_116629,Neutral,Neutral,Neutral
RED_116632,Happy,Happy,Happy
RED_116641,Happy,Happy,Happy
RED_116644,Depression,Depression,Depression
RED_116666,Happy,Happy,Happy
RED_116673,Happy,Happy,Happy
RED_116677,Happy,Happy,Happy
RED_116694,Neutral,Neutral,Neutral
RED_116695,Neutral,Neutral,Neutral
RED_116706,Neutral,Neutral,Neutral
RED_116707,Happy,Happy,Happy
RED_116708,Neutral,Neutral,Neutral
RED_116712,Neutral,Neutral,Neutral
RED_116717,Neutral,Neutral,Neutral
RED_116720,Neutral,Neutral,Neutral
RED_116740,Happy,Happy,Happy
RED_116747,Happy,Happy,Happy
RED_116750,Happy,Happy,Happy
RED_116752,Neutral,Neutral,Neutral
RED_116783,Depression,Depression,Depression
RED_116793,Neutral,Neutral,Neutral
RED_116833,Happy,Happy,Happy
RED_116868,Depression,Depression,Depression
RED_116870,Happy,Happy,Happy
RED_116893,Happy,Happy,Happy
RED_116921,Depression,Depression,Depression
RED_116925,Neutral,Neutral,Neutral
RED_116929,Neutral,Neutral,Neutral
RED_116945,Neutral,Neutral,Neutral
RED_116951,Depression,Depression,Depression
RED_116952,Neutral,Neutral,Neutral
RED_116953,Depression,Depression,Depression
RED_116970,Happy,Happy,Happy
RED_116972,Happy,Happy,Happy
RED_116982,Neutral,Neutral,Neutral
RED_117005,Neutral,Neutral,Neutral
RED_117025,Neutral,Neutral,Neutral
RED_117027,Neutral,Neutral,Neutral
RED_117050,Depression,Depression,Depression
RED_117052,Depression,Happy,Happy
RED_117056,Happy,Happy,Happy
RED_117058,Happy,Happy,Happy
RED_117059,Neutral,Neutral,Neutral
RED_117065,Depression,Depression,Depression
RED_117066,Neutral,Neutral,Neutral
RED_117067,Neutral,Neutral,Neutral
RED_117070,Neutral,Neutral,Neutral
RED_117078,Depression,Depression,Depression
RED_117084,Happy,Happy,Happy
RED_117104,Depression,Depression,Depression
RED_117108,Happy,Happy,Happy
RED_117121,Neutral,Neutral,Neutral
RED_117125,Happy,Happy,Happy
RED_117132,Depression,Depression,Depression
RED_117155,Depression,Depression,Depression
RED_117160,Depression,Depression,Depression
RED_117163,Depression,Depression,Depression
RED_117214,Happy,Happy,Happy
RED_117216,Depression,Depression,Depression
RED_117221,Depression,Depression,Depression
RED_117226,Neutral,Neutral,Neutral
RED_117241,Neutral,Neutral,Neutral
RED_117245,Happy,Happy,Happy
RED_117246,Happy,Happy,Happy
RED_117260,Happy,Happy,Happy
RED_117265,Depression,Depression,Depression
RED_117270,Neutral,Neutral,Neutral
RED_117278,Happy,Happy,Happy
RED_117283,Depression,Happy,Depression
RED_117285,Neutral,Neutral,Neutral
RED_117287,Neutral,Neutral,Neutral
RED_117296,Depression,Depression,Depression
RED_117303,Depression,Depression,Depression
RED_117305,Neutral,Neutral,Neutral
RED_117316,Depression,Depression,Depression
RED_117326,Depression,Depression,Depression
RED_117333,Depression,Depression,Depression
RED_117347,Depression,Depression,Depression
RED_117348,Depression,Depression,Depression
RED_117350,Happy,Happy,Happy
RED_117353,Depression,Depression,Depression
RED_117359,Happy,Happy,Happy
RED_117385,Neutral,Neutral,Neutral
RED_117388,Happy,Happy,Happy
RED_117393,Neutral,Neutral,Neutral
RED_117404,Depression,Depression,Depression
RED_117424,Happy,Happy,Happy
RED_117444,Happy,Happy,Happy
RED_117463,Neutral,Neutral,Neutral
RED_117470,Depression,Depression,Depression
RED_117471,Depression,Depression,Depression
RED_117475,Neutral,Neutral,Neutral
RED_117487,Happy,Happy,Happy
RED_117490,Happy,Happy,Happy
RED_117525,Neutral,Neutral,Neutral
RED_117543,Depression,Depression,Depression
RED_117545,Neutral,Neutral,Neutral
RED_117552,Happy,Happy,Happy
RED_117575,Happy,Happy,Happy
RED_117590,Depression,Depression,Depression
RED_117593,Neutral,Neutral,Neutral
RED_117604,Happy,Happy,Happy
RED_117606,Depression,Depression,Depression
RED_117614,Neutral,Neutral,Neutral
RED_117622,Depression,Depression,Depression
RED_117639,Neutral,Neutral,Neutral
RED_117646,Happy,Happy,Happy
RED_117653,Depression,Depression,Depression
RED_117656,Happy,Happy,Happy
RED_117681,Neutral,Neutral,Neutral
RED_117699,Happy,Happy,Happy
RED_117730,Depression,Depression,Depression
RED_117732,Neutral,Neutral,Neutral
RED_117733,Happy,Happy,Happy
RED_117738,Happy,Happy,Happy
RED_117746,Neutral,Neutral,Neutral
RED_117754,Depression,Depression,Depression
RED_117757,Depression,Depression,Depression
RED_117763,Depression,Depression,Depression
RED_117765,Depression,Depression,Depression
RED_117802,Happy,Happy,Happy
RED_117817,Happy,Happy,Happy
RED_117822,Depression,Depression,Depression
RED_117842,Depression,Happy,Happy
RED_117851,Neutral,Neutral,Neutral
RED_117876,Depression,Depression,Depression
RED_117885,Neutral,Neutral,Neutral
RED_117890,Depression,Depression,Depression
RED_117892,Neutral,Neutral,Neutral
RED_117916,Neutral,Neutral,Neutral
RED_117937,Depression,Depression,Depression
RED_117945,Depression,Depression,Depression
RED_117952,Depression,Depression,Depression
RED_117961,Happy,Happy,Happy
RED_117973,Neutral,Neutral,Neutral
RED_117978,Depression,Depression,Depression
RED_117979,Happy,Happy,Happy
RED_117985,Happy,Happy,Happy
RED_117989,Happy,Happy,Happy
RED_118011,Depression,Depression,Depression
RED_118017,Happy,Happy,Happy
RED_118033,Depression,Depression,Depression
RED_118043,Happy,Happy,Happy
RED_118056,Neutral,Neutral,Neutral
RED_118066,Happy,Happy,Happy
RED_118092,Depression,Depression,Depression
RED_118098,Depression,Depression,Depression
RED_118111,Happy,Happy,Happy
RED_118114,Neutral,Neutral,Neutral
RED_118139,Neutral,Neutral,Neutral
RED_118144,Happy,Happy,Happy
RED_118147,Depression,Depression,Depression
RED_118161,Depression,Depression,Depression
RED_118167,Happy,Happy,Happy
RED_118176,Depression,Depression,Depression
RED_118186,Happy,Happy,Happy
RED_118217,Depression,Depression,Depression
RED_118221,Depression,Depression,Depression
RED_118236,Neutral,Neutral,Neutral
RED_118253,Depression,Depression,Depression
RED_118255,Depression,Depression,Depression
RED_118257,Depression,Depression,Depression
RED_118274,Happy,Happy,Happy
RED_118275,Depression,Depression,Depression
RED_118276,Happy,Happy,Happy
RED_118278,Depression,Depression,Depression
RED_118282,Happy,Happy,Happy
RED_118297,Neutral,Neutral,Neutral
RED_118299,Neutral,Neutral,Neutral
RED_118320,Neutral,Neutral,Neutral
RED_118333,Depression,Depression,Depression
RED_118338,Happy,Happy,Happy
RED_118339,Neutral,Neutral,Neutral
RED_118340,Depression,Depression,Depression
RED_118351,Neutral,Neutral,Neutral
RED_118364,Neutral,Neutral,Neutral
RED_118367,Neutral,Neutral,Neutral
RED_118368,Depression,Depression,Depression
RED_118371,Depression,Depression,Depression
RED_118377,Depression,Depression,Depression
RED_118388,Neutral,Neutral,Neutral
RED_118391,Happy,Happy,Happy
RED_118401,Neutral,Neutral,Neutral
RED_118409,Depression,Depression,Depression
RED_118433,Depression,Depression,Depression
RED_118469,Depression,Depression,Depression
RED_118494,Neutral,Neutral,Neutral
RED_118497,Happy,Happy,Happy
RED_118500,Neutral,Neutral,Neutral
RED_118506,Happy,Happy,Happy
RED_118522,Neutral,Neutral,Neutral
RED_118525,Neutral,Neutral,Neutral
RED_118526,Happy,Happy,Happy
RED_118532,Happy,Happy,Happy
RED_118535,Neutral,Neutral,Neutral
RED_118536,Depression,Happy,Happy
RED_118550,Depression,Depression,Depression
RED_118553,Neutral,Neutral,Neutral
RED_118555,Happy,Happy,Happy
RED_118556,Happy,Happy,Happy
RED_118558,Depression,Depression,Depression
RED_118561,Happy,Happy,Happy
RED_118562,Happy,Happy,Happy
RED_118563,Neutral,Neutral,Neutral
RED_118567,Neutral,Neutral,Neutral
RED_118572,Neutral,Neutral,Neutral
RED_118575,Neutral,Neutral,Neutral
RED_118578,Neutral,Neutral,Neutral
RED_118579,Happy,Happy,Happy
RED_118605,Neutral,Neutral,Neutral
RED_118609,Happy,Happy,Happy
RED_118635,Depression,Depression,Depression
RED_118644,Happy,Happy,Happy
RED_118651,Depression,Depression,Depression
RED_118654,Happy,Happy,Happy
RED_118664,Neutral,Neutral,Neutral
RED_118672,Depression,Depression,Depression
RED_118675,Depression,Depression,Depression
RED_118680,Neutral,Neutral,Neutral
RED_118693,Depression,Depression,Depression
RED_118695,Neutral,Neutral,Neutral
RED_118696,Depression,Depression,Depression
RED_118711,Happy,Happy,Happy
RED_118719,Depression,Happy,Depression
RED_118726,Depression,Depression,Depression
RED_118736,Neutral,Neutral,Neutral
RED_118798,Neutral,Neutral,Neutral
RED_118802,Happy,Happy,Happy
RED_118805,Happy,Happy,Happy
RED_118823,Depression,Depression,Depression
RED_118827,Happy,Happy,Happy
RED_118830,Happy,Happy,Happy
RED_118849,Neutral,Neutral,Neutral
RED_118853,Depression,Depression,Depression
RED_118861,Neutral,Neutral,Neutral
RED_118870,Happy,Happy,Happy
RED_118877,Depression,Depression,Depression
RED_118893,Happy,Happy,Happy
RED_118912,Happy,Happy,Happy
RED_118916,Happy,Happy,Happy
RED_118953,Neutral,Neutral,Neutral
RED_118956,Neutral,Neutral,Neutral
RED_118959,Neutral,Neutral,Neutral
RED_118990,Depression,Depression,Depression
RED_118996,Depression,Depression,Depression
RED_119020,Happy,Happy,Happy
RED_119023,Depression,Depression,Depression
RED_119041,Depression,Depression,Depression
RED_119042,Depression,Depression,Depression
RED_119078,Depression,Depression,Depression
RED_119087,Happy,Happy,Happy
RED_119089,Happy,Happy,Happy
RED_119091,Depression,Depression,Depression
RED_119125,Happy,Happy,Happy
RED_119152,Neutral,Neutral,Neutral
RED_119156,Neutral,Neutral,Neutral
RED_119165,Happy,Happy,Happy
RED_119167,Depression,Depression,Depression
RED_119176,Depression,Depression,Depression
RED_119181,Depression,Depression,Depression
RED_119197,Neutral,Neutral,Neutral
RED_119210,Neutral,Neutral,Neutral
RED_119235,Neutral,Neutral,Neutral
RED_119246,Neutral,Neutral,Neutral
RED_119251,Happy,Happy,Happy
RED_119257,Neutral,Neutral,Neutral
RED_119268,Neutral,Neutral,Neutral
RED_119273,Depression,Depression,Depression
RED_119277,Neutral,Neutral,Neutral
RED_119283,Depression,Depression,Depression
RED_119302,Neutral,Neutral,Neutral
RED_119305,Depression,Happy,Happy
RED_119311,Happy,Depression,Depression
RED_119325,Depression,Depression,Depression
RED_119327,Happy,Happy,Happy
RED_119334,Depression,Depression,Depression
RED_119336,Happy,Happy,Happy
RED_119347,Happy,Happy,Happy
RED_119366,Depression,Depression,Depression
RED_119367,Neutral,Neutral,Neutral
RED_119371,Happy,Happy,Happy
RED_119383,Neutral,Neutral,Neutral
RED_119388,Depression,Depression,Depression
RED_119394,Neutral,Neutral,Neutral
RED_119397,Neutral,Neutral,Neutral
RED_119406,Neutral,Neutral,Neutral
RED_119409,Happy,Happy,Happy
RED_119410,Neutral,Neutral,Neutral
RED_119416,Neutral,Neutral,Neutral
RED_119440,Happy,Happy,Happy
RED_119454,Happy,Happy,Happy
RED_119491,Happy,Happy,Happy
RED_119498,Happy,Happy,Happy
RED_119508,Happy,Happy,Happy
RED_119514,Neutral,Neutral,Neutral
RED_119535,Depression,Depression,Depression
RED_119537,Happy,Happy,Happy
RED_119538,Depression,Depression,Depression
RED_119539,Neutral,Neutral,Neutral
RED_119547,Happy,Depression,Depression
RED_119553,Depression,Depression,Depression
RED_119576,Happy,Happy,Happy
RED_119586,Depression,Depression,Depression
RED_119595,Neutral,Neutral,Neutral
RED_119615,Happy,Happy,Happy
RED_119644,Depression,Depression,Depression
RED_119671,Neutral,Neutral,Neutral
RED_119680,Neutral,Neutral,Neutral
RED_119685,Happy,Happy,Happy
RED_119692,Neutral,Neutral,Neutral
RED_119698,Neutral,Neutral,Neutral
RED_119700,Neutral,Neutral,Neutral
RED_119707,Happy,Happy,Happy
RED_119724,Happy,Happy,Happy
RED_119747,Happy,Happy,Happy
RED_119749,Neutral,Neutral,Neutral
RED_119789,Depression,Depression,Depression
RED_119793,Depression,Depression,Depression
RED_119802,Depression,Depression,Depression
RED_119803,Happy,Happy,Happy
RED_119809,Depression,Depression,Depression
RED_119825,Happy,Happy,Happy
RED_119834,Happy,Happy,Happy
RED_119840,Depression,Depression,Depression
RED_119845,Neutral,Neutral,Neutral
RED_119863,Depression,Depression,Depression
RED_119885,Neutral,Neutral,Neutral
RED_119929,Happy,Happy,Happy
RED_119930,Depression,Depression,Depression
RED_119939,Neutral,Neutral,Neutral
RED_119943,Happy,Happy,Happy
RED_119945,Depression,Depression,Depression
RED_119946,Happy,Happy,Happy
RED_119987,Neutral,Neutral,Neutral
RED_119992,Depression,Depression,Depression
